smiles_standarized,label,where
CCS(=O)(=O)CCn1c([N+](=O)[O-])cnc1C,0.58999997,['admetlab2']
CCC(C)C(=O)OC1CC(C)C=C2C=CC(C)C(CCC(O)CC(O)CC(=O)O)C21,0.87,['admetlab2']
CCc1ccc(Cc2ccc3c(c2)[C@]2(OC3)O[C@H](CO)[C@@H](O)[C@H](O)[C@H]2O)cc1,0.63,['admetlab2']
Nc1nc(=O)n([C@H]2C[C@H](O)[C@@H](CO)O2)cc1F,0.91000003,['admetlab2']
COCC(NC(C)=O)C(=O)NCc1ccccc1,0.57999998,['admetlab2']
COc1ccc(CCN(C)CCCN2CCc3cc(OC)c(OC)cc3CC2=O)cc1OC,1.6,['admetlab2']
Nc1ccn([C@@H]2CO[C@H](CO)O2)c(=O)n1,1.0,['admetlab2']
CCCC[C@@H]1CC(=O)[C@]2(O)O[C@@H]3[C@@H](NC)[C@@H](O)[C@@H](NC)[C@H](O)[C@H]3O[C@@H]2O1,0.69999999,['admetlab2']
COc1c(C)c2c(c(O)c1C/C=C(\C)CCC(=O)O)C(=O)OC2,0.76999998,['admetlab2']
Cn1cc(C(=O)C2CCc3[nH]cnc3C2)c2ccccc21,2.6500001,['admetlab2']
O=C(O)c1cc(N=Nc2ccc(S(=O)(=O)Nc3ccccn3)cc2)ccc1O,0.11,['admetlab2']
CCCC(=O)Nc1ccc(OCC(O)CNC(C)C)c(C(C)=O)c1,1.7,['admetlab2']
CCC(O)(C(=O)O)c1cc2n(c(=O)c1CO)Cc1c-2nc2cc(F)c(C)c3c2c1C(N)CC3,0.44,['admetlab2']
Cc1cccc([C@H](C)c2c[nH]cn2)c1C,1.6,['admetlab2']
CCC(=O)O[C@H](CC(=O)[O-])C[N+](C)(C)C,0.30000001,['admetlab2']
CCCCCCCCCC=CCCC(=O)N=CC(=O)N[C@@H]1[C@@H](O)[C@@H](O)[C@@H](Nc2ncnc3[nH]cnc23)O[C@H]1[C@@H](O)CO,0.17,['admetlab2']
COc1ccc2c3c1O[C@H]1C[C@@H](O)C=C[C@@]31CCN(C)C2,2.3,['admetlab2']
O=C(O)C(O)Cc1ccc(O)c(O)c1,0.38,['admetlab2']
NCC1OC(OC2C(N)CC(N)C(O)C2OC2OC(CO)C(O)C2O)C(N)C(O)C1O,0.25,['admetlab2']
CC(C)(F)CC(N[C@@H](c1ccc(-c2ccc(S(C)(=O)=O)cc2)cc1)C(F)(F)F)C(=O)NC1(C#N)CC1,1.63,['admetlab2']
N=C(N)NCCCNC(=O)C1CCCCN1C(=O)C(CC1CCCCC1)NCC(=O)O,0.25999999,['admetlab2']
CC(=O)NCC1CN(c2ccc(N3CCOCC3)c(F)c2)C(=O)O1,0.57999998,['admetlab2']
NC[C@H]1OB(O)c2c(OCCCO)cccc21,2.3699999,['admetlab2']
CC1=C2CC(=O)C=C[C@]2(C)[C@@H]2[C@@H](C1)[C@@H]1CC[C@](O)(C(=O)CO)[C@@]1(C)C[C@@H]2O,1.2,['admetlab2']
CC(C)C1NC(=O)C(CCCCN)NC(=O)C(Cc2c[nH]c3ccccc23)NC(=O)C(Cc2ccc(O)cc2)NC(=O)C(NC(=O)C(N)Cc2ccc3ccccc3c2)CSSCC(C(=O)NC(C(N)=O)[C@@H](C)O)NC1=O,0.2,['admetlab2']
CN(C)C1CCN(C(=O)c2ccc(NC(=O)Nc3ccc(-c4nc(N5CCOCC5)nc(N5CCOCC5)n4)cc3)cc2)CC1,2.3900001,['admetlab2']
C=CCN1CCCC1CNC(=O)c1cc2[nH]nnc2cc1OC,1.6,['admetlab2']
CC(=O)OCC1=C(C(=O)O)N2C(=O)C(NC(=O)Cc3cccs3)C2SC1,0.07,['admetlab2']
O=[N+]([O-])O[C@H]1CO[C@H]2[C@@H]1OC[C@H]2O[N+](=O)[O-],1.9,['admetlab2']
CC(=O)C1CC[C@H]2[C@@H]3CC[C@@H]4C[C@H](O)CC[C@]4(C)[C@H]3CC[C@]12C,2.0,['admetlab2']
COc1cc(NS(C)(=O)=O)ccc1Nc1c2ccccc2nc2ccccc12,1.6,['admetlab2']
CCN(CC)CCNC(=O)c1cc(Cl)c(N)cc1OC(C)C(C)=O,1.5,['admetlab2']
C[C@@](O)(/C=C/[C@H]1CC=CC(=O)O1)[C@@H](C[C@@H](O)/C=C\C=C/C=C/CO)OP(=O)(O)O,0.086000003,['admetlab2']
C[C@]12C=CC(=O)C=C1CC[C@@H]1[C@@H]2[C@@H](O)C[C@@]2(C)[C@H]1CC[C@]2(O)C(=O)CO,0.86000001,['admetlab2']
O=C(O)CCCC[C@@H]1CCSS1,0.1,['admetlab2']
CC[C@@]1(O)C(=O)OCc2c1cc1n(c2=O)Cc2cc3c(CN(C)C)c(O)ccc3nc2-1,1.8,['admetlab2']
CC[C@H]1OC(=O)C[C@@H](O)[C@H](C)[C@@H](O[C@@H]2O[C@H](C)C[C@H](N(C)C)[C@@H]2O)[C@@H](CC=O)CC(C)C(=O)/C=C\[C@]2(C)O[C@H]2[C@@H]1C,2.8299999,['admetlab2']
O=c1[nH]c(=O)n([C@@H]2O[C@H](CO)[C@H](O)[C@H](O)[C@H]2O)cc1F,0.33000001,['admetlab2']
CCCCCCCCCC(=O)N[C@H]1[C@H](Oc2c3cc4cc2Oc2ccc(cc2Cl)[C@@H](O[C@@H]2O[C@H](CO)[C@@H](O)[C@H](O)[C@H]2NC(C)=O)C2NC(=O)C(NC(=O)C4NC(=O)C4NC(=O)C(Cc5ccc(c(Cl)c5)O3)NC(=O)C(N)c3ccc(O)c(c3)Oc3cc(O)cc4c3)c3ccc(O)c(c3)-c3c(O[C@H]4O[C@H](CO)[C@@H](O)[C@H](O)[C@@H]4O)cc(O)cc3C(C(=O)O)NC2=O)O[C@H](CO)[C@H](O)[C@@H]1O,0.56999999,['admetlab2']
CCN(CC)CCNC(=O)c1cc(Cl)c(N)cc1OC,3.2,['admetlab2']
Cc1[nH]c(=O)c(C#N)cc1-c1ccc2nccn2c1,0.63999999,['admetlab2']
CN1CCc2cccc3c2[C@H]1Cc1ccc(O)c(O)c1-3,1.6,['admetlab2']
COc1ccccc1Oc1c(NS(=O)(=O)c2ccc(C)cn2)nc(-c2ccnc(-c3nn[nH]n3)c2)nc1OCCO,0.23,['admetlab2']
CCOC(=O)Nc1ccc(NCc2ccc(F)cc2)nc1N,1.1,['admetlab2']
CON=C(C(=O)NC1C(=O)N2C(C(=O)[O-])=C(C[n+]3cccc4c3CCC4)CS[C@H]12)c1csc(N)n1,0.23999999,['admetlab2']
CNC1CC2OC(C)(C1OC)n1c3ccccc3c3c4c(c5c6ccccc6n2c5c31)C(=O)NC4O,0.15000001,['admetlab2']
CC(=O)N[C@H]1[C@H]([C@H](O)[C@H](O)CO)OC(C(=O)O)=C[C@@H]1N=C(N)N,0.23,['admetlab2']
CN(C)C1C(=O)C(C(N)=O)C(=O)C2(O)C(=O)C3C(=O)c4c(O)ccc(Cl)c4C(O)C3CC12,1.3,['admetlab2']
CC(C)(C)NC(=O)C1CCC2C3C=CC4=CC(C(=O)O)CCC4(C)C3CCC12C,0.54000002,['admetlab2']
Nc1nc(Cl)nc2c1ncn2C1CC(O)C(CO)O1,7.6999998,['admetlab2']
NC(=O)c1cc[n+](CC2=C(C(=O)O)N3C(=O)C(NC(=O)C(c4ccccc4)S(=O)(=O)[O-])[C@H]3SC2)cc1,0.28999999,['admetlab2']
Nc1n[n+](=O)c2ccccc2n1[O-],0.56,['admetlab2']
CCCCC1=NC2(CCCC2)C(=O)N1Cc1ccc(-c2ccccc2-c2nn[nH]n2)cc1,0.94,['admetlab2']
CC[C@H](C)[C@H]1NC(=O)C(NC(=O)C(CC(C)C)N(C)C(=O)C2CCCN2C(=O)C(C)O)[C@@H](C)OC(=O)C(Cc2ccc(OC)cc2)N(C)C(=O)C2CCCN2C(=O)C(CC(C)C)NC(=O)C(C)C(=O)C(C(C)C)OC(=O)C[C@@H]1O,1.42,['admetlab2']
CO[C@H]1[C@@H](O)[C@H](N)[C@@H](O[C@H]2O[C@H]([C@H](C)N)CC[C@H]2N)[C@H](O)[C@H]1N(C)C(=O)CN,0.23,['admetlab2']
CC1(C)SC2C(NC(=O)C(NC(=O)N3CCNC3=O)c3ccccc3)C(=O)N2C1C(=O)O,0.25999999,['admetlab2']
CNCc1ccc(-c2[nH]c3cc(F)cc4c3c2CCNC4=O)cc1,3.28,['admetlab2']
CCCCCOc1ccc(-c2cc(-c3ccc(C(=O)NC4C[C@@H](O)[C@@H](O)NC(=O)C5[C@@H](O)[C@@H](C)CN5C(=O)C([C@H](O)CC(N)=O)NC(=O)C([C@H](O)[C@@H](O)c5ccc(O)c(OS(=O)(=O)O)c5)NC(=O)C5C[C@@H](O)CN5C(=O)C([C@@H](C)O)NC4=O)cc3)no2)cc1,0.20999999,['admetlab2']
CC(C)(ON=C(C(=O)NC1C(=O)N2C(C(=O)[O-])=C(C[n+]3ccccc3)CS[C@H]12)c1csc(N)n1)C(=O)O,0.31,['admetlab2']
CON=C(C(=O)NC1C(=O)N2C(C(=O)[O-])=C(C[n+]3cccc4c3CCC4)CSC12)c1csc(N)n1,0.23999999,['admetlab2']
Cc1cc(C)c2c(c1)[C@@H](N(Cc1cc(C(F)(F)F)cc(C(F)(F)F)c1)c1nnn(C)n1)CCCN2CC1CCC(C(=O)O)CC1,1.8200001,['admetlab2']
O=C(O)c1cccc(Cc2cc(Cl)ccc2OCc2ccc(Cl)cc2F)n1,0.76999998,['admetlab2']
CN[C@@H]1[C@H](O[C@H]2[C@H](O[C@H]3[C@H](O)[C@@H](O)[C@H](N=C(N)N)[C@@H](O)[C@@H]3N=C(N)N)O[C@@H](C)[C@]2(O)C=O)O[C@@H](CO)[C@H](O)[C@H]1O,0.34,['admetlab2']
CCN(CC)CC#CCOC(=O)C(O)(c1ccccc1)C1CCCCC1,0.85000002,['admetlab2']
Nc1nc(=O)c2c([nH]1)NCC(CNc1ccc(C(=O)NC(CCC(=O)O)C(=O)O)cc1)N2C=O,0.25,['admetlab2']
CCC1(O)C(=O)OCc2c1cc1n(c2=O)Cc2cc3c(N)cccc3nc2-1,2.2,['admetlab2']
Cn1cc(NC(=O)Nc2cc(C(=O)Nc3cc(C(=O)Nc4ccc5cc(S(=O)(=O)O)cc(S(=O)(=O)O)c5c4)n(C)c3)n(C)c2)cc1C(=O)Nc1cc(C(=O)Nc2ccc3cc(S(=O)(=O)O)cc(S(=O)(=O)O)c3c2)n(C)c1,0.27000001,['admetlab2']
CN[C@@H]1[C@@H](O)[C@@H](O[C@@H]2[C@@H](O)[C@H](O[C@H]3OC(CN)=CC[C@H]3N)[C@@H](N)C[C@H]2N)OC[C@]1(C)O,0.19,['admetlab2']
CON=C(C(=O)NC1C(=O)N2C(C(=O)[O-])=C(C[n+]3ccc(N)n3CCO)CS[C@H]12)c1csc(N)n1,0.30000001,['admetlab2']
O=C1CCC2(O)C3Cc4ccc(O)c5c4C2(CCN3CC2CC2)C1O5,7.599999900000001,['admetlab2']
CC(C)n1c(/C=C/[C@H](O)C[C@H](O)CC(=O)O)c(-c2ccc(F)cc2)c2ccccc21,0.41999999,['admetlab2']
COc1ccccc1OC[C@H](O)CN1CCN(CC(=O)Nc2c(C)cccc2C)CC1,1.2,['admetlab2']
CCNC(=O)OC1CCN(c2nncc3cc(OC)c(OC)cc23)CC1,0.67000002,['admetlab2']
NC(=O)n1c(O)c(C(=O)c2cccs2)c2cc(Cl)ccc21,0.11,['admetlab2']
Cc1ccc(C(CN)CC(=O)O)cc1,0.64999998,['admetlab2']
O=c1c(O)c(-c2ccc(O)c(O)c2)oc2cc(O)cc(O)c12,0.12,['admetlab2']
COc1cc2nc(N(C)CCCNC(=O)C3CCCO3)nc(N)c2cc1OC,1.5,['admetlab2']
C=CC[N+]1(C2CC3C4CCC5CC(O)C(N6CCOCC6)CC5(C)C4CCC3(C)C2OC(C)=O)CCCC1,0.20999999,['admetlab2']
CC(S)C(=O)NCC(=O)O,1.39,['admetlab2']
CCC(C)C(=O)OC1CC(O)C=C2C=CC(C)C(CCC(O)CC(O)CC(=O)O)C21,0.46000001,['admetlab2']
CN(C)CCCN1c2ccccc2Sc2ccccc21,8.1000004,['admetlab2']
COC(=O)CCc1ccc(OCC(O)CNC(C)C)cc1,1.2,['admetlab2']
O=c1[nH]cc(F)c(=O)[nH]1,0.23,['admetlab2']
C[C@]12CC[C@@H]3c4ccc(O)cc4CC[C@H]3[C@@H]1CC[C@@H]2O,1.2,['admetlab2']
CN(C(=O)c1c(O)c2ccccc2n(C)c1=O)c1ccccc1,0.20999999,['admetlab2']
NC(=O)C1CC[C@@H]2CN1C(=O)N2OS(=O)(=O)O,0.23999999,['admetlab2']
Nc1ccc(S(=O)(=O)c2ccc(N)cc2)cc1,0.82999998,['admetlab2']
COC[C@@H](O)CN(C(C)=O)c1c(I)c(C(=O)NC[C@H](O)CO)c(I)c(C(=O)NC[C@H](O)CO)c1I,0.2,['admetlab2']
CC(=O)OC1=C2C(C)[C@@H](OC(=O)C(O)C(NC(=O)c3ccccc3)c3ccccc3)C[C@@](O)([C@@H](OC(=O)c3ccccc3)[C@@H]3[C@]4(OC(C)=O)CO[C@@H]4C[C@H](O)[C@@]3(C)C1=O)C2(C)C,3.0,['admetlab2']
CN(C)CCc1c[nH]c2ccc(Cn3cncn3)cc12,1.9,['admetlab2']
Nc1ncn(C2CC(O)C(CO)O2)c(=O)n1,4.5999999,['admetlab2']
CCOCCn1c(C2CCN(CCc3ccc(C(C)(C)C(=O)O)cc3)CC2)nc2ccccc21,0.61000001,['admetlab2']
CCC(CC)O[C@@H]1C=C(C(=O)O)C[C@H](N)[C@H]1NC(C)=O,0.37,['admetlab2']
Cc1ccc(Nc2nccc(N(C)c3ccc4c(C)n(C)nc4c3)n2)cc1S(N)(=O)=O,0.16,['admetlab2']
CN[C@@H]1[C@@H](O)[C@@H](O[C@@H]2[C@@H](O)[C@H](O[C@H]3O[C@H](CN)[C@@H](O)[C@H](O)[C@H]3O)[C@@H](N)C[C@H]2NC(=O)C(O)CN)OC[C@]1(C)O,0.31999999,['admetlab2']
CC1C=C2CC(=O)CCC2C2CCC3(C)C(O)CCC3C12,0.80000001,['admetlab2']
CCC#CC[C@H](C)[C@H](O)C#C[C@@H]1[C@H]2C/C(=C/COCC(=O)O)C[C@H]2C[C@H]1O,0.079999998,['admetlab2']
CC[N+]1(CC)CCC(=C(c2ccccc2)c2ccccc2)[C@@H]1C,1.87,['admetlab2']
COc1cc2nc(N3CCN(C(=O)C(C)OC)CC3)nc(N)c2cc1OC,0.44,['admetlab2']
CCCCNc1cc(C(=O)O)cc(S(N)(=O)=O)c1Oc1ccccc1,0.16,['admetlab2']
CCN[C@@H]1C[C@H](N)[C@@H](O[C@H]2OC(CN)=CC[C@H]2N)[C@H](O)[C@H]1O[C@H]1OC[C@](C)(O)[C@H](NC)[C@H]1O,0.072999999,['admetlab2']
COc1ccc(C2(C#N)CCC(C(=O)O)CC2)cc1OC1CCCC1,0.23,['admetlab2']
O=C1c2ccccc2S(=O)(=O)N1CCCCNCC1CCc2ccccc2O1,0.20999999,['admetlab2']
CCC(C)C(=O)O[C@H]1C[C@@H](C)C=C2C=C[C@H](C)[C@H](CC[C@@H](O)C[C@@H](O)CC(=O)O)[C@H]21,0.87,['admetlab2']
COc1cc2c3cc1Oc1cc(ccc1O)CC1c4c(cc(OC)c(O)c4Oc4ccc(cc4)CC3N(C)CC2)CC[N+]1(C)C,0.44999999,['admetlab2']
O=c1[nH]cnc2c1ncn2[C@H]1CC[C@@H](CO)O1,0.76999998,['admetlab2']
CC(=O)OCC1=C(C(=O)O)N2C(=O)C(NC(=O)CSc3ccncc3)[C@H]2SC1,0.13,['admetlab2']
CC(C)(C)NC(=O)C1CC[C@H]2[C@@H]3C=CC4=CC(C(=O)O)CC[C@]4(C)[C@H]3CC[C@]12C,0.54000002,['admetlab2']
C=C[C@H]1CN2CC[C@H]1C[C@H]2[C@H](O)c1ccnc2ccc(OC)cc12,1.8,['admetlab2']
C[C@@H](O)C1C(=O)N2C(C(=O)O)=C(S[C@@H]3CNC(C(=O)N(C)C)C3)[C@H](C)[C@H]12,0.30000001,['admetlab2']
CCC/N=C1\S/C(=C\c2ccc(OC[C@H](O)CO)c(Cl)c2)C(=O)N1c1ccccc1C,2.28,['admetlab2']
CC1=C(C(=O)O)N2C(=O)C(NC(=O)C(N)C3=CCC=CC3)C2SC1,0.20999999,['admetlab2']
COc1ccc(Cc2nccc3cc(OC)c(OC)cc23)cc1OC,0.97500002,['admetlab2']
NC[C@H]1O[C@H](O[C@H]2[C@H](O)[C@@H](O[C@H]3O[C@H](CO)[C@@H](O)[C@H](N)[C@H]3O)[C@H](N)C[C@@H]2N)[C@H](O)[C@@H](O)[C@@H]1O,0.25999999,['admetlab2']
CCc1c(O)cc(O)c(C(=O)c2ccc(OCCN3CCOCC3)c(OC)c2)c1CC(=O)N(CCOC)CCOC,1.3200001,['admetlab2']
CC(=O)O[C@H]1C[C@@H]2CC[C@@H]3[C@H](CC[C@@]4(C)[C@H]3C[C@H]([N+]3(C)CCCCC3)[C@@H]4OC(C)=O)[C@@]2(C)C[C@@H]1[N+]1(C)CCCCC1,0.2,['admetlab2']
CC(C(=O)O)c1ccc2c(c1)[nH]c1ccc(Cl)cc12,0.22,['admetlab2']
CN[C@@H]1[C@H](O)[C@H](NC)[C@H]2O[C@@]3(O)C(=O)C[C@@H](C)O[C@H]3O[C@@H]2[C@H]1O,0.13,['admetlab2']
CC(C(=O)O)c1ccc(C(=O)c2cccs2)cc1,0.039999999,['admetlab2']
CN(c1nc2ccccc2s1)C1CCN(C[C@H](O)COc2ccc(F)c(F)c2)CC1,2.5999999,['admetlab2']
CN1CCC[C@H]1c1cccnc1,2.5999999,['admetlab2']
COc1ccc2c3c1OC1CC(O)C=CC31CCN(C)C2,2.3,['admetlab2']
COc1c(N2CCNC(C)C2)c(F)cc2c(=O)c(C(=O)O)cn(C3CC3)c12,1.7,['admetlab2']
CS(=O)(=O)c1cc(F)cc2c3c(n(Cc4ccc(Cl)cc4)c12)[C@@H](CC(=O)O)CC3,1.0,['admetlab2']
CNC1C(O)C(NC)C2OC3(O)C(=O)CC(C)OC3OC2C1O,0.13,['admetlab2']
COc1nc(C)nc(Cl)c1NC1=NCCN1,1.8,['admetlab2']
C#C[C@]1(O)C=C[C@H]2[C@@H]3CC=C4CC(=O)CCC4[C@H]3CC[C@@]21CC,0.46000001,['admetlab2']
CCCN(CCC)S(=O)(=O)c1ccc(C(=O)O)cc1,0.13,['admetlab2']
CN[C@@H]1C[C@H]2OC(C)([C@@H]1OC)n1c3ccccc3c3c4c(c5c6ccccc6n2c5c31)C(=O)N[C@@H]4O,0.15000001,['admetlab2']
CC(C)(C)S(=O)(=O)CC(Cc1ccccc1)C(=O)NC(Cc1c[nH]cn1)C(=O)N[C@@H](CC1CCCCC1)[C@@H](O)C(O)C1CC1,0.76999998,['admetlab2']
CC(C)(C)NC(=O)C1C[C@@H]2CCCC[C@@H]2CN1C[C@@H](O)[C@H](Cc1ccccc1)NC(=O)C(CC(N)=O)NC(=O)c1ccc2ccccc2n1,3.5999999,['admetlab2']
CON=C(C(=O)NC1C(=O)N2C(C(=O)O)=C(COC(C)=O)CSC12)c1csc(N)n1,0.19,['admetlab2']
O=C(C=Cc1c(C(=O)O)[nH]c2cc(Cl)cc(Cl)c12)Nc1ccccc1,0.12,['admetlab2']
CCC[C@@H]1CC(=O)N(C(CC)C(N)=O)C1,0.56,['admetlab2']
O=C(NC[C@H]1CN(c2ccc(N3CCOCC3=O)cc2)C(=O)O1)c1ccc(Cl)s1,0.69999999,['admetlab2']
CN1C2CCCC1CC(NC(=O)c1nn(C)c3ccccc13)C2,3.7,['admetlab2']
O=C(O)C[C@@H]1CC[C@H](NC(=O)Cc2cccs2)B(O)O1,0.28999999,['admetlab2']
CCCC1O[C@@H]2C[C@H]3[C@@H]4CC=C5CC(=O)C=C[C@]5(C)[C@H]4[C@@H](O)C[C@]3(C)[C@]2(C(=O)CO)O1,3.9000001,['admetlab2']
COc1cc(CC(=O)NCC(=O)N(CCC(=O)O)Cc2ccc(OC)c(OC)c2)ccc1NC(=O)Nc1ccccc1C,0.25,['admetlab2']
CCC1=C(C)CN(C(=O)NCCc2ccc(S(=O)(=O)NC(=O)NC3CCC(C)CC3)cc2)C1=O,0.19,['admetlab2']
COC(=O)C1[C@@H](OC(=O)c2ccccc2)C[C@@H]2CC[C@H]1N2C,2.0,['admetlab2']
CNC(=O)N(N(CCCl)S(C)(=O)=O)S(C)(=O)=O,0.88,['admetlab2']
Cc1nnc2n1-c1sc(Br)cc1C(c1ccccc1Cl)=NC2,0.75,['admetlab2']
O=P1(NCCCl)OCCCN1CCCl,0.62,['admetlab2']
O=C(O)c1ccc(-n2nc(-c3ccccc3O)nc2-c2ccccc2O)cc1,0.2,['admetlab2']
Cc1cccc(Cl)c1C(=O)NC(Cc1ccc(NC(=O)c2c(Cl)cncc2Cl)cc1)C(=O)O,0.30000001,['admetlab2']
CC(C)C1C(=O)NC(CCCN=C(N)N)C(=O)NCC(=O)NC(CC(=O)O)C(=O)NC(Cc2ccccc2)C(=O)N1C,0.25999999,['admetlab2']
Clc1ccc2nsnc2c1NC1=NCCN1,2.4000001,['admetlab2']
CN1CCC23c4c5ccc(O)c4OC2C(OC2OC(C(=O)O)C(O)C(O)C2O)C=CC3C1C5,0.12,['admetlab2']
CCC(C)C(=O)O[C@H]1C[C@H](O)C=C2C=C[C@H](C)[C@H](CC[C@@H](O)C[C@@H](O)CC(=O)O)[C@H]21,0.46000001,['admetlab2']
CON=C(C(=O)NC1C(=O)N2C(C(=O)O)=C(CSc3nnnn3C)CS[C@H]12)c1csc(N)n1,0.2,['admetlab2']
CCCCC/C=C\CCC(=O)N[C@H]1[C@H](Oc2c3cc4cc2Oc2ccc(cc2Cl)[C@@H](O[C@@H]2O[C@H](CO)[C@@H](O)[C@H](O)[C@H]2NC(C)=O)C2NC(=O)C(NC(=O)C4NC(=O)C4NC(=O)C(Cc5ccc(c(Cl)c5)O3)NC(=O)C(N)c3ccc(O)c(c3)Oc3cc(O)cc4c3)c3ccc(O)c(c3)-c3c(O[C@H]4O[C@H](CO)[C@@H](O)[C@H](O)[C@@H]4O)cc(O)cc3C(C(=O)O)NC2=O)O[C@H](CO)[C@H](O)[C@@H]1O,0.92000002,['admetlab2']
CN(C)CC(Oc1ccccc1)Oc1ccccc1,2.8,['admetlab2']
C#C[C@]1(OS(=O)(=O)O)CC[C@H]2[C@@H]3CCc4cc(O)ccc4[C@H]3CC[C@@]21C,0.61000001,['admetlab2']
CN(C)C1C(=O)C(C(=O)NCN2CCCC2)C(=O)C2(O)C(=O)C3C(=O)c4c(O)cccc4C(C)(O)C3CC12,0.54000002,['admetlab2']
CC1(C)S[C@@H]2C(NC(=O)C(c3ccccc3)S(=O)(=O)O)C(=O)N2C1C(=O)O,0.15000001,['admetlab2']
C[C@@H]([C@@](O)(Cn1cncn1)c1ccc(F)cc1F)S(C)(=O)=O,0.62,['admetlab2']
CCOC(Cc1ccc(OCCc2ccc(OS(C)(=O)=O)cc2)cc1)C(=O)O,0.13,['admetlab2']
CC(C(=O)O)c1ccc(C(=O)c2ccccc2)s1,0.079999998,['admetlab2']
NC(Cc1ccc(N(CCCl)CCCl)cc1)C(=O)O,0.47999999,['admetlab2']
CON=C(C(=O)NC1C(=O)N2C(C(=O)O)=C(COC(N)=O)CSC12)c1ccco1,0.15000001,['admetlab2']
C[C@H](O)C1C(=O)N2C(C(=O)O)=C(S[C@H]3CN[C@H](CNS(N)(=O)=O)C3)[C@@H](C)C12,0.23,['admetlab2']
CCC(=O)NC[C@@H]1C[C@H]1c1cccc2c1CCO2,0.33000001,['admetlab2']
CCOc1ncc(S(=O)(=O)N2CCN(CC)CC2)cc1-c1nc(=O)c2nn(CCOC)c(CC)c2[nH]1,2.4000001,['admetlab2']
CC1=C(CO)C2=C(C)C3(CC3)[C@@](C)(O)C(=O)C2=C1,3.0999999,['admetlab2']
Cn1nnc2c(C(N)=O)ncn2c1=O,0.5,['admetlab2']
CN1CC(C(=O)N[C@]2(C)O[C@@]3(O)[C@@H]4CCCN4C(=O)C(Cc4ccccc4)N3C2=O)C=C2c3cccc4[nH]cc(c34)C[C@H]21,3.5999999,['admetlab2']
COCC(=O)Nc1c(I)c(C(=O)NCC(O)CO)c(I)c(C(=O)N(C)CC(O)CO)c1I,0.22,['admetlab2']
CC1CNc2c(cccc2S(=O)(=O)NC(CCCN=C(N)N)C(=O)N2CC[C@@H](C)CC2C(=O)O)C1,0.17,['admetlab2']
O=C(O)C1O[C@@H](Oc2cc3oc(-c4ccc(O)cc4)cc(=O)c3c(O)c2O)[C@H](O)[C@@H](O)[C@@H]1O,0.88,['admetlab2']
COc1c(N2C[C@@H](C)C[C@H](N)C2)ccc2c(=O)c(C(=O)O)cn(C3CC3)c12,1.9,['admetlab2']
NCCCNCCSP(=O)(O)O,0.090000004,['admetlab2']
Nc1ccc(O)c(C(=O)O)c1,0.33000001,['admetlab2']
CC1(C)SC2C(NC(=O)C(C(=O)O)c3ccccc3)C(=O)N2C1C(=O)O,0.17,['admetlab2']
O=[N+]([O-])O[C@@H]1CO[C@H]2[C@@H]1OC[C@@H]2O,0.69999999,['admetlab2']
C[C@H](Cn1cnc2c(N)ncnc21)OCP(=O)(O)O,0.82999998,['admetlab2']
CNS(=O)(=O)CCc1ccc2[nH]cc(C3CCN(C)CC3)c2c1,2.4000001,['admetlab2']
CON=C(C(=O)NC1C(=O)N2C(C(=O)O)=C(COC(C)=O)CS[C@H]12)c1csc(N)n1,0.19,['admetlab2']
N=C(CCSCc1csc(N=C(N)N)n1)NS(N)(=O)=O,1.2,['admetlab2']
CN(C)CCN(Cc1cccs1)c1ccccn1,3.3,['admetlab2']
CN1CC[C@H](c2c(O)cc(O)c3c(=O)cc(-c4ccccc4Cl)oc23)[C@H](O)C1,1.5,['admetlab2']
C#C[C@]1(O)CC[C@H]2[C@@H]3CCc4cc(O)ccc4[C@H]3CC[C@@]21C,4.3000002,['admetlab2']
NCCCCCC(=O)O,0.38999999,['admetlab2']
CC(O)C1C(=O)N2C(C(=O)O)=C(SC3CCC(C(=O)N(C)C)N3)C(C)C12,0.30000001,['admetlab2']
CCOC(=O)C(CCc1ccccc1)NC(C)C(=O)N1CC2(CC1C(=O)O)SCCS2,0.43000001,['admetlab2']
COc1cc2nc(N3CCN(C(=O)c4ccco4)CC3)nc(N)c2cc1OC,0.73000002,['admetlab2']
CC1CC2C3CC=C4CC(=O)C=CC4(C)C3(F)C(O)CC2(C)C1(O)C(=O)CO,0.94,['admetlab2']
CCN(CC)CC(=O)Nc1c(C)cccc1C,1.8,['admetlab2']
CON=C(C(=O)NC1C(=O)N2C(C(=O)O)=C(CSc3nc(=O)c(=O)[nH]n3C)CS[C@H]12)c1csc(N)n1,0.12,['admetlab2']
COc1c(N2CCC/C(=C(\F)CN)C2)c(F)cc2c(=O)c(C(=O)O)cn(C3CC3)c12,1.13,['admetlab2']
O=C(Cc1cccs1)NC1C(=O)N2C(C(=O)[O-])=C(C[n+]3ccccc3)CSC12,0.46000001,['admetlab2']
CON=C(C(=O)NC1C(=O)N2C(C(=O)[O-])=C(C[n+]3ccc(-c4cnco4)cc3)CS[C@H]12)c1csc(N)n1,0.22,['admetlab2']
COc1ccnc(C[S+]([O-])c2nc3cc(OC(F)F)ccc3[nH]2)c1OC,0.17,['admetlab2']
C[C@H](N)Cc1ccccc1,6.0999999,['admetlab2']
CN(C)CCc1c[nH]c2ccc(C[C@H]3COC(=O)N3)cc12,1.8,['admetlab2']
COc1ccccc1Oc1c(NS(=O)(=O)c2ccc(C)cn2)nc(-c2ccncc2)nc1OC,0.27000001,['admetlab2']
O=[N+]([O-])OC[C@H](O)CO,0.75999999,['admetlab2']
Nc1ccncc1,2.5999999,['admetlab2']
COC(=O)C(c1ccccc1)[C@H]1CCCCN1,2.6500001,['admetlab2']
Nc1ncn([C@H]2C[C@H](O)[C@@H](CO)O2)c(=O)n1,4.5999999,['admetlab2']
O=NN(CCCl)C(=O)NCCCl,1.2,['admetlab2']
N=C(N)NCCCCC1NC(=O)CCSSCC(C(N)=O)NC(=O)C2CCCN2C(=O)C(Cc2c[nH]c3ccccc23)NC(=O)C(CC(=O)O)NC(=O)CNC1=O,0.17,['admetlab2']
Cn1c(=O)c2[nH]cnc2n(C)c1=O,0.50999999,['admetlab2']
N#Cc1ccc(C(c2ccc(C#N)cc2)n2cncn2)cc1,1.9,['admetlab2']
CC(Oc1ccccc1)C(=O)NC1C(=O)N2C(C(=O)O)C(C)(C)S[C@H]12,0.30000001,['admetlab2']
CC1COc2c(N3CCN(C)CC3)c(F)cc3c(=O)c(C(=O)O)cn1c23,1.6,['admetlab2']
Cc1nccn1CCC(C(N)=O)(c1ccccc1)c1ccccc1,1.51,['admetlab2']
N#Cc1ccccc1-c1cc(-c2ccccn2)cn(-c2ccccc2)c1=O,1.36,['admetlab2']
CC1=C2CC(=O)C=CC2(C)C2C(O)CC3(C)C(CCC3(O)C(=O)CO)C2C1,1.2,['admetlab2']
NCC1CCC(C(=O)O)CC1,0.38,['admetlab2']
CC(=O)O[C@H]1C[C@]2(O)[C@H]3CC[C@H]4C[C@H](O[C@H]5C[C@@H](O)[C@@H](O[C@H]6C[C@@H](O)[C@@H](O[C@H]7C[C@@H](O)[C@@H](O)[C@H](C)O7)[C@H](C)O6)[C@H](C)O5)CC[C@@]4(C)[C@H]3CC[C@]2(C)[C@H]1C1=CC(=O)OC1,0.77999997,['admetlab2']
CC(NC(CCc1ccccc1)C(=O)O)C(=O)N1CCCC1C(=O)O,0.38,['admetlab2']
CCCCN1CCCC1C(=O)Nc1c(C)cc(C)cc1C,1.73,['admetlab2']
CN(C)Cc1c(C(=O)NCCOc2ccc(C(O)=NO)cc2)oc2ccccc12,2.5999999,['admetlab2']
NC(=O)N1c2ccccc2CC(O)c2ccccc21,0.72000003,['admetlab2']
CON=C(C(=O)NC1C(=O)N2C(C(=O)[O-])=C(Cn3cc[n+]4c3CCC=N4)CS[C@H]12)c1nsc(N)n1,0.23999999,['admetlab2']
CN(CC(N)=O)C(=O)N(CCCl)N=O,0.75999999,['admetlab2']
CC(=O)C1CCC2C3CCC4CC(O)CCC4(C)C3CCC12C,2.0,['admetlab2']
CN(C)N=Nc1[nH]cnc1C(N)=O,1.2,['admetlab2']
CC(C)[C@@H]1NC(=O)[C@H](Cc2ccccc2)NC(=O)[C@H](CC(=O)O)NC(=O)[C@H](CO)NC(=O)[C@@H]2CSSC[C@H](NC(=O)[C@H](CCCNC(=N)N)NC(=O)[C@H](CCCNC(=N)N)NC(=O)[C@H](C)NC(=O)[C@H](CCC(=O)O)NC(=O)[C@H](CC(=O)O)NC(=O)[C@H](C)NC(=O)[C@H](CCC(N)=O)NC1=O)C(=O)N[C@@H](Cc1ccc(O)cc1)C(=O)N[C@@H](CC(N)=O)C(=O)N[C@@H](CC(=O)O)C(=O)N1CCC[C@H]1C(=O)N[C@@H](CCCCN)C(=O)N2,0.38,['admetlab2']
NCc1ccccc1CC(=O)NC1C(=O)N2C(C(=O)O)=C(CSc3nnnn3CC(=O)O)CSC12,0.17,['admetlab2']
CN1CCC[C@@H]1Cc1c[nH]c2ccc(CCS(=O)(=O)c3ccccc3)cc12,1.6,['admetlab2']
CON=C(C(=O)NC1C(=O)N2C(C(=O)[O-])=C(C[N+]3(C)CCCC3)CSC12)c1csc(N)n1,0.28,['admetlab2']
CCCN1CCCCC1C(=O)Nc1c(C)cccc1C,0.75,['admetlab2']
CC[N+](CC)(CC)CCOc1cccc(OCC[N+](CC)(CC)CC)c1OCC[N+](CC)(CC)CC,0.27000001,['admetlab2']
COC1(NC(=O)CSCC#N)C(=O)N2C(C(=O)O)=C(CSc3nnnn3C)CSC21,0.13,['admetlab2']
C[C@@H]1CCC[C@H](C)N1CCCC(O)(c1ccccc1)c1ccccn1,1.4,['admetlab2']
COc1cc(C(=O)C(=O)N2CCCCC2C(=O)OC(CCCc2cccnc2)CCCc2cccnc2)cc(OC)c1OC,1.34,['admetlab2']
NS(=O)(=O)c1ccc(S(=O)(=O)Nc2cccc3c(Cl)c[nH]c23)cc1,0.68000001,['admetlab2']
NC(C(=O)O)C1CC(Cl)=NO1,0.5,['admetlab2']
C#CC1(O)C=CC2C3CC=C4CC(=O)CCC4C3CCC21CC,0.46000001,['admetlab2']
CN(C(=O)CO)c1c(I)c(C(=O)NC[C@H](O)CO)c(I)c(C(=O)NC[C@H](O)CO)c1I,0.23,['admetlab2']
CCOC(=O)C1=C(C)N=C(C)C(C(=O)OC)C1c1cccc(Cl)c1Cl,4.4000001,['admetlab2']
CCOc1ccccc1OC(c1ccccc1)C1CNCCO1,0.64999998,['admetlab2']
CCC[C@@H]1CC(C(=O)N[C@@H]([C@H]2O[C@H](SC)[C@H](O)[C@@H](O)[C@H]2O)[C@H](C)Cl)N(C)C1,0.79000002,['admetlab2']
Cn1c(=N)c(NC(=O)NCCN)cn1CC1=C(C(=O)O)N2C(=O)C(=NC(=O)C(NOC(C)(C)C(=O)O)c3nsc(N)n3)[C@H]2SC1,0.17,['admetlab2']
COc1ccc(CC2c3cc(OC)c(OC)cc3CC[N+]2(C)CCC(=O)OCCCCCOC(=O)CC[N+]2(C)CCc3cc(OC)c(OC)cc3C2Cc2ccc(OC)c(OC)c2)cc1OC,0.1,['admetlab2']
Nc1nc(Cl)nc2c1ncn2[C@H]1C[C@H](O)[C@@H](CO)O1,7.6999998,['admetlab2']
COc1cc([S+](C)[O-])ccc1-c1nc2ccncc2[nH]1,1.67,['admetlab2']
O=[N+]([O-])OC1COC2C(O[N+](=O)[O-])COC12,1.9,['admetlab2']
O=C(O)CCCCO/N=C(\c1cccnc1)c1cccc(C(F)(F)F)c1,0.43000001,['admetlab2']
CC1(C)OC2CC3C4CC=C5CC(=O)C=CC5(C)C4(F)C(O)CC3(C)C2(C(=O)CO)O1,1.4,['admetlab2']
CN(C)C[C@H](c1ccc(O)cc1)C1(O)CCCCC1,3.5,['admetlab2']
CC(C)CC(NC(=O)CNC(=O)C(CCC(N)=O)NC(=O)C(CC(C)C)NC(=O)C(CC(C)C)NC(=O)C(CCCN=C(N)N)NC(=O)C(CCC(N)=O)NC(=O)C(CC(C)C)NC(=O)C(CCCNC(=N)N)NC(=O)C(C)NC(=O)CNC(=O)C(CCC(=O)O)NC(=O)C(CCCNC(=N)N)NC(=O)C(CC(C)C)NC(=O)C(CCCNC(=N)N)NC(=O)C(CO)NC(=O)C(CC(C)C)NC(=O)C(CCC(=O)O)NC(=O)C(CO)NC(=O)C(NC(=O)C(Cc1ccccc1)NC(=O)C(NC(=O)CNC(=O)C(CC(=O)O)NC(=O)C(CO)NC(=O)C(N)Cc1cnc[nH]1)[C@@H](C)O)[C@@H](C)O)C(=O)NC(C(N)=O)C(C)C,0.16,['admetlab2']
O=C(O)c1cc(-c2ccc(F)cc2F)ccc1O,0.097000003,['admetlab2']
Nc1ccn([C@H]2CC[C@@H](CO)O2)c(=O)n1,0.54000002,['admetlab2']
COc1ccc(CCO[C@@H]2CCCC[C@H]2N2CC[C@@H](O)C2)cc1OC,1.8,['admetlab2']
O=C1c2ccccc2OCN1CCO[N+](=O)[O-],0.68000001,['admetlab2']
CC(C)(C)/[N+]([O-])=C/c1ccc(S(=O)(=O)O)cc1S(=O)(=O)O,0.18000001,['admetlab2']
O=c1[nH]c(=O)n(C2CCCO2)cc1F,0.62,['admetlab2']
CC1(C)SC2C(NC(=O)C(NC(=O)N3CCN(S(C)(=O)=O)C3=O)c3ccccc3)C(=O)N2C1C(=O)O,0.090000004,['admetlab2']
CCOC(=O)C1[C@@H](OC(=O)c2ccccc2)C[C@@H]2CC[C@H]1N2C,1.6,['admetlab2']
NCCC(O)C(=O)N[C@@H]1C[C@H](N)[C@@H](O[C@H]2O[C@H](CN)[C@@H](O)[C@H](O)[C@H]2O)[C@H](O)[C@H]1O[C@H]1O[C@H](CO)[C@@H](O)[C@H](N)[C@H]1O,0.16,['admetlab2']
CCCC(CC)OC(C(=O)OCCN(C)C)(c1ccccc1)c1ccccc1,7.099999900000001,['admetlab2']
Cc1nnc(SCC2=C(C(=O)O)N3C(=O)C(NC(=O)Cn4cnnn4)C3SC2)s1,0.12,['admetlab2']
O=P(O)(O)C(Cl)(Cl)P(=O)(O)O,0.88,['admetlab2']
CC(=O)OCC1=C(C(=O)O)N2C(=O)C(NC(=O)CC#N)[C@H]2SC1,0.49000001,['admetlab2']
CCCCCCCCCCCCC/C=C/[C@@H](O)[C@H](CO[C@@H]1O[C@H](CO)[C@@H](O[C@@H]2O[C@H](CO)[C@H](O[C@@H]3O[C@H](CO)[C@H](O)[C@H](O[C@@H]4O[C@H](CO)[C@H](O)[C@H](O)[C@H]4O)[C@H]3NC(C)=O)[C@H](OC[C@H](O)[C@H](O)[C@@H]3O[C@](O)(C(=O)O)C[C@H](O)[C@H]3NC(C)=O)[C@H]2O)[C@H](O)[C@H]1O)NC(=O)CCCCCCCCCCCCCCCCC,0.07,['admetlab2']
CC(C)NC[C@@H](O)COc1cccc2c1N(C(=O)c1cccnc1)CCC2,0.67000002,['admetlab2']
CCCCCc1cc(O)c2c(c1)OC(C)(C)[C@@H]1CCC(C(=O)O)=C[C@@H]21,1.28,['admetlab2']
COC(=O)c1cnc2n1CCc1ccccc1C2=C1CCN(CCc2ccc(OCc3ccc4ccccc4n3)cc2)CC1,6.0300002,['admetlab2']
CCN(CC)C(=O)C(C#N)=Cc1cc(O)c(O)c([N+](=O)[O-])c1,0.27000001,['admetlab2']
CC(N)(Cc1ccc(O)c(O)c1)C(=O)O,0.69,['admetlab2']
COC(=O)C[C@@](O)(CCCC(C)(C)O)C(=O)O[C@@H]1C(OC)=C[C@]23CCCN2CCc2cc4c(cc2[C@H]13)OCO4,1.8,['admetlab2']
COc1nc(N)nc2c1ncn2[C@@H]1O[C@H](CO)[C@@H](O)[C@@H]1O,4.9000001,['admetlab2']
C[N+](C)(C)NCCC(=O)[O-],0.69999999,['admetlab2']
CC(C)c1cccc(C(C)C)c1O,4.6999998,['admetlab2']
CCN1CC2CN(C)CC(C1)C2OC(=O)c1ccc(Cl)cc1,9.0,['admetlab2']
Oc1c(C2=CCC(c3ccc(Cl)cc3)CC2)c(O)c2ccccc2c1O,0.60000002,['admetlab2']
CC(Oc1ccccc1)C(=O)NC1C(=O)N2C1SC(C)(C)C2C(=O)O,0.30000001,['admetlab2']
C=CCNc1c(O)cc2c(O)c1C=C(C)C[C@H](OC)[C@H](O)[C@@H](C)/C=C(\C)[C@H](OC(N)=O)[C@@H](OC)C=CC=C(C)C(=O)N2,2.0,['admetlab2']
O=c1[nH]c(O)cn1/N=C/c1ccc([N+](=O)[O-])o1,0.56999999,['admetlab2']
CC1(C)S[C@@H]2C(NC(=O)C(NC(=O)N3CCN(S(C)(=O)=O)C3=O)c3ccccc3)C(=O)N2C1C(=O)O,0.090000004,['admetlab2']
S=c1[nH]cnc2[nH]cnc12,1.0,['admetlab2']
Nc1nc(=O)c2c([nH]1)NC[C@H](CNc1ccc(C(=O)NC(CCC(=O)O)C(=O)O)cc1)N2C=O,0.27000001,['admetlab2']
CN(C)C1C(=O)C(C(N)=O)C(=O)C2(O)C(=O)C3C(=O)c4c(O)cccc4C(C)(O)C3C(O)C12,1.7,['admetlab2']
COc1ccc(CCN(C)CCCC(C#N)(c2ccc(OC)c(OC)c2)C(C)C)cc1OC,3.7,['admetlab2']
CC1(C)C(C(=O)O)N2C(=O)CC2S1(=O)=O,0.31999999,['admetlab2']
Nc1ccn(C2OC(CO)C(O)C2(F)F)c(=O)n1,1.5,['admetlab2']
CC(CCc1ccccc1)NCC(O)c1ccc(O)c(C(N)=O)c1,4.8000002,['admetlab2']
CC1(C)O[C@@H]2C[C@H]3[C@@H]4CC=C5CC(=O)C=C[C@]5(C)[C@@]4(F)[C@@H](O)C[C@]3(C)[C@]2(C(=O)CO)O1,1.4,['admetlab2']
C#C[C@]1(O)CC[C@H]2[C@@H]3CC=C4CC(=O)CCC4[C@H]3CC[C@@]21CC,1.5,['admetlab2']
C[N+](C)([O-])CCCN1c2ccccc2CCc2ccccc21,1.9,['admetlab2']
CON=C(C(=O)NC1C(=O)N2C(C(=O)O)=C(CSc3cnns3)CS[C@H]12)c1csc(N)n1,0.2,['admetlab2']
OCCN1C[C@H](O)[C@@H](O)[C@H](O)[C@H]1CO,0.28,['admetlab2']
CN1CC[C@]23c4c5ccc(O)c4OC2C(=O)CC[C@H]3[C@H]1C5,4.3000002,['admetlab2']
O=C(O)CCSCC1O[C@@H]2O[C@H]3[C@H](O)[C@@H](O)[C@@H](O[C@H]4[C@H](O)[C@@H](O)[C@@H](O[C@H]5[C@H](O)[C@@H](O)[C@@H](O[C@H]6[C@H](O)[C@@H](O)[C@@H](O[C@H]7[C@H](O)[C@@H](O)[C@@H](O[C@H]8[C@H](O)[C@@H](O)[C@@H](O[C@H]9[C@H](O)[C@@H](O)[C@@H](O[C@H]1[C@H](O)[C@H]2O)O[C@@H]9CSCCC(=O)O)O[C@@H]8CSCCC(=O)O)O[C@@H]7CSCCC(=O)O)O[C@@H]6CSCCC(=O)O)O[C@@H]5CSCCC(=O)O)O[C@@H]4CSCCC(=O)O)O[C@@H]3CSCCC(=O)O,0.18000001,['admetlab2']
CC(=O)OCC1=C(C(=O)O)N2C(=O)C(NC(=O)Cc3cccs3)[C@H]2SC1,0.07,['admetlab2']
Cc1cn([C@H]2C[C@H](N=[N+]=[N-])[C@@H](CO)O2)c(=O)[nH]c1=O,1.8,['admetlab2']
COC(=O)C(Cc1cccc(C(=N)N)c1)[C@@H](C)NC(=O)c1ccc(-c2cc[n+]([O-])cc2)cc1,0.88999999,['admetlab2']
CCC(=O)NCC[C@@H]1CCc2ccc3c(c21)CCO3,1.05,['admetlab2']
CC(N)Cc1ccccc1,6.0999999,['admetlab2']
N[C@@]1(C(=O)O)CS(=O)(=O)[C@H]2C(C(=O)O)[C@H]21,0.20999999,['admetlab2']
CCC#CCC(C)C(O)C#CC1C(O)CC2C/C(=C\COCC(=O)O)CC21,0.079999998,['admetlab2']
CC1C(=O)O[C@H]2[C@H](O)C34[C@H]5C[C@@H](C(C)(C)C)C36C(O)C(=O)O[C@H]6OC4(C(=O)O5)[C@@]12O,0.91000003,['admetlab2']
CC1=CC[C@@H](C(C)(C)O)C[C@@H]1O,0.43000001,['admetlab2']
Cc1cc2c(OCC(O)CNC(C)C)cccc2[nH]1,2.1700001,['admetlab2']
CC(C)Oc1ccccc1N1CCN(Cc2cccc(C(=O)N3CCCCC3)c2)CC1,1.54,['admetlab2']
CO[C@]12CC[C@@]3(C[C@@H]1[C@](C)(O)C(C)(C)C)[C@H]1Cc4ccc(O)c5c4[C@@]3(CCN1CC1CC1)[C@H]2O5,4.9000001,['admetlab2']
Cc1cc(=O)n(-c2ccccc2)n1C,0.76999998,['admetlab2']
CC1(C)SC2C(NC(=O)COc3ccccc3)C(=O)N2C1C(=O)O,0.41,['admetlab2']
CC(=N)N1CC[C@H](SC2=C(C(=O)O)N3C(=O)C([C@@H](C)O)[C@H]3C2)C1,0.19,['admetlab2']
CC(C)(O)c1ccccc1CC[C@@H](SCC1(CC(=O)O)CC1)c1cccc(/C=C/c2ccc3ccc(Cl)cc3n2)c1,0.15000001,['admetlab2']
CS(=O)(=O)c1ccc([C@@H](O)[C@@H](COC(=O)CN)NC(=O)C(Cl)Cl)cc1,0.13,['admetlab2']
CN[C@@H]1[C@@H](O)[C@@H](O[C@@H]2[C@@H](O)[C@H](O[C@H]3OC(CNCCO)=CC[C@H]3N)[C@@H](N)C[C@H]2NC(=O)C(O)CCN)OC[C@]1(C)O,0.22,['admetlab2']
Cc1nnc(SCC2=C(C(=O)O)N3C(=O)C(NC(=O)Cn4cnnn4)[C@H]3SC2)s1,0.12,['admetlab2']
CN1CCCC1Cc1c[nH]c2ccc(CCS(=O)(=O)c3ccccc3)cc12,1.6,['admetlab2']
CN1C(=O)CCC1c1cccnc1,1.1,['admetlab2']
C=CCN1CCC23c4c5ccc(O)c4OC2C(=O)CCC3(O)C1C5,1.7,['admetlab2']
COC(=O)C1C(OC(=O)c2ccccc2)CC2CCC1N2C,2.0,['admetlab2']
Nc1nc(F)nc2c1ncn2[C@@H]1O[C@H](CO)[C@@H](O)[C@@H]1O,2.2,['admetlab2']
Cc1nnc(SCC2=C(C(=O)O)N3C(=O)C(NC(=O)C(O)c4ccccc4)[C@H]3SC2)s1,0.13,['admetlab2']
Nc1ccc(S(=O)(=O)Nc2ncccn2)cc1,0.28999999,['admetlab2']
CCOC(=O)[C@]1(c2ccccc2)CCC=C[C@H]1N(C)C,4.0,['admetlab2']
CS(=O)(=O)OCCN(CCBr)c1c(C(=O)NCCOP(=O)(O)O)cc([N+](=O)[O-])cc1[N+](=O)[O-],0.86000001,['admetlab2']
CCOc1ccccc1OCC1CNCCO1,0.73000002,['admetlab2']
CN(C)N=Nc1ccc(C(=O)O)cc1,0.25,['admetlab2']
CCC1(c2cccc(O)c2)CCCCN(C)C1,3.3,['admetlab2']
COc1cc2c3cc1Oc1cc(ccc1O)C[C@@H]1c4c(cc(OC)c(O)c4Oc4ccc(cc4)C[C@@H]3N(C)CC2)CC[N+]1(C)C,0.44999999,['admetlab2']
Cc1cn([C@H]2C=C[C@@H](CO)O2)c(=O)[nH]c1=O,0.67000002,['admetlab2']
CN(C)CCCO[C@@H]1[C@H]2OC(C)(C)O[C@H]2O[C@@H]1[C@H](O)CO,1.04,['admetlab2']
CC[C@@]1(O)C(=O)OCc2c1cc1n(c2=O)Cc2cc3cc(O)ccc3nc2-1,0.22,['admetlab2']
CC1(C)SC2C(/N=C/N3CCCCCC3)C(=O)N2C1C(=O)O,0.37,['admetlab2']
C=C1CC[C@@H]2[C@](C)(COC(=O)CCC(=O)O)[C@H](OC(=O)CCC(=O)O)CC[C@@]2(C)[C@@H]1/C=C/C1=CCOC1=O,0.13,['admetlab2']
Nc1ccn(C2CCC(CO)O2)c(=O)n1,0.54000002,['admetlab2']
COc1cccc(OC)c1C(=O)NC1C(=O)N2C1SC(C)(C)C2C(=O)O,0.31999999,['admetlab2']
CC(=O)Nc1c(I)c(C(=O)O)c(I)c(N(C)C(C)=O)c1I,0.17,['admetlab2']
CCCC(C)C1(CC)C(=O)NC(=O)NC1=O,0.91000003,['admetlab2']
O=C1CCC(N2C(=O)c3ccccc3C2=O)C(=O)N1,0.94999999,['admetlab2']
CCCC1CC(C(=O)NC(C(C)Cl)C2OC(SC)C(O)C(O)C2O)N(C)C1,0.79000002,['admetlab2']
O=C(O)CCCc1ccc(N(CCCl)CCCl)cc1,0.25999999,['admetlab2']
CCOC(=O)[N-]c1c[n+](N2CCOCC2)no1,1.4,['admetlab2']
Clc1cccc(Cl)c1NC1=NCCN1,3.3,['admetlab2']
COc1ccccc1OCCNCC(O)COc1cccc2[nH]c3ccccc3c12,1.3,['admetlab2']
Cc1cccc(Nc2ccncc2S(=O)(=O)NC(=O)NC(C)C)c1,0.20999999,['admetlab2']
COC1(NC(=O)C(C(=O)O)c2ccc(O)cc2)C(=O)N2C(C(=O)O)=C(CSc3nnnn3C)COC21,0.17,['admetlab2']
C[C@@H]1CN(c2c(F)c(N)c3c(=O)c(C(=O)O)cn(C4CC4)c3c2F)C[C@H](C)N1,3.9000001,['admetlab2']
C[C@H]1NCc2cc(-c3ccc4c(=O)c(C(=O)O)cn(C5CC5)c4c3OC(F)F)ccc21,1.0,['admetlab2']
CN(C)c1ccc(O)c2c1CC1CC3C(N(C)C)C(=O)C(C(N)=O)C(=O)C3(O)C(=O)C1C2=O,1.6,['admetlab2']
CC[C@@]1(O)C(=O)OCc2c1cc1n(c2=O)Cc2c-1nc1ccc(O)cc1c2[Si](C)(C)C(C)(C)C,0.47,['admetlab2']
C[C@]12CCC(=O)C=C1CC[C@@H]1[C@@H]2[C@@H](O)C[C@@]2(C)[C@H]1CC[C@]2(O)C(=O)CO,0.38,['admetlab2']
Cn1c(COP(=O)(NCCBr)NCCBr)cnc1[N+](=O)[O-],0.63999999,['admetlab2']
CCOc1cc(CC(=O)N[C@@H](CC(C)C)c2ccccc2N2CCCCC2)ccc1C(=O)O,0.315,['admetlab2']
CCc1c2c(nc3ccc(OC(=O)N4CCC(N5CCCCC5)CC4)cc13)-c1cc3c(c(=O)n1C2)COC(=O)[C@]3(O)CC,3.5,['admetlab2']
CC(=O)O[C@@]12CO[C@@H]1C[C@H](O)[C@@]1(C)C(=O)C(=O)C3C(C)[C@@H](OC(=O)C(O)C(NC(=O)OC(C)(C)C)c4ccccc4)C[C@@](O)([C@@H](OC(=O)c4ccccc4)[C@H]21)C3(C)C,2.0999999,['admetlab2']
O=C(OC1C[C@@H]2CC3C[C@H](C1)N2CC3=O)c1c[nH]c2ccccc12,2.0,['admetlab2']
CN1[C@@H]2CC[C@H]1CC(OC(=O)c1c[nH]c3ccccc13)C2,9.6999998,['admetlab2']
COc1ccc2c(c1)c(CC(=O)O)c(C)n2C(=O)c1ccc(Cl)cc1,0.096000001,['admetlab2']
CC(C)=CCN1CCC2(C)c3cc(O)ccc3CC1C2C,3.4000001,['admetlab2']
CCn1cc(C(=O)O)c(=O)c2cc(F)c(N3CCNCC3)cc21,1.88,['admetlab2']
CC(C)(C(=O)O)c1ccc(C(=O)CCCN2CCC(OC(c3ccccc3)c3ccccc3)CC2)cc1,0.41,['admetlab2']
O=P(O)(O)OC(Cn1cncn1)(Cn1cncn1)c1ccc(F)cc1F,0.15000001,['admetlab2']
O=C(O)CO,0.67000002,['admetlab2']
O=NNc1cnccn1,0.31,['admetlab2']
C[C@@H]1O[C@@H]1P(=O)(O)O,0.31999999,['admetlab2']
C/C(=C\[C@H](C(C)C)N(C)C(=O)C(NC(=O)C1CCCCN1C(C)C)C(C)(C)C)C(=O)O,1.26,['admetlab2']
CC[C@@]1(O)CC(=O)OCc2c1cc1n(c2=O)Cc2cc3cc(F)c(F)cc3nc2-1,1.42,['admetlab2']
Cc1cnc(NC(=O)C2C(=O)c3ccccc3S(=O)(=O)N2C)s1,0.15000001,['admetlab2']
Nc1cc(-c2ccncc2)c[nH]c1=O,1.3,['admetlab2']
CC(=O)C(C#N)C(=O)Nc1ccc(C(F)(F)F)cc1,0.16,['admetlab2']
CC(c1ncncc1F)[C@](O)(Cn1cncn1)c1ccc(F)cc1F,2.2,['admetlab2']
CCn1cc(C(=O)O)c(=O)c2cc(F)c(N3CCN(C)CC3)cc21,1.5,['admetlab2']
CON=C(C(=O)NC1C(=O)N2C(C(=O)O)=CCSC12)c1csc(N)n1,0.2,['admetlab2']
NC(Cc1c[nH]c2ccc(O)cc12)C(=O)O,0.80000001,['admetlab2']
CN(C)C(=O)Oc1cc(OC(=O)N(C)C)cc(C(O)CNC(C)(C)C)c1,1.6,['admetlab2']
COC(=O)Nc1nc2cc(C(=O)c3ccccc3)ccc2[nH]1,1.2,['admetlab2']
O=C(O[C@H]1CN2CCC1CC2)N1CCc2ccccc2[C@@H]1c1ccccc1,8.199999799999999,['admetlab2']
OCCN(CCc1c[nH]c2ccccc12)Cc1ccc(/C=C/C(O)=NO)cc1,2.1700001,['admetlab2']
Cc1cn[nH]c1,0.34999999,['admetlab2']
C[C@@H]1[C@H](O)[C@@H](C)/C=C/C=C/C=C/C=C/C=C/C=C/C=C/[C@H](O[C@H]2O[C@H](C)[C@@H](O)[C@H](N)[C@@H]2O)C[C@@H]2O[C@@](O)(C[C@@H](O)C[C@@H](O)[C@H](O)CC[C@@H](O)C[C@@H](O)CC(=O)O[C@H]1C)C[C@H](O)C2C(=O)O,0.62,['admetlab2']
CCC(OC(C)=O)C(CC(C)N(C)C)(c1ccccc1)c1ccccc1,8.300000200000001,['admetlab2']
CCN(CC)CCNC(=O)c1ccc(NC(C)=O)cc1,1.9,['admetlab2']
C/N=C1\CN(O)C(c2ccccc2)=c2cc(Cl)ccc2=N1,0.25,['admetlab2']
O=C1CN=C(c2ccccn2)c2cc(Br)ccc2N1,0.85000002,['admetlab2']
CCN(C)C(=O)Oc1cccc(C(C)N(C)C)c1,1.3,['admetlab2']
NC(Cc1ccc(O)c(O)c1)C(=O)O,1.7,['admetlab2']
CC1CC(=O)NN=C1c1ccc(NN=C(C#N)C#N)cc1,0.23999999,['admetlab2']
CC1(C)SC2C(NC(=O)C(N)c3ccc(O)cc3)C(=O)N2C1C(=O)O,0.25,['admetlab2']
CC(C)(C)NCC(O)COc1nsnc1N1CCOCC1,1.5,['admetlab2']
CNC[C@@H]1CC[C@@H](N)[C@@H](O[C@@H]2[C@H](O)[C@@H](O[C@H]3OC[C@](C)(O)[C@H](NC)[C@H]3O)[C@H](N)C[C@@H]2N)O1,0.15000001,['admetlab2']
C=CCC1(C(C)C#CCC)C(=O)NC(=O)N(C)C1=O,1.1,['admetlab2']
CCOC(=O)C(CCc1ccccc1)NC(C)C(=O)N1C(C(=O)O)C[C@H]2CCCC[C@H]21,0.25,['admetlab2']
Cc1ccc(S(=O)(=O)NC(=O)N[C@H]2[C@H]3CC[C@@](C)([C@H]2O)C3(C)C)cc1,0.27000001,['admetlab2']
O=C(O)CCCC[C@H]1CCSS1,0.11,['admetlab2']
NC(CCC(=O)NC(CS(=O)(=O)CCOP(=O)(N(CCCl)CCCl)N(CCCl)CCCl)C(=O)NC(C(=O)O)c1ccccc1)C(=O)O,0.46000001,['admetlab2']
CCN1CCC[C@@H]1CNC(=O)c1cc(S(N)(=O)=O)ccc1OC,0.94,['admetlab2']
CN(C)C1C(=O)C(C(N)=O)C(=O)C2(O)C(=O)C3C(=O)c4c(O)ccc(Cl)c4C(C)(O)C3CC12,0.89999998,['admetlab2']
COc1ccc(CCNCC(O)COc2cccc(C)c2)cc1OC,0.67000002,['admetlab2']
O=C(C=Cc1ccc(O)c2c1C(C(=O)OC(Cc1ccc(O)c(O)c1)C(=O)O)[C@@H](c1ccc(O)c(O)c1)O2)OC(Cc1ccc(O)c(O)c1)C(=O)O,0.14,['admetlab2']
CC12CCC3c4ccc(OC(=O)N(CCCl)CCCl)cc4CCC3C1CCC2OP(=O)(O)O,0.12,['admetlab2']
O=C1NC(=O)C(c2cn3ccccc3n2)=C1C1=CN2CCN(C(=O)N3CCCCC3)C[C@@H]3C=C(F)C=C1[C@H]32,1.2,['admetlab2']
CC(C)(C)NC(=O)C1CCC2C3CCC4NC(=O)C=CC4(C)C3CCC12C,1.1,['admetlab2']
O=C(CCCN1CC=C(n2c(=O)[nH]c3ccccc32)CC1)c1ccc(F)cc1,1.41,['admetlab2']
CC(=O)OC1CC2CCC3C(CCC4(C)C3CC([N+]3(C)CCCCC3)C4OC(C)=O)C2(C)CC1[N+]1(C)CCCCC1,0.2,['admetlab2']
C[C@H]1CN(CC(Cc2ccccc2)C(=O)NCC(=O)O)CC[C@@]1(C)c1cccc(O)c1,0.43000001,['admetlab2']
CCCCC(C)(C)[C@@H](O)/C=C\[C@@H]1[C@H](C/C=C/CCCC(=O)O)[C@@H](Cl)C[C@@H]1O,0.16,['admetlab2']
Nc1ccn(C[C@@H](CO)OCP(=O)(O)O)c(=O)n1,0.49000001,['admetlab2']
CN(C)C1C(=O)C(C(N)=O)C(=O)C2(O)C(=O)C3C(=O)c4c(O)cccc4C(C)(O)C3CC12,1.2,['admetlab2']
CC(O)C(CO)NC(=O)C1CSSCC(NC(=O)C(N)Cc2ccccc2)C(=O)NC(Cc2ccccc2)C(=O)NC(Cc2c[nH]c3ccccc23)C(=O)NC(CCCCN)C(=O)NC(C(C)O)C(=O)N1,0.19,['admetlab2']
CC(=O)O[C@H]1C[C@@H]2CC[C@@H]3[C@H](CC[C@@]4(C)[C@H]3C[C@H](N3CC[N+](C)(C)CC3)[C@@H]4OC(C)=O)[C@@]2(C)C[C@@H]1N1CC[N+](C)(C)CC1,0.34999999,['admetlab2']
O=C(O)C1=C(C[n+]2ccc(CCS(=O)(=O)O)cc2)CSC2C(NC(=O)C(NC(=O)c3[nH]cnc3C(=O)O)c3ccccc3)C(=O)N12,0.20999999,['admetlab2']
CON=C(C(=O)NC1C(=O)N2C(C(=O)[O-])=C(C[N+]34CCC(C(N)=O)(CC3)CC4)CSC12)c1nsc(N)n1,0.27000001,['admetlab2']
CN(C)CCc1c[nH]c2ccc(CC3COC(=O)N3)cc12,1.8,['admetlab2']
CC1(C)S[C@@H]2C(NC(=O)C(C(=O)O)c3ccccc3)C(=O)N2C1C(=O)O,0.17,['admetlab2']
CCCC(C)(COC(N)=O)COC(N)=O,0.69999999,['admetlab2']
CCC(=O)N(c1ccccc1)C1(C(=O)OC)CCN(CCC(=O)OC)CC1,0.40000001,['admetlab2']
CN1CCN(C(=O)OC2c3nccnc3C(=O)N2c2ccc(Cl)cn2)CC1,1.3,['admetlab2']
O=[N+]([O-])O[C@H]1CO[C@H]2[C@@H]1OC[C@H]2O,0.86000001,['admetlab2']
COCCc1ccc(OCC(O)CNC(C)C)cc1,3.0999999,['admetlab2']
CC(C)C(NC(=O)C(C(C)C)N(C)C)C(=O)N(C)C(C(=O)N1CCCC1C(=O)N1CCCC1C(=O)NC(C)(C)C)C(C)C,0.33000001,['admetlab2']
Nc1nc(=O)c2ncn(COC(CO)CO)c2[nH]1,1.0,['admetlab2']
CNC(C)Cc1ccccc1,4.3000002,['admetlab2']
Cc1c(O)ccc2c1OC[C@@H](c1ccc(O)cc1)[C@H]2c1ccc(O)cc1,1.2,['admetlab2']
Nc1ccn(C2CSC(CO)O2)c(=O)n1,1.3,['admetlab2']
CC(C)Cc1ccc(C(C)C(=O)O)cc1,0.15000001,['admetlab2']
CC(C)C(=O)OCC(=O)[C@]12O[C@@H](C3CCCCC3)O[C@@H]1C[C@@H]1[C@@H]3CC=C4CC(=O)C=C[C@]4(C)[C@H]3[C@@H](O)C[C@@]12C,2.9000001,['admetlab2']
CN1C(C(=O)Nc2ccccn2)C(=O)c2sccc2S1(=O)=O,0.19,['admetlab2']
Nc1ncn([C@@H]2O[C@H](CO)[C@@H](O)[C@H]2O)c(=O)n1,0.47,['admetlab2']
CC(=O)NC[C@H]1CN(c2ccc(N3CCOCC3)c(F)c2)C(=O)O1,0.57999998,['admetlab2']
COc1cc(CC2c3c(cc(OC)c(OC)c3OC)CC[N+]2(C)CCCOC(=O)CCC(=O)OCCC[N+]2(C)CCc3cc(OC)c(OC)c(OC)c3C2Cc2cc(OC)c(OC)c(OC)c2)cc(OC)c1OC,0.22,['admetlab2']
O=P1(N(CCCl)CCCl)NCCCO1,0.73000002,['admetlab2']
CC(C)(C)c1nc(-c2cccc(NS(=O)(=O)c3c(F)cccc3F)c2F)c(-c2ccnc(N)n2)s1,0.64999998,['admetlab2']
COc1ccc(CNC[C@@H](O)COc2ccc3[nH]c(=O)ccc3c2)cc1OC,1.6,['admetlab2']
CCOC(=O)c1ccc(C#Cc2ccc3c(c2)C(C)(C)CCS3)nc1,3.55,['admetlab2']
CCC1CN2CCC1CC2C(O)c1ccnc2ccc(OC)cc12,2.8,['admetlab2']
CC(=O)CCCCn1c(=O)c2c(ncn2C)n(C)c1=O,1.8,['admetlab2']
CCNC(=O)C1C[C@@H](n2ccc3c(N[C@H](CC)Cc4sccc4Cl)ncnc32)[C@H](O)[C@@H]1O,0.83999997,['admetlab2']
CC1(C)S[C@@H]2C(NC(=O)C(NC(=O)N=C(N)N)c3ccccc3)C(=O)N2C1C(=O)O,0.23999999,['admetlab2']
CC(C)(C)NC[C@H](O)COc1nsnc1N1CCOCC1,1.5,['admetlab2']
O=C(C=Cc1ccc(O)cc1)C1C(=O)C([C@@H]2O[C@H](CO)[C@@H](O)[C@H](O)[C@H]2O)C(=O)[C@@](O)([C@@H]2O[C@H](CO)[C@@H](O)[C@H](O)[C@H]2O)C1=O,0.2,['admetlab2']
Nc1cc(N2CCCCC2)nc(N)[n+]1[O-],0.89999998,['admetlab2']
Cc1ncc([N+](=O)[O-])n1CC(O)CN1CCOCC1,0.75,['admetlab2']
N=C(N)c1ccc(CNC(=O)C2CCN2C(=O)C(NCC(=O)O)C2CCCCC2)cc1,0.23,['admetlab2']
CCC1(c2c[nH]cn2)Cc2ccccc2C1,2.7,['admetlab2']
c1ccc(C2(c3ccccc3)CC2C2=NCCN2)cc1,4.099999899999999,['admetlab2']
CN(C)CCCNC(=O)/C(=C/CCCCC(O)=NO)COc1cccc2ccccc12,0.44999999,['admetlab2']
c1cc2c(c(N3CCNCC3)c1)OCCO2,3.5999999,['admetlab2']
CCCCNC(=O)NS(=O)(=O)c1ccc(C)cc1,0.12,['admetlab2']
CCN1CCC[C@H]1CNC(=O)c1c(O)c(Cl)cc(Cl)c1OC,1.1,['admetlab2']
C[C@@H](O)C1C(=O)N2C(C(=O)O)=C([C@H]3CCCO3)S[C@H]12,0.18000001,['admetlab2']
CCCNCC(O)COc1ccccc1C(=O)CCc1ccccc1,2.2,['admetlab2']
CC(NC(CCc1ccccc1)C(=O)O)C(=O)N1Cc2ccccc2CC1C(=O)O,0.13,['admetlab2']
CC(C)CC(NC(=O)C(Cc1ccccc1)NC(=O)C1CCCN1C(=O)C(CCC(N)=O)NC(=O)C(NC(=O)C1CCCN1C(=O)C(CCCN=C(N)N)NC(=O)C(CO)NC(=O)C(CCC(N)=O)NC(=O)C(N)CC(=O)O)C(C)C)C(=O)NC(CC(N)=O)C(=O)NC(CC(C)C)C(=O)NC(C(=O)NC(C(=O)N1CCCC1C(=O)NC(CCCNC(=N)N)C(=O)NC(CCCCN)C(=O)N1CCCC1C(=O)NC(CCCNC(=N)N)C(=O)N1CCCC1C(=O)N1CCCC1C(=O)NC(CCCNC(=N)N)C(=O)NC(CCCNC(=N)N)C(=O)NC(CCCNC(=N)N)C(=O)NC(CCC(N)=O)C(=O)NC(CCCNC(=N)N)C(=O)NC(CCCNC(=N)N)C(=O)NC(CCCCN)C(=O)NC(CCCCN)C(=O)NC(CCCNC(=N)N)C(=O)NCC(=O)O)[C@H](C)O)[C@H](C)O,0.22,['admetlab2']
Nc1nc(=O)c2ncn(CCC(CO)CO)c2[nH]1,1.1,['admetlab2']
Nc1nc(C(=NO)C(=O)NC2C(=O)N3C(C(=O)O)=C(C=C4CCN([C@@H]5CCNC5)C4=O)CS[C@H]23)ns1,0.27000001,['admetlab2']
CC(=O)N(O)CCCCCNC(=O)CCC(=O)N(O)CCCCCNC(=O)CCC(=O)N(O)CCCCCN,1.35,['admetlab2']
CCNCC(O)c1cccc(O)c1,2.0999999,['admetlab2']
O=S(=O)(O)CCS,0.64999998,['admetlab2']
CC(CS)C(=O)N1CCCC1C(=O)O,0.75,['admetlab2']
CN1C(=O)CN=C(c2ccccc2)c2cc(Cl)ccc21,1.0,['admetlab2']
COc1cccc(C2(O)CCCCC2CN(C)C)c1,2.8,['admetlab2']
CC[C@H](OC(C)=O)C(C[C@H](C)N(C)C)(c1ccccc1)c1ccccc1,8.300000200000001,['admetlab2']
C[C@H]1COc2c(N3CCN(C)CC3)c(F)cc3c(=O)c(C(=O)O)cn1c23,1.2,['admetlab2']
CCCc1nn(C)c2c(=O)[nH]c(-c3cc(S(=O)(=O)N4CCN(C)CC4)ccc3OCC)nc12,1.38,['admetlab2']
C=CC1=C(C(=O)O)N2C(=O)C(=NC(=O)C(NOCC(=O)O)c3csc(N)n3)C2SC1,0.23999999,['admetlab2']
Nc1ccn([C@@H]2O[C@H](CO)[C@@H](O)[C@@H]2O)c(=O)n1,0.67000002,['admetlab2']
N[C@@H](CC(=O)N1CCn2c(nnc2C(F)(F)F)C1)Cc1cc(F)c(F)cc1F,2.8,['admetlab2']
Nc1ccn([C@@H]2O[C@H](CO)[C@@H](O)C2(F)F)c(=O)n1,1.5,['admetlab2']
CC[N+](C)(C)c1cccc(O)c1,1.1,['admetlab2']
COC(=O)C(c1ccccc1Cl)N1CCc2sccc2C1,2.01,['admetlab2']
C[C@H]1C(=NC(=O)C(NOC(C)(C)C(=O)O)c2csc(N)n2)C(=O)N1S(=O)(=O)O,0.18000001,['admetlab2']
CC#CCC(C)[C@H](O)/C=C/[C@@H]1[C@H]2C/C(=C/CCCC(=O)O)C[C@H]2C[C@H]1O,0.37,['admetlab2']
CC1(C)O[C@@H]2[C@@H](CO[C@@]3(COS(N)(=O)=O)OC(C)(C)O[C@@H]23)O1,0.80000001,['admetlab2']
CCC(C(N)=O)N1CCCC1=O,0.60000002,['admetlab2']
Nc1ncn(C2OC(CO)C(O)C2O)c(=O)n1,0.47,['admetlab2']
O=S(=O)(Nc1ccccc1)c1cccc(/C=C/C(O)=NO)c1,0.80000001,['admetlab2']
Nc1nc(C(=NO)C(=O)NC2C(=O)N3C(C(=O)O)=C(C=C4CCN(CC(F)(F)F)C4=O)CS[C@H]23)cs1,0.11,['admetlab2']
O=C(O)CCCCN(CCc1ccccc1OCc1ccc(CCc2ccccc2)cc1)Cc1ccc(C(=O)O)cc1,0.23999999,['admetlab2']
CC(O)C1C(=O)N2C(C(=O)O)=C(SC3CC(C(=O)N4CCC(NC(=O)CN=C(N)N)C4)N(C)C3)C(C)C12,0.23,['admetlab2']
COc1ccc(Cl)cc1C1(F)C(=O)Nc2cc(C(F)(F)F)ccc21,10.0,['admetlab2']
COc1ccccc1Oc1c(NS(=O)(=O)c2ccc(C(C)(C)C)cc2)nc(-c2ncccn2)nc1OCCO,0.28999999,['admetlab2']
CCCCC1CC(=O)C2(O)OC3C(NC)C(O)C(NC)C(O)C3OC2O1,0.69999999,['admetlab2']
COc1ccc(C(=O)Nc2ccccc2CCC2CCCCN2C)cc1,2.2,['admetlab2']
C[C@@H](O)C1C(=O)N2C(C(=O)O)=C(COC(N)=O)S[C@H]12,0.23999999,['admetlab2']
C[C@@H]([C@@H](O)c1ccc(O)cc1)N1CCC(O)(c2ccccc2)CC1,4.4000001,['admetlab2']
CON=C(C(=O)NC1C(=O)N2C(C(=O)O)=C(COC(N)=O)CS[C@H]12)c1ccco1,0.15000001,['admetlab2']
NC(=O)OCC1C(=NC(=O)C(NOCC(=O)O)c2csc(N)n2)C(=O)N1S(=O)(=O)O,0.18000001,['admetlab2']
C=C(CC)C(=O)c1ccc(OCC(=O)O)c(Cl)c1Cl,0.25999999,['admetlab2']
CC(C)N(CC[C@H](c1ccccc1)c1cc(CO)ccc1O)C(C)C,2.4100001,['admetlab2']
CCCn1c(=O)c2[nH]c(C34CCC(CCC(=O)O)(CC3)CC4)nc2n(CCC)c1=O,0.75999999,['admetlab2']
CCC(CO)NCCNC(CC)CO,1.7,['admetlab2']
Cc1cc(NC(=O)C2C(=O)c3ccccc3S(=O)(=O)N2C)no1,0.19,['admetlab2']
OCCO[C@H]1C[C@@H](n2nnc3c(N[C@@H]4C[C@H]4c4ccc(F)c(F)c4)[nH]c(=S)nc32)[C@H](O)[C@@H]1O,1.25,['admetlab2']
CC1(C)S[C@@H]2C(NC(=O)C(N)c3ccc(O)cc3)C(=O)N2C1C(=O)O,0.25,['admetlab2']
CC(C)=CCN1CC[C@]2(C)c3cc(O)ccc3C[C@H]1C2C,3.4000001,['admetlab2']
OC(Cn1cncn1)(Cn1cncn1)c1ccc(F)cc1F,0.75,['admetlab2']
C[C@H](CCc1ccccc1)NC[C@H](O)c1ccc(O)c(C(N)=O)c1,4.8000002,['admetlab2']
COc1cc(OC)c(/C=C/S(=O)(=O)Cc2ccc(OC)c(NCC(=O)O)c2)c(OC)c1,0.11,['admetlab2']
CC1(C)SC2C(NC(=O)C(N)c3ccccc3)C(=O)N2C1C(=O)O,0.22,['admetlab2']
CCCCCc1cc(O)c2c(c1)OC(C)(C)[C@@H]1CCC(C)=C[C@@H]21,8.8999996,['admetlab2']
NC(O)=NO,0.51999998,['admetlab2']
NCCC(O)(P(=O)(O)O)P(=O)(O)O,1.8,['admetlab2']
N#C[C@H]1CCCN1C(=O)CNC12C[C@@H]3C[C@@H](CC(O)(C3)C1)C2,1.03,['admetlab2']
Cc1cnc(C(=O)NC2CCCCC/C=C\[C@@H]3C[C@@]3(C(=O)NS(=O)(=O)C3CC3)NC(=O)C3C[C@@H](Oc4nc5ccccc5c5ccccc45)CN3C2=O)cn1,1.37,['admetlab2']
Cc1ccc(C(=O)Nc2ccc(S(=O)(=O)O)c3cc(S(=O)(=O)O)cc(S(=O)(=O)O)c23)cc1NC(=O)c1cccc(NC(=O)Nc2cccc(C(=O)Nc3cc(C(=O)Nc4ccc(S(=O)(=O)O)c5cc(S(=O)(=O)O)cc(S(=O)(=O)O)c45)ccc3C)c2)c1,0.54000002,['admetlab2']
CNC1CCc2[nH]c3ccc(C(N)=O)cc3c2C1,3.5999999,['admetlab2']
CCON=C(C(=O)NC1C(=O)N2C(C(=O)O)=C(Sc3nc(-c4cc[n+](C)cc4)cs3)CS[C@H]12)c1nsc(NP(=O)([O-])O)n1,0.52999997,['admetlab2']
CC(=O)CC(c1ccccc1)c1c(O)c2ccccc2oc1=O,0.13,['admetlab2']
CN1C2CCC1CC(OC(=O)c1c[nH]c3ccccc13)C2,9.6999998,['admetlab2']
CC(O)C1C(=O)N2C(C(=O)O)=C(SCCN=CN)CC12,0.23999999,['admetlab2']
NC(=O)OC[C@@H]1C(=NC(=O)C(NOCC(=O)O)c2csc(N)n2)C(=O)N1S(=O)(=O)O,0.18000001,['admetlab2']
CC1(C)CC[C@]2(C(=O)O)CC[C@]3(COC(=O)C=Cc4cc(O)ccc4NC(=O)/C=C/C(=O)O)C(=CC[C@@H]4[C@@]5(C)CCC(=O)C(C)(C)[C@@H]5CC[C@]43C)[C@@H]2C1,1.45,['admetlab2']
C=C(CC(NC(=O)c1ccc(CCc2cnc3nc(N)nc(N)c3n2)cc1)C(=O)O)C(=O)O,0.69999999,['admetlab2']
CNC(C)C1CCC(N)C(OC2C(N)CC(N)C(OC3OCC(C)(O)C(NC)C3O)C2O)O1,0.33000001,['admetlab2']
CC(=O)N(CC(O)CO)c1c(I)c(C(=O)NCC(O)CO)c(I)c(C(=O)NCC(O)CO)c1I,0.16,['admetlab2']
CC1(C)S[C@@H]2C(NC(=O)C(N)c3ccccc3)C(=O)N2C1C(=O)O,0.22,['admetlab2']
O=C(NC1CC[C@@H](c2cccc(F)c2F)CN(CC(F)(F)F)C1=O)N1CCC(n2c(=O)[nH]c3ncccc32)CC1,0.86000001,['admetlab2']
CNC1C(O)C(OC2C(N)CC(N)C(OC3OC(CN)=CCC3N)C2O)OCC1(C)O,0.19,['admetlab2']
Cc1cn(C2C=CC(CO)O2)c(=O)[nH]c1=O,0.67000002,['admetlab2']
Cc1cnc(C(=O)NCCc2ccc(S(=O)(=O)NC(=O)NC3CCCCC3)cc2)cn1,0.16,['admetlab2']
CN1CCC(c2c(O)cc(O)c3c(=O)cc(-c4ccccc4Cl)oc23)C(O)C1,1.5,['admetlab2']
CCCCC(=O)N(Cc1ccc(-c2ccccc2-c2nn[nH]n2)cc1)C(C(=O)O)C(C)C,0.22,['admetlab2']
Cn1nnnc1SCC1=C(C(=O)O)N2C(=O)C(=NC(=O)C(NOCC(=O)O)c3cc[nH]n3)[C@H]2SC1,0.22,['admetlab2']
Cc1cc(=O)n(-c2ccccc2)[nH]1,0.23,['admetlab2']
CC1CN(c2c(F)c(N)c3c(=O)c(C(=O)O)cn(C4CC4)c3c2F)CC(C)N1,3.9000001,['admetlab2']
C=CCN1CCC[C@H]1CNC(=O)c1cc(S(=O)(=O)NC)c(N)cc1OC,2.3,['admetlab2']
NCc1ccccc1CC(=O)NC1C(=O)N2C(C(=O)O)=C(CSc3nnnn3CC(=O)O)CS[C@H]12,0.17,['admetlab2']
CN(C)C1C(=O)C(C(N)=O)C(=O)[C@@]2(O)C(=O)C3C(=O)c4c(O)cccc4[C@@](C)(O)[C@H]3C[C@@H]12,1.2,['admetlab2']
O=c1[nH]cnc2c1ncn2C1CCC(CO)O1,0.76999998,['admetlab2']
CCOC(=O)Nc1ccc(NCc2ccc(F)cc2)cc1N,2.5,['admetlab2']
CC1OC(n2cc(F)c(=O)[nH]c2=O)C(O)C1O,0.28,['admetlab2']
CC#CCC(C)C(O)/C=C/C1C(O)CC2C/C(=C/CCCC(=O)OCC(=O)c3ccccc3)CC21,0.37,['admetlab2']
COc1nc(N)nc2c1ncn2C1OC(CO)C(O)C1O,4.9000001,['admetlab2']
OC[C@@H](O)[C@@H](O)[C@H](O)[C@H](O)CO,0.23999999,['admetlab2']
CCOc1cc(CC(=O)NC(CC(C)C)c2ccccc2N2CCCCC2)ccc1C(=O)O,0.34999999,['admetlab2']
CN1C(=O)CC[C@H]1c1cccnc1,1.1,['admetlab2']
OC[C@H](O)c1oc(O)c(O)c1O,0.34999999,['admetlab2']
C[C@@H](O)C1C(=O)N2C(C(=O)O)=C(SCCOC(N)=O)S[C@H]12,0.30000001,['admetlab2']
O=C(O)C1/C(=C/CO)OC2CC(=O)N21,0.22,['admetlab2']
Cc1onc(-c2ccccc2)c1-c1ccc(S(N)(=O)=O)cc1,0.75,['admetlab2']
N#Cc1ccc(Cn2cncc2CN2CCN(c3cccc(Cl)c3)C(=O)C2)cc1,0.80000001,['admetlab2']
CC1(C)S[C@@H]2C(NC(=O)C(NC(=O)N3CCNC3=O)c3ccccc3)C(=O)N2C1C(=O)O,0.25999999,['admetlab2']
O=C(O)C1C[C@@H](C2CCCCC2)CN1C(=O)CP(=O)(O)CCCCc1ccccc1,0.13,['admetlab2']
O=C(O)CCNC(=O)c1ccccc1,0.28,['admetlab2']
CN=C(C[N+](=O)[O-])NCCSCc1csc(CN(C)C)n1,1.0,['admetlab2']
OCc1cc([C@@H](O)CNCCCCCCOCCOCc2c(Cl)cccc2Cl)ccc1O,2.3800001,['admetlab2']
Nc1ncnc2c1ncn2CCOCP(=O)(O)O,0.41999999,['admetlab2']
CON=C(C(=O)NC1C(=O)N2C(C(=O)[O-])=C(C[N+]3(C)CCCC3)CS[C@H]12)c1csc(N)n1,0.28,['admetlab2']
CC(O)Cn1cnc2c1c(=O)n(C)c(=O)n2C,0.58999997,['admetlab2']
CSCCC(N)C(=O)N[C@@]1(C(=O)O)CS(=O)(=O)[C@H]2C(C(=O)O)[C@H]21,0.44,['admetlab2']
O=C1N=C(c2ccccc2Cl)c2cc(Cl)ccc2NC1O,1.3,['admetlab2']
CC(Oc1ccc(Oc2cnc3ccc(Cl)cc3n2)cc1)C(=O)O,0.19,['admetlab2']
C[C@@H]1O[C@@H](O[C@@H]2[C@H](C)O[C@@H](O[C@H]3C[C@](O)(C(=O)CO)C=C4C(=O)c5c(c(O)c6ccccc6c5O)C(=O)C43)C[C@@H]2O)C[C@H](N)[C@@H]1O,2.4000001,['admetlab2']
O[C@@H]1[C@@H](O)[C@@H](O)OC[C@H]1O,0.23,['admetlab2']
CC(O)C(=O)Nc1c(I)c(C(=O)NC(CO)CO)c(I)c(C(=O)NC(CO)CO)c1I,0.28,['admetlab2']
Cc1cn(C2CC([N-][N+]#N)C(CO)O2)c(=O)[nH]c1=O,0.41999999,['admetlab2']
Cc1nnc2n1-c1ccc(Cl)cc1C(c1ccccc1)=NC2,0.80000001,['admetlab2']
NC(CCC(=O)NC(Cc1ccc(O)c(O)c1)C(=O)O)C(=O)O,0.20999999,['admetlab2']
CC(C)(S)C(N)C(=O)O,1.26,['admetlab2']
CC1CNc2c(cccc2S(=O)(=O)NC(CCCN=C(N)N)C(=O)N2CCC(C)CC2C(=O)O)C1,0.17,['admetlab2']
Cc1nc(=O)c(C#N)c(NCc2cccnc2)[nH]1,0.38999999,['admetlab2']
CC(C)(C)OC(=O)NC1CCCCC/C=C\[C@@H]2C[C@@]2(C(=O)NS(=O)(=O)C2CC2)NC(=O)C2C[C@@H](OC(=O)N3Cc4cccc(F)c4C3)CN2C1=O,0.22,['admetlab2']
CN(C(=O)CC(=O)N(C)c1c(I)c(C(=O)N[C@H](CO)[C@H](O)CO)c(I)c(C(=O)N[C@H](CO)[C@H](O)CO)c1I)c1c(I)c(C(=O)N[C@H](CO)[C@H](O)CO)c(I)c(C(=O)N[C@H](CO)[C@H](O)CO)c1I,0.23,['admetlab2']
CCn1cc(C(=O)O)c(=O)c2cc(F)c(N3CCN[C@@H](C)C3)c(F)c21,2.04,['admetlab2']
NC(=S)NN=Cc1ncccc1N,0.41,['admetlab2']
CO[C@@]1(NC(=O)C(C(=O)O)c2ccc(O)cc2)C(=O)N2C(C(=O)O)=C(CSc3nnnn3C)CO[C@@H]21,0.17,['admetlab2']
NC[C@H]1O[C@H](O[C@H]2[C@H](O[C@@H]3O[C@H](CO)[C@@H](O)[C@H]3O)[C@@H](O)[C@H](N)C[C@@H]2N)[C@H](N)[C@@H](O)[C@@H]1O,0.25,['admetlab2']
CS(=O)(=O)OCCCCOS(C)(=O)=O,0.55000001,['admetlab2']
CC(C)C1CCC(C(=O)NC(Cc2ccccc2)C(=O)O)CC1,0.15000001,['admetlab2']
CC(=O)NC(Cc1ccc2ccccc2c1)C(=O)NC(Cc1ccc(Cl)cc1)C(=O)NC(Cc1cccnc1)C(=O)NC(CO)C(=O)NC(Cc1ccc(O)cc1)C(=O)NC(CCCNC(N)=O)C(=O)NC(CC(C)C)C(=O)NC(CCCN=C(N)N)C(=O)N1CCCC1C(=O)NC(C)C(N)=O,0.38999999,['admetlab2']
CC(O)(/C=C/C1CC=CC(=O)O1)C(CC(O)/C=C/C=C/C=C/CO)OP(=O)(O)O,0.086000003,['admetlab2']
CC[C@H]1OC(=O)C(C)[C@@H](O[C@H]2C[C@@](C)(OC)[C@@H](O)[C@H](C)O2)[C@H](C)[C@@H](O[C@@H]2O[C@H](C)C[C@H](N(C)C)[C@H]2O)[C@](C)(O)CC(C)C(=O)C(C)[C@@H](O)[C@]1(C)O,0.94999999,['admetlab2']
Oc1ccc(C2=Cc3ccc(O)cc3OC2)cc1,1.55,['admetlab2']
CC1=C(C(=O)O)N2C(=O)C(NC(=O)C(N)c3ccc(O)cc3)[C@H]2SC1,0.23,['admetlab2']
COc1cccc2c1[C@H](CO)N1[C@H](C#N)[C@@H]3CC(C(=O)O)[C@H]([C@@H]1C2)N3C,0.23,['admetlab2']
O=C(NCCO[N+](=O)[O-])c1cccnc1,1.4,['admetlab2']
NC1CN(c2c(F)cc3c(=O)c(C(=O)O)cn(C4CC4F)c3c2Cl)CC12CC2,1.5,['admetlab2']
C#C[C@]1(O)CC[C@H]2[C@@H]3CCc4cc(OS(=O)(=O)O)ccc4[C@H]3CC[C@@]21C,2.3,['admetlab2']
Nc1ccn([C@@H]2O[C@H](CO)C[C@@H]2F)c(=O)n1,0.69999999,['admetlab2']
C=c1cc(C)[nH]c1=Cc1c(O)[nH]c2ccccc12,0.98000002,['admetlab2']
CN(C)Cc1nnc2n1-c1ccc(Cl)cc1C(c1ccccc1)=NC2,0.98000002,['admetlab2']
COc1ccc2c3c1O[C@H]1[C@@H](O)C=C[C@H]4[C@@H](C2)N(C)CC[C@@]341,3.5,['admetlab2']
CCC(CC)OC1C=C(C(=O)O)CC(N)C1NC(C)=O,0.37,['admetlab2']
CCCCN=C(N)N=C(N)N,1.84,['admetlab2']
NC(=O)c1cccc(N)c1,1.9,['admetlab2']
CON=C(C(=O)NC1C(=O)N2C(C(=O)O)=C(CSc3nc(=O)c(=O)[nH]n3C)CSC12)c1csc(N)n1,0.0850000009999999,['admetlab2']
COc1ccc(/C=C\c2cc(OC)c(OC)c(OC)c2)cc1NC(=O)C(N)CO,0.44,['admetlab2']
Cn1c(=O)c2c(ncn2CC(O)CO)n(C)c1=O,0.41999999,['admetlab2']
Cn1nnnc1SCC1=C(C(=O)O)N2C(=O)C(NC(=O)C(O)c3ccccc3)C2SC1,0.16,['admetlab2']
O=P(O)(O)C(NC1CCCCCC1)P(=O)(O)O,0.23999999,['admetlab2']
CCC1(O)CN2CCC1CC2C(O)c1ccnc2ccc(OC)cc12,6.8000002,['admetlab2']
COc1cc([S+](C)[O-])ccc1-c1nc2cccnc2[nH]1,0.62,['admetlab2']
CCCCCOc1ccc(-c2ccc(-c3ccc(C(=O)NC4C[C@@H](O)[C@@H](O)NC(=O)C5[C@@H](O)[C@@H](C)CN5C(=O)C([C@@H](C)O)NC(=O)C([C@H](O)[C@@H](O)c5ccc(O)cc5)NC(=O)C5C[C@@H](O)CN5C(=O)C([C@@H](C)O)NC4=O)cc3)cc2)cc1,0.56999999,['admetlab2']
CCc1nc2c(N)nc3ccccc3c2n1CCCCNS(C)(=O)=O,3.0999999,['admetlab2']
CC(NCc1ccc(OCc2cccc(F)c2)cc1)C(N)=O,2.1900001,['admetlab2']
NS(=O)(=O)c1cc2c(cc1C(F)(F)F)NCNS2(=O)=O,2.2,['admetlab2']
Cc1cccnc1NS(=O)(=O)c1ccc(C#Cc2ccc(O)c(C(=O)O)c2)cc1,0.1,['admetlab2']
COc1ccc(OC)c([C@H](O)CNC(=O)CN)c1,0.67000002,['admetlab2']
O=C1CN=C(c2ccccc2)c2cc([N+](=O)[O-])ccc2N1,1.7,['admetlab2']
COC1(NC(O)=c2sc(=C(C(N)=O)C(=O)O)s2)C(=O)N2C(C(=O)O)=C(CSc3nnnn3C)CSC21,0.13,['admetlab2']
N[C@@H]1CN(c2c(F)cc3c(=O)c(C(=O)O)cn([C@@H]4C[C@@H]4F)c3c2Cl)CC12CC2,1.5,['admetlab2']
CN1CCN(C2=Nc3cc(Cl)ccc3Nc3ccccc32)CC1,1.6,['admetlab2']
C[C@H](CCC(=O)O)[C@H]1CC[C@H]2[C@@H]3[C@H](O)C[C@@H]4C[C@H](O)CC[C@]4(C)[C@H]3CC[C@]12C,0.19,['admetlab2']
CC(NC(CCc1ccccc1)C(=O)O)C(=O)C1CCCN1C(=O)O,0.38,['admetlab2']
CC(NC(=O)C(Cc1c[nH]c2ccccc12)NC(=O)C(N)Cc1c[nH]cn1)C(=O)NC(Cc1c[nH]c2ccccc12)C(=O)NC(Cc1ccccc1)C(=O)NC(CCCCN)C(N)=O,0.41999999,['admetlab2']
N#CN,0.77999997,['admetlab2']
CCN1CCN(C(=O)NC(C(=O)NC2C(=O)N3C2SC(C)(C)C3C(=O)O)c2ccccc2)C(=O)C1=O,0.27000001,['admetlab2']
NC(=O)C(c1ccccc1)(c1ccccc1)[C@@H]1CCN(CCc2ccc3c(c2)CCO3)C1,2.5999999,['admetlab2']
O=C1CCC(C(=O)N2CSCC2C(=O)O)N1,0.31,['admetlab2']
COc1cccc2c1c(NS(=O)(=O)c1ccc(Cl)s1)nn2Cc1cccc(CNC(=O)C(C)(C)O)c1,1.65,['admetlab2']
Cc1cccc(C)c1NC(=O)C(C)N,1.8,['admetlab2']
CCN=C(NCC)NCCCCC(NC(=O)C(CC(C)C)NC(=O)C(CCCCN=C(NCC)NCC)NC(=O)C(Cc1ccc(O)cc1)NC(=O)C(CO)NC(=O)C(Cc1cccnc1)NC(=O)C(Cc1ccc(Cl)cc1)NC(=O)C(Cc1ccc2ccccc2c1)NC(C)=O)C(=O)N1CCCC1C(=O)NC(C)C(N)=O,0.20999999,['admetlab2']
CN(Cc1cnc2nc(N)nc(N)c2n1)c1ccc(C(=O)NC(CCC(=O)O)C(=O)O)cc1,0.43000001,['admetlab2']
CCN(C)C(=O)Oc1cccc([C@H](C)N(C)C)c1,1.3,['admetlab2']
CC1(C)SC2C(NC(=O)Cc3ccccc3)C(=O)N2C1C(=O)O,0.23999999,['admetlab2']
CC(C)CC(NC(=O)C(Cc1ccc2ccccc2c1)NC(=O)C(Cc1ccc(O)cc1)NC(=O)C(CO)NC(=O)C(Cc1c[nH]c2ccccc12)NC(=O)C(Cc1c[nH]cn1)NC(=O)C1CCC(=O)N1)C(=O)NC(CCCN=C(N)N)C(=O)N1CCCC1C(=O)NCC(N)=O,0.14,['admetlab2']
O=C(O)C1CC(C2CCCCC2)CN1C(=O)CP(=O)(O)CCCCc1ccccc1,0.13,['admetlab2']
COc1cc([C@@H]2c3cc4c(cc3[C@@H](O[C@@H]3O[C@@H]5CO[C@@H](C)O[C@H]5[C@H](O)[C@H]3O)[C@H]3COC(=O)C23)OCO4)cc(OC)c1O,0.18000001,['admetlab2']
CC(Cn1cnc2c(N)ncnc21)OCP(=O)(O)O,0.82999998,['admetlab2']
Cc1cc(=O)c2c(O)c3c(O)cc(O)c4c5c(O)cc(O)c6c(=O)c7c(O)cc(CO)c8c1c2c(c34)c(c65)c78,0.56,['admetlab2']
OC(c1ccccc1)(c1ccccc1)C12CC[N+](CCOCc3ccccc3)(CC1)CC2,1.23,['admetlab2']
CC1(C)S[C@@H]2C(NC(=O)COc3ccccc3)C(=O)N2C1C(=O)O,0.41,['admetlab2']
COc1cc([C@@H]2c3cc4c(cc3[C@@H](O[C@@H]3O[C@@H]5CO[C@@H](c6cccs6)O[C@H]5[C@H](O)[C@H]3O)[C@H]3COC(=O)C23)OCO4)cc(OC)c1O,0.41,['admetlab2']
CCCC1CC(C(=O)NC(C(C)O)C2OC(SC)C(O)C(O)C2O)N(C)C1,1.0,['admetlab2']
CCCCCN(C)CCC(O)(P(=O)(O)O)P(=O)(O)O,0.55000001,['admetlab2']
O=C(/C=C/c1ccccc1)NCCO,0.11,['admetlab2']
CC[C@H](c1ccccc1)c1c(O)c2ccccc2oc1=O,0.2,['admetlab2']
CC(C)CC(NC(=O)C(Cc1c[nH]c2ccccc12)NC(=O)C(Cc1ccc(O)cc1)NC(=O)C(CO)NC(=O)C(Cc1c[nH]c2ccccc12)NC(=O)C(Cc1c[nH]cn1)NC(=O)C1CCC(=O)N1)C(=O)NC(CCCN=C(N)N)C(=O)N1CCCC1C(=O)NCC(N)=O,0.40000001,['admetlab2']
CC1(C)SC2C(NC(=O)C(NC(=O)c3c[nH]c4cccnc4c3=O)c3ccccc3)C(=O)N2C1C(=O)O,0.16,['admetlab2']
CC12CCC3c4ccc(O)cc4CCC3C1CCC2O,1.2,['admetlab2']
CN(C)C1C(=O)C(C(N)=O)C(=O)[C@@]2(O)C(=O)C3C(=O)c4c(O)cccc4[C@@](C)(O)[C@H]3[C@H](O)[C@@H]12,1.7,['admetlab2']
N#Cc1ccc2c(c1)CN(S(=O)(=O)c1cccs1)[C@H](Cc1ccccc1)CN2Cc1c[nH]cn1,0.83999997,['admetlab2']
CCC(C)(C)NCC(O)COc1ccccc1C(=O)CCc1ccccc1,1.2,['admetlab2']
CCc1nn(CCCN2CCN(c3cccc(Cl)c3)CC2)c(=O)n1CCOc1ccccc1,0.50999999,['admetlab2']
NC[C@@H]1CC[C@@H](N)[C@@H](O[C@H]2[C@H](O)[C@@H](O[C@H]3O[C@H](CO)[C@@H](O)[C@H](N)[C@H]3O)[C@H](N)C[C@@H]2N)O1,0.13,['admetlab2']
NCC1(CC(=O)O)CCCCC1,0.70999998,['admetlab2']
O=C1c2ccccc2S(=O)(=O)N1CCCCNC[C@H]1CCc2ccccc2O1,0.20999999,['admetlab2']
NCC1OC(OC2C(N)CC(N)C(OC3OC(CO)C(O)C(N)C3O)C2O)C(N)CC1O,0.23,['admetlab2']
O=C1CCc2ccc(OCCCCN3CCN(c4cccc(Cl)c4Cl)CC3)cc2N1,4.9000001,['admetlab2']
CC(C)NCC(O)COc1ccc(COCCOC(C)C)cc1,2.4000001,['admetlab2']
COc1ccc(Cl)cc1C(=O)NCCc1ccc(S(=O)(=O)NC(=O)NC2CCCCC2)cc1,0.079999998,['admetlab2']
CC[C@H]1OC(=O)C(C)C(=O)C(C)[C@@H](O[C@@H]2O[C@H](C)C[C@H](N(C)C)[C@H]2O)[C@](C)(OC)CC(C)C(=O)C(C)[C@H]2N(CCCCn3cnc(-c4cccnc4)c3)C(=O)O[C@]12C,3.0,['admetlab2']
O=S(=O)(O)c1cc(O)ccc1O,0.12,['admetlab2']
NCCC(O)C(=O)N[C@@H]1C[C@H](N)[C@@H](O[C@H]2O[C@H](CN)CC[C@H]2N)[C@H](O)[C@H]1O[C@H]1O[C@H](CO)[C@@H](O)[C@H](N)[C@H]1O,0.20999999,['admetlab2']
C[N+](C)(C)C[C@H](O)CC(=O)[O-],0.40000001,['admetlab2']
O=P(NCCCl)(NCCCl)O[C@@H]1O[C@H](CO)[C@@H](O)[C@H](O)[C@H]1O,0.23999999,['admetlab2']
CC1C(=O)O[C@H]2C[C@@]34[C@H]5C[C@@H](C(C)(C)C)C36C(O)C(=O)O[C@H]6OC4(C(=O)O5)[C@@]12O,0.62,['admetlab2']
COc1ccc([C@@H]2CNC(=O)C2)cc1OC1CCCC1,0.67000002,['admetlab2']
C#CC1(O)CCC2C3CC=C4CC(=O)CCC4C3CCC21CC,1.5,['admetlab2']
NC(C(=O)NC1C(=O)N2C(C(=O)O)=C(CSc3c[nH]nn3)CS[C@H]12)c1ccc(O)cc1,0.22,['admetlab2']
Nc1ccn([C@@H]2CO[C@H](CO)S2)c(=O)n1,0.83999997,['admetlab2']
CC(=O)Oc1ccccc1C(=O)O,0.22,['admetlab2']
COc1ccc(C(=O)Nc2ccccc2C(C)CN2CCCCC2)cc1,2.2,['admetlab2']
O=C(Cc1cccs1)NC1C(=O)N2C(C(=O)[O-])=C(C[n+]3ccccc3)CS[C@H]12,0.46000001,['admetlab2']
O=C(NCCN1CCOCC1)c1ccc(Cl)cc1,1.1,['admetlab2']
CCOc1ccccc1O[C@H](c1ccccc1)[C@H]1CNCCO1,0.64999998,['admetlab2']
ON=C=C1C=CN(COCN2C=CC(=C=NO)C=C2)C=C1,0.17,['admetlab2']
Cc1onc(-c2c(F)cccc2Cl)c1C(=O)NC1C(=O)N2C1SC(C)(C)C2C(=O)O,0.19,['admetlab2']
CNC(=O)c1cccc2c(Nc3ccc(NS(C)(=O)=O)cc3OC)c3cccc(C)c3nc12,0.30000001,['admetlab2']
CCC1=NC(=O)C2CSSCC/C=C/[C@H](CC(=O)NC(C(C)C)C(=O)N2)OC(=O)C(C(C)C)NC1=O,1.2,['admetlab2']
Nc1nc(=O)c2ncn(COCCO)c2[nH]1,0.70999998,['admetlab2']
CN(C)CCC(c1ccc(Cl)cc1)c1ccccn1,3.3,['admetlab2']
CN1Cc2c(N)cccc2C(c2ccccc2)C1,6.0,['admetlab2']
N#C[C@H]1CC2C[C@H]2N1C(=O)C(N)C12CC3CC(CC(O)(C3)C1)C2,1.8,['admetlab2']
CC(C)=CCC[C@](C)(O[C@@H]1O[C@H](CO)[C@@H](O)[C@H](O)[C@H]1O)[C@H]1CC[C@]2(C)[C@@H]1[C@H](O)C[C@@H]1[C@@]3(C)CC[C@H](O[C@@H]4O[C@H](CO)[C@@H](O)[C@H](O)[C@H]4O[C@@H]4O[C@H](CO)[C@@H](O)[C@H](O)[C@H]4O)C(C)(C)[C@@H]3CC[C@]12C,0.11,['admetlab2']
C[C@@H](O)C1C(=O)N2C(C(=O)O)=C(S[C@H]3CC[S+]([O-])C3)S[C@@H]12,0.20999999,['admetlab2']
CC=CC1=C(C(=O)O)N2C(=O)C(NC(=O)C(N)c3ccc(O)cc3)C2SC1,0.20999999,['admetlab2']
O=C(O)C[C@H](O)C[C@H](O)/C=C/c1c(C2CC2)nc2ccccc2c1-c1ccc(F)cc1,0.89999998,['admetlab2']
COc1cc(OC)c(C(=O)CCCN2CCCC2)c(OC)c1,1.3,['admetlab2']
CS(=O)(=O)N(CCO)c1c(Cl)c(Cl)cc2[nH]c(=O)c(=O)[nH]c12,0.80000001,['admetlab2']
CCOP(=O)(OCC)C(C)NC(=O)N(CCCl)N=O,0.62,['admetlab2']
Cn1nnnc1SCC1=C(C(=O)O)N2C(=O)C(NC(=O)C(O)c3ccccc3)[C@H]2SC1,0.16,['admetlab2']
COc1ccccc1Oc1c(NS(=O)(=O)c2ccc(C(C)C)cn2)nc(-c2ccnc(-c3nn[nH]n3)c2)nc1OCCO,0.28,['admetlab2']
O=C(NCCNCC(O)COc1ccc(O)cc1)N1CCOCC1,0.63999999,['admetlab2']
CC=CC1=C(C(=O)O)N2C(=O)C(NC(=O)C(N)c3ccc(O)cc3)[C@H]2SC1,0.20999999,['admetlab2']
Cn1c(NCCN(CCO)CCCc2ccc([N+](=O)[O-])cc2)cc(=O)n(C)c1=O,1.96,['admetlab2']
NNc1nncc2ccccc12,1.5,['admetlab2']
CS(=O)(=O)c1ccc(C(=O)Nc2ccc(Cl)c(-c3ccccn3)c2)c(Cl)c1,0.23,['admetlab2']
CCC[S+]([O-])CCCN(CC)C[C@@H](O)COc1ccc(C#N)cc1,1.8,['admetlab2']
COc1ccc2c3c1OC1C(O)C=CC4C(C2)N(C)CCC341,3.5,['admetlab2']
CCc1[nH]c(=O)[nH]c1C(=O)c1ccncc1,0.64999998,['admetlab2']
O=C1NCC2(CCN(CCc3ccccc3)CC2)O1,3.0,['admetlab2']
C[C@@]1(Cn2ccnn2)C(C(=O)O)N2C(=O)C[C@H]2S1(=O)=O,0.25999999,['admetlab2']
CCOC(=O)C1(c2ccccc2)CCC=CC1N(C)C,4.0,['admetlab2']
CCC(c1cccc(O)c1)[C@@H](C)CN(C)C,4.6399999,['admetlab2']
Cc1c(Cl)cccc1Nc1ccccc1C(=O)O,0.16,['admetlab2']
COc1ccc(C2Sc3ccccc3N(CCN(C)C)C(=O)C2OC(C)=O)cc1,4.099999899999999,['admetlab2']
COc1ccc(CCN(C)CCCN2Cc3cc(OC)c(OC)cc3C2=O)cc1OC,2.4000001,['admetlab2']
CCCC=c1ncc(=CC(Cc2cccs2)C(=O)O)n1Cc1ccc(C(=O)O)cc1,0.17,['admetlab2']
CCOc1cc(Cc2cnc(N)nc2N)cc(OCC)c1-n1cccc1,2.5,['admetlab2']
CCOc1ccccc1OCCNC(C)Cc1ccc(OC)c(S(N)(=O)=O)c1,0.20999999,['admetlab2']
CC1CCCC(C)N1CCCC(O)(c1ccccc1)c1ccccn1,1.4,['admetlab2']
O=c1ccc2ncc(=O)n3c2n1C[C@H]3CN1CCC(NCc2cc3c(cn2)OCCC3)CC1,2.7,['admetlab2']
O=C(O)C1/C(=C/CO)O[C@@H]2CC(=O)N12,0.22,['admetlab2']
CN1C(=O)NC(=O)C(C)(C2=CCCCC2)C1=O,1.1,['admetlab2']
CCN1C[C@H]2CN(C)C[C@@H](C1)C2OC(=O)c1ccc(Cl)cc1,9.0,['admetlab2']
CN=C1C[N+]([O-])=C(c2ccccc2)c2cc(Cl)ccc2N1,0.25,['admetlab2']
COc1ccc(Cl)cc1[C@]1(F)C(=O)Nc2cc(C(F)(F)F)ccc21,10.0,['admetlab2']
Oc1ccc2c3c1O[C@H]1[C@@H](O)CC[C@@]4(O)[C@@H](C2)N(CC2CCC2)CC[C@]314,4.5999999,['admetlab2']
Cc1nnc(SCC2=C(C(=O)O)N3C(=O)C(NC(=O)C(O)c4ccccc4)C3SC2)s1,0.13,['admetlab2']
CCN1CCCC1CNC(=O)c1c(OC)ccc(Br)c1OC,0.64999998,['admetlab2']
COCC(=O)OC1(CCN(C)CCCc2nc3ccccc3[nH]2)CCc2cc(F)ccc2C1C(C)C,3.0999999,['admetlab2']
COc1cc2nc(N3CCN(C(=O)C4CCCO4)CC3)nc(N)c2cc1OC,0.98000002,['admetlab2']
O=C(O)C1N=C(c2ccccc2)c2cc(Cl)ccc2NC1=O,0.2,['admetlab2']
Nc1ccn(CC(CO)OCP(=O)(O)O)c(=O)n1,0.49000001,['admetlab2']
COc1ccc2c(c1OC)C(=O)O[C@@H]2[C@H]1c2c(cc3c(c2OC)OCO3)CCN1C,2.3,['admetlab2']
O=C(N[C@H](CO)[C@H](O)c1ccc([N+](=O)[O-])cc1)C(Cl)Cl,0.94,['admetlab2']
COCC(=O)O[C@]1(CCN(C)CCCc2nc3ccccc3[nH]2)CCc2cc(F)ccc2[C@@H]1C(C)C,3.0999999,['admetlab2']
CSc1ccc(C(=O)c2[nH]c(=O)[nH]c2C)cc1,1.64,['admetlab2']
CON=C(C(=O)NC1C(=O)N2C(C(=O)O)=CCS[C@H]12)c1csc(N)n1,0.2,['admetlab2']
Cc1nccn1CC1CCc2c(c3ccccc3n2C)C1=O,1.8,['admetlab2']
CC(C(=O)O)c1cccc(C(=O)c2ccccc2)c1,0.13,['admetlab2']
CCC(=O)OCC(=O)[C@@]1(OC(=O)CC)[C@@H](C)C[C@H]2[C@@H]3CC=C4CC(=O)C=C[C@]4(C)[C@@]3(Cl)[C@@H](O)C[C@@]21C,0.28999999,['admetlab2']
C[C@@H](c1cccnc1F)c1c(CCN(C)C)sc2ccccc12,5.73,['admetlab2']
O=C(O)c1cc(N=Nc2ccc(O)c(C(=O)O)c2)ccc1O,0.07,['admetlab2']
CC(O)C1C(=O)N2C(C(=O)[O-])=C(SC3Cn4cnc[n+]4C3)C(C)C12,0.2,['admetlab2']
CNS(=O)(=O)Cc1ccc2[nH]cc(CCN(C)C)c2c1,1.7,['admetlab2']
C=Cc1c(C)c2[nH]c1=Cc1[nH]c(c(CCC(=O)OC)c1C)C=c1[nH]c(c(C)c1CCC(=O)O)=CC1=NC(=C3C=CC(C(=O)OC)=C(C(=O)OC)[C@@]13C)C=2,0.50999999,['admetlab2']
COC(=O)CC[C@@H]1N=C(c2ccccn2)c2cc(Br)ccc2-n2c(C)cnc21,0.44,['admetlab2']
CC1(C)CC1C(=O)N=C(CCCCCSCC(N)C(=O)O)C(=O)O,0.15000001,['admetlab2']
COc1cccc(OC)c1C(=O)NC1C(=O)N2C(C(=O)O)C(C)(C)S[C@H]12,0.31999999,['admetlab2']
O=C1CN=C(c2ccccc2Cl)c2cc(Cl)ccc2N1,2.2,['admetlab2']
O=C(O)CC(NC(=O)CP(=O)(O)O)C(=O)O,0.33000001,['admetlab2']
O=C(Nc1c(Cl)cncc1Cl)c1ccc(OC(F)F)c(OCC2CC2)c1,1.92,['admetlab2']
CN1CCCC1c1cccnc1,2.5999999,['admetlab2']
C[C@]12CC[C@H]3[C@@H](CC=C4CC(=O)CC[C@@]43C)[C@@H]1CC[C@@H]2O,0.34999999,['admetlab2']
NS(=O)(=O)c1cc(C(=O)O)c(NCc2ccco2)cc1Cl,0.12,['admetlab2']
CC(C)(C)NC(=O)C1CC[C@H]2[C@@H]3CC[C@H]4NC(=O)C=C[C@]4(C)[C@H]3CC[C@]12C,1.1,['admetlab2']
COCc1c(-c2ccc(F)cc2)c(=CC[C@@H](O)C[C@@H](O)CC(=O)O)c(C(C)C)nc1=C(C)C,0.33000001,['admetlab2']
CCC(=O)OC1(C(=O)SCF)C(C)CC2C3CC(F)C4=CC(=O)C=CC4(C)C3(F)C(O)CC21C,3.5999999,['admetlab2']
Cc1[nH]cnc1CN1CCc2c(c3ccccc3n2C)C1=O,1.1,['admetlab2']
NC(CC(=O)N1CCn2c(nnc2C(F)(F)F)C1)Cc1cc(F)c(F)cc1F,2.8,['admetlab2']
CON=C(C(=O)NC1C(=O)N2C(C(=O)O)=C(CSc3nc(C)c(CC(=O)O)s3)CS[C@H]12)c1csc(N)n1,0.054000001,['admetlab2']
C[C@@H](O)C1C(=O)N2C(C(=O)O)=C(S[C@H]3CC(C(=O)N4CC[C@H](NC(=O)CN=C(N)N)C4)N(C)C3)[C@H](C)[C@H]12,0.23,['admetlab2']
CN(CCC(=O)C=Cc1ccc(O)cc1)CCc1ccc2c(c1)OCO2,2.1300001,['admetlab2']
NC[C@H]1O[C@H](O[C@H]2[C@H](O)[C@@H](O[C@H]3O[C@H](CO)[C@@H](O)[C@H](N)[C@H]3O)[C@H](N)C[C@@H]2N)[C@H](N)C[C@@H]1O,0.23,['admetlab2']
COC1C(=O)C(C)C[C@H](C)/C=C/C=C/C=C(/C)[C@@H](OC)C[C@@H]2CC[C@@H](C)[C@@](O)(O2)C(=O)C(=O)N2CCCCC2C(=O)O[C@H]([C@H](C)C[C@@H]2CC[C@@H](OP(C)(C)=O)[C@H](OC)C2)CC(=O)C(C)=CC(C)[C@H]1O,3.2,['admetlab2']
NC(=O)c1csc([C@@H]2O[C@H](CO)[C@@H](O)[C@H]2O)n1,1.1,['admetlab2']
O=C(O)c1cn(C2CC2)c2cc(N3CCNCC3)c(F)cc2c1=O,2.0999999,['admetlab2']
CC1=C(C(=O)O)N2C(=O)C(NC(=O)C(N)c3ccc(O)cc3)C2SC1,0.23,['admetlab2']
CC[C@@H]([C@H](C)O)n1ncn(-c2ccc(N3CCN(c4ccc(OC[C@H]5CO[C@@](Cn6cncn6)(c6ccc(F)cc6F)C5)cc4)CC3)cc2)c1=O,3.8,['admetlab2']
Cc1ncc([N+](=O)[O-])n1C[C@H](O)CCl,1.16,['admetlab2']
NC1(C(=O)O)CC1,0.73000002,['admetlab2']
CC[C@@]1(O)CN2CC[C@H]1C[C@@H]2[C@@H](O)c1ccnc2ccc(OC)cc12,6.8000002,['admetlab2']
Cc1ccc(S(=O)(=O)NC(=O)NN2C[C@H]3CCC[C@@H]3C2)cc1,0.43000001,['admetlab2']
O=C(O)C(Cl)Cl,0.19,['admetlab2']
CC1C(=NC(=O)C(NOC(C)(C)C(=O)O)c2csc(N)n2)C(=O)N1S(=O)(=O)O,0.18000001,['admetlab2']
C#CC1(OS(=O)(=O)O)CCC2C3CCc4cc(O)ccc4C3CCC21C,0.61000001,['admetlab2']
Cc1ccc([C@@H]2O[C@H](CO)[C@@H](O)[C@H](O)[C@H]2O)cc1Cc1ccc(-c2ccc(F)cc2)s1,1.1900001,['admetlab2']
COc1ccc([C@@H]2Sc3ccccc3N(CCN(C)C)C(=O)C2OC(C)=O)cc1,4.099999899999999,['admetlab2']
O=C1NC(c2ccccc2)(c2ccccc2)C(=O)N1COP(=O)(O)O,0.059999999,['admetlab2']
Nc1nc(F)nc2c1ncn2C1OC(COP(=O)(O)O)C(O)C1O,2.2,['admetlab2']
COc1cc2c(cc1OC)C(Cc1cc(OC)c(OC)c(OC)c1)[N+](C)(CCCOC(=O)CC/C=C/CCC(=O)OCCC[N+]1(C)CCc3cc(OC)c(OC)cc3C1Cc1cc(OC)c(OC)c(OC)c1)CC2,0.27000001,['admetlab2']
C[N+]1(CC2CC2)[C@@H]2CC(OC(=O)C(CO)c3ccccc3)C[C@H]1[C@@H]1O[C@@H]12,1.12,['admetlab2']
O=C(Cn1ccnc1[N+](=O)[O-])NCC(O)C(F)(F)F,0.69,['admetlab2']
COC(C(=O)N1Cc2[nH]nc(NC(=O)c3ccc(N4CCN(C)CC4)cc3)c2C1)c1ccccc1,2.5,['admetlab2']
C[C@H]1[C@H](C)CC[C@]2(C(=O)O)CC[C@@]3(C)C(=CC[C@@H]4[C@@]5(C)CC[C@H](O)C(C)(C)[C@@H]5CC[C@]43C)[C@H]12,0.54000002,['admetlab2']
Oc1ccc(C2CNCCc3c2cc(O)c(O)c3Cl)cc1,0.5,['admetlab2']
C[C@@H](N)[C@H]1CC[C@@H](N)[C@@H](O[C@@H]2[C@@H](N)[C@@H](O)[C@@H](O)[C@@H](N(C)C(=O)CN)[C@H]2O)O1,0.27000001,['admetlab2']
CC(C)(C)NCC(O)COc1cccc2c1CC(O)C(O)C2,1.9,['admetlab2']
Cc1noc(NS(=O)(=O)c2ccc(N)cc2)c1C,0.17,['admetlab2']
C[C@]12C=CC(=O)C=C1CC[C@@H]1C2C(=O)C[C@@]2(C)[C@H]1CC[C@]2(O)C(=O)CO,0.56999999,['admetlab2']
CON=C(C(=O)NC1C(=O)N2C(C(=O)O)=C(CSc3nc(C)c(CC(=O)O)s3)CSC12)c1csc(N)n1,0.054000001,['admetlab2']
CC[C@]1(O)C[C@@H]2CN(CCc3c([nH]c4ccccc34)[C@@](C(=O)OC)(c3cc4c(cc3OC)N(C=O)[C@H]3[C@@](O)(C(=O)OC)[C@H](OC(C)=O)[C@]5(CC)C=CCN6CC[C@]43[C@@H]65)C2)C1,2.4000001,['admetlab2']
CN=C(C[N+](=O)[O-])NCCSCc1ccc(CN(C)C)o1,1.2,['admetlab2']
CC(=O)C[C@H](c1ccc([N+](=O)[O-])cc1)c1c(O)c2ccccc2oc1=O,0.23999999,['admetlab2']
C=C[C@H]1CN2CC[C@H]1C[C@@H]2[C@@H](O)c1ccnc2ccc(OC)cc12,2.9000001,['admetlab2']
Nc1nc(-n2cc(C(=O)O)c(=O)c3cc(F)c(N4CC(O)C4)c(Cl)c32)c(F)cc1F,0.34999999,['admetlab2']
Cc1ccnc2c1NC(=O)c1cccnc1N2C1CC1,1.3,['admetlab2']
N=C(N)NC(CS)C(=O)O,0.25,['admetlab2']
CC12C=CC(=O)C=C1CCC1C2C(O)CC2(C)C1CCC2(O)C(=O)CO,0.86000001,['admetlab2']
CC(C)[N+]1(C)[C@H]2CC[C@H]1CC(OC(=O)C(c1ccccc1)C1CCCC1)C2,1.25,['admetlab2']
C=CCN1CC[C@]23c4c5ccc(O)c4OC2C(=O)CC[C@@]3(O)[C@H]1C5,1.7,['admetlab2']
O=C(OC1CN2CCC1CC2)N1CCc2ccccc2C1c1ccccc1,8.199999799999999,['admetlab2']
CC1c2cccc(O)c2C(=O)C2C(=O)C3(O)C(=O)C(C(N)=O)C(=O)C(N(C)C)C3C(O)C21,0.69,['admetlab2']
CN1CCN(c2c(F)cc3c(=O)c(C(=O)O)cn(CCF)c3c2F)CC1,1.6,['admetlab2']
Cc1cccc(N2CC(CO)OC2=O)c1,1.5,['admetlab2']
CCOc1ccc(Cc2cc(C3O[C@H](CO)[C@@H](O)[C@H](O)[C@H]3O)ccc2Cl)cc1,1.7,['admetlab2']
CCCCCCC(C)(C)c1cc(O)c2c(c1)OC(C)(C)[C@H]1CC=C(CO)C[C@H]21,5.0599999,['admetlab2']
CCn1cc(C(=O)O)c(=O)c2cc(F)c(N3CCNCC3)nc21,2.0,['admetlab2']
CS(=O)(=O)OC[C@H](O)[C@@H](O)COS(C)(=O)=O,0.58999997,['admetlab2']
CC[C@@H](CO)NCCN[C@@H](CC)CO,1.7,['admetlab2']
CO[C@]1(NC(=O)CSC(F)F)C(=O)N2C(C(=O)O)=C(CSc3nnnn3CCO)CO[C@@H]21,0.19,['admetlab2']
CN1[C@@H]2CCC[C@H]1CC(NC(=O)c1nn(C)c3ccccc13)C2,3.7,['admetlab2']
CC(C1=C(CCN(C)C)Cc2ccccc21)c1ccccn1,2.1600001,['admetlab2']
CC(=O)Nc1c(I)c(NC(C)=O)c(I)c(C(=O)O)c1I,0.25999999,['admetlab2']
CN1C(=O)CN=C(c2ccccc2F)c2cc([N+](=O)[O-])ccc21,1.9,['admetlab2']
COc1ccc2c3c1OC1C(=O)CC[C@@]4(O)[C@@H](C2)N(C)CC[C@]314,2.5,['admetlab2']
CC(C)NCC(O)COc1ccc(CC(N)=O)cc1,0.94999999,['admetlab2']
O[C@](CO[C@@H]1CN2CCC1CC2)(c1ccccc1)C1CCCC1,2.1199999,['admetlab2']
CNCC[C@@H](Oc1ccccc1C)c1ccccc1,0.85000002,['admetlab2']
N=C(N)N1CCC[C@@H](CNC(=O)CC(NS(=O)(=O)c2ccc3ccccc3c2)C(=O)N(CC(=O)O)C2CC2)C1,0.36000001,['admetlab2']
OCCN1CC(O)C(O)C(O)C1CO,0.28,['admetlab2']
CC(=O)Nc1nnc(S(N)(=O)=O)s1,0.37,['admetlab2']
Cn1c(=O)c2c(ncn2C)n(C)c1=O,0.63,['admetlab2']
C/C=C(\C)C(=O)O[C@H]1[C@H](OC(C)=O)[C@]2(CO)[C@H](O)C[C@]3(C)C(=CC[C@@H]4[C@@]5(C)CC[C@H](O[C@@H]6OC(C(=O)O)[C@@H](O[C@@H]7O[C@H](CO)[C@@H](O)[C@H](O)[C@H]7O)[C@H](O)[C@H]6O[C@@H]6O[C@H](CO)[C@@H](O)[C@H](O)[C@H]6O)[C@](C)(CO)[C@@H]5CC[C@]43C)[C@@H]2CC1(C)C,0.28,['admetlab2']
CC(O)C1C(=O)N2C(C(=O)O)=C(SC3CNC(C(=O)Nc4cccc(C(=O)O)c4)C3)C(C)C12,0.12,['admetlab2']
CC(=N)N1CC[C@H](Oc2ccc(C(Cc3ccc4ccc(C(=N)N)cc4c3)C(=O)O)cc2)C1,1.55,['admetlab2']
CN1CC[C@]23c4c5ccc(O)c4O[C@H]2[C@@H](O[C@@H]2OC(C(=O)O)[C@@H](O)[C@H](O)[C@H]2O)C=C[C@H]3[C@H]1C5,0.12,['admetlab2']
CCOc1ccc(NC(C)=O)cc1,1.4,['admetlab2']
CC1(C)S[C@@H]2C(/N=C/N3CCCCCC3)C(=O)N2C1C(=O)O,0.37,['admetlab2']
Cc1ccc(C(=O)c2cc(O)c(O)c([N+](=O)[O-])c2)cc1,0.12,['admetlab2']
CC1=NS(=O)(=O)c2cc(Cl)ccc2N1,0.20999999,['admetlab2']
Nc1ccn([C@@H]2CS[C@H](CO)O2)c(=O)n1,1.3,['admetlab2']
Cc1ncc(CO)c(CO)c1O,0.66000003,['admetlab2']
CC(=O)NC(Cc1ccc2ccccc2c1)C(=O)NC(Cc1ccc(Cl)cc1)C(=O)NC(Cc1cccnc1)C(=O)NC(CO)C(=O)NC(Cc1ccc(NC(=O)C2CC(=O)NC(=O)N2)cc1)C(=O)NC(Cc1ccc(NC(N)=O)cc1)C(=O)NC(CC(C)C)C(=O)NC(CCCCNC(C)C)C(=O)N1CCCC1C(=O)NC(C)C(N)=O,0.74000001,['admetlab2']
NCC1CCC(N)C(OC2C(N)CC(N)C(OC3OC(CO)C(O)C(N)C3O)C2O)O1,0.13,['admetlab2']
CCN1CC(CCN2CCOCC2)C(c2ccccc2)(c2ccccc2)C1=O,1.2,['admetlab2']
Cc1cc(-n2cccc2)c(S(C)(=O)=O)cc1C(=O)N=C(N)N,1.1,['admetlab2']
C[C@H]1COc2c(N3CCN(C)CC3)c(F)c(N)c3c(=O)c(C(=O)O)cn1c23,2.4200001,['admetlab2']
C[C@H]1O[C@H](O[C@H]2[C@H](O)[C@@H](O)[C@@H](OC(C(=O)C(O)CO)[C@H](O)CO)O[C@@H]2CO)[C@H](O)[C@@H](O)[C@@H]1N[C@H]1C=C(CO)[C@@H](O)[C@H](O)[C@H]1O,0.31999999,['admetlab2']
CCCCCNC(=O)c1coc([C@H]2[C@@H](Cc3ccccc3CCC(=O)O)[C@@H]3CC[C@H]2O3)n1,4.4000001,['admetlab2']
C[C@@H]1CCN(C(=O)CC#N)C[C@@H]1N(C)c1ncnc2[nH]ccc12,1.24,['admetlab2']
O=C1CN=C(c2ccccc2Cl)c2cc([N+](=O)[O-])ccc2N1,2.9000001,['admetlab2']
CCC(C)CC(C)CCCCCCCCC(=O)NC1CC(O)C(NCCN)NC(=O)C2C(O)CCN2C(=O)C(C(O)CCN)NC(=O)C(C(O)C(O)c2ccc(O)cc2)NC(=O)C2CC(O)CN2C(=O)C(C(C)O)NC1=O,0.13,['admetlab2']
C[C@](N)(Cc1ccc(O)c(O)c1)C(=O)O,0.69,['admetlab2']
CN(CCCCCCN(C)C(=O)Oc1ccc[n+](C)c1)C(=O)Oc1ccc[n+](C)c1,1.0,['admetlab2']
CN(C)c1cc(CNCC(C)(C)C)c(O)c2c1C[C@H]1C[C@H]3C(N(C)C)C(=O)C(C(N)=O)C(=O)[C@@]3(O)C(=O)C1C2=O,2.7,['admetlab2']
Cn1c(CCCC(=O)O)nc2cc(N(CCCl)CCCl)ccc21,0.22,['admetlab2']
CCCC(=O)N1CCCN(c2nc(N)c3cc(OC)c(OC)cc3n2)CC1,0.72000003,['admetlab2']
O=C(O)Cn1c(=O)c(=O)[nH]c2cc([N+](=O)[O-])c(-n3ccnc3)cc21,0.19,['admetlab2']
CC12CCC(=O)C=C1CCC1C2C(O)CC2(C)C1CCC2(O)C(=O)CO,0.38,['admetlab2']
CC(OC1OCCN(Cc2n[nH]c(=O)[nH]2)C1c1ccc(F)cc1)c1cc(C(F)(F)F)cc(C(F)(F)F)c1,0.94,['admetlab2']
C[C@]12CC=C3C4=C(CCC3[C@@H]1CC[C@@]2(O)CC#N)CC(=O)CC4,0.60000002,['admetlab2']
CC[C@H]1CN2CC[C@H]1C[C@@H]2[C@@H](O)c1ccnc2ccc(OC)cc12,2.8,['admetlab2']
C[C@@H]1CN(C2CCC(C#N)(c3ccc(F)cc3)CC2)CC[C@]1(C(=O)O)c1ccccc1,1.17,['admetlab2']
CON=C(C(=O)NC1C(=O)N2C(C(=O)O)=C(C)CS[C@H]12)c1csc(N)n1,0.28,['admetlab2']
O=C1NC(=O)C(c2ccccc2)(c2ccccc2)N1,0.43000001,['admetlab2']
O=C1c2c(c3c4ccc(O)cc4n([C@@H]4O[C@H](CO)[C@@H](O)[C@H](O)[C@H]4O)c3c3[nH]c4cc(O)ccc4c23)C(=O)N1NC(CO)CO,1.45,['admetlab2']
CC1=C(C(=O)O)N2C(=O)C(NC(=O)C(N)C3=CCC=CC3)[C@H]2SC1,0.20999999,['admetlab2']
C=Cc1c(C)c2[nH]c1=Cc1[nH]c(c(=CCC(=O)O)c1C)=Cc1[nH]c(c(C)c1CCC(=O)OC)C=C1N=C(C=2)C2=CC=C(C(=O)OC)C(C(=O)OC)[C@@]12C,0.63,['admetlab2']
Cc1ccccc1-c1cc(N2CCN(C)CC2)ncc1N(C)C(=O)C(C)(C)c1cc(C(F)(F)F)cc(C(F)(F)F)c1,5.54,['admetlab2']
CNC(=O)c1c(I)c(NC(C)=O)c(I)c(C(=O)O)c1I,0.17,['admetlab2']
OCc1ncc2n1-c1ccc(Cl)cc1C(c1ccccc1F)=NC2,0.76999998,['admetlab2']
CC(C)(C)C(NC(=O)C(CC1CCCC1)CN(O)C=O)C(=O)N1CCN(Cc2ccc3c(c2)OCO3)CC1,1.1,['admetlab2']
NNc1cc2c(nn1)CCN(C(=O)c1ccccc1)C2,2.2,['admetlab2']
CON=C(C(=O)NC1C(=O)N2C(C(=O)O)=C(C)CSC12)c1csc(N)n1,0.28,['admetlab2']
Cc1ccccc1C(=O)Nc1ccc(C(=O)N2CCC[C@H](O)c3cc(Cl)ccc32)c(C)c1,0.5,['admetlab2']
CCC(=O)OCC(=O)C1(OC(=O)CC)C(C)CC2C3CC=C4CC(=O)C=CC4(C)C3(Cl)C(O)CC21C,0.28999999,['admetlab2']
C/C=C(/C)C(=O)O[C@H]1[C@H](OC(C)=O)[C@]2(CO)[C@H](O)C[C@]3(C)C(=CC[C@@H]4[C@@]5(C)CC[C@H](O[C@@H]6OC(C(=O)O)[C@@H](O[C@@H]7O[C@H](CO)[C@@H](O)[C@H](O)[C@H]7O)[C@H](O)[C@H]6O[C@@H]6O[C@H](CO)[C@@H](O)[C@H](O)[C@H]6O)[C@](C)(CO)[C@@H]5CC[C@]43C)[C@@H]2CC1(C)C,0.23,['admetlab2']
CCC[C@@H]1CC(C(=O)N[C@@H]([C@H]2O[C@H](SC)[C@H](O)[C@@H](O)[C@H]2O)[C@@H](C)O)N(C)C1,1.0,['admetlab2']
COc1c2occc2cc2ccc(=O)oc12,0.61000001,['admetlab2']
CCOc1nc2cccc(C(=O)O)c2n1Cc1ccc(-c2ccccc2-c2nn[nH]n2)cc1,0.13,['admetlab2']
CC(c1ncncc1F)C(O)(Cn1cncn1)c1ccc(F)cc1F,2.2,['admetlab2']
N=C(N)NCCCC(NC(=O)C1CCCN1C(=O)C1CSSCCC(=O)NC(Cc2ccc(O)cc2)C(=O)NC(Cc2ccccc2)C(=O)NC(CCC(N)=O)C(=O)NC(CC(N)=O)C(=O)N1)C(=O)NCC(N)=O,0.30000001,['admetlab2']
C=CC1=C(C(=O)O)N2C(=O)C(=NC(=O)C(NOCC(=O)O)c3csc(N)n3)[C@H]2SC1,0.23999999,['admetlab2']
COc1ccc2c3c1OC1C(=O)CCC4(O)C(C2)N(C)CCC314,2.5,['admetlab2']
N#Cc1c(N2C[C@@H]3NCCO[C@H]3C2)c(F)cc2c(=O)c(C(=O)O)cn(C3CC3)c12,1.42,['admetlab2']
COCc1c(-c2ccc(F)cc2)c(=CCC(O)CC(O)CC(=O)O)c(C(C)C)nc1=C(C)C,0.33000001,['admetlab2']
O=c1ccc2ccccc2o1,1.1,['admetlab2']
C[C@@H](O)C1C(=O)N2C(C(=O)O)=C(SCCN=CN)C[C@H]12,0.23999999,['admetlab2']
O=C(CCCN1CCC(n2c(=O)[nH]c3ccccc32)CC1)c1ccc(F)cc1,3.8,['admetlab2']
CC1(C)S[C@@H]2C(NC(=O)C(C(=O)O)c3ccsc3)C(=O)N2C1C(=O)O,0.16,['admetlab2']
O=C(O)C1=C(CSc2nnnn2CS(=O)(=O)O)CS[C@@H]2C(NC(=O)C(O)c3ccccc3)C(=O)N12,0.14,['admetlab2']
C[C@@H]1C=C2CC(=O)CCC2[C@H]2CC[C@]3(C)[C@@H](O)CC[C@H]3[C@H]12,0.80000001,['admetlab2']
CNC(=O)c1cnn(-c2nc(N)c3ncn([C@@H]4O[C@H](CO)[C@@H](O)[C@H]4O)c3n2)c1,0.94,['admetlab2']
CN1C2CC(OC(=O)C(CO)c3ccccc3)CC1C1OC12,3.0999999,['admetlab2']
NC(=O)c1csc(C2OC(CO)C(O)C2O)n1,1.1,['admetlab2']
Cc1c[nH]c2c(O)cc3c(c12)C(CCl)CN3C(=O)c1cc2cc(NC(=O)Nc3ccc4[nH]c(C(=O)N5C[C@@H](CCl)c6c5cc(O)c5[nH]cc(C)c65)cc4c3)ccc2[nH]1,0.050000001,['admetlab2']
CCC(CC)COC(C(=O)OCCN(C)C)(c1ccccc1)c1ccccc1,7.099999900000001,['admetlab2']
C=CC1CN2CCC1CC2C(O)c1ccnc2ccc(OC)cc12,2.9000001,['admetlab2']
CN(CC(O)=NO)C(=O)C1CCCCC1C(=O)O,1.0,['admetlab2']
CCCC(NC(C)C(=O)N1C(C(=O)O)CC2CCCCC21)C(=O)O,0.75999999,['admetlab2']
O=C(CCCCCCC(O)=NO)Nc1ccccc1,0.5,['admetlab2']
CCOc1ccccc1OCCN[C@H](C)Cc1ccc(OC)c(S(N)(=O)=O)c1,0.20999999,['admetlab2']
Cc1onc(-c2c(F)cccc2Cl)c1C(=O)NC1C(=O)N2C(C(=O)O)C(C)(C)S[C@H]12,0.19,['admetlab2']
CCN1CCN(C(=O)NC(C(=O)NC2C(=O)N3C(C(=O)O)=C(CSc4nnnn4C)CS[C@H]23)c2ccc(O)cc2)C(=O)C1=O,0.17,['admetlab2']
Cc1cccc(C(C)c2c[nH]cn2)c1C,1.6,['admetlab2']
CC(C)NCC(O)c1ccc(NS(C)(=O)=O)cc1,1.3,['admetlab2']
NC1C2CN(c3nc4c(cc3F)c(=O)c(C(=O)O)cn4-c3ccc(F)cc3F)CC12,1.3,['admetlab2']
CC(C(O)(Cn1cncn1)c1ccc(F)cc1F)S(C)(=O)=O,0.62,['admetlab2']
CCN(CC)CCNC(=O)c1cc(Br)c(N)cc1OC,3.0999999,['admetlab2']
CN1C(=O)C(O)C[C@H]1c1cccnc1,0.85000002,['admetlab2']
CC(C)CC(NC(=O)C(CCc1ccccc1)NC(=O)CN1CCOCC1)C(=O)NC(Cc1ccccc1)C(=O)NC(CC(C)C)C(=O)[C@@]1(C)CO1,0.13,['admetlab2']
O=[N+]([O-])OC1COC2C(O)COC12,0.69999999,['admetlab2']
NC(C(=O)NC1C(=O)N2C(C(=O)O)=C(CSc3c[nH]nn3)CSC12)c1ccc(O)cc1,0.22,['admetlab2']
