smiles_standarized,label,group
CCCCc1c(O)n(-c2ccccc2)n(-c2ccccc2)c1=O,1.0,training
Oc1c(Cl)cc(Cl)c2cccnc12,1.8241258339,training
O=[N+]([O-])OCC(CO[N+](=O)[O-])(CO[N+](=O)[O-])CO[N+](=O)[O-],0.5224442335,training
CC12CCC3C(CC=C4CC(=O)C=CC43C)C1CCC(=O)O2,0.620136055,training
NC(=O)NNc1ccccc1,1.3979400087,training
C[N+]([O-])(CCCl)CCCl,-0.3979400086999999,training
CC1(C)SC2C(N=CN3CCCCCC3)C(=O)N2C1C(=O)O,1.1760912591,training
CNC1C(O)C(OC2C(N)CC(N)C(OC3OC(CN)CCC3N)C2O)OCC1(C)O,0.4771212547,training
Cn1c(=O)c2c(ncn2CCOC(=O)C(C)(C)Oc2ccc(Cl)cc2)n(C)c1=O,1.096910013,training
c1ccc2c(c1)Sc1ccccc1N2CC1CN2CCC1CC2,-0.7772835289,training
O=C1CCC(N2C(=O)c3ccccc3C2=O)C(=O)N1,0.8241258339,training
CC12CCCCCC(Cc3ccc(O)cc31)C2N,-0.7772835289,training
CC(=O)C12OC(C)(c3ccccc3)OC1CC1C3CC=C4CC(=O)CCC4(C)C3CCC12C,0.3979400086999999,training
CNCCC(Oc1ccc(C(F)(F)F)cc1)c1ccccc1,0.123851641,training
CCCCCC(O)C=CC1C(O)CC(O)C1CC=CCCCC(=O)O,-1.903089987,training
CC12CCC3c4ccc(O)cc4CCC3C1CCC2O,-0.3010299957,training
CCOC1OC(C(COCc2ccccc2)OCc2ccccc2)C(OCc2ccccc2)C1O,1.123851641,training
CCCC(=O)OC1(C(=O)COC(=O)CC)C(C)CC2C3CC=C4CC(=O)C=CC4(C)C3(F)C(O)CC21C,-0.8239087409,training
Nc1ccn(C2CCC(CO)O2)c(=O)n1,-1.4259687323,training
NC(C(=O)NC1C(=O)N2C(C(=O)O)=C(Cl)CCC12)c1ccccc1,0.8241258339,training
CN(C)CCC(c1ccccc1)c1ccccn1,-0.2041199827,training
CCN(CC)C(=O)NC1C=C2c3cccc4[nH]cc(c34)CC2N(C)C1,-1.0793549986,training
CCOC(=O)Nc1ccc2c(c1)N(C(=O)CCN1CCOCC1)c1ccccc1S2,1.1760912591,training
CNCCCC1c2ccccc2C=Cc2ccccc21,0.0,training
CC=C(CCC(C)C1CCC2C3=CCC4C(C)C(O)CCC4(C)C3CCC21C)C(C)C,2.0,training
CCCCCC(CC)COC(=O)CC(C(=O)OCC(CC)CCCC)S(=O)(=O)O,0.6989700043000001,training
COC1OC(OC2C(OC)OC(O)C(O)C2O)C(O)C(O)C1O,2.0,training
CC(C)(C)NC(=O)C1CCC2C3CCC4NC(=O)C=CC4(C)C3CCC12C,-1.0793549986,training
CN1C2CCC1CC(OC(c1ccccc1)c1ccccc1)C2,-1.0,training
Oc1cc(O)c2c(c1)OCC(c1ccc(O)c(O)c1)C2O,1.5224442335,training
CCN(CC)CCOC(=O)C1(C2CCCCC2)CCCCC1,0.123851641,training
O=c1[nH]c2cc(Cl)ccc2o1,1.5224442335,training
N=C(N)NCCN1CCCCCCC1,-0.0793549986,training
CC[N+](CC)(CC)CCC(O)(c1ccccc1)C1CCCCC1,0.5224442335,training
CC(=O)Nc1c(I)c(C(=O)O)c(I)c(N(C)C(C)=O)c1I,2.0,training
N=C(N)NCCCC(N)C(=O)O,2.6989700043,training
C#CC1(OC(C)=O)CCC2C3CC=C4CC(=O)CCC4C3CCC21C,-1.7772835289,training
CC(O)(CS(=O)(=O)c1ccc(F)cc1)C(=O)Nc1ccc(C#N)c(C(F)(F)F)c1,-0.0793549986,training
Cc1cc(C)nc(NS(=O)(=O)c2ccc(N)cc2)n1,1.6989700043,training
COc1ccc2c(c1)C13CCCCC1C(C2)N(C)CC3,0.3010299957,training
CC(=O)c1ccc2c(c1)N(CCCN1CCN(CCO)CC1)c1ccccc1S2,1.0,training
CCCC(=O)N1CCCN(c2nc(N)c3cc(OC)c(OC)cc3n2)CC1,-1.3010299957,training
CCN(CC)C(=S)S,1.0,training
O=C(NCC1CCCCN1)c1cc(OCC(F)(F)F)ccc1OCC(F)(F)F,0.6989700043000001,training
NC(C(=O)NC1C(=O)N2C(C(=O)O)=C(Cl)CSC12)c1ccccc1,1.3979400087,training
O=[N+]([O-])c1cc(Cl)cc(-c2c(Cl)ccc([N+](=O)[O-])c2O)c1O,0.3010299957,training
Fc1ccc(C2CCNCC2COc2ccc3c(c2)OCO3)cc1,-0.0793549986,training
CC12CCC3C(CCC45OC4C(=O)C(C#N)CC35C)C1CCC2O,0.903089987,training
C=CCC1(C(C)CC)C(=O)NC(=O)NC1=O,0.5224442335,training
COc1ccccc1OCC(O)CO,1.3010299957,training
NS(=O)(=O)c1cc2c(cc1Cl)NCNS2(=O)=O,0.5224442335,training
C=CC[N+]1(C2CC3C4CCC5CC(O)C(N6CCOCC6)CC5(C)C4CCC3(C)C2OC(C)=O)CCCC1,0.079181246,training
CN1CCCC(=C(c2cccs2)c2cccs2)C1,0.6989700043000001,training
CCN(CC)CCc1nc(-c2ccccc2)no1,0.5224442335,training
CC(Oc1ccccc1)C(=O)NC1C(=O)N2C1SC(C)(C)C2C(=O)O,1.6989700043,training
CC(C(=O)O)c1ccc2c(c1)Cc1cccnc1O2,0.5740312677,training
O=C(O)CCC(=O)c1ccc(-c2ccccc2)cc1,1.1760912591,training
CCCCC(=O)OC1CCC2C3CCc4cc(O)ccc4C3CCC12C,-0.3010299957,training
CC12C=CC(=O)C=C1CCC1C2C(O)CC2(C)C1CCC2(O)C(=O)COC(=O)CCC(=O)O,0.5224442335,training
CCn1cc(C(=O)O)c(=O)c2cc3c(cc21)OCO3,1.3979400087,training
CCC1(c2ccccc2)C(=O)NC(=O)NC1=O,0.3344537512,training
COc1ccc(OC)c(C(O)C(C)N)c1,-0.4775557665,training
CCCC1CC(C(=O)NC(C(C)Cl)C2OC(SC)C(O)C(O)C2O)N(C)C1,1.4771212547,training
OC(CCN1CCCCC1)(c1ccccc1)C12C=CC(CC1)C2,-0.6989700043000001,training
O=c1c(Cc2c(O)oc3ccccc3c2=O)c(O)oc2ccccc12,0.6989700043000001,training
O=C(O)c1cc(N=Nc2ccc(O)c(C(=O)O)c2)ccc1O,1.2227164711,training
C=CCN(C1=NCCN1)c1c(Cl)cccc1Cl,0.123851641,training
COc1cc(C2Oc3cc(C4Oc5cc(O)cc(O)c5C(=O)C4O)ccc3OC2CO)ccc1O,0.84509804,training
CNCC(O)C(O)C(O)C(O)CO,2.0,training
C=C1C(=CC=C2CCCC3(C)C2CCC3C(C)CCCC(C)C)CC(O)CC1O,-2.5228787453,training
CC1(C)SC2C(NC(=O)COc3ccccc3)C(=O)N2C1C(=O)O,1.3979400087,training
CC(=O)Oc1cc(C(C)C)c(OCCN(C)C)cc1C,0.7267272090000001,training
O=P(O)(O)OCC(Cl)(Cl)Cl,1.5224442335,training
CC(C=CC1=C(C)CCCC1(C)C)=CC=CC(C)=CCO,-0.0376306643,training
CC1CCC(O)CC1=CC=C1CCCC2(C)C1CCC2C(C)C=CC(C)C(C)C,-1.379863945,training
CC(Oc1c(Cl)cccc1Cl)C1=NCCN1,-1.3979400087,training
CN(CCO)CC(O)Cn1cnc2c1c(=O)n(C)c(=O)n2C,1.3979400087,training
CC12CCC3c4ccc(O)cc4CCC3C1CCC2OC(=O)CCC1CCCC1,-0.3010299957,training
Clc1ccc2c(c1)C(c1ccccc1)=NCc1nncn1-2,-1.4775557665,training
Nc1ccn(C2OC(CO)C(O)C2O)c(=O)n1,0.4313637642,training
Cc1c(C)c2c(c(C)c1O)CCC(C)(COc1ccc(Cc3sc(=O)[nH]c3O)cc1)O2,1.0,training
CC12C=CC(=O)C=C1CCC1C2C(O)CC2(C)C1CCC2(O)C(=O)CO,0.5224442335,training
CC1CCCC(C)N1NC(=O)c1ccc(Cl)c(S(N)(=O)=O)c1,0.0,training
COc1cccc(C(=O)CCNC(C)C(O)c2ccccc2)c1,-0.096910013,training
CN(C)C1C(=O)C(C(N)=O)C(=O)C2(O)C(=O)C3C(=O)c4c(O)cccc4C(C)(O)C3C(O)C12,1.5224442335,training
CCC1NC(=O)c2cc(S(N)(=O)=O)c(Cl)cc2N1,0.5224442335,training
CC(O)C1C(=O)N2C(C(=O)O)=C(SCCN=CN)CC12,1.8241258339,training
CC(CN1CC(=O)NC(=O)C1)N1CC(=O)NC(=O)C1,0.620136055,training
CC1CC2C3CC=C4CC(=O)C=CC4(C)C3C(=O)CC2(C)C1(O)C(=O)CO,-0.096910013,training
CC(=O)C1CCC2C3CCC4CC(O)CCC4(C)C3C(=O)CC12C,-0.1706962272,training
O=C(O)CCCc1ccc(N(CCCl)CCCl)cc1,-0.6989700043000001,training
Cc1ccc2c(-c3ccccc3)nc(=O)n(C(C)C)c2c1,1.3010299957,training
CCC(=O)C(CC(C)N(C)C)(c1ccccc1)c1ccccc1,-0.3010299957,training
NC(CO)(CO)CO,2.4771212547,training
CCOc1ccc2ccccc2c1C(=O)NC1C(=O)N2C1SC(C)(C)C2C(=O)O,2.0,training
NC(=O)CCC(N)C(=O)O,2.3010299957,training
CN(C)c1nc(N(C)C)nc(N(C)C)n1,0.7331972651,training
C#CC1(OC(C)=O)CCC2C3CCC4=CC(OC(C)=O)CCC4C3CCC21C,-1.7772835289,training
O=NN(CCCl)C(=O)NC1CCCCC1,0.5453071165,training
CC(C)(CO)C(O)C(=O)NCCC(=O)O,-0.9318141383,training
COc1cc2c3cc1Oc1cc(ccc1O)CC1c4c(cc(OC)c(O)c4Oc4ccc(cc4)CC3N(C)CC2)CC[N+]1(C)C,-0.1758741661,training
OCCN(CCO)c1nc(-c2ccccc2)c(-c2ccccc2)o1,1.3010299957,training
CC=CC1=C(C(=O)O)N2C(=O)C(NC(=O)C(N)c3ccc(O)cc3)C2SC1,1.2227164711,training
O=C(O)Cn1cc(I)c(=O)c(I)c1,2.0,training
O=C1NC(=O)C(c2ccccc2)(c2ccccc2)N1,0.6989700043000001,training
NCCC(O)(P(=O)(O)O)P(=O)(O)O,0.1760912591,training
CN(C)CCc1c[nH]c2ccc(Cn3cncn3)cc12,-0.3010299957,training
CCCC(C)C1(CC)C(=O)NC(=O)NC1=O,1.2227164711,training
CC(O)C(=O)Nc1c(I)c(C(=O)NC(CO)CO)c(I)c(C(=O)NC(CO)CO)c1I,2.0,training
CCC1OC(=O)C(C)C(OC2CC(C)(OC)C(O)C(C)O2)C(C)C(OC2OC(C)CC(N(C)C)C2OC(C)=O)C(C)(O)CC(C)C(=O)C(C)C(O)C1(C)O,1.8241258339,training
NC(=O)c1cc[n+](CC2=C(C(=O)O)N3C(=O)C(NC(=O)C(c4ccccc4)S(=O)(=O)O)C3SC2)cc1,2.0,training
CCOC(=O)C1(c2ccccc2)CCC=CC1N(C)C,0.5224442335,training
CN1C2CCC1CC(OC(=O)C(CO)c1ccccc1)C2,-2.876148359,training
CN1C2CC(OC(=O)C(CO)c3ccccc3)CC1C1OC12,-3.4814860601,training
COc1ccnc(C[S+]([O-])c2nc3cc(OC(F)F)ccc3[nH]2)c1OC,-0.1758741661,training
COc1cc(C(=O)NS(=O)(=O)c2ccccc2C)ccc1Cc1cn(C)c2ccc(NC(=O)OC3CCCC3)cc12,-0.1758741661,training
CC(C)=CCOc1ccc(C=CC(=O)c2ccc(OCC=C(C)C)cc2OCC(=O)O)cc1,0.6989700043000001,training
CC(=O)Nc1ccc(O)cc1,1.6989700043,training
COc1c2occc2cc2ccc(=O)oc12,-0.2218487496,training
CC12CCC3C(CC=C4CC(O)CCC43C)C1CCC2=O,0.5224442335,training
CN1C(=O)NC(=O)C(C)(C2=CCCCC2)C1=O,0.9206450014,training
CCC(C)C(=O)OC1CC(C)C=C2C=CC(C)C(CCC3CC(O)CC(=O)O3)C21,0.123851641,training
C[N+]1(O)C2CCC1CC(OC(=O)C(CO)c1ccccc1)C2,-1.3010299957,training
CCOC(=O)n1ccn(C)c1=S,0.0,training
Oc1c(C2=CCC(c3ccc(Cl)cc3)CC2)c(O)c2ccccc2c1O,1.5740312677,training
CCC(C(N)=O)N1CCCC1=O,1.7781512504,training
CCOC(=O)c1c(C)cc2c(CO)n[nH]c(=O)c2c1C,2.3010299957,training
CCOP(=O)(OCC)SCC[N+](C)(C)C,-0.7772835289,training
CN(C)C1C(=O)C(C(N)=O)C(=O)C2(O)C(=O)C3C(=O)c4c(O)ccc(Cl)c4C(O)C3CC12,1.1760912591,training
CC(CN(C)C)CN1c2ccccc2S(O)(O)c2ccccc21,-0.1758741661,training
Clc1ccc2nsnc2c1NC1=NCCN1,-0.2218487496,training
CCCC(CCC)C(=O)OC1CC2CCC(C1)[N+]2(C)C,0.3979400086999999,training
CC1=NS(=O)(=O)c2cc(Cl)ccc2N1,0.903089987,training
CCC1(c2ccc(N)cc2)CCC(=O)NC1=O,1.2227164711,training
CCc1cc2c(s1)N(C)C(=O)CN=C2c1ccccc1Cl,0.0,training
CC(C)CCON=O,0.6989700043000001,training
CCNNC(=O)C1C(c2cc(OC)c(OC)c(OC)c2)c2cc3c(cc2C(O)C1CO)OCO3,0.5224442335,training
CC(=O)OC(C)C[N+](C)(C)C,-0.379863945,training
CC[N+](CC)(CC)CCOc1cccc(OCC[N+](CC)(CC)CC)c1OCC[N+](CC)(CC)CC,0.3010299957,training
COC1C(OC(C)=O)CC(=O)OC(C)CC=CC=CC(OC2CCC(N(C)C)C(C)O2)C(C)CC(CC=O)C1OC1OC(C)C(OC2CC(C)(O)C(O)C(C)O2)C(N(C)C)C1O,1.8241258339,training
Nc1ccn(C2CSC(CO)O2)c(=O)n1,0.6989700043000001,training
CCCN(CCC)C(=O)C(CCC(=O)O)NC(=O)c1ccccc1,1.4265112614,training
COc1cc(CC2c3c(cc(OC)c(OC)c3OC)CC[N+]2(C)CCCOC(=O)CCC(=O)OCCC[N+]2(C)CCc3cc(OC)c(OC)c(OC)c3C2Cc2cc(OC)c(OC)c(OC)c2)cc(OC)c1OC,-1.3010299957,training
Cc1cccc2c1Oc1c(C)c(O)c(N)c(C(=O)N=C3C(=O)NC(C)C(=O)N4CCCC4C(=O)N(C)CC(=O)N(C)C(C(C)C)C(=O)OC3C)c1N2,-1.8239087409,training
CC(=O)Nc1c(I)c(C(=O)NC2C(O)OC(CO)C(O)C2O)c(I)c(N(C)C(C)=O)c1I,2.0170333393,training
CN1C(CCl)Nc2cc(Cl)c(S(N)(=O)=O)cc2S1(=O)=O,-0.7772835289,training
CCC[N+]12C(O)C(CC)C3CC1C1N(C)c4ccccc4C14CC2C3C4O,0.123851641,training
Cc1ccc(O)c(C(CCN(C(C)C)C(C)C)c2ccccc2)c1,0.903089987,training
NS(=O)(=O)c1cc2c(cc1C(F)(F)F)NC(Cc1ccccc1)NS2(=O)=O,-0.4775557665,training
Nc1nc(N)c2nc(-c3ccccc3)c(N)nc2n1,0.5224442335,training
NC(=O)C[S+]([O-])C(c1ccccc1)c1ccccc1,0.5224442335,training
CC1(C)SC2C(NC(=O)C(C(=O)O)c3ccsc3)C(=O)N2C1C(=O)O,2.4771212547,training
CC(=O)OCC(=O)C1(O)C(C)CC2C3CC=C4CC(=O)C=CC4(C)C3(F)C(O)CC21C,-0.8239087409,training
COc1cnc(NS(=O)(=O)c2ccc(N)cc2)nc1,1.3979400087,training
CC[N+](CC)(CCNC(=O)C(=O)NCC[N+](CC)(CC)Cc1ccccc1Cl)Cc1ccccc1Cl,0.2227164711,training
NC1CONC1=O,1.2227164711,training
COC1(NC(=O)Cc2cccs2)C(=O)N2C(C(=O)O)=C(COC(N)=O)CSC21,2.3010299957,training
CCc1c(C)[nH]c2c1C(=O)C(CN1CCOCC1)CC2,0.5740312677,training
CN1CCCCC1CCN1c2ccccc2Sc2ccc([S+](C)[O-])cc21,0.6989700043000001,training
CN(C)C1C(=O)C(C(N)=O)C(=O)C2(O)C(=O)C3C(=O)c4c(O)cccc4C(C)(O)C3CC12,1.5224442335,training
CN(C)CCC(c1ccc(Cl)cc1)c1ccccn1,-0.8761483590000001,training
O=C(O)C(O)C(O)C(=O)O,1.4771212547,training
CCCCC(=O)N(Cc1ccc(-c2ccccc2-c2nn[nH]n2)cc1)C(C(=O)O)C(C)C,0.7267272090000001,training
Nc1nc(=S)c2[nH]cnc2[nH]1,0.7331972651,training
Oc1cc2cc(CCN3CCN(c4nsc5ccccc45)CC3)c(Cl)cc2[nH]1,0.4265112614,training
CN1CCN(C2=Nc3cc(Cl)ccc3Nc3ccccc32)CC1,1.1760912591,training
CNC(=O)c1c(I)c(NC(C)=O)c(I)c(C(=O)O)c1I,2.0,training
O=C(c1ccc(F)cc1)C1CCN(CCn2c(=O)[nH]c3ccccc3c2=O)CC1,0.123851641,training
C=C1CC2C(CCC3(C)C(=O)CCC23)C2(C)C=CC(=O)C=C12,-0.3979400086999999,training
Cc1cc(=O)n(-c2ccccc2)n1C,1.511883361,training
CN1CCC2=C(C1)C(c1ccccc1)c1ccccc12,0.3979400086999999,training
CCCCOc1ccc(C[N+]2(C)C3CCC2CC(OC(=O)C(CO)c2ccccc2)C3)cc1,-0.3010299957,training
NC(CSCC(=O)O)C(=O)O,1.5740312677,training
COc1cc(N)c(Cl)cc1C(=O)NC1CCN(Cc2ccccc2)CC1,-1.6020599913,training
CN1CCC(=C2c3ccccc3CCc3cccnc32)CC1,-1.4775557665,training
CC(C=Cc1c(C)c(O)c2ccccc2c1O)=CCCC(C)CCCC(C)CCCC(C)C,-0.379863945,training
CS(=O)(=O)c1ccc(C2=C(c3ccccc3)C(=O)OC2)cc1,-0.0793549986,training
Nc1ncnc2[nH]cnc12,1.1760912591,training
O=C(O)C(O)c1ccccc1,1.8241258339,training
COC1=C(C(=O)O)N2C(=O)C(NC(=O)C(N)C3C=CCC=C3)C2SC1,1.5224442335,training
CC12COC(=O)CC1CCC1C2CCC2(C)C1CCC2(C)O,-0.4775557665,training
Nc1nc(N)c2nc(CNc3ccc(C(=O)NC(CCC(=O)O)C(=O)O)cc3)cnc2n1,-2.0793549986,training
COC1C(OC(C)=O)CC(=O)OC(C)CC=CC=CC(O)C(C)CC(CC=O)C1OC1OC(C)C(OC2CC(C)(O)C(OC(=O)CC(C)C)C(C)O2)C(N(C)C)C1O,1.6989700043,training
CCN(CCO)CCn1c(Cc2ccccc2)nc2c1c(=O)n(C)c(=O)n2C,1.4771212547,training
N=C(N)N=C(N)NCCc1ccccc1,0.2227164711,training
CCC1(CC)C(=O)NC(=O)NC1=O,1.0,training
CN1CCC23c4c5ccc(O)c4OC2C(=O)CCC3C1C5,-0.3979400086999999,training
CC1OC(OC2C(O)CC(OC3C(O)CC(OC4CCC5(C)C(CCC6C5CC(O)C5(C)C(C7=CC(=O)OC7)CCC65O)C4)OC3C)OC2C)CC(O)C1O,-5.0,training
CNCCCN1c2ccccc2CCc2ccccc21,0.6989700043000001,training
CC(C)(N)Cc1ccc(Cl)cc1,0.0334237555,training
CCCCCC(=O)OCCN1CCN(CCCN2c3ccccc3Sc3ccc(C(F)(F)F)cc32)CC1,-0.4775557665,training
Cc1cc(-c2ccc(N=Nc3ccc4c(S(=O)(=O)O)cc(S(=O)(=O)O)c(N)c4c3O)c(C)c2)ccc1N=Nc1ccc2c(S(=O)(=O)O)cc(S(=O)(=O)O)c(N)c2c1O,-0.4775557665,training
NS(=O)(=O)c1cc(C2(O)NC(=O)c3ccccc32)ccc1Cl,-0.0793549986,training
CC(=O)OC1CC(OC2C(O)CC(OC3C(O)CC(OC4CCC5(C)C(CCC6C5CCC5(C)C(c7cc(O)co7)C(O)CC65O)C4)OC3C)OC2C)OC(C)C1OC1OC(CO)C(O)C(O)C1O,-1.4775557665,training
CC12C=CC(=O)C=C1CCC1C2CCC2(C)C1CCC2(C)O,-1.1758741661,training
CCC(Br)(CC)C(=O)NC(N)=O,1.2227164711,training
CCN(CC)CCNC(=O)c1ccc(N)cc1,1.6989700043,training
NS(=O)(=O)c1cc(Cl)c(Cl)c(S(N)(=O)=O)c1,0.5224442335,training
COc1ccc2c(c1)c(CC(=O)OCC(=O)O)c(C)n2C(=O)c1ccc(Cl)cc1,0.4771212547,training
CCCc1c(O)n2c(N(C)C)nc3ccc(C)cc3n2c1=O,1.4771212547,training
CC(=O)N(CC(O)CO)c1c(I)c(C(=O)NCC(O)CO)c(I)c(C(=O)NCC(O)CO)c1I,2.0413926852,training
COc1cccc2c(O)c3c(c(O)c12)C(=O)C1=C(CC(O)(C(=O)CO)CC1OC1CC(N)C(O)C(C)O1)C3=O,0.3856062736,training
O=C(O)c1ccccc1C(=O)Nc1ccc(S(=O)(=O)Nc2nccs2)cc1,2.3010299957,training
CC(C=CC1=C(C)CCCC1(C)C)=CC=CC(C)=CC(=O)O,0.3010299957,training
C=c1c(N)c(O)c2c(c1O)N1CC3NC3C1(OC)C=2COC(N)=O,-0.2668027349,training
NC(CS)C(=O)O,2.0,training
C=CCC1(C(C)CCC)C(=O)NC(=O)NC1=O,0.5224442335,training
CON=C(C(=O)NC1C(=O)N2C(C(=O)O)=CCSC12)c1csc(N)n1,2.0,training
CC(C)[N+](C)(CCC(C(N)=O)(c1ccccc1)c1ccccc1)C(C)C,-0.7772835289,training
OCCN1CCN(CCCN2c3ccccc3Sc3ccc(Cl)cc32)CC1,-0.3979400086999999,training
CN(C)CCC=C1c2ccccc2Sc2ccc(Cl)cc21,0.5224442335,training
O=[N+]([O-])OC1COC2C(O)COC12,0.3010299957,training
CCOc1cc(CC(=O)NC(CC(C)C)c2ccccc2N2CCCCC2)ccc1C(=O)O,-0.5734887386,training
CC(C)(C#N)c1cc(Cn2cncn2)cc(C(C)(C)C#N)c1,-1.7772835289,training
CC(CCc1ccccc1)NC(C)C(O)c1ccc(O)cc1,-0.096910013,training
CC(C)(C)NCC(O)COc1ccccc1C1CCCC1,0.123851641,training
COc1ccccc1OCC(O)COC(N)=O,2.0,training
CC1C(=NC(=O)C(NOC(C)(C)C(=O)O)c2csc(N)n2)C(=O)N1S(=O)(=O)O,2.123851641,training
CCCC=c1ncc(=CC(Cc2cccs2)C(=O)O)n1Cc1ccc(C(=O)O)cc1,1.123851641,training
CN(CCOc1ccc(Cc2sc(=O)[nH]c2O)cc1)c1ccccn1,-0.8761483590000001,training
CC(=O)OCC1OC(n2ncc(=O)[nH]c2=O)C(OC(C)=O)C1OC(C)=O,2.2304489214,training
CC(N)C(O)c1cccc(O)c1,0.9206450014,training
Cc1cc2nc3c(=O)[nH]c(=O)nc-3n(CC(O)C(O)C(O)COP(=O)(O)O)c2cc1C,-0.3010299957,training
O=S(O)CNc1ccc(S(=O)(=O)c2ccc(NCS(=O)O)cc2)cc1,0.6989700043000001,training
CN(C)CCCN1c2ccccc2CCc2ccc(Cl)cc21,0.620136055,training
O=c1[nH]cnc2c1ncn2C1CCC(CO)O1,0.8241258339,training
O=C(O)C1C(=CCO)OC2CC(=O)N21,0.7958800173,training
CNCCC=C1c2ccccc2CCc2ccccc21,0.2227164711,training
O=C1CN2CCOC2(c2ccccc2F)c2cc(Cl)ccc2N1CCO,-0.6989700043000001,training
Cn1nnnc1SCC1=C(C(=O)O)N2C(=O)C(NC(=O)C(OC=O)c3ccccc3)C2SC1,2.0,training
CCN(C)C(=O)Oc1cccc(C(C)N(C)C)c1,-0.6989700043000001,training
CNC1C(O)C(NC)C2OC3(O)C(=O)CC(C)OC3OC2C1O,1.8241258339,training
CC1CC2C3CC=C4CC(=O)C=CC4(C)C3(Cl)C(O)CC2(C)C1(OC(=O)c1ccco1)C(=O)CCl,-1.8239087409,training
NC(Cc1ccc(O)cc1)C(=O)O,2.0,training
CC(C)(C)NCC(O)c1ccc(O)c(CO)c1,-0.273272791,training
CN1CCN(C2=Nc3ccccc3Oc3ccc(Cl)cc32)CC1,0.620136055,training
Cc1[nH]c(=NC(=N)NS(=O)(=O)c2ccc(N)cc2)oc1C,1.6020599913,training
CN1CCN(C2=Nc3ccccc3Sc3ccc(Cl)cc32)CC1,-0.6020599913,training
OCc1ccccc1,0.6989700043000001,training
COC(=O)C1C2CC3c4[nH]c5cc(OC)ccc5c4CCN3CC2CC(OC(=O)c2cc(OC)c(OC)c(OC)c2)C1OC,-2.0,training
CC(C)c1ccc2oc3nc(N)c(C(=O)O)cc3c(=O)c2c1,0.3979400086999999,training
Cc1cn(C2CC(O)C(CO)O2)c(=O)[nH]c1=O,2.0,training
Cc1ccc(S(=O)(=O)NC(=O)NC2CCCCC2)cc1N,0.5224442335,training
CC(C)(O)C(C)(O)c1ccc(Cl)cc1,1.3010299957,training
CCn1cc(C(=O)O)c(=O)c2ccc(C)nc21,1.8241258339,training
CCC(=O)N(c1ccccn1)C(C)CN1CCCCC1,0.3979400086999999,training
CCOC(=O)C(CCc1ccccc1)NC(C)C(=O)N1C(C(=O)O)CC2CCCCC21,-0.273272791,training
Cc1cccc(Nc2ccccc2C(=O)O)c1C,1.318063335,training
N=C(CCSCc1csc(N=C(N)N)n1)NS(N)(=O)=O,-0.1758741661,training
C#CC(O)(C=CCl)CC,1.2227164711,training
O=C(OCC1OC(O)(COC(=O)c2cccnc2)C(OC(=O)c2cccnc2)C1OC(=O)c1cccnc1)c1cccnc1,1.8241258339,training
Cc1cc2nc3c(=O)[nH]c(=O)nc-3n(CC(O)C(O)C(O)CO)c2cc1C,-0.3010299957,training
CN(Cc1cc(Br)cc(Br)c1N)C1CCCCC1,-0.096910013,training
CCCCCCc1ccc(O)cc1O,1.2219355998,training
Cc1cc(OP(=O)(O)O)c2ccccc2c1OP(=O)(O)O,-0.7772835289,training
CCCC(=O)Nc1c(I)cc(I)c(CC(CC)C(=O)O)c1I,1.6989700043,training
Cc1ccnc(NS(=O)(=O)c2ccc(N)cc2)n1,1.8241258339,training
CCCCCCCCCCC(=O)OC1CCC2C3CCc4cc(O)ccc4C3CCC12C,-0.3010299957,training
CN(C)CCC=C1c2ccccc2COc2ccccc21,0.6989700043000001,training
COc1cc(NS(C)(=O)=O)ccc1Nc1c2ccccc2nc2ccccc12,0.5105450102,training
Cc1onc(-c2ccccc2Cl)c1C(=O)NC1C(=O)N2C1SC(C)(C)C2C(=O)O,1.5224442335,training
CON=C(C(=O)NC1C(=O)N2C(C(=O)O)=C(COC(N)=O)CSC12)c1ccco1,1.2227164711,training
NNc1nnc(NN)c2ccccc12,0.5224442335,training
CN(C)C(=O)Oc1ccc[n+](C)c1,1.3010299957,training
CCCCNc1ccc(C(=O)OCCOCCOCCOCCOCCOCCOCCOCCOCCOC)cc1,1.0,training
O=C(O)C1CSCN1,1.0,training
COc1cc(NS(=O)(=O)c2ccc(N)cc2)c(OC)nn1,1.6989700043,training
Cn1c(=O)c2c(ncn2CC2OCCO2)n(C)c1=O,1.123851641,training
COc1cc(NC(C)CCCN)c2ncccc2c1,-0.1249387366,training
CC(C)(Oc1ccc(C2CC2(Cl)Cl)cc1)C(=O)O,0.2227164711,training
CN1CCC(CN2c3ccccc3Sc3ccccc32)C1,-0.3010299957,training
CC(=O)OCC1=C(C(=O)O)N2C(=O)C(NC(=O)C(N)c3ccccc3)C2SC1,1.5224442335,training
CCN1C(=CC=CC=Cc2sc3ccccc3[n+]2CC)Sc2ccccc21,0.5224442335,training
CN(C)CCC=C1c2ccccc2CCc2ccccc21,0.6989700043000001,training
Nc1ccc(S(=O)(=O)c2ccc(N)cc2)cc1,0.6989700043000001,training
O=[N+]([O-])OCC(O[N+](=O)[O-])C(CO[N+](=O)[O-])O[N+](=O)[O-],0.2227164711,training
COC(=O)C1=C(C)N=C(C)C(C(=O)OC(C)C)C1c1cccc2nonc12,-0.7772835289,training
C[N+]12CCC(CC1)C(OC(=O)C(O)(c1ccccc1)c1ccccc1)C2,-0.4775557665,training
CCCOC(=O)c1ccc(O)cc1,1.0,training
CC(CC1c2ccccc2CCc2ccccc21)CN(C)C,0.3979400086999999,training
C#CC(C)(O)CC,1.2227164711,training
N=C(N)c1ccc(C=Cc2ccc(C(=N)N)cc2O)cc1,0.620136055,training
CCc1cc(C(N)=S)ccn1,1.2227164711,training
CCN(CC)S(=O)(=O)c1ccc(C(=O)O)cc1,1.6989700043,training
CC12CCC(=O)C=C1CCC1C3CCC(O)(C(=O)CO)C3(C)CC(O)C12F,-2.7772835289,training
CCN1CCN(C(=O)NC(C(=O)NC2C(=O)N3C2SC(C)(C)C3C(=O)O)c2ccccc2)C(=O)C1=O,2.6020599913,training
Cc1cc(CC(=O)O)n(C)c1C(=O)c1ccc(Cl)cc1,1.0,training
CC1(C)SC2C(NC(=O)C(NC(=O)N3CCNC3=O)c3ccccc3)C(=O)N2C1C(=O)O,2.0,training
CC(=O)NCC(=O)O,0.6989700043000001,training
O=C(NC(CO)C(O)c1ccc([N+](=O)[O-])cc1)C(Cl)Cl,2.0,training
CCCCCC(C)(O)C=CC1C(O)CC(O)C1CC=CCCCC(=O)O,-0.6989700043000001,training
Cc1cccc(C)c1NC(=O)C1CCCCN1C,0.8241258339,training
COc1ccc(C=CC(=O)Nc2ccccc2C(=O)O)cc1OC,0.6989700043000001,training
COC(=O)C1=C(C)N=C(C)C(C(=O)OC2CCCN(Cc3ccccc3)C2)C1c1cccc([N+](=O)[O-])c1,-0.8761483590000001,training
CCC(=O)OC1(c2ccccc2)CCNCC1C,-0.3010299957,training
CNC(C)(C)Cc1ccccc1,0.0,training
CN(C)CCC=C1c2ccccc2CSc2ccccc21,0.3979400086999999,training
CN(C)C(=O)Oc1cccc([N+](C)(C)C)c1,0.7958800173,training
COC(=O)CCc1ccc(OCC(O)CNC(C)C)cc1,-0.6989700043000001,training
NC(=O)c1ccccc1O,1.6364878963999998,training
COC(C(=O)C(O)C(C)O)C1Cc2cc3cc(OC4CC(OC5CC(O)C(O)C(C)O5)C(O)C(C)O4)c(C)c(O)c3c(O)c2C(=O)C1OC1CC(OC2CC(O)C(OC3CC(C)(O)C(O)C(C)O3)C(C)O2)C(O)C(C)O1,-1.5228787453,training
COc1ccccc1O,1.0492180227,training
CCOC(=O)C1=CC2(CC)CCCN3CCc4c(n1c1ccccc41)C32,-0.3010299957,training
CN(C)CCOC(c1ccccc1)c1ccc(Br)cc1,0.3979400086999999,training
CCN(CC)CCCN(c1ccccc1)C1Cc2ccccc2C1,0.6989700043000001,training
CC1OC(OC2C=C3CCC4C(CCC5(C)C(c6ccc(=O)oc6)CCC45O)C3(C)CC2)C(O)C(O)C1O,-1.379863945,training
Cc1cc2c(OCC(CNC(C)(C)C)OC(=O)c3ccccc3)cccc2[nH]1,-1.7772835289,training
COc1ccc(C(=O)Nc2ccc(CCN3CCCCC3C)cc2)cc1,0.5224442335,training
CNC1(C)C2CCC(C2)C1(C)C,-0.379863945,training
CC(C)CC(N(C)C)C1(c2ccc(Cl)cc2)CCC1,-0.6020599913,training
CC1(O)CCC(C(C)(C)O)CC1,1.3010299957,training
C[N+]1(C)CCCC(OC(=O)C(O)(c2ccccc2)c2ccccc2)C1,0.5224442335,training
CCOC(=O)C(CCc1ccccc1)NC1CCc2ccccc2N(CC(=O)O)C1=O,0.123851641,training
O=C1CC2OCC=C3CN4CCC56c7ccccc7N1C5C2C3CC46,-0.15490196,training
C=CCC1(O)CCC2C3CCC4=CCCCC4C3CCC21C,-0.6020599913,training
Cc1cc2c(s1)Nc1ccccc1N=C2N1CCN(C)CC1,-0.6020599913,training
Clc1ccccc1CN1CCc2sccc2C1,0.620136055,training
CC12CCC(=O)C=C1C=CC1C2CCC2(C)C1CCC2(O)CCC(=O)O,1.123851641,training
O=C(O)C1CCc2cc(C3CCCCC3)c(Cl)cc21,-0.1249387366,training
COc1ccc2[nH]c([S+]([O-])Cc3ncc(C)c(OC)c3C)nc2c1,0.3010299957,training
CC(C)(C)c1cc(O)ccc1O,-0.6989700043000001,training
CC(=O)Nc1ccc(OC(=O)c2ccccc2OC(C)=O)cc1,2.123851641,training
COC1C(OC(N)=O)C(O)C(Oc2ccc3c(=O)c(NC(=O)c4ccc(O)c(CC=C(C)C)c4)c(O)oc3c2C)OC1(C)C,1.3979400087,training
CCCCC(=O)OC1(C(=O)COC(C)=O)CCC2C3CC=C4CC(=O)C=CC4(C)C3C(O)CC21C,0.5224442335,training
CC(=O)Nc1c(I)cc(I)c(C(=O)O)c1I,2.0,training
CCN(CC)CCNC(=O)c1cc(S(C)(=O)=O)ccc1OC,0.8241258339,training
CCCCNC(=O)NS(=O)(=O)c1ccc(N)cc1,1.2227164711,training
C[N+]1(C)CCC(OC(=O)CC(O)(c2ccccc2)C2CCCC2)C1,-1.1758741661,training
CCCCCCCCC=CCCCCCCCC(=O)OCCOCC(OCCO)C1OC(OCCO)CC1OCCO,1.3979400087,training
CCN(CC)CCOC(=O)C(Cc1cccc2ccccc12)CC1CCCO1,1.0,training
OCC1COC(CCI)O1,0.6020599913,training
N=C(N)c1ccc(N=NNc2ccc(C(=N)N)cc2)cc1,0.6989700043000001,training
CN=C(NC)NCc1ccccc1,0.5224442335,training
COC(=O)C1=C(C)N=C(C)C(C(=O)OCC(C)C)C1c1ccccc1[N+](=O)[O-],-0.1758741661,training
CC(CN1CCOCC1)C(C(=O)N1CCCC1)(c1ccccc1)c1ccccc1,-0.4775557665,training
CCC(=O)c1ccc(O)cc1,1.6989700043,training
CCC(C)CON=O,0.6989700043000001,training
CN(C)CCOC(C)(c1ccccc1)c1ccccn1,-0.379863945,training
O=C(O)c1cn(C2CC2)c2cc(N3CCNCC3)c(F)cc2c1=O,1.123851641,training
CC(Cc1ccc(O)c(O)c1)(NN)C(=O)O,-0.0793549986,training
NS(=O)(=O)c1cc(C(=O)O)cc(N2CCCC2)c1Oc1ccccc1,-0.6989700043000001,training
CCCCNC(=O)OCC(C)(CCC)COC(N)=O,1.6989700043,training
CCCCCC(O)C=CC1C(O)CC2OC(=CCCCC(=O)O)CC21,-5.0,training
OCCOCCN1CCN(C(c2ccccc2)c2ccc(Cl)cc2)CC1,0.8241258339,training
Oc1ccc2c3c1OC1C(O)CCC4(O)C(C2)N(CC2CCC2)CCC314,0.0,training
O=C(O)c1cccnc1Nc1cccc(C(F)(F)F)c1,1.096910013,training
C1CCC(C(CC2CCCCN2)C2CCCCC2)CC1,0.6989700043000001,training
CC(O)Cn1cnc2c1c(=O)n(C)c(=O)n2C,1.6020599913,training
CCC(=O)c1ccc2c(c1)N(CC(C)N(C)C)c1ccccc1S2,-0.0793549986,training
CCOC(=O)N1CCC(=C2c3ccc(Cl)cc3CCc3cccnc32)CC1,-0.7772835289,training
CNC(=O)c1c(I)c(C(=O)NCC(=O)Nc2c(I)c(C(=O)O)c(I)c(C(=O)NCCO)c2I)c(I)c(N(C)C(C)=O)c1I,2.0,training
CCNC1CC(C)S(=O)(=O)c2sc(S(N)(=O)=O)cc21,0.0,training
Cc1nnc(NS(=O)(=O)c2ccc(N)cc2)s1,1.8241258339,training
COc1cc(C(=O)NC2CCCNC2)cc(OC)c1OC,0.6989700043000001,training
COc1cc(C2c3cc4c(cc3C(OC3OC5COC(c6cccs6)OC5C(O)C3O)C3COC(=O)C23)OCO4)cc(OC)c1O,0.84509804,training
CCC(=O)OC1(C(=O)COC(C)=O)CCC2C3CC(C)=C4CC(=O)C=CC4(C)C3C(O)CC21C,0.620136055,training
Cc1ccc(C(=O)C(C)CN2CCCCC2)cc1,0.6989700043000001,training
C#CC1(O)CCC2C3CCc4cc(OC)ccc4C3CCC21C,-3.0809219076,training
CC(C)(C(=O)c1cccnc1)c1cccnc1,1.8750612634,training
CC1CC2(C)C(CCC3C4CCC(O)C4(C)CCC32)CC1=O,0.2227164711,training
CCCCN(CCCC)CCC(O)c1cc2c(Cl)cc(Cl)cc2c2cc(C(F)(F)F)ccc12,1.3979400087,training
O=c1ccc2ccccc2o1,0.2227164711,training
CC(C(=O)O)c1ccc(C(=O)c2ccccc2)s1,1.0,training
CCc1nn(CCCN2CCN(c3cccc(Cl)c3)CC2)c(=O)n1CC,0.3979400086999999,training
CC(=O)OC1CC(OC2C(O)CC(OC3C(O)CC(OC4CCC5(C)C(CCC6C5CCC5(C)C(C7=CC(=O)OC7)CCC65O)C4)OC3C)OC2C)OC(C)C1O,-2.4775557665,training
CC(C(=O)O)c1ccc2oc(-c3ccc(Cl)cc3)nc2c1,1.0,training
Cc1ccccc1C(OCCN(C)C)c1ccccc1,0.8241258339,training
C=C1CCC(O)CC1=CC=C1CCCC2(C)C1CCC2C(C)CCCC(C)(C)O,-2.4775557665,training
COc1ncnc(NS(=O)(=O)c2ccc(N)cc2)c1OC,1.3979400087,training
CNC1C(OC2C(OC3C(O)C(O)C(N=C(N)N)C(O)C3N=C(N)N)OC(C)C2(O)C=O)OC(CO)C(OC2OC(CO)C(O)C(O)C2O)C1O,1.3010299957,training
CC(C=CC=C(C)C=CC1=C(C)CCCC1(C)C)=CC=CC=C(C)C=CC=C(C)C=CC1=C(C)CCCC1(C)C,-1.3010299957,training
CNC1C(OC2C(OC3C(O)C(O)C(N=C(N)N)C(O)C3N=C(N)N)OC(C)C2(O)CO)OC(CO)C(O)C1O,1.2227164711,training
Cc1ncc2n1-c1ccc(Cl)cc1C(c1ccccc1F)=NC2,-1.0793549986,training
OCC(O)C(O)C(O)C(O)CO,2.9995654882,training
CN1C(CC(=O)c2ccccc2)CCCC1CC(O)c1ccccc1,-0.7772835289,training
CC(=C(CCO)SSCC1CCCO1)N(CO)Cc1cnc(C)nc1N,0.2227164711,training
NCCCCCC(=O)O,2.3010299957,training
CN(C)CCN1C(=O)c2ccccc2N(C)c2ccccc21,1.079181246,training
CCCCc1nc(Cl)c(CO)n1Cc1ccc(-c2ccccc2-c2nn[nH]n2)cc1,0.2227164711,training
CC(C1=C(CCN(C)C)Cc2ccccc21)c1ccccn1,-1.0,training
CCOc1ccc2nc(S(N)(=O)=O)sc2c1,0.9206450014,training
O=NN(CCCl)C(=O)NCCCl,-1.0793549986,training
CCOC(C)=O,1.3979400087,training
CC(=O)C1CCC2C3=CC=C4CC(=O)CCC4(C)C3CCC12C,-0.3010299957,training
O=C(O)P(=O)(O)O,2.079181246,training
CCN(CC)CCN1C(=O)CN=C(c2ccccc2F)c2cc(Cl)ccc21,-0.3010299957,training
O=C(CCBr)N1CCN(C(=O)CCBr)CC1,0.4771212547,training
OCC(O)C1OC2OC(C(Cl)(Cl)Cl)OC2C1O,0.9206450014,training
O=C(O)CN(CCN(CC(=O)O)CC(=O)O)CC(=O)O,1.84509804,training
CN1CCN(CCCN2c3ccccc3Sc3ccc(Cl)cc32)CC1,0.2227164711,training
CCC(CCC(C)C1CCC2C3CC=C4CC(O)CCC4(C)C3CCC12C)C(C)C,2.0,training
CCCCCC(O)C=CC1C(O)CC(=O)C1CC=CCCCC(=O)O,-1.6020599913,training
c1ccc(C2(N3CCCCC3)CCCCC2)cc1,-0.6989700043000001,training
CCOC(=O)c1cncn1C(C)c1ccccc1,-0.2218487496,training
CC(C)(C)c1nnc(NS(=O)(=O)c2ccccc2)s1,1.096910013,training
Cc1ccccc1OCC(O)CO,1.6989700043,training
CCN(CC)CCOC(=O)C1(c2ccccc2)CCCC1,0.6989700043000001,training
CNCCc1ccc(OC(=O)C(C)C)c(OC(=O)C(C)C)c1,1.0,training
CCCC(CCC)C(N)=O,1.5224442335,training
COC(=O)C(c1ccccc1Cl)N1CCc2sccc2C1,0.096910013,training
OC(O)C(Cl)(Cl)Cl,1.511883361,training
CC(N)(Cc1ccc(O)c(O)c1)C(=O)O,1.5224442335,training
CN(C)C(N)=NC(=N)N,1.6989700043,training
Cc1c(-c2ccccc2)n(N=Nn2c(-c3ccccc3)c(C)[n+]3ccccc23)c2cccc[n+]12,0.0,training
C#CCN(C)Cc1ccccc1,0.5224442335,training
CC(=O)OC1=C2C(C)C(OC(=O)C(O)C(NC(=O)c3ccccc3)c3ccccc3)CC(O)(C(OC(=O)c3ccccc3)C3C4(OC(C)=O)COC4CC(O)C3(C)C1=O)C2(C)C,0.6748611406999999,training
CC1(C)SC2C(NC(=O)C3(N)CCCCC3)C(=O)N2C1C(=O)O,1.5224442335,training
CN(CC=CC#CC(C)(C)C)Cc1cccc2ccccc12,1.4313637642,training
NC(=O)c1ncn(C2OC(CO)C(O)C2O)n1,2.3010299957,training
Nc1nnc(-c2cccc(Cl)c2Cl)c(N)n1,0.8241258339,training
CC(=O)CC(c1ccc([N+](=O)[O-])cc1)c1c(O)c2ccccc2oc1=O,-0.6989700043000001,training
CC1=C(C(=O)O)N2C(=O)C(NC(=O)C(N)c3ccccc3)C2SC1,1.8241258339,training
CCOC(=O)C1(c2ccccc2)CCCN(C)CC1,1.0,training
NCC1OC(OC2C(CO)OC(OC3C(O)C(N)CC(N)C3OC3OC(CO)C(O)CC3N)C2O)C(N)C(O)C1OC1OC(CO)C(O)C(O)C1O,1.2227164711,training
CC(=O)C1(O)C=C2C(=O)c3c(c(O)c4c(O)cccc4c3O)C(=O)C2C(OC2CC(N)C(O)C(C)O2)C1,-0.1700533041,training
CN(N=O)C(=O)NC1C(O)OC(CO)C(O)C1O,2.0334237555000003,training
O=C(Cn1cnnn1)NC1C(=O)N2C(C(=O)O)=C(CSc3nncs3)CSC12,1.8241258339,training
Cc1nc(NS(=O)(=O)c2ccc(N)cc2)oc1C,1.5224442335,training
CS(=O)(=O)OCCCCOS(C)(=O)=O,-0.8761483590000001,training
C[N+]1(C)CCC(=C(c2ccccc2)c2ccccc2)CC1,1.123851641,training
O=P(O)(O)OC(CO)CO,1.8241258339,training
N=C(N)c1ccc(OCCCCCOc2ccc(C(=N)N)cc2)cc1,0.6020599913,training
Cc1cc(C=Cc2ccc3cc(N(C)C)ccc3[n+]2C)c(C)n1-c1ccccc1,0.6989700043000001,training
Cc1ccc(S(=O)(=O)NC(=O)NN2CC3CCCC3C2)cc1,0.7267272090000001,training
CCC1(c2ccccc2)C(=O)NCNC1=O,0.9206450014,training
CN(C)CCOC1=Cc2ccccc2Sc2ccc(Cl)cc21,0.8750612634,training
CN1CCC(=C2c3ccccc3CCc3sccc32)CC1,-1.3010299957,training
NCCC(O)C(=O)NC1CC(N)C(OC2OC(CN)C(O)C(O)C2O)C(O)C1OC1OC(CO)C(O)C(N)C1O,1.1760912591,training
CC(=O)Oc1ccc(C(=C2CCCCC2)c2ccc(OC(C)=O)cc2)cc1,0.8241258339,training
CCCN(CC)C(CC)C(=O)Nc1c(C)cccc1C,0.8241258339,training
CCCCC(C(=O)O)C(=O)N(Nc1ccccc1)c1ccccc1,1.0413926852,training
CC1=C2CC(=O)C=CC2(C)C2C(O)CC3(C)C(CCC3(O)C(=O)CO)C2C1,0.620136055,training
COC(=O)c1ccc(O)cc1,1.0,training
C#CC1(O)CCC2C3C(C)C=C4CC(=O)CCC4C3CCC21C,-1.379863945,training
CC12CCC3C4=C(CCC3C1CCC2O)CC(=O)CC4,0.5224442335,training
CCC1C(C)=NN=C(c2ccc(OC)c(OC)c2)c2cc(OC)c(OC)cc21,0.3979400086999999,training
Nc1ccc(N=Nc2ccccc2)c(N)n1,0.8241258339,training
NC1CC(N)C(OC2OC(CO)C(O)C(N)C2O)C(O)C1OC1OC(CO)C(O)C(O)C1N,1.1760912591,training
CCC1OC(=O)C(C)C(OC2CC(C)(OC)C(O)C(C)O2)C(C)C(OC2OC(C)CC(N(C)C)C2O)C(C)(OC)CC(C)C(=O)C(C)C(O)C1(C)O,0.9206450014,training
Cn1cc[nH]c1=S,0.0,training
CN1CCC23CCCCC2C1Cc1ccc(O)cc13,-0.8239087409,training
CN1CCN(CCC=C2c3ccccc3Sc3ccc(S(=O)(=O)N(C)C)cc32)CC1,-0.3010299957,training
CCCCCCC(C)(C)c1cc(O)c2c(c1)OC(C)(C)C1CCC(=O)CC21,-1.0,training
NCCO,1.9206450014,training
CC(C)c1cccc(C(C)C)c1O,0.3979400086999999,training
CCOC(=O)Oc1c(OC)cc(C(=O)OC2CC3CN4CCc5c([nH]c6cc(OC)ccc56)C4CC3C(C(=O)OC)C2OC)cc1OC,-1.3010299957,training
CON=C(C(=O)NC1C(=O)N2C(C(=O)OC(C)OC(=O)C(C)(C)OC)=C(COC(N)=O)CSC12)c1ccco1,1.2227164711,training
CCC1(O)CC2CN(CCc3c([nH]c4ccccc34)C(C(=O)OC)(c3cc4c(cc3OC)N(C)C3C(O)(C(N)=O)C(O)C5(CC)C=CCN6CCC43C65)C2)C1,-0.9665762445,training
NS(=O)(=O)c1cc2c(cc1Cl)N=CNS2(O)O,1.5224442335,training
CC(C)(C)CC(=O)OCC(=O)C1(O)CCC2C3CC=C4CC(=O)C=CC4(C)C3C(O)CC21C,0.5224442335,training
Nc1nc(=O)c2ncn(COCCO)c2[nH]1,1.123851641,training
CC1OC(n2cc(F)c(=O)[nH]c2=O)C(O)C1O,1.3010299957,training
CN=C(C[N+](=O)[O-])NCCSCc1csc(CN(C)C)n1,0.6989700043000001,training
CON=C(C(=O)NC1C(=O)N2C(C(=O)OC(C)OC(C)=O)=C(COC(N)=O)CSC12)c1ccco1,1.2227164711,training
CC[N+](C)(CC)CCOC(=O)C1c2ccccc2Oc2ccccc21,0.8241258339,training
O=C(OC1CC2CCC(C1)[N+]21CCCC1)C(O)(c1ccccc1)c1ccccc1,-0.6989700043000001,training
OC(CCN1CCCC1)(c1ccccc1)C1CCCCC1,-0.4775557665,training
CCOc1ccc(NC(C)=O)cc1,1.6989700043,training
COC(=O)Nc1nc2cc(C(=O)c3ccc(F)cc3)ccc2[nH]1,0.2227164711,training
O=C(O)c1cc(O)c2c(O)c3c(OC4OC(CO)C(O)C(O)C4O)cccc3c(-c3c4cc(C(=O)O)cc(O)c4c(O)c4c(OC5OC(CO)C(O)C(O)C5O)cccc34)c2c1,1.2227164711,training
CCC(=O)c1ccc2c(c1)N(CCCN1CCN(CCO)CC1)c1ccccc1S2,0.8241258339,training
Cc1cc2cc3c(C)cc(=O)oc3c(C)c2o1,-0.7772835289,training
CC1CN2CC(=O)Nc3ccc(Cl)cc3C2(c2ccccc2)O1,0.0,training
CC1CN(c2c(F)c(N)c3c(=O)c(C(=O)O)cn(C4CC4)c3c2F)CC(C)N1,0.8241258339,training
CC(C)COCC(CN(Cc1ccccc1)c1ccccc1)N1CCCC1,0.8241258339,training
O=c1[nH]c(=O)n(C2CCCO2)cc1F,1.3010299957,training
Cc1nccn1CC1CCc2c(c3ccccc3n2C)C1=O,-0.3979400086999999,training
CN(C)C=Nc1c(I)cc(I)c(CCC(=O)O)c1I,2.0,training
O=C(O)C1=C(CSc2nnnn2CS(=O)(=O)O)CSC2C(NC(=O)C(O)c3ccccc3)C(=O)N12,1.2227164711,training
COC(=O)C1C2CC3c4[nH]c5ccccc5c4CCN3CC2CC(OC(=O)c2cc(OC)c(OC)c(OC)c2)C1OC,-1.7772835289,training
NCCS,1.5224442335,training
Cc1cccc(CN2CCN(C(c3ccccc3)c3ccc(Cl)cc3)CC2)c1,0.2227164711,training
CCCC(NC(C)C(=O)N1C(C(=O)O)CC2CCCCC21)C(=O)OCC,-0.8761483590000001,training
COc1ccc(CC(C)NCC(O)c2ccc(O)c(NC=O)c2)cc1,0.4265112614,training
CCSc1ccc2c(c1)N(CCCN1CCN(C)CC1)c1ccccc1S2,-0.3010299957,training
NCCCNCCSP(=O)(O)O,1.3909351071,training
C=CCOc1ccc(CC(=O)O)cc1Cl,0.2227164711,training
CC(=O)OC1(C(C)=O)CCC2C3=CC(Cl)=C4CC(=O)CCC4(C)C3CCC21C,-1.4775557665,training
O=C(O)C(Cl)Cl,1.8241258339,training
CC(C)(ON=C(C(=O)NC1C(=O)N2C(C(=O)O)=C(C[n+]3ccccc3)CSC12)c1csc(N)n1)C(=O)O,2.123851641,training
CCC1(CC)C(=O)NCC(C)C1=O,0.8241258339,training
N=C(N)N=Nc1ccc(NNC(N)=S)cc1,-0.7772835289,training
COc1cc(Cc2cnc(N)nc2N)cc(OC)c1OC,0.7267272090000001,training
CN1CCN(C(c2ccccc2)c2ccccc2)CC1,0.5224442335,training
CC12C=CC(C(=O)OC3CCC4C5CC=C6CC(=O)CCC6C5CCC34C)(CC1)CC2,0.5224442335,training
COCC1=C(C(=O)O)N2C(=O)C(=NC(=O)C(NOC)c3csc(N)n3)C2SC1,1.0,training
Cc1ccc(N(CC2=NCCN2)c2cccc(O)c2)cc1,-0.7772835289,training
CCN(CC)Cc1cc(Nc2ccnc3cc(Cl)ccc23)ccc1O,0.5224442335,training
Cc1[nH]c(=O)c(C#N)cc1-c1ccncc1,-1.3010299957,training
CC(=O)N(c1onc(C)c1C)S(=O)(=O)c1ccc(N)cc1,1.8241258339,training
Cn1c(O)cc(-c2ccccc2)c1O,1.6989700043,training
Cc1c(OCC(F)(F)F)ccnc1C[S+]([O-])c1nc2ccccc2[nH]1,-0.3010299957,training
CC(=O)OCCN1CCN(CCCN2c3ccccc3Sc3ccc(Cl)cc32)CC1,0.1760912591,training
CCCSc1ccc2[nH]c(NC(=O)O)nc2c1,1.123851641,training
CCO,2.0,training
COc1cc(C2c3cc4c(cc3C(OC3OC5COC(C)OC5C(O)C3O)C3COC(=O)C23)OCO4)cc(OC)c1O,0.4313637642,training
C1CCN2CC3CC(CN4CCCCC34)C2C1,1.0,training
CCC(c1ccccc1)c1c(O)c2ccccc2oc1=O,-0.3979400086999999,training
OC(c1ccccc1)(c1ccccc1)C1CCCCN1,-1.0,training
CC1=C2CC(=O)C=CC2(C)C2C(O)CC3(C)C(CCC3(O)C(=O)COC(=O)CCC(=O)O)C2C1,0.620136055,training
COc1ccc(CC2c3cc(OC)c(OC)cc3CC[N+]2(C)CCC(=O)OCCCCCOC(=O)CC[N+]2(C)CCc3cc(OC)c(OC)cc3C2Cc2ccc(OC)c(OC)c2)cc1OC,-0.3010299957,training
OCc1cc(C(O)CNCCCCCCOCCCCc2ccccc2)ccc1O,-2.8538719643,training
CC1(C)SC2C(N3C(=O)C(c4ccccc4)NC3(C)C)C(=O)N2C1C(=O)O,1.5224442335,training
Cc1ccc(C(=CCN2CCCC2)c2ccccn2)cc1,-0.7772835289,training
CC(C)(C)c1ccc(C(O)CCCN2CCC(C(O)(c3ccccc3)c3ccccc3)CC2)cc1,0.3010299957,training
C=CCN1CCC23c4c5ccc(O)c4OC2C(=O)CCC3(O)C1C5,-1.0,training
CNC1CCC(c2ccc(Cl)c(Cl)c2)c2ccccc21,0.5224442335,training
O=C(O)c1ccccc1Nc1cccc(C(F)(F)F)c1,1.0,training
CCCN1CC(CSC)CC2c3cccc4[nH]cc(c34)CC21,-1.3010299957,training
CC12C=CC(=O)C=C1CCC1C2C(O)CC2(C)C1CCC2(O)C(=O)COC(=O)CCCc1ccc(N(CCCl)CCCl)cc1,0.5224442335,training
C=C1CCC2(O)C3Cc4ccc(O)c5c4C2(CCN3CC2CC2)C1O5,-0.0793549986,training
Nc1ccc(C(=O)NCC(=O)O)cc1,1.0,training
COC1(NC(O)=c2sc(=C(C(N)=O)C(=O)O)s2)C(=O)N2C(C(=O)O)=C(CSc3nnnn3C)CSC21,1.8241258339,training
COc1ccc2c(c1OC)CN1CCc3cc4c(cc3C1C2)OCO4,1.5224442335,training
C=CCC1(CC(C)C)C(=O)NC(=O)NC1=O,0.3010299957,training
CC(=O)N(O)CCCCCNC(=O)CCC(=O)N(O)CCCCCNC(=O)CCC(=O)N(O)CCCCCN,2.0,training
O=C(CCNNC(=O)c1ccncc1)NCc1ccccc1,0.5224442335,training
CC[N+](C)(C)c1cccc(O)c1,-0.15490196,training
CCOC(=O)c1ccc(N)cc1,0.079181246,training
C[N+](C)(CCOc1ccccc1)Cc1ccccc1,1.620136055,training
C=CCN1CC(C(=O)N(CCCN(C)C)C(=O)NCC)CC2c3cccc4[nH]cc(c34)CC21,-1.6989700043,training
CN(C)c1ccc2c(c1)[SH]=c1cc(N(C)C)ccc1=N2,0.8129133566,training
c1ccc(C2CN3CCSC3=N2)cc1,-0.0793549986,training
c1ccc(C2(c3ccccc3)CC2C2=NCCN2)cc1,0.8129133566,training
CCOC(=O)C(CCc1ccccc1)NC(C)C(=O)N1CCCC1C(=O)O,-0.1758741661,training
CCn1cc(C(=O)O)c(=O)c2cc(F)c(N3CCNCC3)nc21,1.3010299957,training
CCCNC(=O)NS(=O)(=O)c1ccc(Cl)cc1,1.096910013,training
Cc1ccc(-c2cc(C(F)(F)F)nn2-c2ccc(S(N)(=O)=O)cc2)cc1,0.8241258339,training
Cc1c(-c2ccccc2)oc2c(C(=O)OCCN3CCCCC3)cccc2c1=O,1.123851641,training
COC1C(O)CC(=O)OC(C)CC=CC=CC(OC2CCC(N(C)C)C(C)O2)C(C)CC(CC=O)C1OC1OC(C)C(OC2CC(C)(O)C(O)C(C)O2)C(N(C)C)C1O,1.8241258339,training
C[N+](C)(C)CCOC(N)=O,-1.1758741661,training
CC1CCCC(O)CCCCCc2cc(O)cc(O)c2C(=O)O1,-3.3010299957,training
NS(=O)(=O)c1cc2c(cc1Cl)NC(C(Cl)Cl)NS2(=O)=O,-1.1758741661,training
O=C(OCCN1CCCCC1)C(O)(c1ccccc1)c1ccccc1,0.123851641,training
CCCOC(=O)Cn1cc(I)c(=O)c(I)c1,2.0,training
OCCN1CCN(CCCN2c3ccccc3Sc3ccc(C(F)(F)F)cc32)CC1,-0.4775557665,training
CC(=O)NC(CS)C(=O)O,1.0,training
Nc1ccc(C(=O)O)c(O)c1,2.3010299957,training
CCCC[N+]1(C)C2CC(OC(=O)C(CO)c3ccccc3)CC1C1OC12,0.123851641,training
CON=C(C(=O)NC1C(=O)N2C(C(=O)O)=C(COC(C)=O)CSC12)c1csc(N)n1,2.3010299957,training
C#CC1(O)CCC2C3CCc4cc(O)ccc4C3CCC21C,-3.3010299957,training
CC(=O)OC1CC(OC2C(O)CC(OC3C(O)CC(OC4CCC5(C)C(CCC6C5CC(O)C5(C)C(C7=CC(=O)OC7)C(O)CC65O)C4)OC3C)OC2C)OC(C)C1OC1OC(CO)C(O)C(O)C1O,-1.4775557665,training
OCC1OC(O)C(O)C(O)C1O,2.0,training
CN1C(=O)CC(C)(c2ccccc2)C1=O,1.3010299957,training
CNC1C(O)C(OC2C(N)CC(N)C(OC3OC(CN)=CCC3N)C2O)OCC1(C)O,0.4771212547,training
OCC(O)CO,2.9995654882,training
CC(Cc1ccc(O)cc1)NCC(O)c1cc(O)cc(O)c1,-1.5734887386,training
CCC(CO)NCCNC(CC)CO,1.3979400087,training
CCCC(=O)c1ccc2c(c1)N(CCCN1CCN(C)CC1)c1ccccc1S2,0.2227164711,training
CC1=C(C(=O)O)N2C(=O)C(NC(=O)C(N)c3ccc(O)cc3)C2SC1,1.2227164711,training
NCCc1cc[nH]n1,-0.3010299957,training
CN1CCCN=C1COC(=O)C(O)(c1ccccc1)C1CCCCC1,-0.3010299957,training
Cc1noc(NS(=O)(=O)c2ccc(N)cc2)c1C,1.8241258339,training
COC1=CC(=O)CC(C)C12Oc1c(Cl)c(OC)cc(OC)c1C2=O,1.096910013,training
O=C(O)c1sc(-c2ccccc2)nc1-c1ccc(Cl)cc1,1.1760912591,training
NC(=O)OCC(O)COc1ccc(Cl)cc1,1.6020599913,training
CCN(CC)CCNc1ccc(CO)c2sc3ccccc3c(=O)c12,1.0,training
O=C1CC2(CCCC2)CC(=O)N1CCCCN1CCN(c2ncccn2)CC1,0.0,training
CCOc1ccccc1OCCNC(C)Cc1ccc(OC)c(S(N)(=O)=O)c1,-1.876148359,training
NS(=O)(=O)c1cc2c(cc1Cl)NC(C1CC3C=CC1C3)NS2(=O)=O,-1.0,training
NCCCCC(N)C(=O)O,2.0,training
CN=C1C[N+]([O-])=C(c2ccccc2)c2cc(Cl)ccc2N1,0.2227164711,training
COCC(=O)OC1(CCN(C)CCCc2nc3ccccc3[nH]2)CCc2cc(F)ccc2C1C(C)C,0.2227164711,training
CC(=O)Oc1ccc(C(c2ccc(OC(C)=O)cc2)c2ccccn2)cc1,-0.6020599913,training
CC(=O)N=c1sc(S(N)(=O)=O)nn1C,0.6989700043000001,training
CNCC(O)c1cccc(O)c1,-0.0793549986,training
NC(Cc1ccc(N(CCCl)CCCl)cc1)C(=O)O,-1.0,training
CC(CCc1ccc(O)cc1)NCCc1ccc(O)c(O)c1,-1.3979400087,training
OCCN(CCO)CCO,1.0,training
C(=Cc1ccccc1)CN1CCN(C(c2ccccc2)c2ccccc2)CC1,0.5740312677,training
CCC1(C2=CCCCC2)C(=O)NC(=O)NC1=O,0.8241258339,training
CN1CCCC(n2nc(Cc3ccc(Cl)cc3)c3ccccc3c2=O)CC1,-0.8761483590000001,training
CCCCC1=NC2(CCCC2)C(=O)N1Cc1ccc(-c2ccccc2-c2nn[nH]n2)cc1,0.6989700043000001,training
CC1(C)SC2C(NC(=O)C(NC(=O)N3CCN(S(C)(=O)=O)C3=O)c3ccccc3)C(=O)N2C1C(=O)O,2.4265112614,training
CC(=O)OCC(=O)C1(O)C(C)CC2C3CC(F)C4=CC(=O)C=CC4(C)C3C(O)CC21C,-0.3979400086999999,training
Nc1nc(=O)c2c([nH]1)NCC(CNc1ccc(C(=O)NC(CCC(=O)O)C(=O)O)cc1)N2C=O,0.7331972651,training
CN(C)CCN(Cc1ccccc1)c1ccccn1,1.0,training
CN(C)C1C(=O)C(C(=O)NCN2CCCC2)C(=O)C2(O)C(=O)C3C(=O)c4c(O)cccc4C(C)(O)C3CC12,0.7656685548000001,training
COC1C(O)CC(OC2C(O)CC(OC3C(O)CC(OC4CCC5(C)C(CCC6C5CC(O)C5(C)C(C7=CC(=O)OC7)CCC65O)C4)OC3C)OC2C)OC1C,-2.1758741661000003,training
Nc1nc(=O)c2nc(CNc3ccc(C(=O)NC(CCC(=O)O)C(=O)O)cc3)cnc2[nH]1,-1.876148359,training
CCC1(O)CC(OC2CC(N(C)C)C(OC3CC(O)C(OC4CCC(=O)C(C)O4)C(C)O3)C(C)O2)c2c(cc3c(c2O)C(=O)c2c(O)cccc2C3=O)C1C(=O)OC,0.4313637642,training
CCOC(=O)C(CCc1ccccc1)NC(C)C(=O)N1Cc2cc(OC)c(OC)cc2CC1C(=O)O,-0.0793549986,training
CN1CCc2cccc3c2C1Cc1ccc(O)c(O)c1-3,0.2227164711,training
Oc1c(I)cc(Cl)c2cccnc12,1.3979400087,training
CC(NC(C)(C)C)C(=O)c1cccc(Cl)c1,0.8750612634,training
CN(C)CCO,1.1760912591,training
CNC(C)CC1CCCCC1,0.3979400086999999,training
NCCc1c[nH]cn1,-1.8386319978,training
CN1CCC23c4c5ccc(O)c4OC2C(=O)CCC3(O)C1C5,-0.8239087409,training
Cc1cc(C)cc(OCC2CNC(=O)O2)c1,2.0293837777,training
O=C(O)c1[nH]n(-c2ccc(S(=O)(=O)O)cc2)c(=O)c1N=Nc1ccc(S(=O)(=O)O)cc1,0.8750612634,training
Cc1ccc(C(=O)Oc2ccc(C(O)CNC(C)(C)C)cc2OC(=O)c2ccc(C)cc2)cc1,-1.4317982759,training
C#CCN1C(=O)CN=C(c2ccccc2)c2cc(Cl)ccc21,-0.4775557665,training
c1ccc(CC2=NCCN2)cc1,0.3010299957,training
CCC(C)C(C)(COC(N)=O)COC(N)=O,1.3010299957,training
Cc1cccc(Nc2ccncc2S(=O)(=O)NC(=O)NC(C)C)c1,0.5224442335,training
O=C1N=C(c2ccccc2Cl)c2cc(Cl)ccc2NC1O,-0.7772835289,training
CCN(CC)C(=O)N1CCN(C)CC1,0.7781512504000001,training
CC(C)N=c1cc2n(-c3ccc(Cl)cc3)c3ccccc3nc-2cc1Nc1ccc(Cl)cc1,0.5224442335,training
CCN(CC)CCOC(=O)C(O)(c1ccccc1)c1ccccc1,-0.8239087409,training
CNC1(c2ccccc2Cl)CCCCC1=O,0.3010299957,training
CC(=O)NS(=O)(=O)c1cc(N)ccc1S(=O)(=O)c1ccc(N)cc1,1.8241258339,training
CC(C)NCC(O)c1ccc(O)c(O)c1,-0.7772835289,training
CCC(=O)Oc1ccc2c(c1)CCC1C2CCC2(C)C(OC(=O)CC)CCC12,-0.3010299957,training
CC(C)(C)NCC(O)COc1cccc2c1CCCC2=O,-0.6020599913,training
COc1cccc(C2(O)CCCCC2CN(C)C)c1,0.8241258339,training
COC12CCC3(CC1C(C)(O)C(C)(C)C)C1Cc4ccc(O)c5c4C3(CCN1CC1CC1)C2O5,-1.8239087409,training
NS(=O)(=O)c1ccc(N2CCCCS2(=O)=O)cc1,1.0,training
CS(=O)(=O)c1ccc(C(O)C(COC(=O)CN)NC(=O)C(Cl)Cl)cc1,1.6989700043,training
O=C(O)c1c(Cl)c(Cl)c(Cl)c(Cl)c1-c1c2cc(I)c(=O)c(I)c-2oc2c(I)c(O)c(I)cc12,0.3010299957,training
CNC(=O)c1c(I)c(NC(=O)CCCCC(=O)Nc2c(I)c(C(=O)O)c(I)c(C(=O)NC)c2I)c(I)c(C(=O)O)c1I,2.0,training
CCOC(=O)CCCCCCCCC(C)c1cccc(I)c1,2.096910013,training
CC1(C)C(C=CC=CC=CC=C2Cc3c(ccc4ccccc34)N2CCCCS(=O)(=O)O)=[N+](CCCCS(=O)(=O)O)c2ccc3ccccc3c21,-0.3010299957,training
O=C(O)c1cccnc1,1.096910013,training
CC(C)(C)NCC(O)COc1ccccc1C#N,-0.1758741661,training
CCC(COC(=O)c1cc(OC)c(OC)c(OC)c1)(c1ccccc1)N(C)C,1.0,training
CC(C)NCC(O)COc1ccc(O)cc1,-0.4775557665,training
CC(=O)OCC(=O)C1(O)CCC2C3CC=C4CC(=O)C=CC4(C)C3C(O)CC21C,0.5224442335,training
COc1cc2c(cc1OC)C(Cc1cc(OC)c(OC)c(OC)c1)C[N+](C)(CCCOC(=O)CCC=CCCC(=O)OCCC[N+]1(C)CCc3cc(OC)c(OC)cc3C1Cc1cc(OC)c(OC)c(OC)c1)C2,-0.6020599913,training
CC(C)(C)NCC(O)COc1cccc2c1CC(O)C(O)C2,1.0293837777,training
CN(C)CCC(O)(c1ccccc1)c1ccccc1Cl,0.2227164711,training
CCCCCCCCCC(=O)OCCN1CCN(CCCN2c3ccccc3Sc3ccc(C(F)(F)F)cc32)CC1,-0.4775557665,training
O=P(O)(O)OCC(O)CO,1.8241258339,training
CC(C)NCC(O)COc1ccc(CCOCC2CC2)cc1,-0.1758741661,training
CC(Cc1ccccc1)N(C)Cc1ccccc1,0.3979400086999999,training
COc1ccc2c3c1OC1C(O)C=CC4C(C2)N(C)CCC341,0.7781512504000001,training
COc1ccccc1OCCNCC(O)COc1cccc2[nH]c3ccccc3c12,-0.379863945,training
NS(=O)(=O)c1cc(C(=O)O)c(NCc2ccco2)cc1Cl,1.0,training
O=C(Oc1ccccc1C(=O)O)c1ccccc1O,1.8241258339,training
NCC1OC(OC2C(N)CC(N)C(OC3OC(CO)C(O)C(N)C3O)C2O)C(N)CC1O,0.9542425094,training
CC1OC(OC2CCC3(C)C(CCC4C3CC(O)C3(C)C(C5=CC(=O)OC5)CCC43O)C2)CC(O)C1OC1CC(O)C(OC2CC(O)C(OC3OC(CO)C(O)C(O)C3O)C(C)O2)C(C)O1,-4.0969100130000005,training
C1CNCCN1,1.8241258339,training
COC1CC(OC2C(C)C(=O)OC(C)C(C)C(OC(C)=O)C(C)C(=O)C3(CO3)CC(C)C(OC3OC(C)CC(N(C)C)C3OC(C)=O)C2C)OC(C)C1OC(C)=O,1.5224442335,training
COC1CC(=C(c2cccs2)c2cccs2)C[N+](C)(C)C1,0.1760912591,training
CNS(=O)(=O)CCc1ccc2[nH]cc(C3CCN(C)CC3)c2c1,-1.0793549986,training
CN1CCC(=C2c3ccccc3CC(=O)c3sccc32)CC1,-1.4775557665,training
BrC(Br)Br,1.3979400087,training
CC(C)(C)NC(=O)C1CN(Cc2cccnc2)CCN1CC(O)CC(Cc1ccccc1)C(=O)NC1c2ccccc2CC1O,1.2227164711,training
O=C1OC(c2ccc(O)cc2)(c2ccc(O)cc2)c2ccccc21,0.3364597338,training
CCN(CC)CCOCCOC(=O)C1(c2ccccc2)CCCC1,0.3010299957,training
C#CCN(C)C(C)Cc1ccccc1,-0.7772835289,training
CC1(C)OC2COC3(COS(N)(=O)=O)OC(C)(C)OC3C2O1,0.8241258339,training
COC1C=COC2(C)Oc3c(C)c(O)c4c(O)c(c(C=NN5CCN(C)CC5)c(O)c4c3C2=O)NC(=O)C(C)=CC=CC(C)C(O)C(C)C(O)C(C)C(OC(C)=O)C1C,1.3010299957,training
NCC1CCC(N)C(OC2C(N)CC(N)C(OC3OC(CO)C(O)C(N)C3O)C2O)O1,0.4771212547,training
CN(C)CCCOC1(Cc2ccccc2)CCCCCC1,1.0,training
O=C1c2ccccc2C(=O)C1c1ccccc1,0.5224442335,training
CC(=O)OCC(=O)C1(O)CCC2C3CC=C4CC(=O)CCC4(C)C3(F)C(O)CC21C,-2.7772835289,training
Nc1cc(-c2ccncc2)c[nH]c1=O,-0.1249387366,training
Cn1nnnc1SCC1=C(C(=O)O)N2C(=O)C(NC(=O)C(O)c3ccccc3)C2SC1,2.0,training
OCC1(O)OCC(O)C(O)C1O,2.620136055,training
CC1(C)N=C(N)N=C(N)N1c1ccc(Cl)cc1,-0.4775557665,training
CCCNC1CCc2nc(N)sc2C1,-1.0,training
OC(CCCN1CCCCC1)(c1ccccc1)c1ccccc1,0.6989700043000001,training
CC(C)NCC(O)COc1ccc(CC(N)=O)cc1,0.5224442335,training
CC12CCC3c4ccc(OC(=O)Cc5ccc(N(CCCl)CCCl)cc5)cc4CCC3C1CCC2OC(=O)Cc1ccc(N(CCCl)CCCl)cc1,1.2219355998,training
CC(=O)Oc1ccccc1C(=O)O,1.8241258339,training
CC(=O)OC1(C(C)=O)CCC2C3=CC(Cl)=C4CC(=O)C5CC5C4(C)C3CCC21C,0.6989700043000001,training
O=C(O)CN(CCN(CC(=O)O)CC(=O)O)CCN(CC(=O)O)CC(=O)O,0.3979400086999999,training
COC(=O)C(c1ccccc1)C1CCCCN1,0.0,training
N=c1ccn2c(n1)OC1OC(CO)C(O)C12,1.3010299957,training
CC(CN(C)C)CN1c2ccccc2CCc2ccccc21,0.5224442335,training
CCCCC(=O)OC1(C(=O)CO)C(C)CC2C3CC=C4CC(=O)C=CC4(C)C3(F)C(O)CC21C,-0.8239087409,training
Cc1ncc([N+](=O)[O-])n1CCO,1.5224442335,training
CCN(CC)CCOC(=O)c1ccc(N)cc1Cl,0.9206450014,training
COc1cccc2c(O)c3c(c(O)c12)C(=O)C1=C(CC(O)(C(C)=NNC(=O)c2ccccc2)CC1OC1CC(N)C(O)C(C)O1)C3=O,0.84509804,training
CC1CC=CC=CC=CC=CC(OC2OC(C)C(O)C(N)C2O)CC2OC(O)(CC(O)CC3OC3C=CC(=O)O1)CC(O)C2C(=O)O,-0.5606673061999999,training
CNC(=O)Oc1ccc2c(c1)C1(C)CCN(C)C1N2C,-1.7772835289,training
O=C1CN=C(c2ccccc2)c2cc(Cl)ccc2N1CC1CC1,0.0,training
CN1C(=O)CCS(=O)(=O)C1c1ccc(Cl)cc1,0.8241258339,training
CNC1C(OC2C(OC3C(O)C(O)C(N=C(N)N)C(O)C3N=C(N)N)OC(C)C2(O)C=O)OC(CO)C(O)C1O,1.3010299957,training
CC(=O)NC1C(N=C(N)N)C=C(C(=O)O)OC1C(O)C(O)CO,-0.4775557665,training
CC(C)COC(=O)c1ccc(N)cc1,0.8241258339,training
COCCc1ccc(OCC(O)CNC(C)C)cc1,0.8241258339,training
CCOc1c(N2CCOCC2)cnn(C)c1=O,0.5224442335,training
CCC1C(=O)OCC1Cc1cncn1C,-0.3010299957,training
OCC(O)CN1CCN(c2ccccc2)CC1,0.4771212547,training
CCOC(=O)C1=C(COCCN)N=C(C)C(C(=O)OC)C1c1ccccc1Cl,-0.7772835289,training
COc1ccc2[nH]cc(CCNC(C)=O)c2c1,-1.0793549986,training
CCCC(C)(COC(N)=O)COC(N)=O,1.6020599913,training
CCC(=O)OC1CCC2C3CCC4CC(=O)C(C)CC4(C)C3CCC12C,0.2227164711,training
CON=C(C(=O)NC1C(=O)N2C(C(=O)O)=C(CSc3nnnn3C)CSC12)c1csc(N)n1,1.8241258339,training
COc1cccc(OC)c1C(=O)NC1C(=O)N2C1SC(C)(C)C2C(=O)O,2.3010299957,training
CN(C)CCC=C1c2ccccc2COc2ccc(CC(=O)O)cc21,-0.4775557665,training
O=C(O)C(S)C(S)C(=O)O,1.0,training
C=CCC1(CC=C)C(=O)NC(=O)NC1=O,0.5224442335,training
CCC(CO)NC(=O)C1C=C2c3cccc4c3c(cn4C)CC2N(C)C1,-1.0,training
Nc1[nH]c(=O)ncc1F,2.1760912591,training
NS(=O)(=O)c1cc2c(cc1Cl)N=C(CSCc1ccccc1)NS2(=O)=O,0.5224442335,training
CCC(=O)N(c1ccccc1)C1(COC)CCN(CCn2nnn(CC)c2=O)CC1,-0.6108339156,training
CN1C(=O)C(O)N=C(c2ccccc2)c2cc(Cl)ccc21,-0.6020599913,training
CCCCc1c(O)[nH]n(-c2ccccc2)c1=O,0.6989700043000001,training
c1ccc(CN(CC2=NCCN2)c2ccccc2)cc1,0.6989700043000001,training
O=C(CCCN1CC=C(n2c(=O)[nH]c3ccccc32)CC1)c1ccc(F)cc1,-0.5606673061999999,training
CC(=O)c1ccc(S(=O)(=O)NC(=O)NC2CCCCC2)cc1,1.3979400087,training
CC(C)(C)NCC(O)COc1nsnc1N1CCOCC1,0.0,training
CC1C2CN(CC3CC3)CCC1(C)c1cc(O)ccc12,-1.1758741661,training
COc1ccc2c3c1OC1C(=O)CCC4C(C2)N(C)CCC314,-0.1249387366,training
CCc1cc2c(s1)-n1c(C)nnc1CN=C2c1ccccc1Cl,-1.1758741661,training
NCCNCCNCCN,1.5224442335,training
CN1CCCN=C1C=Cc1cccs1,1.3010299957,training
NC(=O)N1c2ccccc2C=Cc2ccccc21,1.4265112614,training
O=c1[nH]cc(F)c(=O)[nH]1,1.079181246,training
CN1CCN2c3ccccc3Cc3ccccc3C2C1,0.1760912591,training
CCC(C)(C)N=C(N)NC#N,1.0170333393000002,training
CCN(CC)CCCC(C)Nc1c2ccc(Cl)cc2nc2ccc(OC)cc12,0.6989700043000001,training
NC(=O)C1CCCN1C(=O)C(Cc1c[nH]cn1)NC(=O)C1CCC(=O)N1,-2.0793549986,training
CCC(=O)N(c1ccccc1)C1CCN(CCc2ccccc2)CC1,-3.3010299957,training
CCC1(c2ccccc2)CCC(=O)NC1=O,0.9206450014,training
CC(=O)OC1CC2CCC3C(CCC4(C)C3CC([N+]3(C)CCCCC3)C4OC(C)=O)C2(C)CC1N1CCCCC1,-1.0,training
Nc1nc(O)c(-c2ccccc2)o1,0.2741578493,training
COc1cccc2c(O)c3c(c(O)c12)C(=O)C1=C(CC(O)(C(C)=O)CC1OC1CC(N)C(O)C(C)O1)C3=O,0.0334237555,training
CCOc1ccccc1C(N)=O,1.8241258339,training
COc1ccc2c(c1OC)C(=O)OC2C1c2c(cc3c(c2OC)OCO3)CCN1C,0.3979400086999999,training
CC12C=CC(=O)C=C1C(Cl)=CC1C2C(O)CC2(C)C1CCC2(O)C(=O)CO,-0.681936665,training
O=c1[nH]c2ccccc2n1C1CCN(CCCC(c2ccc(F)cc2)c2ccc(F)cc2)CC1,-0.7772835289,training
CC(=O)Nc1ccccc1,0.6989700043000001,training
NCc1ccccc1CC(=O)NC1C(=O)N2C(C(=O)O)=C(CSc3nnnn3CC(=O)O)CSC12,1.5224442335,training
CN(CC(=O)N1CCOCC1)Cc1c(Cl)cccc1NC(=O)c1ccccc1,0.903089987,training
CCOC(=O)C1(c2ccccc2)CCN(C)CC1,1.1760912591,training
CC12CCC3c4ccc(OC(=O)c5ccccc5)cc4CCC3C1CCC2O,-0.3010299957,training
C#CC1(O)CCC2C3CC=C4CC(=O)CCC4(C)C3CCC21C,0.2227164711,training
N=C(N)N1CCc2ccccc2C1,0.6989700043000001,training
CCn1ccc(NS(=O)(=O)c2ccc(N)cc2)nc1=O,1.2227164711,training
CCCN(CCC)S(=O)(=O)c1ccc(C(=O)O)cc1,1.2227164711,training
CCCCCCCCCCCC(CC1OC(=O)C1CCCCCC)OC(=O)C(CC(C)C)NC=O,0.7781512504000001,training
CN1c2cc(O)c(N=NC(N)=O)cc2CC1S(=O)(=O)O,0.4771212547,training
CC(=O)NCc1c(I)c(NC(C)=O)c(I)c(C(=O)O)c1I,2.0,training
CC(C)N1CCC(N(C(=O)Cc2ccccc2)c2ccc(Cl)cc2)CC1,0.8241258339,training
CCC(=O)OCC(=O)C1(OC(=O)CC)C(C)CC2C3CC=C4CC(=O)C=CC4(C)C3(F)C(O)CC21C,-0.8239087409,training
CN=C(NC#N)NCCSCc1[nH]cnc1C,1.6020599913,training
CC(C)(C)NCC(O)COc1cccc2c1CCC(=O)N2,-0.7772835289,training
CCOC(=O)C1=C(C)N=C(C)C(C(=O)OC)C1c1cccc([N+](=O)[O-])c1,-0.4775557665,training
N#Cc1ccc(C(c2ccc(C#N)cc2)n2cncn2)cc1,-1.379863945,training
CC(C)[N+](C)(CCOC(=O)C1c2ccccc2Oc2ccccc21)C(C)C,0.096910013,training
CNNCc1ccc(C(=O)NC(C)C)cc1,0.7781512504000001,training
CCc1oc2ccccc2c1C(=O)c1cc(Br)c(O)c(Br)c1,0.6989700043000001,training
O=C(c1ccc(OCCN2CCCCC2)cc1)c1c(-c2ccc(O)cc2)sc2cc(O)ccc12,1.0,training
CN(C(=O)CC(=O)N(C)c1c(I)c(C(=O)NC(CO)C(O)CO)c(I)c(C(=O)NC(CO)C(O)CO)c1I)c1c(I)c(C(=O)NC(CO)C(O)CO)c(I)c(C(=O)NC(CO)C(O)CO)c1I,2.0,training
O=P1(N(CCCl)CCCl)NCCCO1,0.6989700043000001,training
COc1ccc(OC)c(C(O)CNC(=O)CN)c1,-0.6020599913,training
CCOC(=O)C(CCc1ccccc1)NC(C)C(=O)N1C(C(=O)O)CC2CCCC21,-0.4775557665,training
CCN(C(C)=O)c1cccc(-c2ccnc3c(C#N)cnn23)c1,-0.3010299957,training
CC(CCC(=O)O)C1CCC2C3C(O)CC4CC(O)CCC4(C)C3CCC12C,1.0,training
CNC(C)CCC=C(C)C,0.7339992865,training
CCC1(C)CC(=O)NC1=O,1.2227164711,training
NNc1nncc2ccccc12,0.5224442335,training
CCOC(=O)C=C(C)C=CC=C(C)C=Cc1c(C)cc(OC)c(C)c1C,0.1760912591,training
O=C(Cc1cccs1)NC1C(=O)N2C(C(=O)O)=C(C[n+]3ccccc3)CSC12,1.8241258339,training
CCN(CC)C(=O)Nc1ccc(OCC(O)CNC(C)(C)C)c(C(C)=O)c1,0.8241258339,training
CC1CC2C3CC=C4CC(=O)C=CC4(C)C3(F)C(O)CC2(C)C1(OC(=O)c1ccccc1)C(=O)CO,-0.8239087409,training
O=[N+]([O-])OCCN(CCO[N+](=O)[O-])CCO[N+](=O)[O-],-0.5734887386,training
CC(=O)CCCCn1c(=O)c2c(ncn2C)n(C)c1=O,1.3010299957,training
CCOC(=O)C1(c2ccccc2)CCN(CCC(C#N)(c2ccccc2)c2ccccc2)CC1,-0.4775557665,training
CCc1nn(CCCN2CCN(c3cccc(Cl)c3)CC2)c(=O)n1CCOc1ccccc1,1.0,training
C[N+]1(C)C2CCC1CC(OC(=O)C(O)c1ccccc1)C2,-0.1758741661,training
NCC1OC(OC2C(N)CC(N)C(O)C2O)C(N)C(O)C1O,2.0,training
COC1CC(OC2C(C)C(=O)OC(C)C(C)C(O)C(C)C(=O)C3(CO3)CC(C)C(OC3OC(C)CC(N(C)C)C3O)C2C)OC(C)C1O,1.5224442335,training
NC(CO)C(=O)NNCc1ccc(O)c(O)c1O,0.5224442335,training
O=C(OC1C(OC(=O)c2cccnc2)C(OC(=O)c2cccnc2)C(OC(=O)c2cccnc2)C(OC(=O)c2cccnc2)C1OC(=O)c1cccnc1)c1cccnc1,1.8241258339,training
CC(c1cc2ccccc2s1)N(O)C(N)=O,1.6020599913,training
O=c1[nH]c(O)cn1N=Cc1ccc(-c2ccc([N+](=O)[O-])cc2)o1,0.8241258339,training
CN(C)CCCN1c2ccccc2Sc2ccc(Cl)cc21,1.2227164711,training
CCOC(=O)C1=C(C)N=C(C)C(C(=O)OC)C1c1cccc(Cl)c1Cl,-0.4775557665,training
O=c1c(CC[S+]([O-])c2ccccc2)c(O)n(-c2ccccc2)n1-c1ccccc1,1.123851641,training
CCN(CC)CC#CCOC(=O)C(O)(c1ccccc1)C1CCCCC1,-0.4775557665,training
CC(C[N+](C)(C)C)OC(N)=O,0.5224442335,training
CC(C=CC=C(C)C=CC1=C(C)C(=O)CCC1(C)C)=CC=CC=C(C)C=CC=C(C)C=CC1=C(C)C(=O)CCC1(C)C,1.3979400087,training
O=CC(NC(=O)N(CCCl)N=O)C(O)C(O)C(O)CO,0.6074550232,training
O=C(O)c1cc(-c2ccc(F)cc2F)ccc1O,1.3979400087,training
CC(O)(P(=O)(O)O)P(=O)(O)O,1.3010299957,training
CCCC1OC2CC3C4CC=C5CC(=O)C=CC5(C)C4C(O)CC3(C)C2(C(=O)CO)O1,-2.3635121036,training
OCCN1CC(O)C(O)C(O)C1CO,0.6989700043000001,training
CN1c2ccccc2Sc2ccc(CC(=O)O)cc21,1.096910013,training
CC(=O)OC1CC(OC2C(O)CC(OC3C(O)CC(OC4CCC5(C)C(CCC6C5CC(O)C5(C)C(C7=CC(=O)OC7)CCC65O)C4)OC3C)OC2C)OC(C)C1OC1OC(CO)C(O)C(O)C1O,-1.4775557665,training
COc1ccccc1OCC1CNC(=O)O1,1.3010299957,training
NC(CC(=O)O)C(=O)O,2.0,training
Nc1nc(Cl)nc2c1ncn2C1CC(O)C(CO)O1,-1.0457574906,training
NC(Cc1ccccc1)C(=O)O,2.0,training
CC(=O)N(CC(C)C(=O)O)c1c(I)cc(I)c(N)c1I,1.8750612634,training
COCC1=C(C(=O)OC(C)OC(=O)OC(C)C)N2C(=O)C(=NC(=O)C(NOC)c3csc(N)n3)C2SC1,1.0,training
CCC(=O)N(c1ccccc1)C1(COC)CCN(CCc2cccs2)CC1,-1.6020599913,training
Cc1ncsc1CCCl,0.8061799740000001,training
CCC(=O)OC1CC(=O)OC(C)CC=CC=CC(OC2CCC(N(C)C)C(C)O2)C(C)CC(CC=O)C(OC2OC(C)C(OC3CC(C)(O)C(O)C(C)O3)C(N(C)C)C2O)C1OC,1.8241258339,training
C[N+](C)(C)CCOC(=O)CCC(=O)OCC[N+](C)(C)C,0.0413926852,training
COC(=O)C1=C(C)N=C(C)C(C(=O)OCCN(C)Cc2ccccc2)C1c1cccc([N+](=O)[O-])c1,0.3010299957,training
CC(=O)OC1CC(OC2C(O)CC(OC3C(O)CC(OC4CCC5(C)C(CCC6C5CCC5C(c7cc(O)co7)CCC56O)C4)OC3C)OC2C)OC(C)C1OC1OC(CO)C(O)C(O)C1O,-1.4775557665,training
Nc1c(Br)cc(Br)cc1CNC1CCC(O)CC1,0.3010299957,training
CN1CCCC1CCOC(C)(c1ccccc1)c1ccc(Cl)cc1,-0.8728952016,training
CC1NCCOC1c1ccccc1,0.096910013,training
CC(C)(O)CC(C)(O)c1ccc(Cl)cc1,1.0,training
CNC(C)C1CCC(N)C(OC2C(N)CC(N)C(OC3OCC(C)(O)C(NC)C3O)C2O)O1,0.4771212547,training
O=C(CCCCC(=O)Nc1c(I)cc(I)c(C(=O)O)c1I)Nc1c(I)cc(I)c(C(=O)O)c1I,2.2227164711,training
CCC1(C)OC(=O)N(C)C1=O,1.6020599913,training
CCN(CC)CCSC(=O)C(c1ccccc1)c1ccccc1,0.6989700043000001,training
CC(C)NCC(O)COc1cccc2[nH]ccc12,0.0,training
CC#CC1(O)CCC2C3=C(C4=C(CC3)CC(=O)CC4)C(c3ccc(N(C)C)cc3)CC21C,1.0,training
Nc1ncnc2c1ncn2C1OC(COP(=O)(O)O)C(O)C1O,-0.4775557665,training
NC(CCC(=O)NC(CS)C(=O)NCC(=O)O)C(=O)O,0.6989700043000001,training
COCc1c(-c2ccc(F)cc2)c(=CCC(O)CC(O)CC(=O)O)c(C(C)C)nc1=C(C)C,-2.3010299957,training
Cc1onc(-c2c(Cl)cccc2Cl)c1C(=O)NC1C(=O)N2C1SC(C)(C)C2C(=O)O,1.2227164711,training
CCN(CC)CCOC(=O)C(c1ccccc1)c1ccccc1,0.8750612634,training
NC1CC1c1ccccc1,0.0,training
CC1(C)SC2C(NC(=O)C(N)c3ccc(O)cc3)C(=O)N2C1C(=O)O,1.3979400087,training
CCOC(=O)C(C)(C)Oc1ccc(Cl)cc1,1.5224442335,training
CCOC(=O)C1(c2ccccc2)CCN(CCc2ccc(N)cc2)CC1,0.5224442335,training
Cc1ccc(C(=O)c2cc(O)c(O)c([N+](=O)[O-])c2)cc1,0.5224442335,training
CC(=O)OCC(=O)C1(O)CCC2C3CC=C4CC(=O)CCC4(C)C3C(=O)CC21C,0.6989700043000001,training
CCC(C)n1ncn(-c2ccc(N3CCN(c4ccc(OCC5COC(Cn6cncn6)(c6ccc(Cl)cc6Cl)O5)cc4)CC3)cc2)c1=O,1.0,training
COc1ccc2c(c1)N(CC(C)CN(C)C)c1ccccc1S2,0.5224442335,training
C=C1c2cccc(O)c2C(=O)C2C(=O)C3(O)C(=O)C(C(N)=O)C(=O)C(N(C)C)C3C(O)C12,1.1760912591,training
CCN1CCN(C(=O)NC(C(=O)NC2C(=O)N3C(C(=O)O)=C(CSc4nnnn4C)CSC23)c2ccc(O)cc2)C(=O)C1=O,2.3010299957,training
CC(C)Cc1ccc(C(C)C(=O)OCc2ccccn2)cc1,1.6020599913,training
CC(O)C(=O)O,2.0,training
CC(C)=CCN1CCC2(C)c3cc(O)ccc3C1CC2C,-0.3010299957,training
O=C1OC(c2ccc(O)c(S(=O)(=O)O)c2)(c2ccc(O)c(S(=O)(=O)O)c2)c2c(Br)c(Br)c(Br)c(Br)c21,0.6989700043000001,training
CC(=O)OCC(=O)C1CCC2C3CC=C4CC(=O)CCC4(C)C3CCC12C,0.2227164711,training
OCC(Br)(Br)Br,2.0,training
CN(CCCN1c2ccccc2CCc2ccccc21)CC(=O)c1ccc(Cl)cc1,0.5440680444,training
O=c1[nH]c(=S)[nH]cc1I,0.6989700043000001,training
O=C(CCCN1CCC(O)(c2ccc(Br)cc2)CC1)c1ccc(F)cc1,-0.0793549986,training
O=C1C(O)N=C(c2ccccc2F)c2cc(Cl)ccc2N1CCO,-0.4775557665,training
CC(C)N=C(N)N=C(N)Nc1ccc(Cl)c(Cl)c1,-0.4775557665,training
CN(C)CCCN1c2ccccc2C(C)(C)c2ccccc21,1.0,training
NCCCC(O)(P(=O)(O)O)P(=O)(O)O,-0.1758741661,training
CCCCCCC(=O)OC1CCC2C3CCc4cc(O)ccc4C3CCC12C,-0.3010299957,training
CNCC12CCC(c3ccccc31)c1ccccc12,0.0,training
CCOC(=O)CCCCCCCCC(C)c1ccccc1I,2.096910013,training
CCNC(C)Cc1cccc(C(F)(F)F)c1,0.3010299957,training
CCN(CC)C(=O)c1ccc(O)c(OC)c1,0.620136055,training
CC(O)=NO,1.2227164711,training
CC(=O)NCCOC(=O)C(Oc1ccc(C(F)(F)F)cc1)c1ccc(Cl)cc1,1.2227164711,training
O=C1Nc2ccccc2C1(c1ccc(O)cc1)c1ccc(O)cc1,-0.0793549986,training
C[N+](C)(C)CC(=O)O,0.9206450014,training
CC1OC(C)OC(C)O1,2.3979400087,training
C#CC1(O)CCC2C3CCC4=CCCCC4C3C(=C)CC21CC,-2.6020599913,training
N=C(N)NS(=O)(=O)c1ccc(N)cc1,1.3010299957,training
OCCOCCN1CCN(C2=Nc3ccccc3Sc3ccccc32)CC1,1.123851641,training
CC(=O)Nc1ccc(C=NNC(N)=S)cc1,0.3979400086999999,training
COc1ccc(CCN2CCC(Nc3nc4ccccc4n3Cc3ccc(F)cc3)CC2)cc1,-0.7772835289,training
O=C(OCC(COC(=O)c1cccnc1)(COC(=O)c1cccnc1)COC(=O)c1cccnc1)c1cccnc1,0.6020599913,training
CS(=O)(=O)c1ccc(C(O)C(CO)NC(=O)C(Cl)Cl)cc1,1.6989700043,training
NC(CCC(=O)O)C(=O)O,2.0,training
NC1C(O)OC(CO)C(O)C1O,2.0,training
CC(CCc1ccccc1)NCC(O)c1ccc(O)c(C(N)=O)c1,1.6020599913,training
CC(=O)OC1CC2CCC3C(CCC4(C)C3CC([N+]3(C)CCCCC3)C4OC(C)=O)C2(C)CC1[N+]1(C)CCCCC1,-1.0,training
CCC(c1ccc2cc(OC)ccc2c1)C(C)(C)C(=O)O,-0.8239087409,training
CC(=O)OCC(CCn1cnc2cnc(N)nc21)COC(C)=O,1.3979400087,training
C=CCC1(C(C)C)C(=O)NC(=O)NC1=O,0.4265112614,training
CC(C)(O)c1ccccc1CCC(SCC1(CC(=O)O)CC1)c1cccc(C=Cc2ccc3ccc(Cl)cc3n2)c1,-0.7772835289,training
Cc1onc(-c2ccccc2)c1C(=O)NC1C(=O)N2C1SC(C)(C)C2C(=O)O,2.0,training
CCC(C)C(C(=O)OC1CCN(C)CC1)c1ccccc1,0.6020599913,training
CCCC(=O)OC1C(C)OC(OC2C(C)OC(OC3C(CC=O)CC(C)C(O)C=CC=CCC(C)OC(=O)CC(O)C3OC)C(O)C2N(C)C)CC1(C)OC(=O)CC,1.3010299957,training
Cc1ccsc1C(=CCCN1CCCC(C(=O)O)C1)c1sccc1C,0.0293837777,training
CCCCc1ccc(C(=O)O)nc1,0.8750612634,training
Nc1ncn(C2OC(CO)C(O)C2O)c(=O)n1,1.3074960379,training
C#CC1(O)CCC2C3=C(C=CC21CC)C1=C(CC3)CC(=O)CC1,-1.379863945,training
NC(Cc1cc(I)c(Oc2cc(I)c(O)c(I)c2)c(I)c1)C(=O)O,-2.0793549986,training
O=C(O)COCCN1CCN(C(c2ccccc2)c2ccc(Cl)cc2)CC1,1.2253092817,training
CCCCN1CCCCC1C(=O)Nc1c(C)cccc1C,0.5740312677,training
CC(=O)OCC(=O)C1(O)CCC2C3CC(C)=C4CC(=O)C=CC4(C)C3C(O)CC21C,0.620136055,training
COCCOc1cnc(NS(=O)(=O)c2ccccc2)nc1,1.5224442335,training
Nc1ncnc2c1ncn2C1OC(CO)C(O)C1O,0.3010299957,training
CC(=O)OCC1=C(C(=O)O)N2C(=O)C(NC(=O)CSc3ccncc3)C2SC1,2.0,training
CC(CN1c2ccccc2Sc2ccc(S(=O)(=O)N(C)C)cc21)N(C)C,0.123851641,training
NC(Cc1ccc(O)c(O)c1)C(=O)O,2.123851641,training
CCn1nc(C)c2c1C(c1ccccc1)=NCC(=O)N2,0.123851641,training
Cc1c(C(=O)O)c(O)cc2c(O)c3c(c(O)c12)C(=O)C(C1OC(CO)C(O)C(O)C1O)C(=O)C3=O,0.9206450014,training
CCC(CO)NC(=O)C1C=C2c3cccc4[nH]cc(c34)CC2N(C)C1,-1.876148359,training
N#CC(CCN1CCC(C(=O)O)(c2ccccc2)CC1)(c1ccccc1)c1ccccc1,-0.8761483590000001,training
CC(N)Cc1ccc(O)cc1,0.6020599913,training
COc1cc2nc(N3CCN(C(=O)C4CCCO4)CC3)nc(N)c2cc1OC,-0.4775557665,training
Cc1ncc(CO)c(CO)c1O,0.8241258339,training
CN(C)CCn1nnnc1SCC1=C(C(=O)O)N2C(=O)C(NC(=O)Cc3csc(N)n3)C2SC1,2.0,training
O=C1CN=C(c2ccccc2)c2cc([N+](=O)[O-])ccc2N1,-0.4775557665,training
COc1ccc2c(c1)C(=O)N(CCc1ccc(S(=O)(=O)NC(=O)NC3CCCCC3)cc1)C(=O)C2(C)C,0.0,training
CN1C2CCCC1CC(NC(=O)c1nn(C)c3ccccc13)C2,-2.0,training
CC12CCC3c4ccc(OS(=O)(=O)O)cc4CCC3C1CCC2=O,-1.3306831194,training
CC(=O)C1(O)CCC2C3=CC(Cl)=C4CC(=O)CCC4(C)C3CCC21C,-1.4775557665,training
NCC1OC(OC2C(CO)OC(OC3C(O)C(N)CC(N)C3OC3OC(CO)C(O)C(O)C3N)C2O)C(N)C(O)C1O,1.5440680444,training
OCC1OC(OC2C(CO)OC(O)C(O)C2O)C(O)C(O)C1O,2.0,training
CCN(CCO)CCCC(C)Nc1ccnc2cc(Cl)ccc12,1.0,training
O=c1cc[nH]c(=S)[nH]1,0.5224442335,training
CC(=O)c1ccc2c(c1)N(CCCN(C)C)c1ccccc1S2,-0.8239087409,training
CN(C)C1C(=O)C(C(N)=O)C(=O)C2(O)C(=O)C3C(=O)c4c(O)ccc(Cl)c4C(C)(O)C3CC12,1.5224442335,training
C=CC1=C(C(=O)O)N2C(=O)C(=NC(=O)C(NOCC(=O)O)c3csc(N)n3)C2SC1,1.123851641,training
O=C(O)CCC(=O)c1ccc(C2CCCCC2)c(Cl)c1,1.3010299957,training
CCOC(=O)c1ncn2c1CN(C)C(=O)c1cc(F)ccc1-2,-1.3010299957,training
O=C(O)c1cc(N=Nc2ccc(S(=O)(=O)Nc3ccccn3)cc2)ccc1O,2.123851641,training
Cc1ncc(C[n+]2csc(CCO)c2C)c(N)n1,0.2227164711,training
COCC(=O)Nc1c(I)c(C(=O)NCC(O)CO)c(I)c(C(=O)N(C)CC(O)CO)c1I,2.0,training
Cc1nnc(SCC2=C(C(=O)O)N3C(=O)C(NC(=O)Cn4cnnn4)C3SC2)s1,1.8241258339,training
CC(=O)OC1CC2CCC3C(CCC4(C)C3CC(N3CC[N+](C)(C)CC3)C4OC(C)=O)C2(C)CC1N1CC[N+](C)(C)CC1,-1.0457574906,training
CC1OC2(CS1)CN1CCC2CC1,0.4771212547,training
CCCC(CCC)C(=O)O,1.620136055,training
CC(=O)Nc1nnc(S(N)(=O)=O)s1,1.2227164711,training
CCOC(=O)CCC(=O)OC1C(OC2C(C)C(OC3CC(C)(OC)C(O)C(C)O3)C(C)C(=O)OC(CC)C(C)(O)C(O)C(C)C(=O)C(C)CC2(C)O)OC(C)CC1N(C)C,1.8241258339,training
O=C(O)CCCCC1SCC2NC(=O)NC21,-2.4775557665,training
CC(=O)C1(O)CCC2C3=CC(Cl)=C4CC(=O)C5CC5C4(C)C3CCC21C,0.6989700043000001,training
CC1(C)C(C(=O)O)N2C(=O)CC2S1(=O)=O,1.8241258339,training
Cn1c(=O)c2c(ncn2CC(O)CO)n(C)c1=O,1.7781512504,training
COc1ccc(C2Sc3ccccc3N(CCN(C)C)C(=O)C2OC(C)=O)cc1,0.903089987,training
NS(=O)(=O)c1cc2c(cc1C(F)(F)F)NCNS2(=O)=O,0.5224442335,training
Cc1cc(=O)[nH]c(=S)[nH]1,1.0,training
Cc1onc(-c2c(F)cccc2Cl)c1C(=O)NC1C(=O)N2C1SC(C)(C)C2C(=O)O,1.8241258339,training
CC(=O)c1ccc2c(c1)N(CCCN1CCC(CCO)CC1)c1ccccc1S2,0.4265112614,training
C[N+]1(C)CCN(CC(O)(c2ccccc2)C2CCCCC2)CC1,0.2227164711,training
CN1CCC(OC(c2ccccc2)c2ccccc2)CC1,-0.4775557665,training
CC(S)C(=O)NCC(=O)O,1.5224442335,training
O=C(O)CC(O)(CC(=O)O)C(=O)O,2.0,training
CC(=O)C1(O)C=C2C(=O)c3c(c(O)c4ccccc4c3O)C(=O)C2C(OC2CC(N)C(O)C(C)O2)C1,0.4313637642,training
CCC(C)(C)C(=O)OC1CC(C)C=C2C=CC(C)C(CCC3CC(O)CC(=O)O3)C21,-0.1758741661,training
CC(I)C1OCC(CO)O1,0.6020599913,training
CC(C(=O)O)c1ccc(N2CC=CC2)c(Cl)c1,1.123851641,training
O=C1N=C(c2ccccc2)c2cc(Cl)ccc2NC1O,0.3010299957,training
CCCCCCCCCCCCCCCC(=O)OCC(=O)C1(O)C(C)CC2C3CC=C4CC(=O)C=CC4(C)C3(F)C(O)CC21C,-0.8239087409,training
NC(Cc1cc(I)c(Oc2ccc(O)c(I)c2)c(I)c1)C(=O)O,-2.7772835289,training
CCN(CC)C(=S)SSC(=S)N(CC)CC,0.9206450014,training
CN1C(=O)CN=C(c2ccccc2)c2cc(Cl)ccc21,-0.1758741661,training
OCC1OC(O)(CO)C(O)C1O,2.620136055,training
CCN(CC)C(=O)C1C=C2c3cccc4[nH]cc(c34)CC2N(C)C1,-1.903089987,training
COC(=O)C1C2CC3c4[nH]c5cc(OC)ccc5c4CCN3CC2CC(OC(=O)C=Cc2cc(OC)c(OC)c(OC)c2)C1OC,-1.7772835289,training
CC(C)NNC(=O)c1ccncc1,0.3979400086999999,training
Nc1ncnc2c1ncn2C1OC(COP(=O)(O)OP(=O)(O)OP(=O)(O)O)C(O)C1O,-0.6989700043000001,training
S=c1[nH]cnc2[nH]cnc12,0.3979400086999999,training
CCS(=O)(=O)CCn1c([N+](=O)[O-])cnc1C,1.5224442335,training
CCCC(C)C1(CC)C(=O)NC(=S)NC1=O,0.620136055,training
CC(CSC(=O)C(C)NC(=O)C1CCCCC1)C(=O)N1CCCC1C(=O)O,0.0,training
CCCCCCCCCC(=O)OC1CCC2C3CC=C4CC(=O)CCC4C3CCC12C,0.5224442335,training
NC(=O)c1cnccn1,1.4771212547,training
COc1c(C)c2c(c(O)c1CC=C(C)CCC(=O)OCCN1CCOCC1)C(=O)OC2,2.079181246,training
CC1CC2C3CC(F)C4=CC(=O)C=CC4(C)C3C(O)CC2(C)C1(O)C(=O)CO,-0.3979400086999999,training
NCC(O)c1ccc(O)c(O)c1,-1.1758741661,training
CC=C(c1ccc(O)cc1)C(CC)c1ccc(O)cc1,1.0,training
CC(C)(C)c1ccc(CN2CCN(C(c3ccccc3)c3ccc(Cl)cc3)CC2)cc1,0.3979400086999999,training
CCCc1nn(C)c2c(=O)[nH]c(-c3cc(S(=O)(=O)N4CCN(C)CC4)ccc3OCC)nc12,0.2227164711,training
CCCCC(=O)OCC(=O)C1(O)C(C)CC2C3CC=C4CC(=O)C=CC4(C)C3(F)C(O)CC21C,-0.8239087409,training
O=C1CN=C(c2ccccc2Cl)c2cc([N+](=O)[O-])ccc2N1,-0.8761483590000001,training
O=C(Cn1c(=O)sc2ccc(Cl)cc21)N1CCN(CCO)CC1,0.6989700043000001,training
CCN1CCCC1CNC(=O)c1cc(S(=O)(=O)CC)ccc1OC,1.3010299957,training
CC(=O)N(C)C,-0.2343314452,training
C#CC1(O)CCC2C3CCC4=Cc5oncc5CC4(C)C3CCC21C,1.123851641,training
COc1cc(NS(=O)(=O)c2ccc(N)cc2)nc(OC)n1,1.5224442335,training
COc1cc(NS(=O)(=O)c2ccc(N)cc2)nc(C)n1,1.5224442335,training
NC12CC3CC(CC(C3)C1)C2,0.8241258339,training
CCN(CCCCOC(=O)c1ccc(OC)c(OC)c1)C(C)Cc1ccc(OC)cc1,0.8293037728,training
Cc1nnc2n1-c1sc(Br)cc1C(c1ccccc1Cl)=NC2,-2.379863945,training
COc1ccc(Cc2nccc3cc(OC)c(OC)cc23)cc1OC,1.0,training
CCOC(=O)CCCCCCCCC(C)c1ccc(I)cc1,2.096910013,training
CNC1C(O)C(OC2C(N)CC(N)C(OC3OC(C(C)N)CCC3N)C2O)OCC1(C)O,0.4771212547,training
CCN1CC(CCN2CCOCC2)C(c2ccccc2)(c2ccccc2)C1=O,0.6020599913,training
CCCCNc1cc(C(=O)O)cc(S(N)(=O)=O)c1Oc1ccccc1,-0.7772835289,training
COc1cc(C(=O)N2CCOCC2)cc(OC)c1OC,1.6989700043,training
O=C(O)c1cc2ccccc2cc1O,1.620136055,training
COC1(NC(=O)CSCC#N)C(=O)N2C(C(=O)O)=C(CSc3nnnn3C)CSC21,2.0,training
O=C(O)Cc1ccccc1Nc1c(Cl)cccc1Cl,0.5740312677,training
CCC1CN2CCc3cc(OC)c(OC)cc3C2CC1CC1NCCc2cc(OC)c(OC)cc21,0.0,training
Cc1cc(C(=O)NNCc2ccccc2)no1,0.0,training
CNC1CCc2[nH]c3ccc(C(N)=O)cc3c2C1,-0.903089987,training
CC(=O)Nc1cc(NC(C)=O)c(I)c(C(=O)O)c1I,2.6848453616000003,training
Cn1cnc([N+](=O)[O-])c1Sc1ncnc2[nH]cnc12,0.6989700043000001,training
