smiles_standarized,label,group
C[S+](C)[O-],0.0,training
CCCCCCCCCCCCCCCCCC(=O)OCC(O)[C@H]1OC[C@@H](O)[C@@H]1O,1.0,training
CCCCOc1ccccc1OCCCC,0.0,training
C1=CC(c2ccc(C3CC=CCC3)cc2)CCC1,0.0,training
Cc1cc2nc3c(=O)[nH]c(=O)nc-3n(C[C@H](O)[C@H](O)[C@H](O)CO)c2cc1C,0.0,training
CCCCCCCC/C=C/CCCCCCCC(=O)OCC(O)C1OCC(O)C1O,1.0,training
OC/C=C/c1ccccc1,1.0,training
Sc1ccc2ccccc2c1,0.0,training
CC(C)(C)CC(C)(C)c1ccc(O)cc1,0.0,training
O=C(O)C1CCCCC1C(=O)OC(=O)C1CCCCC1C(=O)O,0.0,training
CC(C)(C)N,0.0,training
CCCCC/C=C\C/C=C\CCCCCCCC(=O)O,1.0,training
CCCCCCCC/C=C\CCCCCCCCOC(=O)CCCCC(=O)OCCCCCCCC/C=C\CCCCCCCC,1.0,training
CC(N)=S,0.0,training
CC(c1ccccc1)c1ccc(O)c(C(C)c2ccccc2)c1C(C)c1ccccc1,0.0,training
Cc1cc(C)cc(OP(=O)(Oc2cc(C)cc(C)c2)Oc2cc(C)cc(C)c2)c1,0.0,training
Cc1ccc(O)c(-n2n3c4ccccc4n23)c1,0.0,training
CO[PH](=O)OC,0.0,training
C=CC/C=C/C/C=C/C/C=C/C,0.0,training
CCCCCCCC(=O)OC,0.0,training
C1=C\CC/C=C\CC/1,0.0,training
Cc1ccc([N+](=O)[O-])cc1[N+](=O)[O-],0.0,training
CCOP(=S)(OCC)O/N=C(\C#N)c1ccccc1,0.0,training
CC(C)=CCC/C(C)=C\C=O,1.0,training
C=Cc1ccccc1C=C,0.0,training
CCOC(=O)/C=C/C(=O)OCC,1.0,training
O=C(O)c1ccc(Cl)c2c(Cl)ccc(C(=O)OC(=O)c3ccc(Cl)c4c(Cl)ccc(C(=O)O)c34)c12,0.0,training
ClC1=C(Cl)[C@]2(Cl)[C@H]3[C@H]([C@@H]4C=C[C@H]3C4)[C@@]1(Cl)C2(Cl)Cl,0.0,training
CCCCCCCCCCCCCCCCCCNC(=O)N1CC1,0.0,training
CN(C)C(CSC(N)=O)CSC(N)=O,0.0,training
CC(C)C1=CC2c3c(O)oc(O)c3C1CC2C,0.0,training
OCC1CC23CCC1(CC2)CC3CO,0.0,training
CCCCCCCC/C=C\CCCCCCCC(=O)O,1.0,training
OC[C@@H](O)[C@H](O)[C@@H](O)CO,1.0,training
CCc1ccccc1-c1ccccc1CC,0.0,training
Nc1ccc(Cc2ccc(N)c(Cl)c2Cl)c(Cl)c1Cl,0.0,training
CCCCCCCC/C=C/CCCCCCCC(=O)OCCCC,1.0,training
CCCCC(CC)COC(=O)/C=C/C(=O)OCC(CC)CCCC,1.0,training
CCCCCCCC/C=C\CCCCCCCC(=O)OCC(O)CO,1.0,training
CC(C)(C)OOC(C)(C)c1ccc(C(C)(C)OOC(C)(C)C)cc1,0.0,training
CN(C)N,0.0,training
CCCCCCCC/C=C\CCCCCCCCCCCC(N)=O,1.0,training
ClC(Cl)(Cl)Cl,0.0,training
CC(O)COC(C)COC(C)CO,0.0,training
CCCCCCCCc1ccccc1Nc1ccccc1CCCCCCCC,0.0,training
CC(C)C1CCCc2ccccc21,0.0,training
OC[C@@H](O)[C@@H](O)[C@H](O)[C@@H](O)CO,1.0,training
C=Cc1ccccc1CC,0.0,training
CC(C)Br,1.0,training
CC1=CC(C)(C)Nc2ccccc21,0.0,training
OC[C@@H](O)[C@@H](O)[C@H](O)[C@H](O)CO,1.0,training
CC/C=C\CCO,1.0,training
N=C(N)N(c1ccccc1)c1ccccc1,0.0,training
CC(Cl)(Cl)Cl,0.0,training
C[N+](C)(C)OP(=O)([O-])OP(=O)(O)OC[C@H]1O[C@@H](n2ccc(N)nc2=O)[C@H](O)[C@@H]1O,1.0,training
CC(=O)/C=C/c1ccccc1,0.0,training
CCCCCC1OC1CC1OC1CCCCCCCC(=O)OCC(COC(=O)CCCCCCCC1OC1CC1OC1CCCCC)OC(=O)CCCCCCCC1OC1CC1OC1CCCCC,1.0,training
C1=C\CC/C=C/CC/C=C/CC/1,0.0,training
CCCCCCCCCCCCCCCC(=O)OC[C@@H](O)[C@H]1OC[C@H](O)[C@H]1O,1.0,training
ClC(Cl)Cl,0.0,training
C=CC1CCC(O)C(O)C1,0.0,training
CCCCCCCCCCCCCCCc1cccc(O)c1,1.0,training
CCCCCCCCCCCCCOP(Oc1ccccc1)Oc1ccccc1,0.0,training
Cc1cccc(C(C)c2ccccc2)c1C,0.0,training
Oc1ccccc1Cc1ccccc1O,0.0,training
CCCCCCCCCCCCCCCCCCC,1.0,training
CCCCCCCCCCCCOS(=O)(=O)O,1.0,training
Cc1ccccc1O,1.0,training
CCCCCCCCCCCC(=O)N(C)CC(=O)O,1.0,training
O=C(O)c1cc(Cl)ccc1Cl,0.0,training
CC(O)CC(C)(C)O,0.0,training
CCc1cccc(-c2ccccc2)c1,1.0,training
OCCOCCOCCO,1.0,training
Cn1cc(-c2ccccc2)c(=O)c(-c2cccc(C(F)(F)F)c2)c1,0.0,training
CCC(=O)CC(=O)CC,1.0,training
CCCCCCCCCCCCOCCCCCCCCCCCC,1.0,training
ClC(Cl)C(Cl)Cl,0.0,training
Nc1ccc(S(=O)(=O)O)cc1,0.0,training
O=S(=O)(O)CO,1.0,training
C=C(C)C(N)=O,0.0,training
Nc1ccccc1S(=O)(=O)O,0.0,training
Oc1ccccc1-c1ccccc1,1.0,training
O=C(O)c1ccnc(C(=O)O)c1,1.0,training
Cn1c(=O)c2c(ncn2C)n(C)c1=O,1.0,training
CCN(Cc1cccc(S(=O)(=O)[O-])c1)c1ccc(C(=C2C=CC(=[N+](CC)Cc3cccc(S(=O)(=O)O)c3)C=C2)c2ccc(N(C)C)cc2)cc1,0.0,training
O=S(=O)(O)c1ccc(O)c2ccccc12,0.0,training
Nc1c(Cl)c(Cl)c(Cl)c(Cl)c1Cl,0.0,training
Nc1ccc(N=Nc2ccc(-c3ccc(N=Nc4c(S(=O)(=O)O)cc5cc(S(=O)(=O)O)c(N=Nc6ccccc6)c(O)c5c4N)cc3)cc2)c(N)c1,0.0,training
CCCCCCCCCCCCc1ccc(S(=O)(=O)O)cc1,1.0,training
OC(C(F)(F)F)C(F)(F)F,0.0,training
CC1(C)CC(N=C=O)CC(C)(CN=C=O)C1,0.0,training
O=C(O)C=CC(=O)O,1.0,training
C=CC(C)O,1.0,training
CCCCCCCCCCCCc1ccc(O)cc1,0.0,training
CCCCN(C)C(=O)Nc1ccc(Cl)c(Cl)c1,0.0,training
CCl,0.0,training
CCCC(C)O,1.0,training
CC(C)(C(=O)O)c1ccc(C(O)CCCN2CCC(C(O)(c3ccccc3)c3ccccc3)CC2)cc1,0.0,training
C=Cc1ccc(S(=O)(=O)O)cc1,0.0,training
CCCCCCCCCCCCCCCCC,1.0,training
C=Cc1cccc(CC)c1,0.0,training
C=CCOCC(O)CO,0.0,training
CN(C)c1ccc(C(=O)c2ccc(N(C)C)cc2)cc1,0.0,training
CCC(=O)OC(Cc1ccccc1)(c1ccccc1)C(C)CN(C)C,0.0,training
CC(C)(N)CO,0.0,training
CC(=O)OC(C)CC(C)C,1.0,training
NC(N)=O,1.0,training
CBr,0.0,training
Nc1ccn(C2OC(CO)C(O)C2O)c(=O)n1,0.0,training
Cc1ccc(OP(=O)(Oc2ccc(C)cc2)Oc2ccc(C)cc2)cc1,1.0,training
O=C1OC(=O)c2ccc(Cl)c3c(Cl)ccc1c23,0.0,training
CN(C)C1C(=O)C(C(N)=O)C(=O)C2(O)C(=O)C3C(=O)c4c(O)cccc4C(C)(O)C3C(O)C12,0.0,training
Clc1ccc(C(Cl)(Cl)Cl)c(Cl)c1,0.0,training
Clc1cc2c(cc1Cl)Oc1cc(Cl)c(Cl)cc1O2,0.0,training
CCCCCCCCCCCCCCCCCCCCCCCCCCCCCCCCCCCCCCCCCCCC,1.0,training
c1ccc2c(c1)-c1cccc3cccc-2c13,0.0,training
CCCCCCCCc1ccc(O)cc1,0.0,training
C=O,1.0,training
Sc1ccccc1,0.0,training
CCCCCCCCC=CCCCCCCCCN,0.0,training
CC(C)(c1ccc(OC#N)cc1)c1ccc(OC#N)cc1,0.0,training
O=C1C=CC(=O)c2c1c(O)c1c(NCCNCCO)ccc(NCCNCCO)c1c2O,0.0,training
CC(Cl)C(=O)O,1.0,training
Sc1cccc2ccccc12,0.0,training
CCCCN(CC)C(=O)SCCC,1.0,training
CCc1cccc(-c2cc(CC)cc(CC)c2)c1,0.0,training
CCCN(CCC)N=O,0.0,training
CCCCCCCCC=O,0.0,training
CC(C)CCOCCC(C)C,0.0,training
CCCN(CCC)c1c([N+](=O)[O-])cc(S(N)(=O)=O)cc1[N+](=O)[O-],0.0,training
CCCCCCCCCCCCCCCCCC(=O)O,1.0,training
C1=CCCC=CCC1,0.0,training
C1N2CN3CN1CN(C2)C3,0.0,training
CC(Cl)Cl,0.0,training
CCCCCCCCCCCCCCCCCCN(C)C,0.0,training
Nc1cc(S(=O)(=O)O)cc2cc(S(=O)(=O)O)cc(O)c12,0.0,training
Cn1cccc1,1.0,training
CC(=O)Nc1ccc(O)cc1,1.0,training
O=S(=O)(CCl)Nc1cc(Cl)c(Cl)c(Cl)c1Oc1cccc(Cl)c1,0.0,training
CCCCCCCCC(C)=O,1.0,training
CCCCCNCCCCC,1.0,training
CNC(=O)CC(C)=O,1.0,training
Nc1cccc(S(=O)(=O)O)c1,0.0,training
CCCCCCCCCCCC[N+](C)(C)[O-],1.0,training
O=S(O)c1ccccc1,0.0,training
O=C(O)c1ccc(Cl)cc1Cl,0.0,training
Nc1ccccc1C(=O)O,1.0,training
CCCCCCC(=O)O,1.0,training
C1CCOC1,1.0,training
O=C(O)c1cccc(S(=O)(=O)O)c1,0.0,training
COC(=O)C(C)Cl,1.0,training
O=P1(N(CCCl)CCCl)NCCCO1,0.0,training
CCCN(CCC)c1c([N+](=O)[O-])cc(S(C)(=O)=O)cc1[N+](=O)[O-],0.0,training
O=C(O)C=Cc1ccccc1,1.0,training
COc1cnc(NS(=O)(=O)c2ccc(N)cc2)nc1,0.0,training
CC(C)CNCC(C)C,1.0,training
CN(C)C1C(=O)C(C(N)=O)C(=O)C2(O)C(=O)C3C(=O)c4c(O)cccc4C(C)(O)C3CC12,0.0,training
O=C(O)C(O)C(O)C(=O)O,1.0,training
CCC(C)N,1.0,training
O=Cc1ccc(S(=O)(=O)O)cc1S(=O)(=O)O,0.0,training
CC(=O)OCC(COC(C)=O)OC(C)=O,1.0,training
CC(C)(Oc1ccc(Cl)cc1)C(=O)O,0.0,training
O=Cc1c(Cl)cccc1Cl,0.0,training
O=c1[nH]cccc1O,0.0,training
Cc1ccc(O)cc1C,0.0,training
Brc1ccc(Oc2cc(Br)c(Br)c(Br)c2Br)cc1Br,0.0,training
CCCCCCCCCCCC(=O)O,0.0,training
CN(C)N=O,0.0,training
CCCCCCCCCO,1.0,training
O=Cc1ccc(C=O)cc1,1.0,training
NCCCCCCCCN,1.0,training
Oc1c2c(c(O)n1SC(Cl)(Cl)Cl)CC=CC2,0.0,training
C=CC#N,1.0,training
CN(Cc1cnc2nc(N)nc(N)c2n1)c1ccc(C(=O)NC(CCC(=O)O)C(=O)O)cc1,0.0,training
Cc1ccc(C(CC(C)c2ccccc2)c2ccccc2)cc1C,0.0,training
CCCCCCCCCCCC(=O)N(CCO)CCO,1.0,training
CCCCCCCCC=CCCCCCCCC(=O)OC,1.0,training
CC(=O)N(CC(O)CO)c1c(I)c(C(=O)NCC(O)CO)c(I)c(C(=O)NCC(O)CO)c1I,0.0,training
Cc1c(NC(=O)C(C)Br)c(=O)n(-c2ccccc2)n1C,0.0,training
N#Cc1cccc(C#N)c1,0.0,training
O=C(CBr)OCCOC(=O)CBr,0.0,training
BrC=CBr,0.0,training
C=CCN,0.0,training
Clc1c(Cl)c(Cl)c2ccccc2c1Cl,0.0,training
CCCCCCCCCCCCCCCCCCCCCCCCCCCCC,0.0,training
Cc1ccc([N+](=O)[O-])c(O)c1,0.0,training
OCCOCCO,1.0,training
N#CSCSC#N,0.0,training
COc1ccccc1C(=O)O,1.0,training
FC(F)=C(F)OC(F)(F)C(F)(F)C(F)(F)F,0.0,training
Oc1ccccc1I,0.0,training
CCCCCCCCCCCCCCO,1.0,training
CCC1OC(=O)C(C)C(OC2CC(C)(OC)C(O)C(C)O2)C(C)C(OC2OC(C)CC(N(C)C)C2O)C(C)(O)CC(C)C(=O)C(C)C(O)C1(C)O,0.0,training
FC(F)(F)c1cccc(Cl)c1,0.0,training
C[Si](C)(C)N[Si](C)(C)C,0.0,training
CCC,1.0,training
Oc1ccc(Cl)cc1Cc1ccccc1,1.0,training
Cc1cc(=O)n(-c2ccccc2)[nH]1,0.0,training
Clc1ccc(-c2ccccc2)cc1,1.0,training
CC(C)(C)C(=O)O,0.0,training
Cc1cccc(OP(=O)(Oc2cccc(C)c2)Oc2cccc(C)c2)c1,0.0,training
COc1c(O)cc(Cl)c(Cl)c1Cl,0.0,training
CCCCCCCCC=CCCCCCCCC(=O)O,1.0,training
CC=C1CC2C=CC1C2,0.0,training
c1ccc2c(c1)ccc1ccccc12,1.0,training
Cc1cc2nc3c(=O)[nH]c(=O)nc-3n(CC(O)C(O)C(O)CO)c2cc1C,0.0,training
ClC1=C(Cl)C(Cl)(Cl)C(Cl)=C1Cl,0.0,training
Nc1ccccc1O,0.0,training
Cc1ccc2cc3c(ccc4ccccc43)c3c2c1CC3,0.0,training
CC(O)COCC(C)O,0.0,training
CC1COc2c(N3CCN(C)CC3)c(F)cc3c(=O)c(C(=O)O)cn1c23,0.0,training
c1ccc2sc(SN3CCOCC3)nc2c1,0.0,training
Cc1cc(C)c(N)c(Cl)c1,0.0,training
CCCCCCCCCCCCCCCCCCCN,1.0,training
CCCCOC(C)=O,1.0,training
CN(C)CCC=C1c2ccccc2CCc2ccccc21,0.0,training
COC(=O)Nc1cccc(C)c1,1.0,training
CC(C)(C)NSc1nc2ccccc2s1,0.0,training
CCCCCCCCCCCCCCCO,1.0,training
CCCCCCCCCCCCCCCCCCCCCCCCCC,1.0,training
CCOC(=O)CC(=O)C(=O)OCC,1.0,training
N#CCc1ccc(Cl)cc1,0.0,training
CCOc1ccc(N)cc1,0.0,training
OCC=Cc1ccccc1,1.0,training
CC(C)(C)OOC(C)(C)c1cccc(C(C)(C)OOC(C)(C)C)c1,0.0,training
COc1cccc(OC)c1,1.0,training
O=C(O)CS,1.0,training
CCCCCCCCCCCCCCCCCCCCCCCCC,1.0,training
CCCCCCCCCCCCCCCCCCCCCCCCCCCCCCCCCCC,1.0,training
CC(C)(c1cc(Br)c(OCCO)c(Br)c1)c1cc(Br)c(OCCO)c(Br)c1,0.0,training
CC(CCl)OP(=O)(OCCOCCOP(=O)(OC(C)CCl)OC(C)CCl)OC(C)CCl,0.0,training
CC(C)=CCCC(C)=CC=O,1.0,training
CC(Cl)(Cl)C(=O)O,0.0,training
O=[N+]([O-])c1cccc(O)c1,1.0,training
Cc1ccc(O)c(-n2nc3ccccc3n2)c1,0.0,training
CC(C)=CC1C(C(=O)OCc2coc(Cc3ccccc3)c2)C1(C)C,0.0,training
Oc1cccc(Cc2ccccc2O)c1,0.0,training
FC(F)(F)c1ccccc1,0.0,training
CNC(C)C(O)c1ccccc1,0.0,training
OCCCl,1.0,training
CCOS(=O)(=O)OCC,1.0,training
CCC(C)c1cc(C(C)(C)C)c(O)c(C(C)(C)C)c1,0.0,training
CCCCCCCCCCCCCCCCCCc1cc(O)oc1O,0.0,training
Cc1ccccc1OP(=O)(Oc1ccccc1C)Oc1ccccc1C,1.0,training
CC(C)c1ccc2c(C(C)C)ccc(S(=O)(=O)O)c2c1,0.0,training
CC#CC,0.0,training
O=[N+]([O-])c1ccc(Cl)c(S(=O)(=O)O)c1,0.0,training
COc1cccc(C(=O)O)c1,1.0,training
CC(C)C12C=CC(C)(CC1)c1c(O)oc(O)c12,0.0,training
C[N+](C)(C)CCOP(=O)([O-])OP(=O)(O)OCC1OC(n2ccc(N)nc2=O)C(O)C1O,1.0,training
CC(C)CCO,1.0,training
CCCCCCCCCCCO,1.0,training
CCCCCCCCCCCCCCCCCCCCCCCCCCCCCCCCCCCCCC,1.0,training
O=C(O)c1cn(C2CC2)c2cc(N3CCNCC3)c(F)cc2c1=O,0.0,training
COCCl,1.0,training
c1ccc2cc(Nc3ccc(Nc4ccc5ccccc5c4)cc3)ccc2c1,0.0,training
CCCCCCCCC=CCCCCCCCC(=O)OCC(O)C1OCC(O)C1O,1.0,training
C=CC(=C)C,0.0,training
CCCCCCCCC=CCCCCCCCCc1cc(O)oc1O,0.0,training
CCCCCC(=O)O,1.0,training
O=C(CC(=O)c1ccccc1)c1ccccc1,1.0,training
CN(C)C(=S)S,0.0,training
CCC=CCCO,1.0,training
CCCCCCO,1.0,training
O=C1C(Cl)=C(Cl)C(=O)c2ccccc21,0.0,training
CCCCCCCCCC(=O)N(CCO)CCO,1.0,training
C=COC(=O)CCl,1.0,training
O=C(O)c1cccc2ccccc12,0.0,training
CNCC(=O)O,1.0,training
COc1ccc(C(=O)O)cc1,1.0,training
Cc1ccnc(C)c1,1.0,training
Nc1cc(S(=O)(=O)O)c(O)c2c1C(=O)c1c(O)c(S(=O)(=O)O)cc(N)c1C2=O,0.0,training
Oc1oc(O)c2c1CCCC2,0.0,training
OCC(O)C(O)C(O)C(O)CO,1.0,training
CCCCOC(=O)COC(=O)c1ccccc1C(=O)OCCCC,1.0,training
CCCCCCCCCCCCCCCCCCCCCCCCCCCCCCCCCCCCC,1.0,training
CCCCCCC=CCCCCCCCc1cccc(O)c1,1.0,training
Nc1ccn(C2OC(CO)C(O)C2(F)F)c(=O)n1,0.0,training
O=C(O)C=Cc1ccc(O)cc1,1.0,training
Cc1cccc(O)c1,0.0,training
Cc1ccc(S(=O)(=O)Cl)cc1,1.0,training
CC(C)c1ccc2ccccc2c1,0.0,training
CC(O)CC(C)O,1.0,training
CC(C)CCCCCCCO,1.0,training
O=C(O)CN(CCN(CC(=O)O)CC(=O)O)CC(=O)O,0.0,training
O=C=Nc1ccc(Cc2ccc(N=C=O)cc2)cc1,0.0,training
ClCC(Br)CBr,0.0,training
O=C(O)c1ccc(O)c(O)c1,1.0,training
N=C(Nc1ccccc1)Nc1ccccc1,0.0,training
OC(c1ccccc1)c1ccccc1,1.0,training
O=C(OC1CC2CC3CC(C1)N2CC3=O)c1c[nH]c2ccccc12,0.0,training
CCCCCCCCCCCCS(=O)(=O)O,1.0,training
CN(C)C(N)=NC(=N)N,0.0,training
CC(C)c1cc2ccccc2c(C(C)C)c1C(C)C,0.0,training
COC(=O)CCS,1.0,training
Cc1ccc(S(=O)(=O)O)cc1,0.0,training
CCCCNCC,1.0,training
O=S(=O)(O)C(F)(F)C(F)(F)C(F)(F)C(F)(F)C(F)(F)C(F)(F)C(F)(F)C(F)(F)F,0.0,training
Cc1cccc(C(C)C)c1,0.0,training
CC(CCl)OP(=O)(OC(C)CCl)OC(C)CCl,0.0,training
CC(C)(C)NC(=O)C1CC2CCCCC2CN1CC(O)C(Cc1ccccc1)NC(=O)C(CC(N)=O)NC(=O)c1ccc2ccccc2n1,0.0,training
Nc1cccc(N)n1,0.0,training
C=CCS(=O)(=O)O,0.0,training
CS(=O)(=O)OCC(O)C(O)COS(C)(=O)=O,0.0,training
Oc1ccc(-c2ccccc2)cc1,0.0,training
Oc1cc(O)cc(O)c1,1.0,training
O=C(O)c1c(Cl)cccc1Cl,0.0,training
CC(C)Nc1nc(Cl)nc(NC(C)C)n1,0.0,training
CCOC(=O)C=CC(=O)OCC,1.0,training
CCC#CCCO,1.0,training
CCCCCCCCC=CCCCCCCCCCCCC(N)=O,1.0,training
CCCCCCCCC=CCCCCCCCC(=O)OCCCC,1.0,training
CCCCC(=O)O,1.0,training
Cc1ccc2nc3sc(=O)sc3nc2c1,0.0,training
Cc1cc(O)c(C)c(C)c1O,0.0,training
C=CC(=O)OC,1.0,training
CCCCC(CC)COC(=O)CS,0.0,training
O=C(O)c1ccccc1C(=O)O,1.0,training
OCCS,0.0,training
OCCCCCO,1.0,training
NC(=O)c1cccnc1,0.0,training
CCCCCCCCCCCCCCCCCCCCCCCCCCCCCCCCCCCCCCCC,1.0,training
CCC1(O)CC2CN(CCc3c([nH]c4ccccc34)C(C(=O)OC)(c3cc4c(cc3OC)N(C)C3C(O)(C(N)=O)C(O)C5(CC)C=CCN6CCC43C65)C2)C1,0.0,training
O=C(O)c1ccccc1I,0.0,training
CCCCCCCCCCCCCCCC(=O)OCC(O)C1OCC(O)C1O,1.0,training
Nc1cccnc1N,0.0,training
CCCCCCCCCCCCc1ccc(N)cc1,1.0,training
N#CCCCCC#N,1.0,training
O=C=NCCCCCCN=C=O,0.0,training
CCCCCCCCCc1ccc(OCCOCCOCCOCCOCCOCCOS(=O)(=O)O)cc1,0.0,training
COc1ccc(OC)cc1,1.0,training
CC(C)c1ccc(C(C)C)cc1,0.0,training
CCCCCCCCCCCC,1.0,training
Oc1cccc2ccccc12,1.0,training
NCc1cccc(CN)c1,0.0,training
CCCCOP(=O)(OCCCC)OCCCC,0.0,training
CCCCCCCCCCCCCCCCCC(=O)NCO,1.0,training
Clc1ccccc1,0.0,training
OCc1cc(C(O)CNCCCCCCOCCCCc2ccccc2)ccc1O,1.0,training
CCCCCCCCCCCCCCCCCCCCCCCCCCCCCC,1.0,training
O=C=Nc1ccc(Cl)c(Cl)c1,0.0,training
Cc1ccc(N)c(C)c1,0.0,training
CC(C)c1ccc(CO)cc1,1.0,training
CCCCCCSCCCCCC,0.0,training
Cc1cc(C)cc(OP(=O)(Oc2ccc(C)cc2C)Oc2cccc(C)c2C)c1,0.0,training
CCCCCCCCCCCCCCCCCCCCC,1.0,training
O=S(=O)(O)c1ccc(Cl)cc1,1.0,training
Nc1cccc(O)c1,0.0,training
CCCCCCCC(=O)O,1.0,training
CCCCOCC1CO1,1.0,training
C#CC1(O)CCC2C3CCc4cc(O)ccc4C3CCC21C,0.0,training
CCC1(O)CC2CN(CCc3c([nH]c4ccccc34)C(C(=O)OC)(c3cc4c(cc3OC)N(C)C3C(O)(C(=O)OC)C(OC(C)=O)C5(CC)C=CCN6CCC43C65)C2)C1,0.0,training
Clc1ccc(Cl)c(-c2cc(Cl)ccc2Cl)c1,0.0,training
Cc1cc(Br)c(Br)c(OCC2CO2)c1,0.0,training
O=c1cc(O)[nH]c(=O)[nH]1,1.0,training
NC(=O)c1c(Cl)cccc1Cl,0.0,training
CC(=O)c1ccccc1Cl,0.0,training
CCC(O)OC(O)CC,0.0,training
CC(O)COCC(C)OCC(C)O,0.0,training
NCCN,1.0,training
OCC1CC2C3CC(CO)C(C3)C2C1,0.0,training
CC(C)CCCCCCCOC(=O)c1ccccc1C(=O)OCCCCCCCC(C)C,0.0,training
CC(C)C1CCc2ccccc2C1,0.0,training
C=CC1CCC2OC2C1,0.0,training
CCCCCCCCCC(=O)O,1.0,training
Cc1ccc(NC(=O)N(C)C)cc1Cl,0.0,training
CCCCCCCC(=O)N(CCO)CCO,1.0,training
CCCC=C(C=O)CC,1.0,training
CCOP(=S)(OCC)ON=C(C#N)c1ccccc1,0.0,training
CCCCCCCCCCCCCCCCCCCCCCCCCCCC(=O)OCCO,0.0,training
CC(c1ccccc1)c1ccccc1O,0.0,training
CCCOC(=O)c1ccc(C(=O)OCCC)nc1,0.0,training
O=P(O)(O)C(Sc1ccc(Cl)cc1)P(=O)(O)O,0.0,training
Nc1ccc(Nc2ccccc2)cc1,0.0,training
CCCCCCCCC=CCCCCCCCC(=O)N(C)CCS(=O)(=O)O,1.0,training
CN,1.0,training
O=Cc1c(O)ccc2ccccc12,1.0,training
CCOC(=O)c1ccc(O)cc1,1.0,training
O=[N+]([O-])c1cccc(Cl)c1,0.0,training
COc1ccc(Nc2ccc(OC)cc2)cc1,0.0,training
C=CCOP(=O)(OCC=C)OCC=C,0.0,training
Cc1ccc(C(C)(C)C)cc1,1.0,training
c1ccc(Oc2nc(Oc3ccccc3)nc(Oc3ccccc3)n2)cc1,0.0,training
CCCCCCCCC(=O)N(CCO)CCO,1.0,training
CCCCCCCCCCCCCCCCCCCCCCCCCCCCCCCC,1.0,training
CC(C)=CCCC(C)=CCO,1.0,training
c1ccc(OCC2CO2)cc1,0.0,training
CCCCc1ccccc1,0.0,training
CC(C)(C)CCCCCC(=O)OCC1CO1,0.0,training
C=Cc1cccc(C=C)c1,0.0,training
Nc1ccc(S(=O)(=O)O)c2ccccc12,0.0,training
O=C(O)c1cccnc1,1.0,training
O=P1(NCCCl)OCCCN1CCCl,0.0,training
C=CC(=O)OCC(C)O,1.0,training
COC(C)(C)CCO,1.0,training
CCCCCCCCC=CCCCCCCCCOC(=O)CCCCC(=O)OCCCCCCCCC=CCCCCCCCC,1.0,training
C1=CCCC=CCCC=CCC1,0.0,training
COc1ccc2c3c1OC1C(O)C=CC4C(C2)N(C)CCC341,0.0,training
Cc1cc(Cl)ccc1N,0.0,training
Cn1c(=O)c2[nH]cnc2n(C)c1=O,1.0,training
O=C(O)C1CCCCC1C1CCCCC1C(=O)O,1.0,training
CCC(=O)O,1.0,training
C=Cc1ccccc1Cl,0.0,training
O=C(O)c1cccnc1C(=O)O,1.0,training
O=C(O)C(=O)O,0.0,training
C=C(C)CC(C)CCC,0.0,training
CCCC(=O)O,1.0,training
Cc1cc(C)c(N)c(C)c1,0.0,training
CCCCCCCCC(=O)O,1.0,training
CC(C)c1ccccc1,0.0,training
C=Cc1cccc(Cl)c1,0.0,training
O=P(NCCCl)(NCCCl)OC1OC(O)C(O)C(O)C1O,0.0,training
CCc1ccccc1CC,0.0,training
Cc1ncc([N+](=O)[O-])n1CCO,0.0,training
Cc1cc([N+](=O)[O-])cc([N+](=O)[O-])c1,0.0,training
CCCCCCCCC=CCCCCCCCC(N)=O,0.0,training
O=S(=O)(O)c1ccc2cc(Cc3ccc4cc(S(=O)(=O)O)ccc4c3)ccc2c1,0.0,training
ClC(Cl)(Cl)c1ccccc1,1.0,training
COc1c(N)cccc1[N+](=O)[O-],0.0,training
O=P(Oc1ccccc1)(Oc1ccccc1)Oc1ccccc1-c1ccccc1,0.0,training
CCCC(C)(COC(N)=O)COC(N)=O,0.0,training
CCCCCCCCCCCCCCCCCCCCCCCC,1.0,training
C=C(C)CCl,1.0,training
CCCCCCCCCCCCCCCCCC(=O)OCC1OCC(O)C(O)C1O,1.0,training
CC(C)Cc1ccc(C(C)C(=O)O)cc1,0.0,training
OCCSCCO,0.0,training
c1ccc2ccccc2c1,0.0,training
CCCCCCCC,1.0,training
CCc1ccccc1,0.0,training
CCCCCCCCOCCCCCCCC,1.0,training
O=Cc1ccccc1O,0.0,training
Nc1cc(C(=O)O)ccc1Cl,0.0,training
CCCCCCCCCC,1.0,training
O=C1C=CC(=O)N1c1ccccc1,0.0,training
CC=CC(=O)N(CC)c1ccccc1C,0.0,training
CC(=O)OCC(C)C,1.0,training
Cc1cc(S(=O)(=O)O)c(N)cc1Cl,0.0,training
CCCCCCCCCCCC(CC1OC(=O)C1CCCCCC)OC(=O)C(CC(C)C)NC=O,0.0,training
ClC(Cl)Br,0.0,training
COc1cc(C=CC(=O)O)ccc1O,1.0,training
C=Cc1ccc(Cl)cc1,0.0,training
CCC(C)=O,1.0,training
CCNc1nc(NC(C)(C)C)nc(SC)n1,0.0,training
COc1cc(-c2ccc(N)c(OC)c2)ccc1N,0.0,training
Nc1n[nH]c(=S)[nH]1,0.0,training
CN(C(=O)CC(=O)N(C)c1c(I)c(C(=O)NC(CO)C(O)CO)c(I)c(C(=O)NC(CO)C(O)CO)c1I)c1c(I)c(C(=O)NC(CO)C(O)CO)c(I)c(C(=O)NC(CO)C(O)CO)c1I,0.0,training
CCCCC(CC)COC(=O)C=CC(=O)OCC(CC)CCCC,1.0,training
CC1C=CCc2c(O)oc(O)c21,0.0,training
O=C1c2ccccc2C(=O)c2c1cccc2S(=O)(=O)O,0.0,training
CCCCCCCCCCCCCCCC(=O)N(CCO)CCO,1.0,training
Nc1c(S(=O)(=O)O)cc(Br)c2c1C(=O)c1ccccc1C2=O,0.0,training
CCCCOC(=O)CC(CC(=O)OCCCC)(OC(C)=O)C(=O)OCCCC,1.0,training
c1ccc2cc3c(cc2c1)-c1cccc2cccc-3c12,0.0,training
COc1cc(C(=O)O)ccc1O,1.0,training
CC(=O)CO,1.0,training
CCCCO,1.0,training
CC(O)(CCO)CCO,0.0,training
Cc1ccccc1S(=O)(=O)O,0.0,training
CC(O)C1C(=O)N2C(C(=O)O)=C(SC3CNC(C(=O)N(C)C)C3)C(C)C12,0.0,training
O=S(=O)(O)c1cccc2c(S(=O)(=O)O)cccc12,0.0,training
CCOc1ccc(C(=O)O)c(O)c1,1.0,training
CCCCSP(=O)(SCCCC)SCCCC,1.0,training
O=C(O)C1CC=CCC1C(=O)O,0.0,training
CCN(CC)c1ccc2c(c1)Oc1cc(N(CC)CC)ccc1C21OC(=O)c2ccccc21,0.0,training
O=c1n(Cl)c(=O)n(Cl)c(=O)n1Cl,0.0,training
Brc1ccccc1,0.0,training
CC1=C(C(=O)Nc2ccccc2)SCCO1,1.0,training
O=[N+]([O-])c1ccc(S(=O)(=O)O)cc1,0.0,training
CC=CC(=O)Oc1c(C(C)CCCCCC)cc([N+](=O)[O-])cc1[N+](=O)[O-],0.0,training
CCCCc1ccc2ccc(S(=O)(=O)O)cc2c1,0.0,training
CCS,0.0,training
CCOC(=O)C(C)(C)Oc1ccc(Cl)cc1,0.0,training
C=C(C)C1CCC(C)CC1,1.0,training
CCCl,0.0,training
C=CCCCCCCCCCCCCCC,1.0,training
CCCCCCCCOC1OC(CO)C(O)C(O)C1O,1.0,training
CCN(CC)N=O,0.0,training
OCCCOCCCO,0.0,training
O=C(O)c1cc([N+](=O)[O-])cc([N+](=O)[O-])c1,0.0,training
CC(N)C(O)c1ccccc1,0.0,training
Cc1ccc(N)cc1C,0.0,training
CCCCNC(=O)NS(=O)(=O)c1ccc(C)cc1,0.0,training
CC(=O)OC(C)C,1.0,training
O=C(O)c1cccc(Cl)c1,1.0,training
CCCCCCCCCCCCO,1.0,training
N#Cc1cc(Br)c(O)c(Br)c1,1.0,training
CC1CCC(C(C)C)CC1,1.0,training
CCC(C)(C)O,0.0,training
Cc1ccc(C)cc1,1.0,training
CCCCCCCCCCCCCCCCCCCCCCCCCCCCCCCCCCCC,1.0,training
C=Cc1ccccc1,1.0,training
Nc1cc(Cl)cc(C(=O)O)c1Cl,0.0,training
O=C(Nc1ccc2c(O)cc(S(=O)(=O)O)cc2c1)Nc1ccc2c(O)cc(S(=O)(=O)O)cc2c1,0.0,training
Cc1ccc(O)cc1,1.0,training
O=S(=O)(O)c1cc(O)ccc1O,1.0,training
OCC(O)COCC(O)CO,0.0,training
O=S(=O)(Cl)Cc1ccccc1,1.0,training
O=C(O)c1cccc(O)c1,1.0,training
CCOC(=O)c1ccccc1O,1.0,training
CCNC(C)=O,1.0,training
COC(=O)C(C)Oc1ccc(Oc2ccc(Cl)cc2Cl)cc1,1.0,training
CCCCCCCCCCCCCC(=O)N(CCO)CCO,1.0,training
OC(CCl)CCl,1.0,training
Cc1ccc(S(=O)(=O)Oc2ccc(N=Nc3ccc(-c4ccc(N=Nc5c(O)ccc6cc(S(=O)(=O)O)cc(S(=O)(=O)O)c56)c(C)c4)cc3C)cc2)cc1,0.0,training
CC1(C)SC2C(NC(=O)Cc3ccccc3)C(=O)N2C1C(=O)O,0.0,training
Clc1cc(Cl)cc(Cl)c1,0.0,training
CCCCCCCCCCCCCCCCCCCCCC(=O)O,0.0,training
CN(C)CCn1nnnc1SCC1=C(C(=O)O)N2C(=O)C(NC(=O)Cc3csc(N)n3)C2SC1,0.0,training
CCCCCCCCCCCCCCCCCCCCCCOC(=O)CCCCCCCCCCCCCCCCCCCCC,1.0,training
C1CCC(NC2CCCCC2)CC1,1.0,training
CC(=O)OCC(CO)OC(C)=O,1.0,training
CCCCCCCCCCOCCCCCCCCCC,1.0,training
N#CS,0.0,training
COc1ccccc1NC(=O)CC(C)=O,0.0,training
Nc1c(N=Nc2ccc(S(=O)(=O)CCOS(=O)(=O)O)cc2)c(S(=O)(=O)O)cc2cc(S(=O)(=O)O)c(N=Nc3ccc(S(=O)(=O)CCOS(=O)(=O)O)cc3)c(O)c12,0.0,training
COCC(=O)Nc1c(I)c(C(=O)NCC(O)CO)c(I)c(C(=O)N(C)CC(O)CO)c1I,0.0,training
O=C=NC1CCC(CC2CCC(N=C=O)CC2)CC1,0.0,training
Nc1ccc(S(=O)(=O)Nc2ncccn2)cc1,0.0,training
O=C(O)c1cc(N=Nc2ccc(S(=O)(=O)Nc3ccccn3)cc2)ccc1O,0.0,training
CC(C)(C)c1ccccc1O,0.0,training
CC(C)CC(C)O,1.0,training
CCc1ccc(-c2cccc(CC)c2)cc1,0.0,training
Cn1cnc2c1c(=O)[nH]c(=O)n2C,0.0,training
CC(c1ccccc1)c1cc(C(C)c2ccccc2)c(C(C)c2ccccc2)cc1O,0.0,training
Brc1c(Br)c(Br)c(Br)c(Br)c1Br,0.0,training
C=CC(=O)OCC(CC)CCCC,1.0,training
Clc1cnc(Cl)c(Cl)c1,0.0,training
CCCCCCCCCCCCC,1.0,training
BrCCCCBr,0.0,training
CCCCCCCC(=O)Oc1c(Br)cc(C#N)cc1Br,1.0,training
CCCCC(CC)COC(=O)CC(C(=O)OCC(CC)CCCC)S(=O)(=O)O,0.0,training
O=NN(CCO)CCO,1.0,training
CC(C)(C)c1ccc(O)cc1,0.0,training
O=C(O)c1cccc(Cl)n1,0.0,training
CC1(C)SC2C(NOCC(N)c3ccccc3)C(=O)N2C1C(=O)O,0.0,training
O=[N+]([O-])c1ccc([N+](=O)[O-])cc1,0.0,training
CC(=O)Nc1ccc(S(=O)(=O)O)cc1,0.0,training
CCSC(=O)N(CC)C1CCCCC1,0.0,training
Oc1ccc(I)cc1,0.0,training
O=C(CBr)OCC=CCOC(=O)CBr,1.0,training
Cc1cc(C(C)(C)C)c(O)c(C(C)(C)C)c1,0.0,training
Cc1cc2ccccc2cc1C,1.0,training
CCCCCCCCc1cccc(Nc2cccc(CCCCCCCC)c2)c1,0.0,training
O=C(O)Cc1ccccc1,1.0,training
CCCO,1.0,training
CCOC(=O)c1cccc(O)c1,1.0,training
CC(=O)N(C)C,1.0,training
O=S(=O)(O)c1ccc2cc(O)c(S(=O)(=O)O)cc2c1,0.0,training
O=P(NCCCl)(NCCCl)OC1OC(CO)C(O)C(O)C1O,1.0,training
NCCCCCCCCCCCC(=O)O,1.0,training
CCCNCCC,1.0,training
CCCCC(CC)COC(=O)c1ccc(C(=O)OCC(CC)CCCC)c(C(=O)OCC(CC)CCCC)c1,0.0,training
COP(=O)(NC(C)=O)SC,1.0,training
O=C(Cl)c1ccc(Cl)cc1,0.0,training
CC(=O)C(C)O,1.0,training
C=Cc1ccc(C=C)cc1,0.0,training
CNC(C)=O,1.0,training
CCCCCCCCCCCCCCCCCC(=O)OCCOC(=O)CCCCCCCCCCCCCCCCC,1.0,training
CC(C)CC(C)Nc1ccc(Nc2ccccc2)cc1,0.0,training
CC(CO)(CO)CO,0.0,training
C=CCc1ccc(OC)c(OC)c1,1.0,training
O=C(Nc1ccccc1)c1cc2ccccc2cc1O,0.0,training
CC(C)=O,1.0,training
Nc1cccc(N)c1,0.0,training
CC(C)(C)c1cc(C(C)(C)C)cc(C(C)(C)C)c1,0.0,training
ClCCCCCCCCCl,0.0,training
CCC(C)c1ccccc1OC(=O)NC,0.0,training
O=[N+]([O-])c1ccc(Cl)cc1Cl,0.0,training
Cc1ccc(C)c(C(C)c2ccccc2)c1,0.0,training
O=C(O)C(Cl)(Cl)Cl,0.0,training
COc1ccc(C=O)cc1OC,1.0,training
OCCN1CN(CCO)CN(CCO)C1,1.0,training
Oc1cccc(Br)c1,0.0,training
NCC1CCC(C(=O)O)CC1,0.0,training
CC(C)(C)c1ccc(C(=O)O)cc1,0.0,training
BrC1CCC(Br)C(Br)CCC1Br,0.0,training
ClC1=C(Cl)C2(Cl)C3C4CC(C5OC45)C3C1(Cl)C2(Cl)Cl,0.0,training
Brc1ccc(Br)cc1,0.0,training
CC(C)c1ccc(N)cc1,0.0,training
CCc1ccc(CC)cc1,0.0,training
C1=CC2C3C=CC(C3)C2C1,0.0,training
C=C(CC(C)(C)c1ccccc1)c1ccccc1,0.0,training
ClCCc1ccccc1,0.0,training
O=[N+]([O-])c1cc([N+](=O)[O-])c(O)c([N+](=O)[O-])c1,0.0,training
C=C(C)C(=O)OCC(CC)CCCC,1.0,training
CCOC(=O)c1ccccc1C(=O)OCC,1.0,training
O=[N+]([O-])c1ccc(Cl)c(Cl)c1,0.0,training
O=C(O)c1cccc(C(=O)O)c1,1.0,training
c1ccc2c(c1)sc1ccccc12,0.0,training
CCNc1nc(NC(C)C)nc(SC)n1,0.0,training
N=C(N)NCCCC(N)C(=O)O,1.0,training
Oc1c(Br)c(Br)c(Br)c(Br)c1Br,0.0,training
NCCCCCCN,1.0,training
CC(C)(C)c1cc(CO)cc(C(C)(C)C)c1O,0.0,training
Nc1c(Cl)cc([N+](=O)[O-])cc1[N+](=O)[O-],0.0,training
Cl[Si](c1ccccc1)(c1ccccc1)c1ccccc1,0.0,training
c1ccc2scnc2c1,0.0,training
Cc1cccc(Oc2ccccc2)c1,0.0,training
Nc1ccc(N)cc1,0.0,training
O=CC(=O)O,1.0,training
CNC(=O)NC,0.0,training
C=CC(C)(O)CCC=C(C)C,1.0,training
O=C1C=CC(=O)N1c1ccc(Cc2ccc(N3C(=O)C=CC3=O)cc2)cc1,0.0,training
C=CC1CC=CCC1,0.0,training
O=C(O)CCCCCCCCCCCCC(=O)O,1.0,training
CC1CCCC(C)N1,0.0,training
O=C(O)CO,1.0,training
N#Cc1c(Cl)c(Cl)c(Cl)c(C#N)c1Cl,0.0,training
CCC1(c2ccccc2)C(=O)NC(=O)NC1=O,0.0,training
CCCCCCCCCCCCOC(=O)CCSCCC(=O)OCCCCCCCCCCCC,1.0,training
CC1CCC(C(C)C)C(O)C1,0.0,training
C1CCCCCCCCCCC1,0.0,training
Cc1cccc(N)c1C,0.0,training
Oc1c(C2CCCCC2)cccc1C1CCCCC1,0.0,training
Cc1c(Cc2cc(C(C)(C)C)c(O)c(C(C)(C)C)c2)c(C)c(Cc2cc(C(C)(C)C)c(O)c(C(C)(C)C)c2)c(C)c1Cc1cc(C(C)(C)C)c(O)c(C(C)(C)C)c1,0.0,training
CN(C)C(=S)SSC(=S)N(C)C,0.0,training
O=C(O)c1ccccc1Cl,0.0,training
O=C(O)c1cc(O)c(O)c(O)c1,1.0,training
OCC(CO)(CBr)CBr,0.0,training
C1CO1,1.0,training
CC(=O)OC1CCCCC1C,1.0,training
c1ccc2c(c1)Cc1ccccc1-2,0.0,training
CC(C)(C)c1cc(-n2nc3ccc(Cl)cc3n2)c(O)c(C(C)(C)C)c1,0.0,training
O=C1c2ccccc2C(=O)c2cc(Cl)ccc21,0.0,training
CC1(C)CC(=O)CC(C)(C)N1,0.0,training
CCN1CCOCC1,0.0,training
Cc1c(Cl)cccc1Cl,0.0,training
O=[N+]([O-])c1ccc2[nH]cnc2c1,0.0,training
O=Cc1ccccc1Cl,0.0,training
CC(C)(O)CCCC1=CCC(C=O)CC1,1.0,training
N#CCCN(CCC#N)c1ccc(N=Nc2c(Cl)cc([N+](=O)[O-])cc2Cl)cc1,0.0,training
CCCCCCCCCCCCCCCCCCCCCCCCCCO,1.0,training
CCCCCCCCc1ccc(Nc2ccc(CCCCCCCC)cc2)cc1,0.0,training
CCCCCCCCCCCCSP(SCCCCCCCCCCCC)SCCCCCCCCCCCC,0.0,training
CC(O)CN(CCN(CC(C)O)CC(C)O)CC(C)O,0.0,training
C=CCCCCCCCCCCCCCCCCCCCCC(=O)O,1.0,training
CCCCOC(=O)c1ccccc1C(=O)OCCCC,1.0,training
N#CCC(=O)O,1.0,training
CC(C)(C)c1cc(Cc2cc(C(C)(C)C)c(O)c(C(C)(C)C)c2)cc(C(C)(C)C)c1O,0.0,training
Cc1cccc([N+](=O)[O-])c1C,0.0,training
NCCN1CCNCC1,0.0,training
CC(C)CN1CCOCC1,0.0,training
CC1(C)CC(N)CC(C)(CN)C1,0.0,training
COC(C)(C)CC(C)=O,0.0,training
FC(Cl)(Cl)C(F)(Cl)Cl,0.0,training
ClCCCBr,0.0,training
CCC1CCCCC1,0.0,training
CN(C)CCOCCN(C)C,0.0,training
O=C1NC(=O)C(c2ccccc2)(c2ccccc2)N1,0.0,training
O=C(Nc1cccc(N(CCO)CCO)c1)c1ccccc1,0.0,training
CC(C)OC(C)C,0.0,training
Clc1ccccn1,0.0,training
Clc1ccc(OCOCC#CI)cc1,0.0,training
C=CCc1ccccc1O,1.0,training
N=C(N)N[N+](=O)[O-],0.0,training
Cc1ccc([N+](=O)[O-])cc1,0.0,training
O=C1CCO1,1.0,training
O=C1C=CC(=O)O1,1.0,training
CCCCN,1.0,training
COc1c2occc2cc2ccc(=O)oc12,0.0,training
Cc1ccc(N=C=O)cc1N=C=O,0.0,training
O=CC=O,1.0,training
Nc1ccc2ccccc2c1S(=O)(=O)O,0.0,training
Nc1c(Cl)cc(Cl)cc1Cl,0.0,training
NCCNCCN,0.0,training
C=CCCCC,1.0,training
CN(C)P(=O)(N(C)C)N(C)C,0.0,training
c1ccc(Cc2ccccc2)cc1,0.0,training
CCC(C)c1ccccc1O,0.0,training
Nc1ccc(Cl)cc1,0.0,training
ClCCCCCl,0.0,training
COC(=O)c1ccc(C(=O)OC)cc1,1.0,training
COc1ccc(C)cc1N,0.0,training
NCc1ccccc1,1.0,training
O=[N+]([O-])c1ccc(O)c([N+](=O)[O-])c1,0.0,training
Cc1ncc[nH]1,0.0,training
CC(C)C(=O)OCC(C)(C)C(O)C(C)C,1.0,training
CC(C)CC(C)(C)C,0.0,training
CCCCCCCCCCCCCCCCCC(=O)NCCNC(=O)CCCCCCCCCCCCCCCCC,0.0,training
O=C(c1ccc(O)cc1)c1ccc(O)c(O)c1O,0.0,training
CN(C)c1cccc(C(=O)O)c1,0.0,training
CC(C)(C)c1cc(Cn2c(=O)n(Cc3cc(C(C)(C)C)c(O)c(C(C)(C)C)c3)c(=O)n(Cc3cc(C(C)(C)C)c(O)c(C(C)(C)C)c3)c2=O)cc(C(C)(C)C)c1O,0.0,training
CC(C)(c1ccccc1)c1ccc(O)cc1,0.0,training
CCCCC(CC)Cn1c(O)c2c(c1O)C1(C(C)C)C=CC2(C)CC1,0.0,training
Oc1ccc(Cc2ccccc2)cc1,0.0,training
Cc1cccc(C)c1O,0.0,training
CCCCC(CC)COP(=O)(O)OCC(CC)CCCC,0.0,training
Nc1ccc(S(N)(=O)=O)cc1,0.0,training
C1CCCCC1,0.0,training
ClCc1ccccc1Cl,0.0,training
CCCCCCCCCCCC[N+](C)(C)CC(=O)[O-],1.0,training
CCN(CCO)CCO,0.0,training
CC(C)(C)OOC(C)(C)CCC(C)(C)OOC(C)(C)C,0.0,training
CC(C)O,1.0,training
CSc1ccc(O)cc1C,0.0,training
Cc1cccc(N)c1,0.0,training
O=C(OCc1ccccc1)c1ccccc1,1.0,training
CCCCC(CC)COC(=O)CCCCCCCC(=O)OCC(CC)CCCC,1.0,training
Oc1ccc(Cl)cc1,0.0,training
C#CCO,1.0,training
CC(C=O)Cc1ccc(C(C)(C)C)cc1,0.0,training
Clc1c(Cl)c(Cl)c(Cl)c(Cl)c1Cl,0.0,training
N#Cc1ccc(O)cc1,1.0,training
C=CC(=O)OCCn1c(=O)n(CCOC(=O)C=C)c(=O)n(CCOC(=O)C=C)c1=O,0.0,training
FC(F)(F)C(Cl)Cl,0.0,training
CCCCCCCCOC(=O)CCCCCCCCC(=O)OCCCCCCCC,1.0,training
CC(=O)CC(C)(C)O,1.0,training
COC(=O)c1cccc(C(=O)OC)c1,1.0,training
CC(=O)CC(=O)Nc1ccc(-c2ccc(NC(=O)CC(C)=O)c(C)c2)cc1C,0.0,training
COC(=O)c1ccc2cc(C(=O)OC)ccc2c1,0.0,training
ClC(Cl)(Cl)C(Cl)(Cl)Cl,0.0,training
O=C1CCCCC1,1.0,training
C=CC(=O)O,1.0,training
ClP(Cl)c1ccccc1,0.0,training
CC(C)c1ccc(OP(=O)(Oc2ccc(C(C)C)cc2)Oc2ccc(C(C)C)cc2)cc1,0.0,training
Nc1cccc2ccccc12,0.0,training
CCCCN(CCCC)CCCC,0.0,training
O=C1NC(=O)c2c(Cl)c(Cl)c(Cl)c(Cl)c21,0.0,training
c1ccc(COCc2ccccc2)cc1,0.0,training
O=[N+]([O-])c1cc(Cl)ccc1O,0.0,training
OCCCCO,1.0,training
CCNc1nc(Cl)nc(NC(C)C)n1,0.0,training
CCOP(=O)(OCC)OCC,0.0,training
O=[N+]([O-])C(Br)(CO)CO,0.0,training
NN,0.0,training
CCOC(=O)C(=O)OCC,1.0,training
Nc1c(Br)cc(O)c2c1C(=O)c1ccccc1C2=O,0.0,training
C=CCn1c(=O)n(CC=C)c(=O)n(CC=C)c1=O,0.0,training
CCOP(=S)(OCC)Oc1nc(Cl)c(Cl)cc1Cl,0.0,training
COc1ccccc1OCC(O)COC(N)=O,0.0,training
CC(C)Oc1cc(-n2nc(C(C)(C)C)oc2=O)c(Cl)cc1Cl,0.0,training
O=c1cc[nH]cc1,1.0,training
C=C(C)C1CC=C(C)CC1,1.0,training
CC(C)(C)c1cccc(O)c1,0.0,training
Nc1c(Oc2ccc(Br)cc2)cc(O)c2c1C(=O)c1ccccc1C2=O,0.0,training
CCOP(=S)(Oc1ccc(Cl)cc1Cl)c1ccccc1,0.0,training
CCCCC(CC)COP(=O)(O)CC(CC)CCCC,0.0,training
Clc1cccc2ccccc12,0.0,training
O=P(OC(CCl)CCl)(OC(CCl)CCl)OC(CCl)CCl,0.0,training
CC(O)CO,1.0,training
Nc1ccc2cc(S(=O)(=O)O)cc(O)c2c1,0.0,training
Nc1cccnc1,0.0,training
OCc1ccccc1,1.0,training
CCCCOCC(C)O,1.0,training
CN(C)CCN(C)CCN(C)C,0.0,training
NC1CCCCC1,1.0,training
Clc1ccccc1C1CO1,0.0,training
O=C(O)CCCCC(=O)O,1.0,training
COc1ccc(NC(C)=O)cc1N,0.0,training
Cn1sc(Cl)cc1=O,0.0,training
CCCCCCCCCCCCCCCCCCNC(=O)C(O)C(O)C(O)C(O)CO,0.0,training
Cc1cc(C)c(O)c(C(C)(C)C)c1,0.0,training
C1CN2CCN1CC2,0.0,training
O=S1(=O)CCCO1,1.0,training
ClC1C(Cl)C(Cl)C(Cl)C(Cl)C1Cl,0.0,training
CCCCCCCCCCSSCCCCCCCCCC,0.0,training
C=CCO,1.0,training
CSSC,0.0,training
C=C1CC(=O)O1,1.0,training
Cc1cc2c(cc1Nc1ccccc1)C1(OC(=O)c3ccccc31)c1ccc(N(C)C3CCCCC3)cc1O2,0.0,training
NS(=O)(=O)c1ccccc1,0.0,training
Oc1ccccc1Br,0.0,training
Cc1cccc(C(=O)O)c1,1.0,training
Nc1ccncc1,0.0,training
Cc1ccc(C=O)cc1,1.0,training
O=C1CCCCC1=C1CCCCC1,0.0,training
CC(=O)c1ccccc1,1.0,training
CN(C)S(=O)(=O)N(SC(F)(Cl)Cl)c1ccccc1,0.0,training
ClC1=C(Cl)C2(Cl)C3C(Cl)C(Cl)CC3C1(Cl)C2(Cl)Cl,0.0,training
CCCOC(C)=O,1.0,training
O=C1CCCO1,1.0,training
Fc1ccccc1F,0.0,training
C=CC(=O)OCCCCCCCC,1.0,training
C=CCN(CC=C)CC=C,0.0,training
O=C1c2ccccc2C(=O)c2ccccc21,1.0,training
C=CC(=O)NCOCCCC,1.0,training
C=CCOC(=O)C(=C)C,1.0,training
Nc1ccccc1[N+](=O)[O-],0.0,training
CCCCCCc1ccc(-c2ccc(C#N)cc2)cc1,0.0,training
COC,0.0,training
COc1ccc(N)cc1,1.0,training
Cc1ccc([N+](=O)[O-])cc1Cl,0.0,training
Nc1ccccc1,1.0,training
CN1CCCC1=O,1.0,training
COC(C)CCOC(C)=O,1.0,training
NCCNCc1ccccc1,0.0,training
ClC(c1ccccc1)(c1ccccc1)c1ccccc1,0.0,training
CCCCCCCCCCCCCCCCBr,1.0,training
C=Cc1ccc(CCl)cc1,0.0,training
OC(c1ccc(Cl)cc1)(c1ccc(Cl)cc1)C(Cl)(Cl)Cl,0.0,training
Cc1ccc(N)c(S(=O)(=O)O)c1,0.0,training
O=S1(=O)CCCC1,0.0,training
CC(C)Nc1ccc(NC(C)C)c2c1C(=O)c1ccccc1C2=O,0.0,training
COC(=O)CCCC(=O)OC,1.0,training
CCC(C)NC(C)CC,0.0,training
CCN(CC)CCO,0.0,training
COc1ccccc1O,1.0,training
O=c1ccc(=O)[nH][nH]1,0.0,training
CCNCC,1.0,training
CCCCCCCCCCCCCO,1.0,training
CC(C)=CC1C(C(=O)OCN2C(=O)C3=C(CCCC3)C2=O)C1(C)C,0.0,training
O=C1c2ccccc2C(=O)c2c(Cl)cccc21,0.0,training
Nc1c(Cl)cc(-c2cc(Cl)c(N)c(S(=O)(=O)O)c2)cc1S(=O)(=O)O,0.0,training
CCCCC(CC)CO,1.0,training
CC(C)(C)c1cc(C(C)(C)C)c(O)c(C(C)(C)C)c1,0.0,training
C=C(C)c1ccccc1,0.0,training
BrC=Cc1ccccc1,0.0,training
CCOP(=S)(Oc1ccc([N+](=O)[O-])cc1)c1ccccc1,0.0,training
CC(CC=O)CC(C)(C)C,0.0,training
CC(C)C=O,1.0,training
O=C(Nc1ccc(Cl)cc1)Nc1ccc(Cl)c(Cl)c1,0.0,training
FC(F)(F)c1cccc(C(F)(F)F)c1,0.0,training
BrC(Br)C(Br)Br,0.0,training
CCCCOCCOCCO,1.0,training
O=[N+]([O-])c1ccccc1Cl,0.0,training
CC1CC(CC2CCC(N)C(C)C2)CCC1N,0.0,training
COc1cccc(C=O)c1,1.0,training
O=C(O)Cc1cccc2ccccc12,0.0,training
C=C1C2CCC(C2)C1(C)C,0.0,training
NCCC(=O)O,1.0,training
CCCCC(CC)C(=O)OCC(COC(=O)C(CC)CCCC)(COC(=O)C(CC)CCCC)COC(=O)C(CC)CCCC,0.0,training
NCCNCCO,0.0,training
O=c1[nH]sc2ccccc12,0.0,training
C=C(C)C(=O)OCCCC,1.0,training
Cc1ccsc1,0.0,training
Nc1ccccc1N,0.0,training
C(=NC1CCCCC1)=NC1CCCCC1,0.0,training
CCC(N)(CO)CO,0.0,training
ClC=CCCl,0.0,training
CC1=CCC(C(C)C)=CC1,1.0,training
O=C(O)c1cccc([N+](=O)[O-])c1,0.0,training
CC(CCl)OC(C)CCl,0.0,training
CC(C)C(NC(N)=O)NC(N)=O,1.0,training
O=S(=O)(O)c1ccccc1,1.0,training
ClCc1ccc(Cl)c(Cl)c1,0.0,training
CCCCCCCCCCCCCOC(=O)c1ccccc1C(=O)OCCCCCCCCCCCCC,0.0,training
Nc1cccc([N+](=O)[O-])c1,0.0,training
CCOC(N)=O,0.0,training
Nc1ccc(Cl)cc1Cl,0.0,training
OCC(O)CCl,1.0,training
S=C1NCCN1,0.0,training
O=C(O)CCSCCC(=O)O,1.0,training
O=c1ccc2ccccc2o1,1.0,training
CNC(=O)Oc1cc(C)cc(C)c1,0.0,training
O=[N+]([O-])c1ccc(CCl)cc1,0.0,training
COc1ccccc1N,1.0,training
C=C(C)C(=O)OC,1.0,training
Cc1cc(=O)[nH]c(C(C)C)n1,0.0,training
O=C1c2ccccc2C(=O)C1c1nc2ccccc2c(Br)c1O,0.0,training
COP(=O)(OC)OC,0.0,training
C=C(Br)c1ccccc1,0.0,training
Nc1ccc([N+](=O)[O-])cc1Cl,0.0,training
CCCCCCC,1.0,training
COc1ccccc1,1.0,training
CCCCOC(=O)CCCCC(=O)OCCCC,1.0,training
CCC(C)(C)c1ccc(O)c(C(C)(C)CC)c1,0.0,training
Cc1ccc(C)c(N)c1,0.0,training
CC(C)Nc1ccc(Nc2ccccc2)cc1,0.0,training
CCCCCCCCCCCCCCCCCCOC(=O)CCc1cc(C(C)(C)C)c(O)c(C(C)(C)C)c1,0.0,training
O=C(O)c1ccc(C(=O)O)cc1,1.0,training
CCOC(C)=O,1.0,training
COC(=O)c1ccccc1C(=O)c1ccccc1,0.0,training
CCC(C)c1cc([N+](=O)[O-])cc([N+](=O)[O-])c1O,0.0,training
Brc1ccc(-c2ccc(Br)cc2)cc1,0.0,training
O=C(O)CC(O)C(=O)O,1.0,training
Clc1c(Cl)c(Cl)c(-c2c(Cl)c(Cl)c(Cl)c(Cl)c2Cl)c(Cl)c1Cl,0.0,training
CC(C)CO,1.0,training
O=[N+]([O-])c1ccc(O)cc1,0.0,training
CCN(CC)c1ccccc1,0.0,training
Cc1cccc(C)c1,1.0,training
CCBr,0.0,training
C=C(C)C(=O)OCCN(CC)CC,1.0,training
C=CCCl,1.0,training
CC(C)OC(=O)OOC(C)(C)C,0.0,training
C=CCC(C)C,0.0,training
CC(CCO)CC(C)(C)C,0.0,training
Nc1ccc(O)cc1,0.0,training
Nc1ccccc1-c1ccccc1,0.0,training
O=P(Oc1ccccc1)(Oc1ccccc1)Oc1ccccc1,1.0,training
c1cc(N(CC2CO2)CC2CO2)ccc1Cc1ccc(N(CC2CO2)CC2CO2)cc1,0.0,training
CN(C)c1ccc(Cc2ccc(N(C)C)cc2)cc1,0.0,training
Clc1ccccc1Cl,0.0,training
Nc1ccc2c(c1)C(=O)c1ccccc1C2=O,0.0,training
CCN(O)CC,0.0,training
O=C(O)c1ccccc1[N+](=O)[O-],1.0,training
O=c1n(CCO)c(=O)n(CCO)c(=O)n1CCO,0.0,training
N#Cc1ccccc1C#N,0.0,training
CCCCCCCCCCCCCCCCCCOC(=O)CCSCCC(=O)OCCCCCCCCCCCCCCCCCC,1.0,training
Nc1cccc2c1C(=O)c1ccccc1C2=O,0.0,training
c1ccc2c(c1)[nH]c1ccccc12,0.0,training
Oc1cccc(O)c1,1.0,training
O=C(Oc1cccc(O)c1)c1ccccc1,1.0,training
CC(C)(OO)c1ccccc1,0.0,training
COc1cccc([N+](=O)[O-])c1,0.0,training
Cc1ccc(C)c(C)c1,0.0,training
Cc1cccc(C(C)(C)C)c1O,0.0,training
BrCCCBr,0.0,training
CC1CC(=O)CC(C)(C)C1,0.0,training
C=C(C)C#N,1.0,training
CC1CO1,1.0,training
CCC(CC)C(=O)O,1.0,training
CCCCCOP(=O)(OCCCCC)OCCCCC,0.0,training
CC1=CCC2CC1C2(C)C,1.0,training
C=COC(=O)CCCCC,1.0,training
O=C(O)c1ccc([N+](=O)[O-])cc1,1.0,training
CC(C)(c1cc(Br)c(OCC(Br)CBr)c(Br)c1)c1cc(Br)c(OCC(Br)CBr)c(Br)c1,0.0,training
CCc1ccc(-c2ccccc2)cc1,0.0,training
CC(=O)c1c(O)cc(C)oc1=O,1.0,training
N#Cc1ccc(C#N)cc1,0.0,training
NNC(=O)CCCCC(=O)NN,0.0,training
COCCOCCOC,0.0,training
COC(=O)CCC(=O)OC,1.0,training
CON(C)C(=O)Nc1ccc(Cl)c(Cl)c1,0.0,training
CC(C)c1cccc(C(C)C)c1O,0.0,training
O=C1OCCO1,1.0,training
CC(=O)OOC(C)(C)C,0.0,training
CC(C)(c1ccccc1)c1ccc(Nc2ccc(C(C)(C)c3ccccc3)cc2)cc1,0.0,training
OCC(F)(F)C(F)(F)C(F)(F)C(F)(F)C(F)(F)C(F)F,0.0,training
Nc1nc(N)nc(N)n1,0.0,training
CCCCCCCCCCCCCCCC(N)=O,0.0,training
CNCCS(=O)(=O)O,1.0,training
Cc1c([N+](=O)[O-])c(C)c([N+](=O)[O-])c(C(C)(C)C)c1[N+](=O)[O-],0.0,training
O=C(O)CCCCCCCCC(=O)O,1.0,training
CCOc1ccc2c(c1)C(C)=CC(C)(C)N2,0.0,training
CCOc1ccc(NC(C)=O)cc1,0.0,training
C=C(C)C(=O)OCC(C)O,1.0,training
c1ccc(Oc2ccccc2)cc1,0.0,training
O=c1[nH]c(=O)[nH]c(=O)[nH]1,0.0,training
CN(C)C(=O)Nc1ccc(Cl)c(Cl)c1,0.0,training
O=[N+]([O-])c1cccc2c([N+](=O)[O-])cccc12,0.0,training
CC(C)(C)OO,0.0,training
C=Cc1ccccn1,0.0,training
O=Cc1ccc(O)cc1,1.0,training
c1ccc(N(CC2CO2)CC2CO2)cc1,0.0,training
Cl[Si](Cl)(c1ccccc1)c1ccccc1,0.0,training
CCC(Oc1ccc(C(C)(C)CC)cc1C(C)(C)CC)C(=O)Nc1ccc(NC(=O)C(F)(F)C(F)(F)C(F)(F)F)c(O)c1,0.0,training
CCN(CC)c1ccc(C=O)cc1,0.0,training
CO,1.0,training
O=C(O)C(Cl)Cl,1.0,training
O=C1OCc2ccccc21,1.0,training
N#Cc1cc([N+](=O)[O-])ccc1N,0.0,training
c1ccc2sc(SSc3nc4ccccc4s3)nc2c1,0.0,training
O=[N+]([O-])c1ccccc1,0.0,training
COc1ccc(C(=O)c2ccccc2)c(O)c1,0.0,training
Cc1ccc([N+](=O)[O-])cc1O,0.0,training
CCCCCCCCC,1.0,training
CCC(=O)Nc1cc(N(CCOC(C)=O)CCOC(C)=O)ccc1N=Nc1ccc([N+](=O)[O-])cc1Cl,0.0,training
Cc1cc(N)c(S(=O)(=O)O)cc1Cl,0.0,training
Cc1ccccc1,1.0,training
CCCCc1ccc(C=O)cc1,0.0,training
OCC(CO)(CO)CO,0.0,training
CC(C)(C)OCCO,0.0,training
Nc1cc(Cl)ccc1Cl,0.0,training
CC(Cl)CCl,0.0,training
CN1CCCCC1,0.0,training
N#Cc1sc2c(=O)c3ccccc3c(=O)c=2sc1C#N,0.0,training
O=S(=O)(c1ccc(Cl)cc1)c1ccc(Cl)cc1,0.0,training
FC(F)(F)C(F)(F)C(F)(F)C(F)(F)N(C(F)(F)C(F)(F)C(F)(F)C(F)(F)F)C(F)(F)C(F)(F)C(F)(F)C(F)(F)F,0.0,training
COP(=S)(OC)Oc1ccc(C#N)cc1,0.0,training
CCCCC(CC)COC(=O)CCC,1.0,training
CCOCCO,1.0,training
O=NN1CN2CN(C1)CN(N=O)C2,1.0,training
CC(C)(C)NCCO,0.0,training
Nc1ccc(C=Cc2ccc(N)cc2S(=O)(=O)O)c(S(=O)(=O)O)c1,0.0,training
Oc1cccc(Cl)c1,0.0,training
Nc1ccc(Cl)c(Cl)c1,0.0,training
c1ccc(-c2cc3ccccc3[nH]2)cc1,0.0,training
Cc1cc(O)ccc1Cl,0.0,training
COC(=O)Nc1nc2ccccc2[nH]1,0.0,training
CCCCCBr,0.0,training
CO[Si](CCCN=C(N(C)C)N(C)C)(OC)OC,0.0,training
CCCCCCC(C)O,1.0,training
CC(=O)C=C(C)C,1.0,training
CCCCCCCCCCCCCCCCCCN=C=O,0.0,training
Cc1ccc([N+](=O)[O-])cc1S(=O)(=O)O,0.0,training
c1ccc(Nc2ccc(Nc3ccccc3)cc2)cc1,0.0,training
Nc1cccc2c(N)cccc12,0.0,training
Cc1ccc([N+](=O)[O-])c([N+](=O)[O-])c1,0.0,training
Oc1ccccc1Cl,0.0,training
CCCCOCCO,1.0,training
Nc1ccccn1,0.0,training
C=C(C)C(=O)OCc1ccccc1,1.0,training
CCCCCCCCCCCCCCCCO,1.0,training
CCCCC(CC)COP(=O)(OCC(CC)CCCC)OCC(CC)CCCC,0.0,training
CCCCCCCCC=CCCCCCCCCO,1.0,training
CC(C)(c1ccc(O)cc1)c1ccc(O)cc1,0.0,training
C=CC(=O)OCC(CC)(COC(=O)C=C)COC(=O)C=C,0.0,training
C1COCCN1,0.0,training
C=C(C)c1ccc(O)cc1,0.0,training
c1ccsc1,0.0,training
Oc1ccc(Cl)c(Cl)c1,0.0,training
CCCCCCCCOC(=O)c1ccccc1C(=O)OCCCCCCCC,1.0,training
C=CC(=C)CCC=C(C)C,1.0,training
OCC(O)CO,1.0,training
CNN,0.0,training
COC(C)CCO,1.0,training
NCC1CCCC(CN)C1,0.0,training
Nc1nc[nH]n1,0.0,training
COC(=O)CC(=O)C(C)(C)C,0.0,training
Brc1ccc(-c2ccccc2)cc1,1.0,training
CC(C)COc1ccc2ccccc2c1,0.0,training
c1ccc2sc(SNC3CCCCC3)nc2c1,0.0,training
O=[N+]([O-])c1ccc(Cl)c([N+](=O)[O-])c1,0.0,training
CCCCC(CC)COP(=O)(Oc1ccccc1)Oc1ccccc1,0.0,training
CCOC(=O)Cl,1.0,training
CCCCCC,1.0,training
C=CCOC(=O)OCCOCCOC(=O)OCC=C,1.0,training
Cc1cc(C)cc(N)c1,0.0,training
O=C(O)CN(CC(=O)O)CC(=O)O,0.0,training
c1cc2c3c(cccc3c1)CC2,0.0,training
C=C(CC(=O)O)C(=O)O,1.0,training
CCC(C)OC(=O)CC(C)=O,1.0,training
OCCN(CCO)CCO,0.0,training
Clc1ccc(Cl)cc1,0.0,training
CCCCC,1.0,training
CC1=CCc2c(O)oc(O)c2C1,0.0,training
Cc1ccc(C)c(O)c1,0.0,training
CSc1ccc(O)cc1,0.0,training
Nc1ccc([N+](=O)[O-])cc1,0.0,training
C1CCC2CCCCC2C1,0.0,training
CCCCCCCCCCCC(=O)Oc1c(Cl)c(Cl)c(Cl)c(Cl)c1Cl,0.0,training
N#CCCN(CCOC(=O)c1ccccc1)c1ccc(N=Nc2ccc([N+](=O)[O-])cc2)cc1,0.0,training
CN(C)CCO,1.0,training
Nc1cccc(S(=O)(=O)c2cccc(N)c2)c1,0.0,training
O=S(=O)(O)c1ccc(O)cc1,1.0,training
Cc1ccccc1N(CC1CO1)CC1CO1,0.0,training
N#Cc1ccccc1Cl,0.0,training
CNc1cccc(C)c1,0.0,training
c1ccc2[nH]ccc2c1,1.0,training
CC(=O)OC1CC(C)OC(C)O1,1.0,training
O=[N+]([O-])c1ccccc1O,0.0,training
O=[N+]([O-])c1cc(Cl)ccc1Cl,0.0,training
Cc1ccc(C(=O)O)cc1,1.0,training
O=C1c2ccccc2-c2cccc3cccc1c23,0.0,training
CCNc1ccccc1,0.0,training
CC(O)CNCC(C)O,1.0,training
OCCO,1.0,training
C1COCCO1,0.0,training
c1ccc2c(c1)oc1ccccc12,0.0,training
CCOP(=S)(S)OCC,0.0,training
ClCCl,0.0,training
C=COC(C)=O,1.0,training
N#CC(Br)(Br)C(N)=O,0.0,training
c1ccc2cc3ccccc3cc2c1,0.0,training
CC(C)(C)c1ccc2c(c1)C(=O)c1ccccc1C2=O,0.0,training
Cc1cc(Cl)ccc1O,0.0,training
CCNc1cccc2ccccc12,0.0,training
O=C(O)C(O)(c1ccccc1)c1ccccc1,0.0,training
S=C(SSSSC(=S)N1CCCCC1)N1CCCCC1,0.0,training
Cc1ccc(C(C)(C)C)c(O)c1,0.0,training
OCC1CO1,1.0,training
Cc1ccc(N)cc1N,0.0,training
Nc1ccccc1Cl,0.0,training
O=C(O)c1ccc2ccccc2n1,1.0,training
O=C(O)c1ccc(O)cc1,1.0,training
ClCC(Cl)CCl,0.0,training
Nc1ccc(-c2ccc(N)c(Cl)c2)cc1Cl,0.0,training
CN=C=S,0.0,training
Cc1ccc(Cl)cc1Cl,0.0,training
CC1OC(C)OC(C)OC(C)O1,0.0,training
Nc1ccc(Cc2ccc(N)cc2)cc1,0.0,training
COC(C)(C)CCOC(C)=O,1.0,training
Cc1ncc(CO)c(C=O)c1O,1.0,training
NCCCC1OCC2(CO1)COC(CCCN)OC2,0.0,training
Cc1ccc(C)c(Cc2ccccc2)c1,0.0,training
CC(C)c1ccc(C(=O)O)cc1,1.0,training
O=C(c1ccccc1)C(O)c1ccccc1,1.0,training
CCOC(=O)CC#N,1.0,training
CC1CC(C)(C)CC(OOC(C)(C)C)(OOC(C)(C)C)C1,0.0,training
O=C1CCCCCCCCCCCN1,0.0,training
Cc1cc(O)c(C(C)(C)C)cc1Sc1cc(C(C)(C)C)c(O)cc1C,0.0,training
C1CNCCN1,0.0,training
CC(=O)C1CCOC1=O,1.0,training
COc1ccccc1[N+](=O)[O-],0.0,training
C=CCOC(=O)c1ccccc1C(=O)OCC=C,1.0,training
CC1CC(C)C(=O)C(C(O)CC2CC(=O)NC(=O)C2)C1,0.0,training
CC(=O)CC(C)=O,1.0,training
Oc1ccc(O)cc1,1.0,training
Oc1c(Cl)cccc1Cl,0.0,training
C1CCC2=NCCCN2CC1,0.0,training
CC(=O)C(=NNc1ccc(-c2ccc(NN=C(C(C)=O)C(=O)Nc3ccccc3C)c(Cl)c2)cc1Cl)C(=O)Nc1ccccc1C,0.0,training
C=CC(=O)OCC(CO)(COC(=O)C=C)COC(=O)C=C,0.0,training
CCCCCCC(C)Nc1ccc(Nc2ccccc2)cc1,0.0,training
Oc1cc(Cl)c(Cl)cc1Cl,0.0,training
Cc1cc([N+](=O)[O-])cc([N+](=O)[O-])c1O,0.0,training
CCCCC(CC)C(=O)OCC(COC(=O)C(CC)CCCC)OC(=O)C(CC)CCCC,1.0,training
CCOCCOCCOCCO,1.0,training
ClCCOCCOCCCl,0.0,training
C=CC(=O)OCCOC,1.0,training
COc1ccc(C=O)cc1,1.0,training
CCOc1ccccc1,1.0,training
CCCCCC[Si](Cl)(CCCCCC)CCCCCC,0.0,training
Brc1c(Br)c(Br)c(-c2c(Br)c(Br)c(Br)c(Br)c2Br)c(Br)c1Br,0.0,training
Oc1cccc(Cl)c1Cl,0.0,training
CC(=O)Oc1ccccc1C(=O)O,1.0,training
CC1(CCl)CO1,0.0,training
CC(C)(C)c1ccc(O)c(C(C)(C)C)c1,0.0,training
c1ccc(-c2ccccc2)cc1,1.0,training
O=C(Nc1ccc(Cc2ccc(NC(=O)N3CC3)cc2)cc1)N1CC1,0.0,training
Nc1ccc(Cl)cc1[N+](=O)[O-],0.0,training
BrCCBr,0.0,training
O=CO,1.0,training
CCc1ccccc1[N+](=O)[O-],0.0,training
c1ccc(Nc2ccc3ccccc3c2)cc1,0.0,training
C=COC(=O)CC,1.0,training
Cc1cc(-c2ccc(N)c(C)c2)ccc1N,0.0,training
S=c1[nH]c2ccccc2[nH]1,0.0,training
Oc1ccccc1,1.0,training
c1ccc2c(c1)CCCC2,0.0,training
N#CCc1ccccc1,1.0,training
CCCCCCCCCCCCCCC,1.0,training
COc1ccc([N+](=O)[O-])cc1,0.0,training
Oc1c(Cl)c(Cl)c(Cl)c(Cl)c1Cl,0.0,training
c1ccc2ncccc2c1,0.0,training
COc1ccc(O)cc1,1.0,training
O=C(O)COc1ccc(Cl)cc1Cl,0.0,training
CCOC(=O)CC(=O)c1ccc(OC)cc1,1.0,training
Clc1ccc(C(Cl)c2ccccc2)cc1,0.0,training
CCCCCCC(O)CCCCCCCCCCC(=O)O,1.0,training
O=c1n(CC2CO2)c(=O)n(CC2CO2)c(=O)n1CC1CO1,0.0,training
CCCC(C)C,1.0,training
CCCCOP(=O)(O)OCCCC,0.0,training
CCCCC(CC)(CO)CO,0.0,training
FC(F)(F)C1(F)C(F)(F)C(F)(F)C(F)(F)C(F)(F)C1(F)C(F)(F)F,0.0,training
Cc1cc(C)cc(C)c1,0.0,training
CC(C)(CO)COC(=O)C(C)(C)CO,0.0,training
Cc1cc(=O)n(-c2cc(Cl)c(S(=O)(=O)O)cc2Cl)[nH]1,0.0,training
C=CC(OC(C)=O)OC(C)=O,1.0,training
CC(=O)Nc1ccccc1,1.0,training
C=CC(=O)OCCCC,1.0,training
CCCCCCCCCCCCCCCCCCC1CO1,1.0,training
O=CC(Cl)(Cl)Cl,0.0,training
COc1ccc(N)c([N+](=O)[O-])c1,0.0,training
CC1=CC(=O)CC(C)(C)C1,0.0,training
COc1ccc(O)c(C(C)(C)C)c1,0.0,training
CCCc1cc(=O)[nH]c(=S)[nH]1,0.0,training
COCCCN,0.0,training
CC(=O)CC(C)C,1.0,training
CCc1ccc(O)cc1,1.0,training
CC(C)c1ccc(C=O)cc1,1.0,training
Nc1cccc(Cl)c1,0.0,training
CC(C)OCCO,0.0,training
COc1cc(C=O)ccc1O,1.0,training
O=C1NC(=O)c2ccccc21,1.0,training
CCOC(=O)CC(=O)OCC,1.0,training
CCc1cccc(CC)c1,0.0,training
CN1CSC(=S)N(C)C1,0.0,training
CC(=O)c1ccc(C)cc1,1.0,training
Oc1ccc(Cc2ccc(O)cc2)cc1,0.0,training
OC1CCCCC1,1.0,training
O=C(O)C(F)(F)C(F)(F)C(F)(F)C(F)(F)C(F)(F)C(F)(F)C(F)(F)C(F)(F)C(F)(F)C(F)(F)C(F)(F)C(F)(F)C(F)(F)F,0.0,training
CCC(=O)OC(=O)CC,1.0,training
CC(C)=NNC(N)=S,0.0,training
CN(CCO)CCO,0.0,training
Clc1ccccc1NNc1ccccc1Cl,0.0,training
CNC(=O)CSP(=S)(OC)OC,0.0,training
CCCCOC(=O)c1ccc(C(=O)OCCCC)c(C(=O)OCCCC)c1,1.0,training
CCc1cc(C(C)(C)C)c(O)c(C(C)(C)C)c1,0.0,training
Oc1cc(Cl)c(Br)cc1Cl,0.0,training
CNc1ccccc1C(=O)O,1.0,training
O=C1c2ccccc2C(=O)N1SC(F)(Cl)Cl,0.0,training
CC(C)(C)c1cc(CCC(=O)OCC(COC(=O)CCc2cc(C(C)(C)C)c(O)c(C(C)(C)C)c2)(COC(=O)CCc2cc(C(C)(C)C)c(O)c(C(C)(C)C)c2)COC(=O)CCc2cc(C(C)(C)C)c(O)c(C(C)(C)C)c2)cc(C(C)(C)C)c1O,0.0,training
COCCO,1.0,training
Clc1cc(Cl)c(Cl)c(Cl)c1Cl,0.0,training
CC(C)(CO)CO,0.0,training
Nc1ccc(C(=O)O)cc1,1.0,training
ClC1CCCCC1,0.0,training
CCC(CO)(CO)COCC(CC)(CO)CO,0.0,training
Cc1ccccc1C(=O)O,1.0,training
Cc1ccccc1N=C(N)Nc1ccccc1C,0.0,training
NC(CC(=O)O)C(=O)O,1.0,training
O=[N+]([O-])c1cc(Cl)cc(Cl)c1O,0.0,training
O=C(Nc1ccc(Cl)c(Cl)c1)Nc1cc(Cl)ccc1Oc1ccc(Cl)cc1S(=O)(=O)O,0.0,training
CN(C)c1ccccc1,0.0,training
NC(Cc1ccccc1)C(=O)O,1.0,training
N#Cc1cccnc1,0.0,training
OCCNCO,1.0,training
CC12CCC(CC1=O)C2(C)C,1.0,training
c1ccc(Nc2cccc3ccccc23)cc1,0.0,training
c1ccc(-c2ccc(-c3ccccc3)cc2)cc1,0.0,training
CC(C)(C)c1cc(N=Nc2ccccc2[N+](=O)[O-])c(O)c(C(C)(C)C)c1,0.0,training
NCC(=O)O,1.0,training
Cc1ccc(C(C)C)cc1,1.0,training
N#Cc1ccccc1,1.0,training
O=C(ON=C1C=CC(=NOC(=O)c2ccccc2)C=C1)c1ccccc1,0.0,training
CN(C)C=O,0.0,training
Oc1[nH]c(O)c2c1CC=CC2,0.0,training
CN(C)CCCCCCN(C)C,0.0,training
O=[N+]([O-])c1ccccc1[N+](=O)[O-],0.0,training
CC(C)CCOC(=O)c1ccccc1O,1.0,training
c1ccc2sc(SN(C3CCCCC3)C3CCCCC3)nc2c1,0.0,training
CCCCOCCCC,0.0,training
CC(C)(C)c1cc(-n2nc3ccccc3n2)c(O)c(C(C)(C)C)c1,0.0,training
Oc1c(Cl)cc(Cl)c(Cl)c1Cc1c(O)c(Cl)cc(Cl)c1Cl,0.0,training
CCCCCC1C(=O)CCC1CC(=O)OC,1.0,training
O=[N+]([O-])c1cccc(Cl)c1Cl,0.0,training
Cc1ccc(O)cc1[N+](=O)[O-],0.0,training
CC(C)(C)OOC(=O)c1ccccc1,0.0,training
O=c1oc(=O)c2cc3c(=O)oc(=O)c3cc12,1.0,training
O=C1c2ccccc2C(=O)c2c(O)cccc21,0.0,training
CCCCOCCOCCOC(C)=O,1.0,training
Oc1cc(Cl)ccc1Cl,0.0,training
CCCCCCCCCCCCCCOC(=O)CCCCCCCCCCCCC,1.0,training
CC(O)C(=O)O,1.0,training
COc1ccccc1OC,1.0,training
c1ccccc1,1.0,training
Clc1ccc(Cl)c(Cl)c1Cl,0.0,training
O=c1ccc(=Nc2ccccc2)c2c(O)c3c(=[N+]([O-])O)ccc(=O)c3c(O)c12,0.0,training
COc1cccc2ccccc12,0.0,training
Cc1cc(-c2cc(C)c(OCC3CO3)c(C)c2)cc(C)c1OCC1CO1,0.0,training
NNS(=O)(=O)c1ccc(Oc2ccc(S(=O)(=O)NN)cc2)cc1,0.0,training
CCOCCOCCOC(C)=O,1.0,training
C=CCC1=C(C)C(OC(=O)C2C(C=C(C)C)C2(C)C)CC1=O,0.0,training
CCCCCCCCCCCCCl,1.0,training
CCOC(=O)c1ccc(NC(=O)CCl)cc1,1.0,training
CCCCCO,1.0,training
CCCCC(CC)COC(=O)c1ccccc1C(=O)OCC(CC)CCCC,1.0,training
CC(C)(C)c1cc(C(=O)O)c(O)c(C(C)(C)C)c1,0.0,training
CNCCO,1.0,training
c1ccoc1,0.0,training
Cc1cccc([N+](=O)[O-])c1,0.0,training
O=P(OCC(Br)CBr)(OCC(Br)CBr)OCC(Br)CBr,0.0,training
CCCCCCCCCl,1.0,training
Cc1ccc(Cl)cc1,0.0,training
O=[N+]([O-])c1ccc(Oc2ccc(Cl)cc2Cl)cc1,0.0,training
CCCCCCCCCCCCCCCCCCC#N,1.0,training
CC(C)(c1ccc(OCCO)cc1)c1ccc(OCCO)cc1,0.0,training
CC1(OO)CCC2CC1C2(C)C,0.0,training
Oc1ccc2ccccc2c1,1.0,training
Cc1cccc(C)c1N,0.0,training
O=C(O)C(F)(F)C(F)(F)C(F)(F)C(F)(F)C(F)(F)C(F)(F)C(F)(F)C(F)(F)C(F)(F)C(F)(F)C(F)(F)F,0.0,training
Oc1cc(Cl)cc(Cl)c1,0.0,training
CNc1ccccc1C,0.0,training
NC(=O)N=NC(N)=O,0.0,training
N=C(N)S(=O)O,1.0,training
c1ccc(Nc2ccccc2)cc1,0.0,training
CC(C)(O)C(Cl)(Cl)Cl,0.0,training
COCCOCCOCCO,1.0,training
Cc1cc(C)c(O)c(C)c1,0.0,training
O=Cc1ccc2c(c1)OCO2,1.0,training
CCCCCCCCC#N,1.0,training
CCCCCCCCCc1cccc(O)c1CCCCCCCCC,0.0,training
O=[N+]([O-])c1ccc(Oc2c(Cl)cc(Cl)cc2Cl)cc1,0.0,training
CCCCCCCCO,1.0,training
Oc1ccccc1O,1.0,training
Brc1c(Br)c(Br)c(Oc2c(Br)c(Br)c(Br)c(Br)c2Br)c(Br)c1Br,0.0,training
ClCCCl,0.0,training
CCCCOCCOP(=O)(OCCOCCCC)OCCOCCCC,0.0,training
Cc1ccc(O)c([N+](=O)[O-])c1,0.0,training
O=C1c2ccccc2C(=O)c2c1ccc1ccccc21,0.0,training
Cc1c(Br)c(Br)c(Br)c(Br)c1Br,0.0,training
CCOC(=O)C(O)(c1ccc(Cl)cc1)c1ccc(Cl)cc1,0.0,training
CC1CCc2c(O)oc(O)c2C1,0.0,training
Clc1cc(Cl)c(Cl)cc1Cl,0.0,training
Cc1cc(O)ccc1[N+](=O)[O-],0.0,training
Oc1ccc(-c2ccc(O)cc2)cc1,0.0,training
CCOC(=O)CCCCC(=O)O,1.0,training
CNC(=O)Oc1ccccc1C(C)C,0.0,training
CC(=O)C(=NNc1ccc(-c2ccc(NN=C(C(C)=O)C(=O)Nc3ccccc3)c(Cl)c2)cc1Cl)C(=O)Nc1ccccc1,0.0,training
Clc1cccc(Cl)c1Cl,0.0,training
CC(C)(C)c1cc(-c2ccccc2)cc(C(C)(C)C)c1O,0.0,training
O=C(OCCO)c1ccc(C(=O)OCCO)cc1,1.0,training
O=C1CCCCCN1,1.0,training
FC(F)(Br)C(F)(F)Br,0.0,training
Cc1ccc(O)c(C(C)(C)C)c1,0.0,training
CC(N)=O,1.0,training
O=c1[nH]cc(O)[nH]1,1.0,training
CC(C)CN,1.0,training
CN(C)c1ccc(C2(c3ccc(N(C)C)cc3)OC(=O)c3cc(N(C)C)ccc32)cc1,0.0,training
CC(=O)N(C)c1ccccc1,0.0,training
CCCCCCCCCCCC(=O)NCCC[N+](C)(C)CC(=O)[O-],1.0,training
CCCCCCCCCCCCCCCCCCCC,1.0,training
O=C(O)c1cccc([N+](=O)[O-])c1C(=O)O,0.0,training
COCC(C)O,1.0,training
CCc1cccc(O)c1,1.0,training
ClCc1ccccc1,1.0,training
Oc1c(Cl)cc(Cl)c(Cl)c1Cl,0.0,training
S=C(NC1CCCCC1)NC1CCCCC1,0.0,training
CCC(C)=NO[Si](C)(ON=C(C)CC)ON=C(C)CC,0.0,training
CNC,1.0,training
CNc1ccccc1,0.0,training
C=CC(N)=O,1.0,training
CC(=O)OCc1ccccc1,1.0,training
O=S(=O)(c1ccc(O)cc1)c1ccc(O)cc1,0.0,training
Nc1ccc2c(O)cc(S(=O)(=O)O)cc2c1,0.0,training
CCCCCCCCCCCC(=O)OC,1.0,training
COCCOC(C)=O,1.0,training
Nc1nc(N)nc(-c2ccccc2)n1,0.0,training
OCC1CCCO1,1.0,training
CC(CCO)CCO,1.0,training
Cc1ccccc1C(C)C,0.0,training
N#CN=C(N)N,0.0,training
O=C(O)CC(O)(CC(=O)O)C(=O)O,1.0,training
CCC(C)c1ccc(OCC2CO2)cc1,0.0,training
ClC1C(Br)C(Br)C(Br)C(Br)C1Br,0.0,training
CCC(=O)c1ccccc1,1.0,training
Oc1ccc(Br)cc1Br,0.0,training
Clc1cccc(Cl)c1,0.0,training
Cc1cc(Cc2cc(C)cc(C(C)(C)C)c2O)c(O)c(C(C)(C)C)c1,0.0,training
CCCCNS(=O)(=O)c1ccccc1,0.0,training
Clc1ccc(C(c2ccc(Cl)cc2)C(Cl)(Cl)Cl)cc1,0.0,training
c1ccc2[nH]nnc2c1,0.0,training
O=[N+]([O-])c1ccc(Cl)cc1C(F)(F)F,0.0,training
COc1cccc(N)c1,0.0,training
C(CCOCC1CO1)COCC1CO1,0.0,training
ClC=C(Cl)Cl,0.0,training
Nc1ccc(N=Nc2ccccc2)cc1,0.0,training
CCO[Si](CCCN)(OCC)OCC,0.0,training
O=[N+]([O-])c1cc(S(=O)(=O)Nc2ccccc2)ccc1Nc1ccccc1,0.0,training
CC(C)OC(=O)Cl,0.0,training
COc1ccc(OC)c(Cl)c1,0.0,training
Nc1ccc([N+](=O)[O-])cc1[N+](=O)[O-],0.0,training
C1CCNCC1,1.0,training
Nc1cccc2cccc(N)c12,0.0,training
S=c1[nH]c2ccccc2s1,0.0,training
O=C(O)c1c(Cl)ccc(Cl)c1Cl,0.0,training
Oc1ccc(Br)cc1,0.0,training
CCCCCCCCCCCCCCCCCCCCCC(N)=O,0.0,training
O=C(O)c1ccc2c(c1)C(=O)OC2=O,1.0,training
CC1COC(=O)O1,1.0,training
CC(C)CCCCCCCCCCCCCCC(=O)O,1.0,training
C=COCC(CC)CCCC,0.0,training
CC(=O)OCCN(CCOC(C)=O)c1ccc(N=Nc2nc3ccc(Cl)cc3s2)c(NC(=O)c2ccccc2)c1,0.0,training
ClC1=C(Cl)C2(Cl)C3C(Cl)C=CC3C1(Cl)C2(Cl)Cl,0.0,training
CCCCNCCCC,1.0,training
CCCCOC(=O)CC(C)=O,1.0,training
Nc1ccc(Cc2ccc(N)c(Cl)c2)cc1Cl,0.0,training
Clc1cccc(Cl)n1,0.0,training
COc1cc(NC(=O)CC(C)=O)c(OC)cc1Cl,0.0,training
