smiles_standarized,label,group
c1cc2c(c(N3CCNCC3)c1)OCCO2,0.0,training
COc1cc(C(=O)C(=O)N2CCCCC2C(=O)OC(CCCc2cccnc2)CCCc2cccnc2)cc(OC)c1OC,1.0,training
CC[C@@H](CO)NC(=O)C1C=C2c3cccc4[nH]cc(c34)C[C@H]2N(C)C1,1.0,training
CC(=N)N1CC[C@H](Oc2ccc(C(Cc3ccc4ccc(C(=N)N)cc4c3)C(=O)O)cc2)C1,0.0,training
C[C@@H](N=C(N=c1cc[nH]cc1)NC#N)C(C)(C)C,1.0,training
Oc1cc2c(cc1O)[C@H](Cc1cccc3ccccc13)NCC2,1.0,training
CN(C)CCCO[C@@H]1[C@H]2OC(C)(C)O[C@H]2O[C@@H]1[C@H](O)CO,0.0,training
CC(=O)OC1=C2C(C)[C@@H](OC(=O)C(O)C(CC(C)C)NC(=O)OC(C)(C)C)[C@@H]3OC(=O)O[C@]3([C@@H](OC(=O)c3ccccc3)[C@@H]3[C@]4(OC(C)=O)CO[C@@H]4C[C@H](O)[C@@]3(C)C1=O)C2(C)C,0.0,training
Nc1cc(N2CCCCC2)nc(N)[n+]1[O-],1.0,training
COc1ccc2[nH]c3c(c2c1)CCN[C@]31CS[C@@H]2c3c(OC(C)=O)c(C)c4c(c3[C@H](COC1=O)N1[C@@H]2[C@H]2c3c(cc(C)c(OC)c3O)C[C@@H]([C@@H]1O)N2C)OCO4,0.0,training
CC(C)CC1C(=O)N2CCC[C@H]2[C@]2(O)O[C@@](C)(NC(=O)C3C[C@@H]4c5cccc6[nH]cc(c56)C[C@H]4N(C)C3)C(=O)N12,0.0,training
CC(N)CCCC(C)(C)O,1.0,training
CC(C)C1C(=O)NC(CCCN=C(N)N)C(=O)NCC(=O)NC(CC(=O)O)C(=O)NC(Cc2ccccc2)C(=O)N1C,0.0,training
COc1ccc2c(c1OC)C(=O)O[C@@H]2[C@H]1c2c(cc3c(c2OC)OCO3)CCN1C,1.0,training
O=[N+]([O-])O[C@H]1CO[C@H]2[C@@H]1OC[C@H]2O,1.0,training
CN(C)CCC1=C(Cc2cccnn2)c2ccc(F)cc2C1,0.0,training
C[C@@H](Oc1cc(-c2cnn(C3CCNCC3)c2)cnc1N)c1c(Cl)ccc(F)c1Cl,0.0,training
CO[C@H]1C[C@@H](O[C@@H]2C(C)C(=O)O[C@H](C)[C@H](C)[C@H](O)C(C)C(=O)[C@@]3(CO3)C[C@H](C)[C@H](O[C@H]3O[C@@H](C)C[C@@H](N(C)C)[C@H]3O)[C@H]2C)O[C@@H](C)[C@@H]1O,1.0,training
Cc1ccc(S(=O)(=O)NC(=O)N[C@H]2[C@H]3CC[C@@](C)([C@H]2O)C3(C)C)cc1,0.0,training
C[C@@](O)(/C=C/[C@H]1CC=CC(=O)O1)[C@@H](C[C@@H](O)/C=C\C=C/C=C/CO)OP(=O)(O)O,1.0,training
COc1ccccc1N1CCN(C[C@@H](O)COc2cccc3ccccc23)CC1,0.0,training
CCC(C)C(=O)O[C@H]1C[C@@H](C)C=C2C=C[C@H](C)[C@H](CC[C@@H](O)C[C@@H](O)CC(=O)O)[C@H]21,1.0,training
CCCCCCCCOCCOC(=O)CN(CC(=O)O)c1ccccc1OCCOc1ccccc1N(CC(=O)O)CC(=O)OCCOCCCCCCCC,0.0,training
CC(=O)Nc1ccc(C2=NNC(=O)CC2C)cc1,0.0,training
CN(C)CC/C=C1\c2ccccc2COc2ccccc21,0.0,training
CNC(=O)N(N(CCCl)S(C)(=O)=O)S(C)(=O)=O,1.0,training
O=S(=O)(Nc1ccccc1)c1cccc(/C=C/C(O)=NO)c1,1.0,training
O=c1ccc2ccc(OCCCCN3CCN(c4cccc5sccc45)CC3)cc2[nH]1,0.0,training
CC1C(=O)O[C@H]2C[C@@]34[C@H]5C[C@@H](C(C)(C)C)C36C(O)C(=O)O[C@H]6OC4(C(=O)O5)[C@@]12O,0.0,training
C[C@]12CC=C3C4=C(CCC3[C@@H]1CC[C@@]2(O)CC#N)CC(=O)CC4,0.0,training
C#Cc1cccc(Nc2ncnc3cc(OCCOC)c(OCCOC)cc23)c1,0.0,training
C=C[C@@H]1CNCC[C@@H]1CCCc1ccnc2ccc(OC)cc12,0.0,training
CNC(=O)CC(N)C(=O)NC(C(=O)NC1C(=O)N2C(C(=O)O)C(C)(C)S[C@H]12)c1ccc(O)cc1,1.0,training
CN(C)CCCOc1nn(Cc2ccccc2)c2ccccc12,0.0,training
CNC(=O)Oc1ccc2c(c1)[C@@]1(C)CCN(C)[C@@H]1N2C,1.0,training
C=CCN(C1=NCCN1)c1c(Cl)cccc1Cl,0.0,training
COc1c(C)c2c(c(O)c1C/C=C(\C)CCC(=O)O)C(=O)OC2,0.0,training
O=[N+]([O-])OCC(CO[N+](=O)[O-])O[N+](=O)[O-],0.0,training
C[C@H]1CN(c2c(F)cc3c(=O)c(C(=O)O)cn(C4CC4)c3c2OC(F)F)CCN1,0.0,training
COc1nc(C(Cl)(Cl)Cl)c(Cl)c(OC)c1Cl,0.0,training
COc1cccc2c(O)c3c(c(O)c12)C(=O)C1=C(C[C@@](O)(C(=O)CO)C[C@@H]1O[C@H]1C[C@H](N)[C@H](I)[C@H](C)O1)C3=O,0.0,training
CC(C)=CCC[C@](C)(O[C@@H]1O[C@H](CO)[C@@H](O)[C@H](O)[C@H]1O)[C@H]1CC[C@]2(C)[C@@H]1[C@H](O)C[C@@H]1[C@@]3(C)CC[C@H](O[C@@H]4O[C@H](CO)[C@@H](O)[C@H](O)[C@H]4O[C@@H]4O[C@H](CO)[C@@H](O)[C@H](O)[C@H]4O)C(C)(C)[C@@H]3CC[C@]12C,0.0,training
CCCCP(=O)(O)CCCN,1.0,training
COc1c(N2C[C@@H](C)C[C@H](N)C2)ccc2c(=O)c(C(=O)O)cn(C3CC3)c12,0.0,training
COc1cc(N)c(Cl)cc1C(=O)N[C@H]1CCN(CCCOc2ccc(F)cc2)C[C@H]1OC,0.0,training
CC(C(O)c1ccc(O)cc1)N1CCC(Cc2ccccc2)CC1,0.0,training
Cc1ccc2c(-c3ccccc3)nc(=O)n(C(C)C)c2c1,1.0,training
O[C@@H]1[C@@H](O)[C@@H](O)OC[C@H]1O,1.0,training
Cc1cc(=O)c(C(=O)NC(C(=O)NC2C(=O)N3C(C(=O)O)=C(CSc4nnnn4C)CS[C@H]23)c2ccc(O)cc2)c[nH]1,0.0,training
CC(=O)NC(CO)C(=O)NC(CC(=O)O)C(=O)NC(CCCCN)C(=O)N1CCCC1C(=O)O,1.0,training
CNC(=O)c1ccccc1Sc1ccc2c(C=Cc3ccccn3)[nH]nc2c1,0.0,training
COc1ccccc1Oc1c(NS(=O)(=O)c2ccc(C)cn2)nc(-c2ccncc2)nc1OC,0.0,training
O=C1NC(=O)C(c2ccccc2)(c2ccccc2)N1,0.0,training
CC(C)=CCN1CC[C@]2(C)c3cc(O)ccc3C[C@H]1C2C,1.0,training
C[C@@H](O)C1C(=O)N2C(C(=O)O)=C(CN)S[C@H]12,1.0,training
CCCc1c2oc(C(=O)O)cc(=O)c2cc2c(=O)cc(C(=O)O)n(CC)c12,1.0,training
COC(=O)C(c1ccccc1)[C@H]1CCCCN1,0.0,training
COc1ccc(CCN(C)CCC[C@](C#N)(c2cc(OC)c(OC)c(OC)c2)C(C)C)cc1OC,1.0,training
COc1ccc(CCN(C)CCCN2CCc3cc(OC)c(OC)cc3CC2=O)cc1OC,1.0,training
COCOCC(CCC1(C(=O)NC2CCC(C(=O)O)CC2)CCCC1)C(=O)O,0.0,training
Oc1c(C2=CCC(c3ccc(Cl)cc3)CC2)c(O)c2ccccc2c1O,0.0,training
CCC(C(N)=O)N1CCCC1=O,0.0,training
CCOc1ccccc1O[C@H](c1ccccc1)[C@H]1CNCCO1,0.0,training
C[C@@H](c1cccnc1F)c1c(CCN(C)C)sc2ccccc12,0.0,training
COCCCC/C(=N\OCCN)c1ccc(C(F)(F)F)cc1,0.0,training
O=C(O)C(CCc1ccccc1)NC1CCCN2CCCC(C(=O)O)N2C1=O,0.0,training
CCCCCc1cc(O)c2c(c1)OC(C)(C)c1ccc(C)cc1-2,0.0,training
O=C(/C=C/c1ccccc1)NCCO,1.0,training
C[C@@H]1C=C2CC(=O)CCC2[C@H]2CC[C@]3(C)[C@@H](O)CC[C@H]3[C@H]12,1.0,training
Cc1ccccc1C(=O)Nc1ccc(C(=O)N2CCC[C@H](O)c3cc(Cl)ccc32)c(C)c1,1.0,training
CCNC(=O)C1C[C@@H](n2ccc3c(N[C@H](CC)Cc4sccc4Cl)ncnc32)[C@H](O)[C@@H]1O,1.0,training
Nc1nc(=S)c2[nH]cnc2[nH]1,0.0,training
COc1ccc([C@@H]2CNC(=O)C2)cc1OC1CCCC1,0.0,training
COc1ccc(CC(NC(=O)CC(C)(C)N)C(=O)NC(Cc2c[nH]cn2)C(=O)N[C@@H](CC2CCCCC2)[C@@H](O)[C@@H](O)CC(C)C)cc1,1.0,training
CC(C)Oc1ccccc1N1CCN(Cc2cccc(C(=O)N3CCCCC3)c2)CC1,0.0,training
C=C1/C(=C\C=C2/CCC[C@]3(C)[C@@H]([C@H](C)CCCC(C)(C)O)CC[C@@H]23)C[C@@H](O)C[C@@H]1O,0.0,training
C[C@@H]1CN(C2CCC(C#N)(c3ccc(F)cc3)CC2)CC[C@]1(C(=O)O)c1ccccc1,0.0,training
CS(=O)(=O)c1ccc(C2=C(c3ccccc3)C(=O)OC2)cc1,0.0,training
CCOc1cc([C@@H](CS(C)(=O)=O)N2C(=O)c3cccc(CC(C)=O)c3C2=O)ccc1OC,0.0,training
N#Cc1ccc(Cn2cncc2CN2CCN(c3cccc(Cl)c3)C(=O)C2)cc1,1.0,training
CCCCCCCCCC(=O)N[C@H]1[C@H](Oc2c3cc4cc2Oc2ccc(cc2Cl)[C@@H](O[C@@H]2O[C@H](CO)[C@@H](O)[C@H](O)[C@H]2NC(C)=O)C2NC(=O)C(NC(=O)C4NC(=O)C4NC(=O)C(Cc5ccc(c(Cl)c5)O3)NC(=O)C(N)c3ccc(O)c(c3)Oc3cc(O)cc4c3)c3ccc(O)c(c3)-c3c(O[C@H]4O[C@H](CO)[C@@H](O)[C@H](O)[C@@H]4O)cc(O)cc3C(C(=O)O)NC2=O)O[C@H](CO)[C@H](O)[C@@H]1O,0.0,training
CCn1cc(C(=O)O)c(=O)c2cnc(N3CCNCC3)nc21,0.0,training
Nc1cc(OCC2CC2)c(C(=O)NC2CN3CCC2CC3)cc1Cl,0.0,training
C[C@H]1COc2c(N3CCN(C)CC3)c(F)c(N)c3c(=O)c(C(=O)O)cn1c23,0.0,training
C[C@@H]([C@@](O)(Cn1cncn1)c1ccc(F)cc1F)S(C)(=O)=O,0.0,training
O=C(O)C1O[C@@H](Oc2cc3oc(-c4ccc(O)cc4)cc(=O)c3c(O)c2O)[C@H](O)[C@@H](O)[C@@H]1O,1.0,training
CC(C1=C(CCN(C)C)Cc2ccccc21)c1cnccn1,0.0,training
NC1[C@H]2CN(c3nc4c(cc3F)c(=O)c(C(=O)O)cn4-c3ccc(F)cc3F)C[C@@H]12,0.0,training
COc1cccc2c(O)c3c(c(O)c12)C(=O)C1=C(C[C@@](O)(C(=O)CO)C[C@@H]1O[C@@H]1C[C@H](N)[C@H](O[C@@H]2CCCCO2)[C@H](C)O1)C3=O,0.0,training
Oc1cccc(-c2c3nc(c(-c4cccc(O)c4)c4ccc([nH]4)c(-c4cccc(O)c4)c4ccc([nH]4)c(-c4cccc(O)c4)c4nc2CC4)C=C3)c1,0.0,training
CNC(=O)Nc1c(OCCN2CCCC2)c(OC)c2occc2c1OC,0.0,training
Nc1nc(=O)c2[nH]cc(Cc3cccnc3)c2[nH]1,0.0,training
CC(C)[N+]1(C)[C@H]2CC[C@H]1CC(OC(=O)C(c1ccccc1)C1CCCC1)C2,0.0,training
CN[C@@H]1[C@@H](O)[C@@H](O[C@@H]2[C@@H](O)[C@H](O[C@H]3OC(CNCCO)=CC[C@H]3N)[C@@H](N)C[C@H]2NC(=O)C(O)CCN)OC[C@]1(C)O,0.0,training
CC(C)(N)CC(=O)NC1CCc2ccccc2N(Cc2ccc(-c3ccccc3-c3nn[nH]n3)cc2)C1=O,0.0,training
C=C[C@@H]1C[C@]1(NC(=O)C1C[C@@H](Oc2ncc(OC)c3ccc(Cl)cc23)CN1C(=O)C(NC(=O)OC(C)(C)C)C(C)(C)C)C(=O)NS(=O)(=O)C1CC1,0.0,training
CC[C@@]1(O)C[C@H](O[C@@H]2C[C@H](N3CCOCC3)[C@H](O)[C@H](C)O2)C2=C(C(=O)c3c(c(O)c4c(O)cccc4c3O)C2=O)[C@H]1O,0.0,training
CC[C@@H](C)N(C)C(=O)c1cc2ccccc2c(-c2ccccc2Cl)n1,0.0,training
CC(=O)C[C@H](c1ccc([N+](=O)[O-])cc1)c1c(O)c2ccccc2oc1=O,0.0,training
CC[C@@]1(O)C(=O)OCc2c1cc1n(c2=O)Cc2cc3cc(O)ccc3nc2-1,1.0,training
CCNC(=O)OC1CCN(c2nncc3cc(OC)c(OC)cc23)CC1,1.0,training
CCC1=NC(=O)C(Cc2ccccc2)NC(=O)C(C(C)C)NC(=O)C([C@@H](C)CC)NC(=O)C(NC(=O)C(NC(=O)C(CCCN)NC(=O)C2CCCN2C(=O)C(NC(=O)C(NC(=O)C(NC(=O)C(NC(=O)CC[C@@H](C)CC)C(C)C)[C@@H](C)O)C(C)C)C(C)C)[C@@H](C)CC)[C@@H](C)OC(=O)C(C(C)C)NC1=O,0.0,training
CC(=O)Oc1ccc2c3c1O[C@H]1[C@@H](OC(C)=O)C=C[C@H]4[C@@H](C2)N(C)CC[C@@]341,1.0,training
Cc1c(F)cc(C(=O)NC2CC2)cc1-c1ccc(C(=O)NCC(C)(C)C)cn1,0.0,training
CCCCCc1cc(O)c2c(c1)OC(C)(C)[C@@H]1CCC(C(=O)O)=C[C@@H]21,0.0,training
Cc1nc(C#Cc2ccnc(Cl)c2)c(C)n1-c1ccc(F)cc1,0.0,training
CCCCc1nc(C)c(CC(=S)N(C)C)c(=O)n1Cc1ccc(-c2ccccc2-c2nn[nH]n2)cc1,0.0,training
Nc1ccn([C@H]2CO[C@@H](CO)S2)c(=O)n1,0.0,training
CCCCCCCCCC=CCCC(=O)N=CC(=O)N[C@@H]1[C@@H](O)[C@@H](O)[C@@H](Nc2ncnc3[nH]cnc23)O[C@H]1[C@@H](O)CO,1.0,training
COC1=C(C(=O)O)N2C(=O)C(NC(=O)C(N)C3=CCC=CC3)[C@H]2SC1,1.0,training
CCCCC/C=C\CCC(=O)N[C@H]1[C@H](Oc2c3cc4cc2Oc2ccc(cc2Cl)[C@@H](O[C@@H]2O[C@H](CO)[C@@H](O)[C@H](O)[C@H]2NC(C)=O)C2NC(=O)C(NC(=O)C4NC(=O)C4NC(=O)C(Cc5ccc(c(Cl)c5)O3)NC(=O)C(N)c3ccc(O)c(c3)Oc3cc(O)cc4c3)c3ccc(O)c(c3)-c3c(O[C@H]4O[C@H](CO)[C@@H](O)[C@H](O)[C@@H]4O)cc(O)cc3C(C(=O)O)NC2=O)O[C@H](CO)[C@H](O)[C@@H]1O,0.0,training
NC(Cc1c[nH]c2ccc(O)cc12)C(=O)O,0.0,training
CCC(C(=O)N1CCCCC1C(=O)O[C@H](CCc1ccc(OC)c(OC)c1)c1cccc(OCC(=O)NCCNC(=O)COc2cccc([C@@H](CCc3ccc(OC)c(OC)c3)OC(=O)C3CCCCN3C(=O)C(CC)c3cc(OC)c(OC)c(OC)c3)c2)c1)c1cc(OC)c(OC)c(OC)c1,0.0,training
Nc1nc(Cl)nc2c1ncn2[C@@H]1O[C@H](CO)[C@@H](O)[C@@H]1F,0.0,training
CC[C@@H](C)CCCCCCC(=O)N[C@H]1[C@H](Oc2c3cc4cc2Oc2ccc(cc2Cl)[C@@H](O[C@@H]2O[C@H](CO)[C@@H](O)[C@H](O)[C@H]2NC(C)=O)C2NC(=O)C(NC(=O)C4NC(=O)C4NC(=O)C(Cc5ccc(c(Cl)c5)O3)NC(=O)C(N)c3ccc(O)c(c3)Oc3cc(O)cc4c3)c3ccc(O)c(c3)-c3c(O[C@H]4O[C@H](CO)[C@@H](O)[C@H](O)[C@@H]4O)cc(O)cc3C(C(=O)O)NC2=O)O[C@H](CO)[C@H](O)[C@@H]1O,0.0,training
O=C(C=Cc1ccc(O)cc1)C1C(=O)C([C@@H]2O[C@H](CO)[C@@H](O)[C@H](O)[C@H]2O)C(=O)[C@@](O)([C@@H]2O[C@H](CO)[C@@H](O)[C@H](O)[C@H]2O)C1=O,1.0,training
Cc1cc(=O)n(-c2ccccc2)[nH]1,1.0,training
CC[C@]1(O)C[C@@H]2CN(CCc3c([nH]c4ccccc34)[C@@](C(=O)OC)(c3cc4c(cc3OC)N(C=O)[C@H]3[C@@](O)(C(=O)OC)[C@H](OC(C)=O)[C@]5(CC)C=CCN6CC[C@]43[C@@H]65)C2)C1,0.0,training
CCN(CC)C(=O)[C@]1(c2ccccc2)C[C@@H]1CN,0.0,training
Cc1cc(F)ccc1[C@H]1CNCCN1C(=O)N(C)[C@H](C)c1cc(C(F)(F)F)cc(C(F)(F)F)c1,0.0,training
CCC1=C(C)CN(C(=O)NCCc2ccc(S(=O)(=O)NC(=O)NC3CCC(C)CC3)cc2)C1=O,0.0,training
Nc1nc(CC(=O)Nc2ccc(CCNC[C@H](O)c3ccccc3)cc2)cs1,0.0,training
COc1ccc(CCN(C)CCCN2Cc3cc(OC)c(OC)cc3C2=O)cc1OC,1.0,training
CO[C@]12CC[C@@]3(C[C@@H]1[C@](C)(O)C(C)(C)C)[C@H]1Cc4ccc(O)c5c4[C@@]3(CCN1CC1CC1)[C@H]2O5,0.0,training
NC(=O)c1cccc(N)c1,0.0,training
CCC(=O)NCC[C@@H]1CCc2ccc3c(c21)CCO3,1.0,training
Nc1ccncc1,0.0,training
NC(=O)c1cc[n+](CC2=C(C(=O)O)N3C(=O)C(NC(=O)C(c4ccccc4)S(=O)(=O)[O-])[C@H]3SC2)cc1,1.0,training
CC(C)[N+]1(C)[C@@H]2CC[C@H]1CC(OC(=O)C(CO)c1ccccc1)C2,1.0,training
C=CCN1CCC[C@H]1CNC(=O)c1cc(S(=O)(=O)NC)c(N)cc1OC,0.0,training
N#C[C@H]1CCCN1C(=O)CNC12C[C@@H]3C[C@@H](CC(O)(C3)C1)C2,1.0,training
CN1CCN(CC(=O)N2c3ccccc3C(=O)Nc3cccnc32)CC1,0.0,training
C=CC(=O)N1CCCC(n2nc(-c3ccc(Oc4ccccc4)cc3)c3c(N)ncnc32)C1,0.0,training
Cc1cccnc1NS(=O)(=O)c1ccc(C#Cc2ccc(O)c(C(=O)O)c2)cc1,0.0,training
COc1ccccc1OC[C@H](O)CN1CCN(CC(=O)Nc2c(C)cccc2C)CC1,1.0,training
CCCCC(C)(C)[C@@H](O)/C=C\[C@@H]1[C@H](C/C=C/CCCC(=O)O)[C@@H](Cl)C[C@@H]1O,1.0,training
CC(=O)O[C@H]1C[C@]2(O)[C@H]3CC[C@H]4C[C@H](O[C@H]5C[C@@H](O)[C@@H](O[C@H]6C[C@@H](O)[C@@H](O[C@H]7C[C@@H](O)[C@@H](O)[C@H](C)O7)[C@H](C)O6)[C@H](C)O5)CC[C@@]4(C)[C@H]3CC[C@]2(C)[C@H]1C1=CC(=O)OC1,0.0,training
CC(C)(C(=O)O)c1ccc(C(=O)CCCN2CCC(OC(c3ccccc3)c3ccccc3)CC2)cc1,0.0,training
N=C(N)NC(CS)C(=O)O,1.0,training
COc1cccc2c(O)c3c(c(O)c12)C(=O)C1=C(C[C@@](O)(C(=O)CO)C[C@@H]1O[C@H]1C[C@H](N2CCO[C@H](OC)C2)[C@H](O)[C@H](C)O1)C3=O,0.0,training
CN(CC(O)=NO)C(=O)C1CCCCC1C(=O)O,1.0,training
CN(C)CC/C=C1/c2ccccc2Sc2ccc(Cl)cc21,0.0,training
CN(C)CC(Oc1ccccc1)Oc1ccccc1,0.0,training
CNn1cc(C(=O)O)c(=O)c2cc(F)c(N3CCN(C)CC3)cc21,0.0,training
C[C@@H]1C[C@@H]2[C@@H]3CC=C4CC(=O)C=C[C@]4(C)C3=CC[C@]2(C)C1C(=O)CN1CCN(c2cc(N3CCCC3)nc(N3CCCC3)n2)CC1,0.0,training
C#CCN(Cc1cc2c(=O)[nH]c(C)nc2cc1C)c1ccc(C(=O)NC(CCc2nn[nH]n2)C(=O)O)c(F)c1,0.0,training
C[C@H]1CCc2c(N3CCC(O)CC3)c(F)cc3c(=O)c(C(=O)O)cn1c23,0.0,training
CC(C)CC(NC(=O)C(Cc1ccc2ccccc2c1)NC(=O)C(Cc1ccc(O)cc1)NC(=O)C(CO)NC(=O)C(Cc1c[nH]c2ccccc12)NC(=O)C(Cc1c[nH]cn1)NC(=O)C1CCC(=O)N1)C(=O)NC(CCCN=C(N)N)C(=O)N1CCCC1C(=O)NCC(N)=O,0.0,training
CS(=O)(=O)OC[C@H](O)[C@@H](O)COS(C)(=O)=O,1.0,training
N=C(N)NCCCNC(=O)C1CCCCN1C(=O)C(CC1CCCCC1)NCC(=O)O,1.0,training
C[C@H](CN1CCOCC1)C(C(=O)N1CCCC1)(c1ccccc1)c1ccccc1,0.0,training
CN(C)c1cc(CNCC(C)(C)C)c(O)c2c1C[C@H]1C[C@H]3C(N(C)C)C(=O)C(C(N)=O)C(=O)[C@@]3(O)C(=O)C1C2=O,0.0,training
CC(O)C(CO)NC(=O)C1CSSCC(NC(=O)C(N)Cc2ccccc2)C(=O)NC(Cc2ccccc2)C(=O)NC(Cc2c[nH]c3ccccc23)C(=O)NC(CCCCN)C(=O)NC(C(C)O)C(=O)N1,1.0,training
COC[C@@H](O)CN(C(C)=O)c1c(I)c(C(=O)NC[C@H](O)CO)c(I)c(C(=O)NC[C@H](O)CO)c1I,1.0,training
CN(C)[C@@H](c1cccc(O)c1)[C@H]1CCCC[C@H]1O,0.0,training
CN(c1nc2ccccc2s1)C1CCN(C[C@H](O)COc2ccc(F)c(F)c2)CC1,0.0,training
CN(C)Cc1c(C(=O)NCCOc2ccc(C(O)=NO)cc2)oc2ccccc12,0.0,training
C[C@@H](N)[C@H]1CC[C@@H](N)[C@@H](O[C@@H]2[C@@H](N)[C@@H](O)[C@@H](O)[C@@H](N(C)C(=O)CN)[C@H]2O)O1,1.0,training
CCOCCn1c(C2CCN(CCc3ccc(C(C)(C)C(=O)O)cc3)CC2)nc2ccccc21,0.0,training
CCC[C@@H]1CC(=O)N(C(CC)C(N)=O)C1,0.0,training
CC(C)(C)OC(=O)NC1CCCCC/C=C\[C@@H]2C[C@@]2(C(=O)NS(=O)(=O)C2CC2)NC(=O)C2C[C@@H](OC(=O)N3Cc4cccc(F)c4C3)CN2C1=O,1.0,training
CSCC(NC(=O)COc1cccc2cnccc12)C(=O)NC(Cc1ccccc1)C(O)C(=O)N1CSCC1C(=O)NC(C)(C)C,1.0,training
CN(C)CCn1nnnc1SCC1=C(C(=O)O)N2C(=O)C(NC(=O)Cc3csc(N)n3)[C@H]2SC1,1.0,training
COC(=O)C(Cc1cccc(C(=N)N)c1)[C@@H](C)NC(=O)c1ccc(-c2cc[n+]([O-])cc2)cc1,0.0,training
CC[C@H]1OC(=O)C[C@@H](O)[C@H](C)[C@@H](O[C@@H]2O[C@H](C)C[C@H](N(C)C)[C@@H]2O)[C@@H](CC=O)CC(C)C(=O)C=C[C@]2(C)O[C@H]2[C@@H]1C,0.0,training
FC(F)(F)C(F)(F)C(F)(F)F,1.0,training
O=C(c1ccc(F)c(F)c1Nc1ccc(I)cc1F)N1CC(O)([C@@H]2CCCCN2)C1,0.0,training
CCCCC[C@H](O)/C=C/[C@@H]1C(CCCCCCC(=O)O)C(=O)C[C@H]1O,1.0,training
CCCCS(=N)(=O)CCC(N)C(=O)O,1.0,training
CC(C)(C)c1cnc(CSc2cnc(NC(=O)C3CCNCC3)s2)o1,0.0,training
COc1ccc2c3c1O[C@H]1[C@@H](O)CC[C@H]4[C@@H](C2)N(C)CC[C@@]341,0.0,training
COc1ccnc(C[S+]([O-])c2nc3cc(-n4cccc4)ccc3[nH]2)c1C,0.0,training
CCN(CC)CCOC(=O)C(Cc1cccc2ccccc12)CC1CCCO1,1.0,training
CC1=CC[C@@H](C(C)(C)O)C[C@@H]1O,1.0,training
CC(C)NCC(O)c1cc(O)cc(O)c1,0.0,training
NC(=O)N1c2ccccc2CC(O)c2ccccc21,0.0,training
COc1ccsc1CNCC[C@@]1(c2ccccn2)CCOC2(CCCC2)C1,1.0,training
COC(=O)NC(C(=O)N1CCC[C@H]1c1nc(-c2ccc(-c3ccc(-c4c[nH]c([C@@H]5CCCN5C(=O)C(NC(=O)OC)C(C)C)n4)cc3)cc2)c[nH]1)C(C)C,0.0,training
CC(=O)Nc1ccc(OC[C@H](O)CNC(C)C)cc1,0.0,training
COc1cccc([C@@]2(O)CCCC[C@@H]2CN(C)C)c1,0.0,training
C[C@@H](NCCCc1cccc(C(F)(F)F)c1)c1cccc2ccccc12,0.0,training
N=C(N)N/N=C1/CCc2c(C(=N)N)cccc21,0.0,training
CC(c1ccccn1)c1c(CCN(C)C)sc2ccccc12,0.0,training
COc1cc(Cc2cnc(N)nc2N)c2cc(Cc3c(C(=O)N(C)C)[nH]c4ccc(Cl)cc34)oc2c1OC,0.0,training
CC(O)Cn1cnc2c1c(=O)n(C)c(=O)n2C,0.0,training
CC(C)(S)C(N)C(=O)O,0.0,training
OCc1cc([C@@H](O)CNCCCCCCOCCOCc2c(Cl)cccc2Cl)ccc1O,1.0,training
CCOC(=O)C(CCc1ccccc1)NC(C)C(=O)N1C(C(=O)O)C[C@H]2CCCC[C@H]21,1.0,training
CCOc1ccc2c(c1)C1(CCC(OCCN3CCOCC3)CC1)C(=O)N2S(=O)(=O)c1ccc(C(=O)NC(C)(C)C)cc1OC,0.0,training
Cc1c(Cl)cccc1Nc1ccccc1C(=O)O,1.0,training
CCCCCCCC(=O)N[C@H](CN1CCCC1)[C@H](O)c1ccc2c(c1)OCCO2,0.0,training
CN(C(=O)CC(=O)N(C)c1c(I)c(C(=O)N[C@H](CO)[C@H](O)CO)c(I)c(C(=O)N[C@H](CO)[C@H](O)CO)c1I)c1c(I)c(C(=O)N[C@H](CO)[C@H](O)CO)c(I)c(C(=O)N[C@H](CO)[C@H](O)CO)c1I,1.0,training
CCCCCCN1CCC(C(=O)N(C)CC)(c2ccccc2)CC1,0.0,training
Cc1ccc(Sc2ccccc2N2CCNCC2)c(C)c1,0.0,training
O=C(NC1CCN(CCCCC2(C(=O)NCC(F)(F)F)c3ccccc3-c3ccccc32)CC1)c1ccccc1-c1ccc(C(F)(F)F)cc1,0.0,training
CC/C=C\C/C=C\C/C=C\C/C=C\C/C=C\C/C=C\CCC(=O)OC(C(=O)O[C@H]1C[C@@]2(O)[C@@H](OC(=O)c3ccccc3)[C@@H]3[C@]4(OC(C)=O)CO[C@@H]4C[C@H](O)[C@@]3(C)C(=O)C(OC(C)=O)=C(C1C)C2(C)C)[C@@H](NC(=O)c1ccccc1)c1ccccc1,0.0,training
O[C@](CO[C@@H]1CN2CCC1CC2)(c1ccccc1)C1CCCC1,0.0,training
CN1C2CCC1CC(=C1c3ccccc3CSc3ccccc31)C2,0.0,training
O=c1ccc2ccccc2o1,1.0,training
CC1(C)S[C@@H]2C(NC(=O)C(NC(=O)N=C(N)N)c3ccccc3)C(=O)N2C1C(=O)O,1.0,training
CC(C(=O)O)c1ccc(C(=O)c2ccccc2)s1,1.0,training
C=CCOc1ccccc1OC[C@H](O)CNC(C)C,1.0,training
COc1cc([S+](C)[O-])ccc1-c1nc2ccncc2[nH]1,1.0,training
NC[C@H]1OB(O)c2c(OCCCO)cccc21,0.0,training
CN(C)C/C=C(\c1ccc(Br)cc1)c1cccnc1,0.0,training
CC[N+]1(CC)CCC(=C(c2ccccc2)c2ccccc2)[C@@H]1C,1.0,training
C=C1C[C@@H]2CC[C@@]34C[C@H]5O[C@H]6[C@@H](O3)[C@H]3O[C@H](CC[C@@H]3O[C@H]6[C@H]5O4)CC(=O)O[C@@H]3[C@@H](OC)[C@@H](C[C@H](O)CN)O[C@H]3C[C@H]3O[C@@H](CC[C@@H]1O2)C[C@@H](C)C3=C,0.0,training
CN(C)CCO[C@]1(c2ccccc2)C[C@H]2CC[C@]1(C)C2(C)C,0.0,training
COc1cc(F)ccc1Cn1ccc2c3c(ncc21)C(=O)N(O)CC3,0.0,training
CSCCC(N)C(=O)NC(CCC(=O)O)C(=O)NC(Cc1c[nH]cn1)C(=O)NC(Cc1ccccc1)C(=O)NC(CCCN=C(N)N)C(=O)NC(Cc1c[nH]c2ccccc12)C(=O)NCC(=O)O,1.0,training
NCCNc1ccc(NCCN)c2c1C(=O)c1ccncc1C2=O,0.0,training
CCN(CC)CCNC(=O)c1cc(Cl)c(N)cc1OC(C)C(C)=O,1.0,training
COC(=O)N(C)c1c(N)nc(-c2nn(Cc3ccccc3F)c3ncccc23)nc1N,0.0,training
CC(C1=C(CCN(C)C)Cc2ccccc21)c1ccccn1,0.0,training
CC1C(=O)NC(Cc2ccc(F)cc2)C(=O)NCCCc2ccccc2O[C@H](C)CNC(C2CC2)C(=O)N1C,0.0,training
CC(=O)[C@]1(O)C=C2C(=O)c3c(c(O)c4ccccc4c3O)C(=O)C2[C@@H](O[C@H]2C[C@H](N3CC3)[C@H](OS(C)(=O)=O)[C@H](C)O2)C1,0.0,training
CNC[C@@H]1CC[C@@H](N)[C@@H](O[C@@H]2[C@H](O)[C@@H](O[C@H]3OC[C@](C)(O)[C@H](NC)[C@H]3O)[C@H](N)C[C@@H]2N)O1,1.0,training
CCCN(CCc1cccs1)[C@H]1CCc2c(O)cccc2C1,0.0,training
CC(c1nc(-c2ccc(C#N)cc2)cs1)[C@@](O)(Cn1cncn1)c1cc(F)ccc1F,0.0,training
COC(=O)C[C@@](O)(CCCC(C)(C)O)C(=O)O[C@@H]1C(OC)=C[C@]23CCCN2CCc2cc4c(cc2[C@H]13)OCO4,0.0,training
CC(=O)N(CC[C@@](CCN1CCCCC1)(C(N)=O)c1ccccc1Cl)C(C)C,0.0,training
CC(C)NC[C@H](O)COc1ccc(O)cc1,1.0,training
COC(=O)C(c1ccccc1Cl)N1CCc2sccc2C1,0.0,training
CCCCCCCC/C=C/CCCCCCCC(=O)OC[C@H]1O[C@@H](n2ccc(N)nc2=O)[C@@H](O)[C@@H]1O,1.0,training
Cc1ccc(-n2nccn2)c(C(=O)N2CCN(c3nc4cc(Cl)ccc4o3)CC[C@H]2C)c1,0.0,training
CC1(C)SC2C(NC(=O)C(NC(=O)c3c[nH]c4cccnc4c3=O)c3ccccc3)C(=O)N2C1C(=O)O,1.0,training
NC(CCC(=O)NC(CS(=O)(=O)CCOP(=O)(N(CCCl)CCCl)N(CCCl)CCCl)C(=O)NC(C(=O)O)c1ccccc1)C(=O)O,1.0,training
OC[C@@H](O)[C@@H](O)[C@H](O)[C@H](O)CO,0.0,training
CCC(C)CC(C)CCCCCCCCC(=O)NC1CC(O)C(NCCN)NC(=O)C2C(O)CCN2C(=O)C(C(O)CCN)NC(=O)C(C(O)C(O)c2ccc(O)cc2)NC(=O)C2CC(O)CN2C(=O)C(C(C)O)NC1=O,0.0,training
CCc1cc2c(cc1CC)CC(NC[C@H](O)c1ccc(O)c3[nH]c(=O)ccc13)C2,0.0,training
CN(CCC(=O)C=Cc1ccc(O)cc1)CCc1ccc2c(c1)OCO2,1.0,training
CCc1ccc(Cc2ccc3c(c2)[C@]2(OC3)O[C@H](CO)[C@@H](O)[C@H](O)[C@H]2O)cc1,0.0,training
Cc1c(C)c2ccc(OCCCN3CCN(Cc4ccc(Cl)cc4)CC3)cc2oc1=O,0.0,training
CCN(CC)CCN(Cc1ccc(-c2ccc(C(F)(F)F)cc2)cc1)C(=O)Cn1c(SCc2ccc(F)cc2)nc(=O)c2c1CCC2,0.0,training
CN[C@H]1CN(c2ccc3c(=O)c(C(=O)O)cn(-c4nccs4)c3n2)C[C@@H]1OC,0.0,training
CSCO[C@H]1C[C@H]2OC[C@@]2(OC(C)=O)[C@H]2[C@H](OC(=O)c3ccccc3)[C@]3(O)C[C@H](OC(=O)C(O)C(NC(=O)c4ccccc4)c4ccccc4)C(C)=C(C(OC(C)=O)C(=O)[C@]12C)C3(C)C,0.0,training
CCOc1ccc(Cc2cc(C3O[C@H](CO)[C@@H](O)[C@H](O)[C@H]3O)ccc2Cl)cc1,0.0,training
CC[C@@]1(O)C(=O)OCc2c1cc1n(c2=O)Cc2c-1nc1cc3c(cc1c2CN1CCN(C)CC1)OCCO3,0.0,training
O=C(O)C(O)Cc1ccc(O)c(O)c1,1.0,training
Nc1nc(OCc2cc(Br)cs2)c2[nH]cnc2n1,1.0,training
O=C1OC2(c3ccc(O)cc3Oc3cc(O)ccc32)c2ccccc21,1.0,training
CNCC[C@@H](O)[C@@H]1C[C@H](SC2=C(C(=O)O)N3C(=O)C([C@@H](C)O)[C@H]3[C@H]2C)CN1,1.0,training
C[N+](C)(C)C[C@H](O)CC(=O)[O-],0.0,training
O=C(Cn1cnnn1)NC1C(=O)N2C(C(=O)O)=C(CSc3nncs3)CS[C@H]12,1.0,training
CC(=O)N[C@H]1[C@H](O[C@@H]2c3ccc(c(Cl)c3)Oc3cc4cc(c3O[C@@H]3O[C@H](CO)[C@H](O)[C@H](O)[C@H]3NC(=O)CCCCCCCC(C)C)Oc3ccc(cc3Cl)CC3NC(=O)C(N)c5ccc(O)c(c5)Oc5cc(O)cc(c5)C(NC3=O)C(=O)NC4C(=O)NC3C(=O)NC2C(=O)NC(C(=O)O)c2cc(O)cc(O[C@H]4O[C@H](CO)[C@@H](O)[C@H](O)[C@@H]4O)c2-c2cc3ccc2O)O[C@H](CO)[C@@H](O)[C@@H]1O,0.0,training
COc1cc([S+](C)[O-])ccc1-c1nc2cccnc2[nH]1,1.0,training
CCOC(=O)[N-]c1c[n+](N2CCOCC2)no1,1.0,training
C/C=C(/C)C(=O)O[C@H]1[C@H](OC(C)=O)[C@]2(CO)[C@H](O)C[C@]3(C)C(=CC[C@@H]4[C@@]5(C)CC[C@H](O[C@@H]6OC(C(=O)O)[C@@H](O[C@@H]7O[C@H](CO)[C@@H](O)[C@H](O)[C@H]7O)[C@H](O)[C@H]6O[C@@H]6O[C@H](CO)[C@@H](O)[C@H](O)[C@H]6O)[C@](C)(CO)[C@@H]5CC[C@]43C)[C@@H]2CC1(C)C,1.0,training
CC(C(=O)O)c1cccc(Oc2ccccc2)c1,1.0,training
C[C@]12CC[C@@H]3c4ccc(O)cc4C[C@H](CCCCCCCCC[S+]([O-])CCCC(F)(F)C(F)(F)F)C3[C@@H]1CC[C@@H]2O,0.0,training
CCOc1cc(Cc2cnc(N)nc2N)cc(OCC)c1-n1cccc1,0.0,training
CCNC(=O)CCC/C=C\C[C@@H]1[C@@H](/C=C\[C@@H](O)CCc2ccccc2)[C@H](O)C[C@@H]1O,1.0,training
COc1cccc2c(O)c3c(c(O)c12)C(=O)C1=C(C[C@@](O)(C(=O)CO)C[C@@H]1O[C@H]1C[C@H](N)[C@H](OCc2ccccc2)[C@H](C)O1)C3=O,0.0,training
C[C@@H](Cc1ccccc1)NC(=O)C(N)CCCCN,1.0,training
COc1ccc2c(c1)[C@@H]1C[C@]1(C(=O)N1[C@@H]3CC[C@H]1CN(C)C3)Cn1c-2c(C2CCCCC2)c2ccc(C(=O)NS(=O)(=O)N(C)C)cc21,0.0,training
C=C(Br)C(=O)Nc1cc(C(=O)Nc2cc(C(=O)Nc3cc(C(=O)Nc4cc(C(=O)NCCN=C(N)N)n(C)c4)n(C)c3)n(C)c2)n(C)c1,0.0,training
O=C(NCCN1CCN=C1c1ccncc1)Nc1ccc(C(=O)O)cc1,0.0,training
CON=C(C(=O)NC1C(=O)N2C(C(=O)O)=C(CSc3cnns3)CS[C@H]12)c1csc(N)n1,1.0,training
CCCNc1nc(NCCC)nc(N(C)OC)n1,0.0,training
CO[C@H]1O[C@H](COS(=O)(=O)O)[C@@H](O[C@@H]2OC(C(=O)O)[C@@H](O[C@H]3O[C@H](COS(=O)(=O)O)[C@@H](O[C@@H]4OC(C(=O)O)[C@@H](O[C@H]5O[C@H](COS(=O)(=O)O)[C@@H](O)[C@H](O)[C@H]5NS(=O)(=O)O)[C@H](O)[C@H]4O)[C@H](OS(=O)(=O)O)[C@H]3NS(=O)(=O)O)[C@H](O)[C@H]2OS(=O)(=O)O)[C@H](O)[C@H]1NS(=O)(=O)O,0.0,training
COC(=O)C1[C@@H](O)CC[C@H]2CN3CCc4c([nH]c5ccccc45)[C@@H]3C[C@@H]12,1.0,training
CN(C)CCNC(=O)c1cccc2cc3ccccc3nc12,1.0,training
O=C(Nc1c(Cl)cncc1Cl)c1ccc(OC(F)F)c(OCC2CC2)c1,0.0,training
O=c1[nH]c(=O)n(C2CCCO2)cc1F,0.0,training
CCc1c(O)cc(O)c(C(=O)c2ccc(OCCN3CCOCC3)c(OC)c2)c1CC(=O)N(CCOC)CCOC,0.0,training
CC[C@@]1(O)CN2CC[C@H]1C[C@@H]2[C@@H](O)c1ccnc2ccc(OC)cc12,0.0,training
CC(=O)N[C@H]1[C@H](O[C@@H]2c3ccc(c(Cl)c3)Oc3cc4cc(c3O[C@@H]3O[C@H](CO)[C@H](O)[C@H](O)[C@H]3NC(=O)CCCCCCC(C)C)Oc3ccc(cc3Cl)CC3NC(=O)C(N)c5ccc(O)c(c5)Oc5cc(O)cc(c5)C(NC3=O)C(=O)NC4C(=O)NC3C(=O)NC2C(=O)NC(C(=O)O)c2cc(O)cc(O[C@H]4O[C@H](CO)[C@@H](O)[C@H](O)[C@@H]4O)c2-c2cc3ccc2O)O[C@H](CO)[C@@H](O)[C@@H]1O,0.0,training
Cn1nnc(-c2ccc(-c3ccc(N4C[C@H](CO)OC4=O)cc3F)cn2)n1,0.0,training
CCON=C(C(=O)NC1C(=O)N2C(C(=O)O)=C(Sc3nc(-c4cc[n+](C)cc4)cs3)CS[C@H]12)c1nsc(NP(=O)([O-])O)n1,1.0,training
OCCN(CCc1c[nH]c2ccccc12)Cc1ccc(/C=C/C(O)=NO)cc1,0.0,training
CNCC[C@H](Oc1cccc2ccccc12)c1cccs1,0.0,training
CN1c2ccccc2[C@@H](NCCCCCCC(=O)O)c2ccc(Cl)cc2S1(=O)=O,1.0,training
NCCCNCCSP(=O)(O)O,1.0,training
COc1ccc(/C=C\c2cc(OC)c(OC)c(OC)c2)cc1NC(=O)C(N)CO,1.0,training
O=C(OC1CC2CC[C@@H](C1)[N+]21CCCC1)C(O)(c1ccccc1)c1ccccc1,0.0,training
NCC(=O)CCC(=O)O,1.0,training
CN1CCN(C(c2ccccc2)c2ccccc2)CC1,0.0,training
Cc1ccc(N(CC2=NCCN2)c2cccc(O)c2)cc1,1.0,training
CCCCN=C(N)N=C(N)N,0.0,training
COC(=O)c1ccc2c(C(=Nc3ccc(N(C)C(=O)CN4CCN(C)CC4)cc3)c3ccccc3)c(O)[nH]c2c1,0.0,training
CCCCN1CCCC1C(=O)Nc1c(C)cc(C)cc1C,1.0,training
Cn1cncc1[C@@](N)(c1ccc(Cl)cc1)c1ccc2c(c1)c(-c1cccc(Cl)c1)cc(=O)n2C,1.0,training
CCN1CCC[C@@H]1CNC(=O)c1cc(S(N)(=O)=O)ccc1OC,0.0,training
NS(=O)(=O)OC[C@@H]1C[C@@H](n2ccc3c(N[C@H]4CCc5ccccc54)ncnc32)C[C@@H]1O,0.0,training
CCN(CC)CCN1C(=O)c2c(c3c4cccc(Cl)c4n([C@@H]4O[C@H](CO)[C@@H](OC)[C@H](O)[C@H]4O)c3c3[nH]c4c(Cl)cccc4c23)C1=O,0.0,training
CCCc1c(OCCCS(=O)(=O)c2ccc(C(=O)CCC(=O)O)cc2)ccc(C(C)=O)c1O,1.0,training
O=P(NCCCl)(NCCCl)O[C@@H]1O[C@H](CO)[C@@H](O)[C@H](O)[C@H]1O,1.0,training
COC(=O)C1(OC(=O)c2cncn2[C@H](C)c2ccccc2)CC1,1.0,training
NC(Cc1ccccn1)c1ccccc1,0.0,training
C[C@@H](O)C1C(=O)N2C(C(=O)O)=C([C@H]3CCCO3)S[C@H]12,1.0,training
CC(NCc1ccc(OCc2cccc(F)c2)cc1)C(N)=O,0.0,training
CCCN[C@H]1CCc2nc(N)sc2C1,0.0,training
Cc1nc2n(c(=O)c1CCN1CCC(c3noc4cc(F)ccc34)CC1)CCCC2O,0.0,training
CC(=O)NC(CSSCC(N)C(=O)O)C(=O)NC(C)C(=O)NC(CCCN=C(N)N)C(=O)NC(CCCNC(=N)N)C(=O)NC(CCCNC(=N)N)C(=O)NC(C)C(=O)NC(CCCNC(=N)N)C(N)=O,0.0,training
CCOCCO[C@@H]1CC[C@@H](C[C@@H](C)[C@@H]2CC(=O)C(C)=CC(C)[C@@H](O)C(OC)C(=O)C(C)C[C@H](C)/C=C/C=C/C=C(\C)[C@@H](OC)C[C@@H]3CC[C@@H](C)[C@@](O)(O3)C(=O)C(=O)N3CCCCC3C(=O)O2)C[C@H]1OC,0.0,training
CC(=O)N(O)CCCCCNC(=O)CCC(=O)N(O)CCCCCNC(=O)CCC(=O)N(O)CCCCCN,0.0,training
COc1cccc2c1[C@H](CO)N1[C@H](C#N)[C@@H]3CC(C(=O)O)[C@H]([C@@H]1C2)N3C,1.0,training
OCc1ncc2n1-c1ccc(Cl)cc1C(c1ccccc1F)=NC2,1.0,training
Cn1c(=N)c(NC(=O)NCCN)cn1CC1=C(C(=O)O)N2C(=O)C(=NC(=O)C(NOC(C)(C)C(=O)O)c3nsc(N)n3)[C@H]2SC1,1.0,training
Cc1cnc(C(=O)NC2CCCCC/C=C\[C@@H]3C[C@@]3(C(=O)NS(=O)(=O)C3CC3)NC(=O)C3C[C@@H](Oc4nc5ccccc5c5ccccc45)CN3C2=O)cn1,0.0,training
C[C@H](CCC(=O)O)[C@H]1CC[C@H]2[C@@H]3[C@H](O)C[C@@H]4C[C@H](O)CC[C@]4(C)[C@H]3CC[C@]12C,1.0,training
Nc1ccn([C@@H]2O[C@H](CO)C[C@@H]2F)c(=O)n1,1.0,training
OCCN1CCN(CCCN2c3ccccc3Sc3ccc(C(F)(F)F)cc32)CC1,0.0,training
OC[C@H](O)c1oc(O)c(O)c1O,0.0,training
CC[C@@]1(O)C(=O)OCc2c1cc1n(c2=O)Cc2c-1nc1ccc(O)cc1c2[Si](C)(C)C(C)(C)C,1.0,training
CCC1=C[C@@H]2CN(CCc3c([nH]c4ccccc34)[C@@](C(=O)OC)(c3cc4c(cc3OC)N(C)[C@H]3[C@@](O)(C(=O)OC)[C@H](OC(C)=O)[C@]5(CC)C=CCN6CC[C@]43[C@@H]65)C2)C1,0.0,training
CCC(=O)O[C@H](CC(=O)[O-])C[N+](C)(C)C,1.0,training
CCCCc1oc2ccc(NS(C)(=O)=O)cc2c1C(=O)c1ccc(OCCCN(CCCC)CCCC)cc1,0.0,training
C[C@@H]1[C@H](O)[C@@H](C)C=CC=CC=CC=CC=CC=CC=C[C@H](O[C@H]2O[C@H](C)[C@@H](O)[C@H](N)[C@@H]2O)C[C@@H]2O[C@@](O)(C[C@@H](O)C[C@@H](O)[C@H](O)CC[C@@H](O)C[C@@H](O)CC(=O)O[C@H]1C)C[C@H](O)C2C(=O)O,0.0,training
CCOP(=O)(OCC)[C@@H](NC(=O)[C@]1(O)[C@@H](O)[C@@]2(CC)C=CCN3CC[C@]4(c5cc([C@@]6(C(=O)OC)C[C@H]7CN(CCc8c6[nH]c6ccccc86)C[C@@](O)(CC)C7)c(OC)cc5N(C)[C@@H]14)[C@@H]32)C(C)C,0.0,training
C=C(C)[C@@H]1CCC(C)=C[C@H]1c1c(O)cc(CCCCC)cc1O,0.0,training
C=C1/C(=C\C=C2/CCC[C@]3(C)[C@@H]([C@H](C)CCCC(C)C)CC[C@@H]23)C[C@@H](O)C[C@@H]1O,0.0,training
CC[C@H](C)[C@@H]([C@@H](CC(=O)N1CCC[C@H]1[C@H](OC)C(C)C(=O)NCCc1ccccc1)OC)N(C)C(=O)C(NC(=O)C(C(C)C)N(C)C)C(C)C,0.0,training
CC(C)OC(=O)CCC/C=C/C[C@@H]1[C@@H](CC[C@@H](O)CCc2ccccc2)[C@H](O)C[C@@H]1O,1.0,training
CC(C)COC[C@@H](CN(Cc1ccccc1)c1ccccc1)N1CCCC1,0.0,training
Cc1cc2c(OCC(O)CNC(C)C)cccc2[nH]1,0.0,training
CCCn1c(=O)c2[nH]c(C34CC5CC(CC3C5)C4)nc2n(CCC)c1=O,0.0,training
C=Cc1c(C)c2[nH]c1=Cc1[nH]c(c(CCC(=O)OC)c1C)C=c1[nH]c(c(C)c1CCC(=O)O)=CC1=NC(=C3C=CC(C(=O)OC)=C(C(=O)OC)[C@@]13C)C=2,0.0,training
NC(=O)C1CC[C@@H]2CN1C(=O)N2OS(=O)(=O)O,1.0,training
O=C(C=Cc1ccc(O)c(O)c1)O[C@@H]1[C@H](O)C[C@@](O)(C(=O)O)C[C@H]1OC(=O)C=Cc1ccc(O)c(O)c1,1.0,training
NCCC(O)C(=O)N[C@@H]1C[C@H](N)[C@@H](O[C@H]2O[C@H](CN)CC[C@H]2N)[C@H](O)[C@H]1O[C@H]1O[C@H](CO)[C@@H](O)[C@H](N)[C@H]1O,1.0,training
CC(C)[C@@H]1NC(=O)[C@H](Cc2ccccc2)NC(=O)[C@H](CC(=O)O)NC(=O)[C@H](CO)NC(=O)[C@@H]2CSSC[C@H](NC(=O)[C@H](CCCNC(=N)N)NC(=O)[C@H](CCCNC(=N)N)NC(=O)[C@H](C)NC(=O)[C@H](CCC(=O)O)NC(=O)[C@H](CC(=O)O)NC(=O)[C@H](C)NC(=O)[C@H](CCC(N)=O)NC1=O)C(=O)N[C@@H](Cc1ccc(O)cc1)C(=O)N[C@@H](CC(N)=O)C(=O)N[C@@H](CC(=O)O)C(=O)N1CCC[C@H]1C(=O)N[C@@H](CCCCN)C(=O)N2,1.0,training
COCCCN1CCC(NC(=O)c2cc(Cl)c(N)c3c2OCC3)CC1,0.0,training
O=C(OC1C[C@@H]2CC3C[C@H](C1)N2CC3=O)c1c[nH]c2ccccc12,1.0,training
O=C(O)CCCC[C@H]1CCSS1,1.0,training
Nc1ccn([C@@H]2O[C@H](CO)[C@@H](O)[C@@H]2O)c(=O)n1,1.0,training
Nc1nc(=O)c2nc(CNc3ccc(C(=O)NC(CCC(=O)O)C(=O)O)cc3)cnc2[nH]1,1.0,training
CCOC(=O)C(CCc1ccccc1)NC(C)C(=O)N1Cc2cc(OC)c(OC)cc2CC1C(=O)O,1.0,training
O=P(O)(O)C(Sc1ccc(Cl)cc1)P(=O)(O)O,0.0,training
Cc1onc(-c2ccccc2)c1-c1ccc(S(N)(=O)=O)cc1,0.0,training
CSCCC(N)C(=O)N[C@@]1(C(=O)O)CS(=O)(=O)[C@H]2C(C(=O)O)[C@H]21,1.0,training
CC(Oc1ccc(Oc2cnc3ccc(Cl)cc3n2)cc1)C(=O)O,0.0,training
COc1cc(C2c3cc4c(cc3C(OC3OC5COC(C)OC5C(O)C3N(C)C)C3COC(=O)C23)OCO4)cc(OC)c1O,0.0,training
COc1ccc(CNC[C@@H](O)COc2ccc3[nH]c(=O)ccc3c2)cc1OC,0.0,training
Nc1nc(=O)n([C@H]2C[C@H](O)[C@@H](CO)O2)cc1F,1.0,training
CN1CCc2nc(C(=O)N[C@@H]3CC(C(=O)N(C)C)CC[C@@H]3NC(=O)C(=O)Nc3ccc(Cl)cn3)sc2C1,0.0,training
O=C(O)CCCC[C@@H]1CCSS1,1.0,training
Oc1ccc(C2CNCCc3c2cc(O)c(O)c3Cl)cc1,1.0,training
CCn1cc(C(=O)O)c(=O)c2cc(F)c(N3CCN[C@@H](C)C3)c(F)c21,0.0,training
CCC(=O)NC[C@@H]1C[C@H]1c1cccc2c1CCO2,1.0,training
N#CN,1.0,training
O=C(O)CCCCN(CCc1ccccc1OCc1ccc(CCc2ccccc2)cc1)Cc1ccc(C(=O)O)cc1,1.0,training
CN1[C@@H]2CC(OC(=O)C(CO)c3ccccc3)C[C@H]1[C@@H]1O[C@@H]12,0.0,training
Cc1nnc(C(C)C)n1C1C[C@H]2CC[C@@H](C1)N2CC[C@@H](NC(=O)C1CCC(F)(F)CC1)c1ccccc1,0.0,training
CCOC(=O)Nc1ccc(NCc2ccc(F)cc2)cc1N,0.0,training
CNCc1ccc(-c2[nH]c3cc(F)cc4c3c2CCNC4=O)cc1,0.0,training
O=c1[nH]cnc2c([C@@H]3N[C@H](CO)[C@@H](O)[C@H]3O)c[nH]c12,0.0,training
CCCCCCCCCCCCC/C=C/[C@@H](O)[C@H](CO[C@@H]1O[C@H](CO)[C@@H](O[C@@H]2O[C@H](CO)[C@H](O[C@@H]3O[C@H](CO)[C@H](O)[C@H](O[C@@H]4O[C@H](CO)[C@H](O)[C@H](O)[C@H]4O)[C@H]3NC(C)=O)[C@H](OC[C@H](O)[C@H](O)[C@@H]3O[C@](O)(C(=O)O)C[C@H](O)[C@H]3NC(C)=O)[C@H]2O)[C@H](O)[C@H]1O)NC(=O)CCCCCCCCCCCCCCCCC,0.0,training
Cc1[nH]c(=O)c(C#N)cc1-c1ccc2nccn2c1,1.0,training
CC(C)(C)NC[C@@H](O)COc1cccc2c1CCC(=O)N2,0.0,training
Cn1c(CCCC(=O)O)nc2cc(N(CCCl)CCCl)ccc21,1.0,training
O=C(O)c1cccc(Cc2cc(Cl)ccc2OCc2ccc(Cl)cc2F)n1,0.0,training
CCCCCCCCCCCCCCC[C@@H](O)[C@H](C)N,0.0,training
CC(C)C[C@H](NC(=O)CNC(=O)c1cc(Cl)ccc1Cl)B(O)O,0.0,training
NS(=O)(=O)c1ccc(S(=O)(=O)Nc2cccc3c(Cl)c[nH]c23)cc1,0.0,training
N#C[C@@H](O[C@@H]1O[C@H](CO[C@@H]2O[C@H](CO)[C@@H](O)[C@H](O)[C@H]2O)[C@@H](O)[C@H](O)[C@H]1O)c1ccccc1,1.0,training
Cc1c(N)nc([C@H](CC(N)=O)NCC(N)C(N)=O)nc1C(=O)NC(C(=O)N[C@H](C)[C@@H](O)C(C)C(=O)NC(C(=O)NCCc1nc(-c2nc(C(=O)NCCC[S+](C)C)cs2)cs1)[C@@H](C)O)[C@@H](O[C@H]1O[C@@H](CO)[C@H](O)[C@@H](O)[C@@H]1O[C@H]1O[C@@H](CO)[C@H](O)[C@@H](OC(N)=O)[C@H]1O)c1c[nH]cn1,0.0,training
CC#C[C@]1(O)CC[C@H]2C3=C(C4=C(CC3)CC(=O)CC4)C(c3ccc(N(C)C)cc3)C[C@@]21C,0.0,training
C#Cc1cccc(Nc2ncnc3cc(OC)c(OCCCCCCC(O)=NO)cc23)c1,0.0,training
O=C(NC[C@H](O)CO)c1ccncc1Nc1ccc(I)cc1F,0.0,training
CN(C(=O)Cc1cccc2sccc12)[C@@H]1CCCC[C@H]1N1CCCC1,0.0,training
C[C@]12CC[C@H]3[C@@H](CC=C4CC(=O)CC[C@@]43C)[C@@H]1CC[C@@H]2O,1.0,training
CC(C)(C)NCC(O)COc1cccc2c1CC(O)C(O)C2,0.0,training
CC[C@]1(O)C[C@H]2CN(CCc3c([nH]c4ccccc34)[C@@](C(=O)OC)(c3cc4c(cc3OC)N(C)[C@H]3[C@@](O)(C(N)=O)[C@H](O)[C@]5(CC)C=CCN6CC[C@]43[C@@H]65)C2)C1,0.0,training
CSCCNc1nc(SCCC(F)(F)F)nc2c1ncn2[C@@H]1O[C@H](COP(=O)(O)OP(=O)(O)C(Cl)(Cl)P(=O)(O)O)[C@@H](O)[C@H]1O,1.0,training
NCCCCC(NC(=O)C1CCCN1C(=O)C1CSSCC(NC(=O)CNC(=O)CNC(=O)CN)C(=O)NC(Cc2ccc(O)cc2)C(=O)NC(Cc2ccccc2)C(=O)NC(CCC(N)=O)C(=O)NC(CC(N)=O)C(=O)N1)C(=O)NCC(N)=O,1.0,training
CC(=O)NC(Cc1ccc2ccccc2c1)C(=O)NC(Cc1ccc(Cl)cc1)C(=O)NC(Cc1cccnc1)C(=O)NC(CO)C(=O)NC(Cc1ccc(NC(=O)C2CC(=O)NC(=O)N2)cc1)C(=O)NC(Cc1ccc(NC(N)=O)cc1)C(=O)NC(CC(C)C)C(=O)NC(CCCCNC(C)C)C(=O)N1CCCC1C(=O)NC(C)C(N)=O,0.0,training
N=C(N)NCCCC1NC(=O)CCSSCC(C(N)=O)NC(=O)C2CCCN2C(=O)C(Cc2c[nH]c3ccccc23)NC(=O)C(CC(=O)O)NC(=O)CNC1=O,1.0,training
CNC(CC(C)C)C(=O)NC1C(=O)NC(CC(N)=O)C(=O)NC2C(=O)NC3C(=O)NC(C(=O)NC(C(=O)O)c4cc(O)cc(O)c4-c4cc3ccc4O)[C@H](O[C@H]3C[C@](C)(N)[C@@H](O)[C@H](C)O3)c3ccc(c(Cl)c3)Oc3cc2cc(c3O[C@@H]2O[C@H](CO)[C@@H](O)[C@H](O)[C@H]2O[C@H]2C[C@](C)(NCc3ccc(-c4ccc(Cl)cc4)cc3)[C@@H](O)[C@H](C)O2)Oc2ccc(cc2Cl)[C@H]1O,0.0,training
Cc1cc(Nc2cc(N3CCN(C)CC3)nc(Sc3ccc(NC(=O)C4CC4)cc3)n2)[nH]n1,0.0,training
O=C(C=Cc1ccc(O)c2c1C(C(=O)OC(Cc1ccc(O)c(O)c1)C(=O)O)[C@@H](c1ccc(O)c(O)c1)O2)OC(Cc1ccc(O)c(O)c1)C(=O)O,1.0,training
C#CCN(C)C(C)Cc1ccccc1,1.0,training
CC(C)C(=O)OCC(=O)[C@]12O[C@@H](C3CCCCC3)O[C@@H]1C[C@@H]1[C@@H]3CC=C4CC(=O)C=C[C@]4(C)[C@H]3[C@@H](O)C[C@@]12C,1.0,training
O=C1NC(c2ccccc2)(c2ccccc2)C(=O)N1COP(=O)(O)O,1.0,training
C1COC(=NC(C2CC2)C2CC2)N1,0.0,training
COC(=O)NC(C(=O)N1CCCC1C(=O)Nc1ccc([C@@H]2CC[C@@H](c3ccc(NC(=O)C4CCCN4C(=O)C(NC(=O)OC)C(C)C)cc3)N2c2ccc(C(C)(C)C)cc2)cc1)C(C)C,0.0,training
CCc1nc2c(N)nc3ccccc3c2n1CCCCNS(C)(=O)=O,0.0,training
CN1CCN2c3ccccc3Cc3ccccc3[C@H]2C1,0.0,training
CN1[C@@H]2CC[C@H]1CC(OC(=O)C(CO)c1ccccc1)C2,0.0,training
C[C@]12C[C@]3(O)O[C@@H](O1)[C@@]1(COC(=O)c4ccccc4)[C@@H]3C[C@]12O[C@@H]1O[C@H](CO)[C@@H](O)[C@H](O)[C@H]1O,1.0,training
C[C@@H](Oc1cc(-n2cnc3ccc(CN4CCN(C)CC4)cc32)sc1C(N)=O)c1ccccc1C(F)(F)F,0.0,training
CN1[C@@H]2CCC[C@H]1CC(NC(=O)c1nn(C)c3ccccc13)C2,0.0,training
Cc1nc(NNC(=O)C(CC2CCCC2)CN(O)C=O)c(F)c(N2CCN3CCOCC3C2)n1,0.0,training
COc1c(OCCCN2CCOCC2)ccc2c3n(c(=NC(=O)c4cnc(N)nc4)nc12)CCN3,0.0,training
N=C(N)Nc1ccc(C(=O)Oc2ccc3cc(C(=N)N)ccc3c2)cc1,1.0,training
COc1cc2c(cc1OC)[C@H]1C[C@@H](OC(=O)C(N)C(C)C)[C@H](CC(C)C)CN1CC2,0.0,training
CC1C(=O)O[C@H]2[C@H](O)C34[C@H]5C[C@@H](C(C)(C)C)C36C(O)C(=O)O[C@H]6OC4(C(=O)O5)[C@@]12O,0.0,training
C=C[C@]1(C)C[C@@H](OC(=O)CS[C@@H]2CC[C@@H](N)C[C@H]2O)[C@]2(C)[C@H](C)CC[C@]3(CCC(=O)[C@H]32)[C@@H](C)[C@@H]1O,0.0,training
O=C(O)C1=C(C[n+]2ccc(CCS(=O)(=O)O)cc2)CSC2C(NC(=O)C(NC(=O)c3[nH]cnc3C(=O)O)c3ccccc3)C(=O)N12,1.0,training
Cc1ncc([N+](=O)[O-])n1C[C@H](O)CCl,0.0,training
O=C(C=Cc1ccc(O)c(O)c1)O[C@@H]1CC(O)(C(=O)O)C[C@@H](OC(=O)C=Cc2ccc(O)c(O)c2)C1O,0.0,training
COc1c(-c2ccc3cc(NS(C)(=O)=O)ccc3c2)cc(-n2ccc(=O)[nH]c2=O)cc1C(C)(C)C,0.0,training
CON=C(C(=O)NC1C(=O)N2C(C(=O)[O-])=C(Cn3cc[n+]4c3CCC=N4)CS[C@H]12)c1nsc(N)n1,1.0,training
COc1ccc(-n2nc(C(N)=O)c3c2C(=O)N(c2ccc(N4CCCCC4=O)cc2)CC3)cc1,0.0,training
C#C[C@]1(O)CC[C@H]2[C@@H]3CCC4=Cc5oncc5C[C@]4(C)[C@H]3CC[C@@]21C,1.0,training
O=P(O)(O)C(Cl)(Cl)P(=O)(O)O,0.0,training
Cc1nc2sccn2c(=O)c1CCN1CCC(=C(c2ccc(F)cc2)c2ccc(F)cc2)CC1,0.0,training
COc1ccc2[nH]cc(CCNC(C)=O)c2c1,1.0,training
COc1ccc2cc1Oc1ccc(cc1)C[C@H]1c3cc(c(OC)cc3CCN1C)Oc1c(OC)c(OC)c(Br)c3c1[C@H](C2)N(C)CC3,0.0,training
C[C@H](N)Cc1ccccc1,0.0,training
CC(C=Cc1c(C)c(O)c2ccccc2c1O)=CCC[C@H](C)CCC[C@H](C)CCCC(C)C,0.0,training
CC(C)(O)[C@@H]1CC[C@](C)([C@H]2[C@@H](O)C[C@@]3(C)[C@@H]4C[C@H](O[C@@H]5O[C@H](CO)[C@@H](O)[C@H](O)[C@H]5O)[C@H]5C(C)(C)[C@@H](O[C@@H]6OC[C@@H](O)[C@H](O)[C@H]6O)CC[C@@]56C[C@@]46CC[C@]23C)O1,1.0,training
NC(=S)NN=Cc1ncccc1N,1.0,training
CO/N=C1\CN(c2nc3c(cc2F)c(=O)c(C(=O)O)cn3C2CC2)CC1CN,0.0,training
CN(C)N=Nc1ccc(C(=O)O)cc1,1.0,training
COc1cccc2c1C(=O)c1c(O)c3c(c(O)c1C2=O)C[C@@](O)(C(=O)COC(=O)CCCC(=O)NCCCCC(NC(=O)C(Cc1ccc(O)cc1)NC(=O)C(CO)NC(=O)C(Cc1c[nH]c2ccccc12)NC(=O)C(Cc1c[nH]cn1)NC(=O)C1CCC(=O)N1)C(=O)NC(CC(C)C)C(=O)NC(CCCNC(=N)N)C(=O)N1CCCC1C(=O)NCC(N)=O)C[C@@H]3O[C@H]1C[C@H](N)[C@H](O)[C@H](C)O1,1.0,training
CS(=O)(=O)c1ccc2c(c1)N(CCCN1CCC(C(N)=O)CC1)c1ccccc1S2,0.0,training
c1ccc(CN(CC2=NCCN2)c2ccccc2)cc1,1.0,training
O=C(CCCN1CC=C(n2c(=O)[nH]c3ccccc32)CC1)c1ccc(F)cc1,1.0,training
OC[C@@H]1O[C@@H](n2cnc3c2N=CNC[C@H]3O)C[C@H]1O,0.0,training
O=c1ccc2ncc(=O)n3c2n1C[C@H]3CN1CCC(NCc2cc3c(cn2)OCCC3)CC1,0.0,training
C=c1cc(C)[nH]c1=Cc1c(O)[nH]c2ccccc12,1.0,training
CCC1C(=O)N(C)c2cnc(Nc3ccc(C(=O)NC4CCN(C)CC4)cc3OC)nc2N1C1CCCC1,0.0,training
CN(c1nc2ccccc2s1)C1CCN(C[C@@H](O)COc2ccc(F)cc2)CC1,0.0,training
O=P(O)(O)C(NC1CCCCCC1)P(=O)(O)O,1.0,training
CCN=C(NCC)NCCCCC(NC(=O)C(CC(C)C)NC(=O)C(CCCCN=C(NCC)NCC)NC(=O)C(Cc1ccc(O)cc1)NC(=O)C(CO)NC(=O)C(Cc1cccnc1)NC(=O)C(Cc1ccc(Cl)cc1)NC(=O)C(Cc1ccc2ccccc2c1)NC(C)=O)C(=O)N1CCCC1C(=O)NC(C)C(N)=O,0.0,training
CC[C@@H]([C@H](C)O)n1ncn(-c2ccc(N3CCN(c4ccc(OC[C@H]5CO[C@@](Cn6cncn6)(c6ccc(F)cc6F)C5)cc4)CC3)cc2)c1=O,0.0,training
COc1cc(N)cn[n+]1-c1ccccc1,0.0,training
Cc1ccc(-n2ccnc2)cc1C(O)c1c(C)cc(C(=O)O)cc1C,1.0,training
Nc1ccn([C@@H]2CO[C@H](CO)S2)c(=O)n1,0.0,training
COCCn1c2c([n+](Cc3cnccn3)c1C)C(=O)c1ccccc1C2=O,0.0,training
CC(C)CN(C[C@@H](O)[C@H](Cc1ccccc1)NC(=O)O[C@H]1CO[C@H]2OCC[C@H]21)S(=O)(=O)c1ccc(N)cc1,0.0,training
CNS(=O)(=O)Cc1ccc2[nH]cc(CCCN3CCN(c4ncncc4OC)CC3)c2c1,0.0,training
Cc1ncc([N+](=O)[O-])n1CC(O)CN1CCOCC1,0.0,training
Oc1ccc(C2=Cc3ccc(O)cc3OC2)cc1,1.0,training
CCCn1c(=O)c2[nH]c(C34CCC(CCC(=O)O)(CC3)CC4)nc2n(CCC)c1=O,0.0,training
O=C(c1ccc(OCCN2CCCCC2)cc1)c1c(-c2ccc(O)cc2)sc2cc(O)ccc12,0.0,training
CCc1cc2c(cc1N1CCC(N3CCOCC3)CC1)C(C)(C)c1[nH]c3cc(C#N)ccc3c1C2=O,0.0,training
CC(C)CC(NC(=O)C(CCc1ccccc1)NC(=O)CN1CCOCC1)C(=O)NC(Cc1ccccc1)C(=O)NC(CC(C)C)C(=O)[C@@]1(C)CO1,1.0,training
CCN(CC)CCNc1ccc(CNC=O)c2sc3ccc(OC)cc3c(=O)c12,0.0,training
CC[C@]1(C)NC(=O)C(Cc2cccs2)NC(=O)C(Cc2ccccc2)NC(=O)CCCSCC(C(=O)N2C[C@H](O)CC2C(=O)NC(CCCN=C(N)N)C(=O)NCC(N)=O)NC(=O)C(CC(N)=O)NC1=O,0.0,training
Cc1c(O)ccc2c1OC[C@@H](c1ccc(O)cc1)[C@H]2c1ccc(O)cc1,0.0,training
Cc1c(-c2ccc(O)cc2)n(Cc2ccc(OCCN3CCCCCC3)cc2)c2ccc(O)cc12,0.0,training
O=C(O)CCSCC1O[C@@H]2O[C@H]3[C@H](O)[C@@H](O)[C@@H](O[C@H]4[C@H](O)[C@@H](O)[C@@H](O[C@H]5[C@H](O)[C@@H](O)[C@@H](O[C@H]6[C@H](O)[C@@H](O)[C@@H](O[C@H]7[C@H](O)[C@@H](O)[C@@H](O[C@H]8[C@H](O)[C@@H](O)[C@@H](O[C@H]9[C@H](O)[C@@H](O)[C@@H](O[C@H]1[C@H](O)[C@H]2O)O[C@@H]9CSCCC(=O)O)O[C@@H]8CSCCC(=O)O)O[C@@H]7CSCCC(=O)O)O[C@@H]6CSCCC(=O)O)O[C@@H]5CSCCC(=O)O)O[C@@H]4CSCCC(=O)O)O[C@@H]3CSCCC(=O)O,1.0,training
COc1cccc2c(O)c3c(c(O)c12)C(=O)C1=C(C[C@@](O)(C(C)=O)C[C@@H]1O[C@H]1C[C@H](N)[C@H](O)[C@H](C)O1)C3=O,0.0,training
O[C@@H](CNC[C@H](O)[C@H]1CCc2cc(F)ccc2O1)[C@@H]1CCc2cc(F)ccc2O1,0.0,training
CCN1CCN(C(=O)NC(C(=O)N[C@]2(OC)C(=O)N3C(C(=O)O)=C(CSc4nnnn4C)CS[C@@H]32)[C@H](C)O)C(=O)C1=O,1.0,training
CO[C@@H]1C[C@@](C)(O)Cc2cc3c(c(O)c21)C(=O)c1c(O)cc2c(c1C3=O)O[C@@H]1O[C@]2(C)[C@@H](O)[C@@H](N(C)C)[C@@H]1O,0.0,training
C[C@@H](O)C1C(=O)N2C(C(=O)O)=C(S[C@H]3CC[S+]([O-])C3)S[C@@H]12,1.0,training
C/C=C/c1cc(OC)c(OC)cc1OC,0.0,training
CC(C)(C)S(=O)(=O)CC(Cc1ccccc1)C(=O)NC(Cc1c[nH]cn1)C(=O)N[C@@H](CC1CCCCC1)[C@@H](O)C(O)C1CC1,0.0,training
C[C@H](Cc1cc2c(c(C(N)=O)c1)N(CCCO)CC2)NCCOc1ccccc1OCC(F)(F)F,0.0,training
CC[C@H](C)[C@H]1NC(=O)C(NC(=O)C(CC(C)C)N(C)C(=O)C2CCCN2C(=O)C(C)O)[C@@H](C)OC(=O)C(Cc2ccc(OC)cc2)N(C)C(=O)C2CCCN2C(=O)C(CC(C)C)NC(=O)C(C)C(=O)C(C(C)C)OC(=O)C[C@@H]1O,0.0,training
CCOC(=O)C(CCc1ccccc1)NC(C)C(=O)N1CC2(CC1C(=O)O)SCCS2,0.0,training
COc1ccc(CC(C)(C)NC[C@H](O)c2cc(O)cc3c2OCC(=O)N3)cc1,0.0,training
CO[C@@H]1[C@@H](O[C@@H]2O[C@H](C)[C@@H](O[C@H]3C[C@@](C)(O)[C@@H](O)[C@H](C)O3)[C@H](N(C)C)[C@H]2O)[C@@H](CC=O)C[C@@H](C)[C@@H](O[C@H]2CC[C@@H](N(C)C)[C@H](C)O2)C=CC=CC[C@@H](C)OC(=O)C[C@H]1O,0.0,training
O=S(=O)(c1cccc2cnccc12)N1CCCNCC1,1.0,training
COc1ccccc1Oc1c(NS(=O)(=O)c2ccc(C)cn2)nc(-c2ccnc(-c3nn[nH]n3)c2)nc1OCCO,1.0,training
NCCc1ccc(O)c(O)c1,1.0,training
C=Cc1c(C)c2[nH]c1=Cc1[nH]c(c(=CCC(=O)O)c1C)=Cc1[nH]c(c(C)c1CCC(=O)OC)C=C1N=C(C=2)C2=CC=C(C(=O)OC)C(C(=O)OC)[C@@]12C,0.0,training
C[C@@H]1C[C@H]2C3C[C@H](F)C4=CC(=O)C=C[C@]4(C)[C@@]3(F)[C@@H](O)C[C@]2(C)[C@@]1(OC(=O)c1ccco1)C(=O)SCF,0.0,training
COC(C(=O)N1Cc2[nH]nc(NC(=O)c3ccc(N4CCN(C)CC4)cc3)c2C1)c1ccccc1,0.0,training
C[C@H](O)C1C(=O)N2C(C(=O)O)=C(S[C@H]3CN[C@H](CNS(N)(=O)=O)C3)[C@@H](C)C12,1.0,training
O=C1C[C@@H](c2ccccc2)Oc2cc(O)cc(O)c21,1.0,training
COc1c(N2CCC/C(=C(\F)CN)C2)c(F)cc2c(=O)c(C(=O)O)cn(C3CC3)c12,0.0,training
Cc1nnc(SCC2=C(C(=O)O)N3C(=O)C(NC(=O)Cn4cc(Cl)c(=O)c(Cl)c4)[C@H]3SC2)s1,1.0,training
O=C(O)C[C@H](O)C[C@H](O)/C=C/c1c(C2CC2)nc2ccccc2c1-c1ccc(F)cc1,0.0,training
CCOc1nc2cccc(C(=O)O)c2n1Cc1ccc(-c2ccccc2-c2nn[nH]n2)cc1,0.0,training
C#CCCCC(=O)c1cc(C(C)(C)C)c(O)c(C(C)(C)C)c1,0.0,training
O=C(C=Cc1ccc(O)c(O)c1)O[C@@H]1C[C@](OC(=O)C=Cc2ccc(O)c(O)c2)(C(=O)O)C[C@@H](O)[C@H]1O,1.0,training
O=C1c2ccccc2OCN1CCO[N+](=O)[O-],1.0,training
O=C1c2ccc3ccccc3c2C(=O)N1CCNCCCNCCN1C(=O)c2ccc3ccccc3c2C1=O,0.0,training
C[C@H]1O[C@H](O[C@H]2[C@H](O)[C@@H](O)[C@@H](OC(C(=O)C(O)CO)[C@H](O)CO)O[C@@H]2CO)[C@H](O)[C@@H](O)[C@@H]1N[C@H]1C=C(CO)[C@@H](O)[C@H](O)[C@H]1O,1.0,training
C[N+]1(CC2CC2)[C@@H]2CC(OC(=O)C(CO)c3ccccc3)C[C@H]1[C@@H]1O[C@@H]12,1.0,training
COP(=O)(c1cc(C)cc(/C=C/C#N)c1)c1c(C(N)=O)[nH]c2ccc(Cl)c(F)c12,0.0,training
Cn1c(CNc2ccc(C(=N)N)cc2)nc2cc(C(=O)N(CCC(=O)O)c3ccccn3)ccc21,0.0,training
COc1cccc2c1c(NS(=O)(=O)c1ccc(Cl)s1)nn2Cc1cccc(CNC(=O)C(C)(C)O)c1,0.0,training
CC(=O)OC1=C2C(C)[C@@H](OC(=O)C(O)C(NC(=O)OC(C)(C)C)c3ccccc3)C[C@@](O)([C@@H](OC(=O)c3ccccc3)[C@@H]3[C@]4(OC(C)=O)CO[C@@H]4C[C@@H]4C[C@@]43C1=O)C2(C)C,0.0,training
COc1cccc2c(O)c3c(c(N)c12)C(=O)C1=C(C[C@@](O)(C(=O)CO)C[C@@H]1O[C@H]1C[C@H](N)[C@H](O)[C@H](C)O1)C3=O,0.0,training
C[C@@H]1C[C@H]2[C@@H]3C[C@H](F)C4=CC(=O)C=C[C@]4(C)[C@H]3[C@@H](O)C[C@]2(C)C1C(=O)CO,1.0,training
C=CCNc1c(O)cc2c(O)c1C=C(C)C[C@H](OC)[C@H](O)[C@@H](C)/C=C(\C)[C@H](OC(N)=O)[C@@H](OC)C=CC=C(C)C(=O)N2,0.0,training
CC(=O)O[C@H]1C[C@@]2(C)[C@@H](C[C@@H](O)[C@H]3[C@]4(C)CC[C@@H](O)[C@@H](C)[C@@H]4CC[C@]32C)/C1=C(/CCC=C(C)C)C(=O)O,0.0,training
CCOC(=O)c1ccc(C#Cc2ccc3c(c2)C(C)(C)CCS3)nc1,0.0,training
COC(=O)c1cnc2n1CCc1ccccc1C2=C1CCN(CCc2ccc(OCc3ccc4ccccc4n3)cc2)CC1,0.0,training
CN(C)CCN1C(=O)c2cccc3cc([N+](=O)[O-])cc(c23)C1=O,0.0,training
CC(=O)O[C@H]1C[C@@H]2CC[C@@H]3[C@H](CC[C@@]4(C)[C@H]3C[C@H](N3CC[N+](C)(C)CC3)[C@@H]4OC(C)=O)[C@@]2(C)C[C@@H]1N1CC[N+](C)(C)CC1,1.0,training
CO[C@@]1(NC(=O)C(C(=O)O)c2ccsc2)C(=O)N2C(C(=O)O)C(C)(C)S[C@@H]21,0.0,training
NC(=O)n1c(O)c(C(=O)c2cccs2)c2cc(Cl)ccc21,0.0,training
CNC(=O)c1cnn(-c2nc(N)c3ncn([C@@H]4O[C@H](CO)[C@@H](O)[C@H]4O)c3n2)c1,1.0,training
NCCCC(O)(P(=O)(O)O)P(=O)(O)O,0.0,training
O=c1[nH]c(=O)n([C@@H]2O[C@H](CO)[C@H](O)[C@H](O)[C@H]2O)cc1F,0.0,training
Cc1ccc(S(=O)(=O)NC(=O)NN2C[C@H]3CCC[C@@H]3C2)cc1,0.0,training
CC1(C)[C@@H](O[C@H]2OC(C(=O)O)[C@@H](O)[C@H](O)[C@H]2O[C@@H]2OC(C(=O)O)[C@@H](O)[C@H](O)[C@H]2O)CC[C@]2(C)C3C(=O)C=C4C5C[C@@](C)(C(=O)O)CC[C@]5(C)CC[C@]4(C)[C@@]3(C)CC[C@@H]12,0.0,training
O=C(Cn1ccnc1[N+](=O)[O-])NCC(O)C(F)(F)F,0.0,training
O=S(=O)(O)c1cc(O)ccc1O,1.0,training
CON=C(C(=O)NC1C(=O)N2C(C(=O)[O-])=C(C[n+]3ccc(-c4cnco4)cc3)CS[C@H]12)c1csc(N)n1,1.0,training
C#C[C@@]1(O)[C@@H](CO)O[C@H](n2ccc(N)nc2=O)[C@@H]1O,0.0,training
N=C(N)NC(=O)c1cnn(-c2cccc3ncccc23)c1C1CC1,1.0,training
OC(c1ccccc1)(c1ccccc1)C12CC[N+](CCOCc3ccccc3)(CC1)CC2,0.0,training
CC1(C)[C@H]2CC[C@@]3(C)C(C(=O)C=C4C5C[C@](C)(C(=O)O)CC[C@@]5(C)CC[C@@]43C)[C@]2(C)CC[C@H]1O[C@H]1OC(C(=O)O)[C@@H](O)[C@H](O)[C@H]1O[C@@H]1OC(C(=O)O)[C@@H](O)[C@H](O)[C@H]1O,0.0,training
CN(C)CCCNC(=O)/C(=C/CCCCC(O)=NO)COc1cccc2ccccc12,1.0,training
Cc1ccc(C(=O)N(CCCN)C(c2nc3snc(C)c3c(=O)n2Cc2ccccc2)C(C)C)cc1,0.0,training
C[C@@H](O[C@H]1OCCN(Cc2nc(=O)n(P(=O)(O)O)[nH]2)[C@H]1c1ccc(F)cc1)c1cc(C(F)(F)F)cc(C(F)(F)F)c1,1.0,training
Cc1c(CN(C)C(=O)C=Cc2cnc3c(c2)CCC(=O)N3)oc2ccccc12,0.0,training
CS(=O)(=O)c1ccc([C@@H](O)[C@@H](COC(=O)CN)NC(=O)C(Cl)Cl)cc1,1.0,training
COc1c(C)cc2c(c1O)[C@@H]1[C@@H]3Cc4c(OC(C)=O)c(C)c5c(c4[C@H](CNC(=O)/C=C/c4cccc(C(F)(F)F)c4)N3[C@@H](O)[C@H](C2)N1C)OCO5,0.0,training
C[n+]1ccccc1C=NO,1.0,training
O=C1CN=C(c2ccccc2Cl)c2cc(Br)ccc2N1,0.0,training
CC[C@H](C)C(NC(=O)C1CCCN1C(=O)C(NC(=O)C(N)Cc1ccccc1)C(C)C)C(=O)NC(Cc1ccccc1)C(=O)NC(C(=O)NC(Cc1ccc(O)cc1)C(=O)NCC(=O)NC(CCC(=O)O)C(=O)NC(CC(C)C)C(=O)NC(CCC(N)=O)C(=O)NC(CCCN=C(N)N)C(=O)NC(CC(C)C)C(=O)NC(CCC(N)=O)C(=O)NC(CCC(=O)O)C(=O)NC(CCCCN)C(=O)NC(CCC(=O)O)C(=O)NC(CCCNC(=N)N)C(=O)NC(CC(N)=O)C(=O)NC(CCCCN)C(=O)NCC(=O)NC(CCC(N)=O)C(=O)NC(CCO)C(=O)O)[C@@H](C)O,1.0,training
CCCCCCC(C)(C)c1cc(O)c2c(c1)OC(C)(C)[C@H]1CC=C(CO)C[C@H]21,0.0,training
CC(C(=O)O)c1ccc2c(c1)[nH]c1ccc(Cl)cc12,0.0,training
CCOC(=O)C1[C@@H](OC(=O)c2ccccc2)C[C@@H]2CC[C@H]1N2C,1.0,training
Cc1ncc(CO)c(CO)c1O,1.0,training
CC1(C)S[C@@H]2C(NC(=O)C(NC(=O)N3CCN(/N=C/c4ccco4)C3=O)c3ccc(O)cc3)C(=O)N2C1C(=O)O,1.0,training
CCC(c1cccc(O)c1)[C@@H](C)CN(C)C,1.0,training
CC(C)CC(NC(=O)C(Cc1c[nH]c2ccccc12)NC(=O)C(Cc1ccc(O)cc1)NC(=O)C(CO)NC(=O)C(Cc1c[nH]c2ccccc12)NC(=O)C(Cc1c[nH]cn1)NC(=O)C1CCC(=O)N1)C(=O)NC(CCCN=C(N)N)C(=O)N1CCCC1C(=O)NCC(N)=O,1.0,training
CCOC(=O)C1=C[C@]2(CC)CCCN3CCc4c(n1c1ccccc41)[C@@H]32,0.0,training
C[C@@H]1CCC[C@H](C)N1CCCC(O)(c1ccccc1)c1ccccn1,0.0,training
COP(=O)(c1cc(C)cc(/C=C/C#N)c1)c1c(C(N)=O)[nH]c2ccc(Cl)cc12,0.0,training
C/C(=C\[C@H](C(C)C)N(C)C(=O)C(NC(=O)C1CCCCN1C(C)C)C(C)(C)C)C(=O)O,0.0,training
CC(C)(C)/[N+]([O-])=C/c1ccc(S(=O)(=O)O)cc1S(=O)(=O)O,0.0,training
O=NNc1cnccn1,1.0,training
COCCN1CCN(Cc2ccc(-c3[nH]nc4c3C(=O)c3c(NC(=O)NN5CCOCC5)cccc3-4)cc2)CC1,0.0,training
O=C(O)c1cc(N=Nc2ccc(S(=O)(=O)Nc3ccccn3)cc2)ccc1O,0.0,training
Nc1nc(C(=NO)C(=O)NC2C(=O)N3C(C(=O)O)=C(C=C4CCN(CC(F)(F)F)C4=O)CS[C@H]23)cs1,0.0,training
CCC1(c2c[nH]cn2)Cc2ccccc2C1,1.0,training
C[N+](C)(C)NCCC(=O)[O-],0.0,training
COc1ccc(/C=C\c2cc(OC)c(OC)c(OC)c2)cc1OP(=O)(O)O,1.0,training
CCN(CC)C(=O)N[C@H]1C=C2c3cccc4[nH]cc(c34)C[C@H]2N(C)C1,1.0,training
C[C@@]1(Cn2ccnn2)C(C(=O)O)N2C(=O)C[C@H]2S1(=O)=O,1.0,training
CCCc1nc(C(C)(C)O)c(C(=O)O)n1Cc1ccc(-c2ccccc2-c2nn[nH]n2)cc1,0.0,training
CC1(C)C(C(=O)O)N2C(=O)CC2S1(=O)=O,1.0,training
CCN(CC)c1ccc2cc(C(=O)Nc3ccc4[nH]c(C(=O)N5C[C@@H](CCl)c6c5cc(OC(=O)Nc5ccccc5)c5[nH]cc(C)c65)cc4c3)oc2c1,1.0,training
Cc1c(F)c(N2CCN[C@H](C)C2)cc2c1c(=O)c(C(=O)O)cn2C1CC1,0.0,training
Nc1nc(=O)c2c(CCc3ccc(C(=O)NC(CCC(=O)O)C(=O)O)cc3)c[nH]c2[nH]1,1.0,training
CN(CCCCCCN(C)C(=O)Oc1ccc[n+](C)c1)C(=O)Oc1ccc[n+](C)c1,0.0,training
CC(S)C(=O)NCC(=O)O,0.0,training
Cc1ccc([C@@H]2O[C@H](CO)[C@@H](O)[C@H](O)[C@H]2O)cc1Cc1ccc(-c2ccc(F)cc2)s1,0.0,training
CC(C)C(NC(=O)C(C(C)C)N(C)C)C(=O)N(C)C(C(=O)N1CCCC1C(=O)N1CCCC1C(=O)NC(C)(C)C)C(C)C,1.0,training
CC[C@H](O)[C@@H](C)[C@H]1O[C@@H]1C[C@@](C)(O)/C=C/C=C(\C)[C@H]1OC(=O)C[C@H](O)CC[C@@](C)(O)[C@@H](OC(=O)N2CCN(C3CCCCCC3)CC2)C=C[C@@H]1C,0.0,training
CC(C)(C)c1[nH]cnc1C=c1[nH]c(=O)c(=Cc2ccccc2)[nH]c1=O,0.0,training
CCC[S+]([O-])CCCN(CC)C[C@@H](O)COc1ccc(C#N)cc1,1.0,training
OCCN(CCO)c1nc(N2CCCCC2)c2nc(N(CCO)CCO)nc(N3CCCCC3)c2n1,0.0,training
CCOC(=O)[C@]1(c2ccccc2)CCC=C[C@H]1N(C)C,0.0,training
CCCNC(C)C(=O)Nc1c(C)csc1C(=O)OC,1.0,training
CCC/N=C1\S/C(=C\c2ccc(OC[C@H](O)CO)c(Cl)c2)C(=O)N1c1ccccc1C,0.0,training
Cc1nccn1CCC(C(N)=O)(c1ccccc1)c1ccccc1,0.0,training
CCn1cc(C(=O)O)c(=O)c2cc(F)c(N3CCNCC3)cc21,0.0,training
CO[C@]1(NC(=O)CSC(F)F)C(=O)N2C(C(=O)O)=C(CSc3nnnn3CCO)CO[C@@H]21,1.0,training
Cc1[nH]c2ccccc2c1CCNCc1ccc(/C=C/C(O)=NO)cc1,0.0,training
O=C(NC1CC[C@@H](c2cccc(F)c2F)CN(CC(F)(F)F)C1=O)N1CCC(n2c(=O)[nH]c3ncccc32)CC1,0.0,training
COc1ccc(CCO[C@@H]2CCCC[C@H]2N2CC[C@@H](O)C2)cc1OC,0.0,training
CN1CC(C(=O)N[C@]2(C)O[C@]3(O)[C@@H]4CCCN4C(=O)C(Cc4ccccc4)N3C2=O)C[C@@H]2c3cccc4[nH]cc(c34)C[C@H]21,1.0,training
Nc1nc(N/N=C/C2CCCCC2)nc2c1ncn2[C@@H]1O[C@H](CO)[C@@H](O)[C@H]1O,1.0,training
Cc1ccccc1-c1cc(N2CCN(C)CC2)ncc1N(C)C(=O)C(C)(C)c1cc(C(F)(F)F)cc(C(F)(F)F)c1,0.0,training
CNC(=O)C(c1ccccc1)N1CCc2cc(OC)c(OC)cc2[C@@H]1CCc1ccc(C(F)(F)F)cc1,0.0,training
CON=C(C(=O)NC1C(=O)N2C(C(=O)[O-])=C(C[n+]3ccc(N)n3CCO)CS[C@H]12)c1csc(N)n1,1.0,training
O=C(NC[C@H]1CN(c2ccc(N3CCOCC3=O)cc2)C(=O)O1)c1ccc(Cl)s1,0.0,training
COC1C(=O)C(C)C[C@H](C)C=CC=CC=C(C)[C@@H](OC)C[C@@H]2CC[C@@H](C)[C@@](O)(O2)C(=O)C(=O)N2CCCCC2C(=O)O[C@H]([C@H](C)C[C@@H]2CC[C@@H](OP(C)(C)=O)[C@H](OC)C2)CC(=O)C(C)=CC(C)[C@H]1O,0.0,training
Nc1n[n+]([O-])c2ccccc2[n+]1[O-],0.0,training
CO[C@@]12CC[C@@]3(C[C@@H]1[C@](C)(O)C(C)(C)C)[C@H]1Cc4ccc(O)c5c4[C@@]3(CCN1CC1CC1)[C@H]2O5,1.0,training
CN(C)/N=N/c1ccc(C(=O)O)cc1,0.0,training
OC(CNCC(O)C1CCc2cc(F)ccc2O1)C1CCc2cc(F)ccc2O1,1.0,training
CN1[C@@H]2CC[C@H]1C[C@@H](OC(=O)c1c[nH]c3ccccc13)C2,1.0,training
CN[C@@H]1C[C@H]2O[C@@](C)([C@@H]1OC)n1c3ccccc3c3c4c(c5c6ccccc6n2c5c31)C(=O)N[C@@H]4O,1.0,training
O=P(O)(O)C(O)(Cc1cccnc1)P(=O)(O)O,1.0,training
N[C@@H]1[C@H]2CN(c3nc4c(cc3F)c(=O)c(C(=O)O)cn4-c3ccc(F)cc3F)C[C@@H]12,1.0,training
CC(=O)O[C@H]1C[C@]2(C)CC[C@H]3[C@@H]4C[C@H](N5CC[N+](C)(C)CC5)[C@H](OC(C)=O)[C@@]4(C)CC[C@@H]3[C@@]2(C)C[C@@H]1N1CC[N+](C)(C)CC1,0.0,training
C=C(C)O[C@@]12CO[C@@H]1C[C@@H]1C[C@@]13C(=O)C(OC(C)=O)=C1C(C)[C@@H](OC(=O)C(O)C(NC(=O)OC(C)(C)C)c4ccccc4)C[C@@](O)([C@H](OC(=O)c4ccccc4)[C@H]23)C1(C)C,1.0,training
CCN(CC)CCS(=O)(=O)[C@@H]1CCN2C(=O)c3coc(n3)CC(=O)C[C@H](O)/C=C(C)/C=C/CNC(=O)/C=C/[C@@H](C)[C@@H](C(C)C)OC(=O)C12,0.0,training
Cc1ccc(C(=O)Nc2ccc(S(=O)(=O)O)c3cc(S(=O)(=O)O)cc(S(=O)(=O)O)c23)cc1NC(=O)c1cccc(NC(=O)Nc2cccc(C(=O)Nc3cc(C(=O)Nc4ccc(S(=O)(=O)O)c5cc(S(=O)(=O)O)cc(S(=O)(=O)O)c45)ccc3C)c2)c1,1.0,training
CN1[C@@H]2C[C@@H](OC(=O)C(CO)c3ccccc3)C[C@H]1[C@@H]1O[C@H]12,1.0,training
CC(C)(C)[C@]1(O)CC2OC(=O)CC23C(=O)OC2OC(=O)C(O)C231,1.0,training
CC[C@]1(O)C[C@@H]2CN(CCc3c([nH]c4ccccc34)[C@@](C(=O)OC)(c3cc4c(cc3OC)N(C)[C@H]3[C@@](O)(C(N)=O)[C@H](O)[C@]5(CC)C=CCN6CC[C@]43[C@@H]65)C2)C1,1.0,training
CC(NCCc1ccc(O)cc1)C(O)c1ccc(O)cc1,0.0,training
CN(C)CCC=C1c2ccccc2COc2ccccc21,1.0,training
O=C(O)c1ccccc1-c1c2ccc(=O)cc-2oc2cc(O)ccc12,0.0,training
CCC1CN2CCC1CC2[C@@H](O)c1ccnc2ccc(OC)cc12,1.0,training
CSCO[C@H]1C[C@H]2OC[C@@]2(OC(C)=O)C2[C@H](OCc3ccccc3)[C@]3(O)CC(OC(=O)C(O)C(NC(=O)c4ccccc4)c4ccccc4)C(C)=C(C(OC(C)=O)C(=O)[C@@]21C)C3(C)C,1.0,training
CCN(CC)CCCC(C)Nc1ccnc2cc(Cl)ccc12,1.0,training
C#CCN(C)[C@H](C)Cc1ccccc1,0.0,training
COc1cc(CC(=O)NCC(=O)N(CCC(=O)O)Cc2ccc(CO)c(CO)c2)ccc1NC(=O)Nc1ccccc1C,0.0,training
COc1cccc(C2(O)CCCCC2CN(C)C)c1,1.0,training
C[C@H]([C@](O)(Cn1cncn1)c1ccc(F)cc1F)S(C)(=O)=O,1.0,training
C[C@H]1O[C@H](O[C@H]2[C@H](O)[C@@H](O)[C@@H](O[C@H]3[C@H](O)[C@@H](O)[C@H](O)O[C@@H]3CO)O[C@@H]2CO)[C@H](O)[C@@H](O)[C@@H]1N[C@H]1C=C(CO)[C@@H](O)[C@H](O)[C@H]1O,0.0,training
O=C1CN=C(c2ccccc2Cl)c2cc(Cl)ccc2N1,1.0,training
C[C@@](O)(/C=C/[C@@H]1CC=CC(=O)O1)[C@@H](C[C@@H](O)/C=C\C=C/C=C/CO)OP(=O)(O)O,0.0,training
CCCCCCCCC=CC=CCC(=O)CCC(=O)NC1[C@H](C(O)CO)O[C@H](Nc2ncnc3[nH]cnc23)[C@H](O)[C@@H]1O,0.0,training
O=C(O)O,1.0,training
CC1(C)C(C(=O)O)N2C(=O)C[C@H]2S1(=O)=O,0.0,training
C[C@H]1O[C@@H](O[C@H]2[C@@H](O)C[C@H](O[C@H]3[C@@H](O)C[C@H](O[C@H]4CC[C@@]5(C)[C@H](CC[C@@H]6[C@@H]5CC[C@]5(C)[C@@H](C7=CC(=O)OC7)CC[C@]65O)C4)O[C@@H]3C)O[C@@H]2C)C[C@H](O)[C@@H]1O,1.0,training
C[C@@H]1C=C2CC(=O)CC[C@]2(C)[C@H]2CC[C@@]3(C)[C@@H](CC[C@@H]3O)[C@]12C,0.0,training
CNC1C(=O)NC2Cc3ccc(cc3)Oc3cc4cc(c3O[C@@H]3OC(C(=O)O)[C@@H](O)[C@H](O)[C@H]3NC(=O)CCCCCCCCC(C)C)Oc3ccc(cc3Cl)[C@@H](O)C3NC(=O)C(NC(=O)C4NC(=O)C(NC2=O)c2cc(cc(O)c2Cl)Oc2cc1ccc2O)c1ccc(O)c(c1)-c1c(O[C@H]2O[C@H](CO)[C@@H](O)[C@H](O)[C@@H]2O)cc(O)cc1C(C(=O)NCCCN(C)C)NC3=O,1.0,training
CCCCC/C=C\CCC(=O)N[C@H]1[C@H](Oc2c3cc4cc2Oc2ccc(cc2Cl)[C@@H](O[C@@H]2O[C@H](CO)[C@@H](O)[C@H](O)[C@H]2NC(C)=O)C2NC(=O)C(NC(=O)C4NC(=O)C4NC(=O)C(Cc5ccc(c(Cl)c5)O3)NC(=O)C(N)c3ccc(O)c(c3)Oc3cc(O)cc4c3)c3ccc(O)c(c3)-c3c(O[C@H]4O[C@H](CO)[C@@H](O)[C@H](O)[C@@H]4O)cc(O)cc3C(C(=O)O)NC2=O)O[C@H](CO)[C@@H](O)[C@@H]1O,1.0,training
CCOC(=O)C1C2CCC(C[C@@H]1OC(=O)c1ccccc1)N2C,0.0,training
CCC1=C(C)CN(C(=O)NCCc2ccc(S(=O)(=O)NC(=O)N[C@H]3CC[C@H](C)CC3)cc2)C1=O,1.0,training
CN1C2CCCC1CC(NC(=O)c1nn(C)c3ccccc13)C2,1.0,training
CCCCc1oc2ccccc2c1C(=O)c1cc(I)c(OCCN(CC)CC)c(I)c1,1.0,training
Oc1c(C2=CC[C@@H](c3ccc(Cl)cc3)CC2)c(O)c2ccccc2c1O,1.0,training
CCN(CCO)CCCC(C)Nc1ccnc2cc(Cl)ccc12,1.0,training
CCN(CC)CCCC(C)Nc1c2ccc(Cl)cc2nc2ccc(OC)cc12,1.0,training
CC(C)=CCN1CC[C@]2(C)c3cc(O)ccc3C[C@H]1[C@H]2C,0.0,training
CC1C(=O)O[C@H]2C[C@@]34[C@H]5C[C@@H](C(C)(C)C)[C@@]36C(O)C(=O)O[C@H]6O[C@@]4(C(=O)O5)[C@@]12O,1.0,training
CCc1nc(N)nc(N)c1-c1ccc(Cl)cc1,1.0,training
CN1[C@@H]2CC[C@H]1C[C@@H](OC(=O)C(CO)c1ccccc1)C2,1.0,training
CCOC(=O)C1(c2ccccc2)CCC=CC1N(C)C,1.0,training
COc1cc([C@@H]2c3cc4c(cc3C(OC3OC5COC(C)OC5C(O)C3N)C3COC(=O)C32)OCO4)cc(OC)c1O,1.0,training
CC1(C)C(/C=C/C=C/C=C/C=C2\N(CCCCS(=O)(=O)O)c3ccc4ccccc4c3C2(C)C)=[N+](CCCCS(=O)(=O)[O-])c2ccc3ccccc3c21,0.0,training
O=C(O[C@H]1C[C@H]2CC3C[C@@H](C1)N2CC3=O)c1c[nH]c2ccccc12,0.0,training
Cn1cc(NC(=O)Nc2cc(C(=O)Nc3cc(C(=O)Nc4ccc5cc(S(=O)(=O)O)cc(S(=O)(=O)O)c5c4)n(C)c3)n(C)c2)cc1C(=O)Nc1cc(C(=O)Nc2ccc3cc(S(=O)(=O)O)cc(S(=O)(=O)O)c3c2)n(C)c1,1.0,training
NCc1ccccc1CC(=O)NC1C(=O)N2C(C(=O)O)=C(CSc3nnnn3CC(=O)O)CS[C@H]12,0.0,training
CCCc1nn(C)c2c(=O)[nH]c(-c3cc(S(=O)(=O)N4CCN(C)CC4)ccc3OCC)nc12,1.0,training
