smiles_standarized,label,group
COC(=O)C1C2CCC(C[C@@H]1OC(=O)c1ccccc1)N2C,-6.718999999999999,training
Clc1cc2c(cc1Cl)Oc1c(Cl)c(Cl)c(Cl)c(Cl)c1O2,-10.4168,training
C=Cc1ccncc1,0.2304,training
CCC(C)C(C)(C)CC,0.948,training
CCCSP(=O)(OCC)Oc1cnn(-c2ccc(Cl)cc2)c1,-7.9208,training
Cn1cc(-c2ccccc2)c(=O)c(-c2cccc(C(F)(F)F)c2)c1,-7.011,training
N#CCON=C(C#N)c1ccccc1,-0.4572,training
CCOC(=O)CC(SP(=S)(OC)OC)C(=O)OCC,-5.4711,training
CCC(=O)CBr,0.5603,training
FC(F)(F)F,5.242999999999999,training
C1CC12CC2,2.6606,training
CCCCCCBr,0.5906,training
CCC(=O)Nc1ccc(Cl)c(Cl)c1,-6.0419,training
CCOC(=O)C(C)Cl,0.5569,training
C1=CCCC1,2.5803,training
Oc1ccccc1-c1ccccc1,-2.699,training
CCc1ccc2ccccc2c1,-1.4999,training
CC(=O)OO[N+](=O)[O-],1.4658,training
CC1(C)C(C(=O)O[C@H](C#N)c2cccc(Oc3ccccc3)c2)[C@@H]1C(Br)C(Br)(Br)Br,-10.4437,training
CCC(CC)Nc1c([N+](=O)[O-])cc(C)c(C)c1[N+](=O)[O-],-4.5229,training
C1CCCC1,2.5022,training
CCNc1nc(NC(C)C)nc(SC)n1,-5.5622,training
CCCCCCCCCCCCC(=O)OC,-2.8894,training
C=CCCCCC,1.7731,training
Clc1cc2oc3c(Cl)c(Cl)ccc3c2c(Cl)c1Cl,-8.6478,training
ClCCSCCCl,-0.9586,training
Cc1nn(-c2cc(NS(C)(=O)=O)c(Cl)cc2Cl)c(=O)n1C(F)F,-9.011,training
Brc1ccc(Oc2cc(Br)c(Br)cc2Br)c(Br)c1,-7.5086,training
ClCC(Cl)(Cl)CCl,0.4837,training
CCCCC(C)Br,0.8596,training
NC(=O)C(N)=O,-7.1972,training
O=C(O)CO,-1.699,training
CC(C)c1cccc(O)c1,-1.158,training
CC(C)c1cc(C(C)C)c(C(C)C)cc1C(C)C,-2.699,training
Clc1ccc(-c2ccccc2Cl)cc1,-2.6792,training
C=C(C)C(=C)C,2.1805,training
CC1CCC(C(C)C)C(O)C1,-1.07645,training
O=C(O)C1CC1,-0.6198,training
CCOP(=S)(OCC)O/N=C(\C#N)c1ccccc1,-4.8013,training
O=C(OC(=O)C(Cl)(Cl)Cl)C(Cl)(Cl)Cl,-0.9076,training
Clc1c(Cl)c(Cl)c2c(oc3c(Cl)c(Cl)c(Cl)c(Cl)c32)c1Cl,-11.425999999999998,training
COc1ccsc1CN(C(=O)CCl)c1c(C)cccc1C,-6.6778,training
Cc1cccc(N)c1C,-1.1249,training
CC(C)CCCCCOC(=O)c1ccccc1C(=O)OCCCCCC(C)C,-5.2596,training
Cc1cc(Cl)ccc1OCCCC(=O)O,-6.3635,training
Clc1ccc(-c2cc(Cl)c(Cl)cc2Cl)c(Cl)c1,-4.6576,training
Clc1ccccc1-c1nnc(-c2ccccc2Cl)nn1,-9.011,training
Cc1ccc(NC(=O)NC(C)(C)c2ccccc2)cc1,-8.4698,training
CC(O)C(O)CO,-2.4734,training
O=C(NC(=O)c1ccccc1Cl)Nc1ccc(OC(F)(F)F)cc1,-9.5229,training
N#CCCO,-1.0958,training
Clc1cc(Cl)c(-c2c(Cl)cc(Cl)cc2Cl)c(Cl)c1,-4.9208,training
O=c1cc(O)[nH]c(=S)[nH]1,-7.699,training
FC(F)(F)C(F)(F)C(Cl)Cl,2.3802,training
CCC[N+](=O)[O-],1.0043,training
Fc1cc(F)cc(F)c1,2.0159,training
Oc1ccc(Cl)cc1Cc1cc(Cl)ccc1O,-10.011,training
CCOP(=O)(OCC)Oc1ccc([N+](=O)[O-])cc1,-5.9586,training
CCCCCCCCCCCCCCCCCC(=O)O,-6.1414,training
COC(C)(C)CC(C)=O,0.3424,training
O=C=Nc1ccc(Cl)cc1,-0.7120000000000001,training
O=C(O)CCC(=O)O,-6.718999999999999,training
CC(=O)OCCC(C)C,0.7482,training
CCCCCCCCCBr,-0.9212,training
CN(C)c1ccc([N+](=O)[O-])cc1,-5.2168,training
Clc1ccccn1,0.3381,training
Cc1csc(C)n1,0.7058,training
O=[N+]([O-])c1ccc(N=Nc2ccccc2)cc1,-5.9324,training
COC(=O)CC(C)=O,-0.0496,training
Cc1ccc([N+](=O)[O-])cc1,-1.8041,training
CC(F)(F)F,3.9794,training
C=C(C)C(C)(C)C,2.0473,training
CC(C)C1CCCC1,1.209,training
CCCCCC(C)=O,0.586,training
c1ccc2c(c1)ccc1c3ccccc3ccc21,-8.2055,training
CC1CCCCC1NC(=O)Nc1ccccc1,-8.3979,training
COCCOCCO,-0.6021,training
CNC(=O)Oc1cc(C)c(C)c(C)c1,-4.2924,training
NCCNCCN,-0.6351,training
CSc1nnc(C(C)(C)C)c(=O)n1N=CC(C)C,-6.4559,training
CCCCCCCCC(C)=O,-0.5706,training
COCC(C)OC(C)=O,0.5934,training
Nc1ccc(Cl)cc1,-1.5686,training
CSC(=O)c1cccc2nnsc12,-5.4815,training
ClCCCCCl,0.616,training
c1ccc2cnccc2c1,-1.1551,training
CC1CCC1,3.1708,training
C=CCc1ccc(OC(C)=O)c(OC)c1,-2.4961,training
O=C1CCCCCC1,0.0969,training
O=C(Br)c1ccccc1,-0.6536,training
CC(C)=CCC(C)C,1.3981,training
Brc1ccc(Oc2ccc(Br)c(Br)c2Br)c(Br)c1,-8.1427,training
CCCN(CCC)c1c([N+](=O)[O-])cc(S(C)(=O)=O)cc1[N+](=O)[O-],-8.0315,training
CC(C)=C1CC[C@@H](C)CC1=O,-0.9101,training
FC(F)(F)/N=C1\S/C(=N\c2ccccc2)N(c2ccccc2)\C1=N\C(F)(F)F,-5.0,training
Clc1ccc(-c2cc(Cl)c(Cl)cc2Cl)cc1Cl,-5.047,training
CCOC(=O)CCCCCCCCC(=O)OCC,-3.2941,training
COCOC,2.5993,training
COCCN(C(=O)CCl)c1c(C)cccc1C,-4.9469,training
CCCCCCI,0.1467,training
CC(C)O,1.6572,training
CCCSSCCC,-0.2907,training
Cc1cccc(N)c1,-0.5186,training
Fc1cc(F)c(F)c(F)c1F,1.83,training
O=C(C(=O)c1ccccc1)c1ccccc1,-3.684,training
OCCOc1ccccc1,-2.1549,training
CCCCCC=O,1.0515,training
CC(C)CC(O)CC(C)C,-0.5186,training
COC(=O)C(C)N(C(=O)Cc1ccccc1)c1c(C)cccc1C,-5.0,training
C#CCCCCCCC,0.7966,training
N#CCNCC#N,-2.4672,training
CNC(=O)Oc1ccccc1OC(C)C,-5.0141,training
C1CCC1,3.07,training
CN(C)N=O,0.4314,training
Cc1ccc(C(C)C)c(O)c1,-2.6576,training
COC(=O)c1ccccc1,-0.4202,training
FC(F)(F)Br,4.0864,training
CCCC(C)CCC,1.3118,training
C=CCOCCC,1.7836,training
c1ccc2sccc2c1,-0.6238,training
CC12CC1(C)C(=O)N(c1cc(Cl)cc(Cl)c1)C2=O,-3.8539,training
FC(F)(Br)Br,2.9138,training
O=CNc1ccccc1,-2.4471,training
BrC=CBr,1.4914,training
Clc1c(Cl)c(Cl)c2ccccc2c1Cl,-5.5376,training
CC(Cc1ccc(C(C)(C)C)cc1)CN1C[C@@H](C)O[C@@H](C)C1,-4.59105,training
C=CCN,2.3838,training
CCCC1CCCCC1,0.6224,training
OCCOCCO,-2.2441,training
CC(=O)Oc1ccc2c3c1O[C@H]1[C@@H](OC(C)=O)C=C[C@H]4[C@@H](C2)N(C)CC[C@@]341,-9.1198,training
COc1ccccc1C(=O)O,-4.7989,training
O=[N+]([O-])C(Br)(CO)CO,-4.8996,training
CCCC(C)CO,0.2833,training
O=C(O)C(F)(F)C(F)(F)C(F)(F)C(F)(F)C(F)(F)C(F)(F)C(F)(F)F,-0.2798,training
C[Si](C)(C)N[Si](C)(C)C,1.1396,training
CC(=O)C=Cc1ccccc1,-1.9066,training
CCC(O)CO,-1.3002,training
CCCCC(=O)CCCC,-0.2581,training
Cc1cnccn1,0.9061,training
Brc1ccccn1,-0.1135,training
Clc1ccc(-c2ccccc2)cc1,-1.9788,training
CC(=O)Cl,2.4579,training
CCCOCCO,0.4937,training
CCCCOc1ccccc1,-0.5287,training
NC(=O)C(=O)O,-6.3333,training
C1=CCC=CC1,1.8236,training
CCCCCCCN,0.4378,training
COP(=S)(OC)Oc1cc(Cl)c(Br)cc1Cl,-3.8945,training
CCOC(O)=c1cc(O)c(=C(O)C2CC2)c(O)c1,-4.7905,training
CN(C)c1ccc(N=Nc2ccc([N+](=O)[O-])cc2)cc1,-10.0,training
C#CC(O)(C=CCl)CC,-1.0,training
C=C1CC(=O)O1,1.0302,training
Cc1ccc(C=O)cc1,-0.6021,training
CCN(CC)C(=O)C(C)Oc1cccc2ccccc12,-6.7645,training
CCC(C)OC(C)CC,1.2109,training
N#CCCN,-0.0655,training
FC(F)(Cl)C(Cl)(Cl)Cl,1.7782,training
OCCCCCCO,-3.301,training
CC(=O)c1ccccc1,-0.4012,training
CC(C)=CC(C)(C)C,1.5551,training
Cc1cccc(C)c1N(C(=O)CCl)C1CCOC1=O,-6.8239,training
C[Si]1(C)O[Si](C)(C)O[Si](C)(C)O[Si](C)(C)O[Si](C)(C)O[Si](C)(C)O1,-1.6478,training
Cc1cc(S(=O)(=O)c2ccccc2)ccc1NS(=O)(=O)C(F)(F)F,-5.0458,training
C[Si](C)(C)O[Si](C)(C)O[Si](C)(C)O[Si](C)(C)C,-0.426,training
C=CC(=O)OCCCCCCCC,-0.9935,training
CCCCCF,2.2652,training
C[Si](C)(C)O[Si](C)(C)O[Si](C)(C)O[Si](C)(C)O[Si](C)(C)O[Si](C)(C)O[Si](C)(C)O[Si](C)(C)C,-2.4962,training
C=CCC,3.3522,training
C=COC,3.1193,training
C#CC(C)(O)CC,0.7202,training
CCCCCCCCCCCCCCCCCCCl,-4.768,training
CCCCCCCCCCCCCCCCCCCCCCCCCC,-6.3287,training
CCCC(C)(C)CC,1.4564,training
O=C(C=Cc1ccccc1)OCc1ccccc1,-5.0,training
CC1CCCC(C)(C)C1,1.0339,training
CCc1cccc(C(C)=O)c1,0.3572,training
Clc1ccc(C(c2ccccc2Cl)C(Cl)Cl)cc1,-5.7122,training
OCC=Cc1ccccc1,-1.6198,training
C#CCN1C(=O)COc2cc(F)c(N3C(=O)C4=C(CCCC4)C3=O)cc21,-5.617999999999999,training
O=C(O)CCCC(=O)O,-5.5414,training
CC(C)=CC1C(C(=O)OCN2C(=O)C3=C(CCCC3)C2=O)C1(C)C,-5.15,training
C=CC(C)CCC,1.916,training
CC(OP(C)(=O)F)C(C)(C)C,-0.3979,training
Cc1occc1C(=O)Nc1ccccc1,-6.8239,training
CC(C)(C)c1cc(C(C)(C)C)c(O)c(C(C)(C)C)c1,-3.1798,training
CC(=O)OCCOC(C)=O,-1.1113,training
COc1ccc(C(C)=O)cc1,-2.1911,training
CC(C=O)=Cc1ccccc1,-1.8239,training
CCCOCCN(C(=O)CCl)c1c(CC)cccc1CC,-6.0013,training
CCCCCl,2.0056,training
BrC(Br)C(Br)Br,-1.699,training
CC(C)CCBr,1.5393,training
COc1ccc(Br)cc1,-0.6919,training
C=COC=C,2.8261,training
CC(C)CCO,0.3747,training
CCCCCCCCCCCO,-2.5275,training
C=C1C2CCC(C2)C1(C)C,0.3988,training
CCCCOC(=O)C1=CC(=O)CC(C)(C)O1,-3.5229,training
COP(=S)(Oc1cc(Cl)c(Br)cc1Cl)c1ccccc1,-7.6383,training
NCCNCCO,-2.0867,training
C=C(C)CC(C)(C)C,1.6503,training
C=C(C)C(=O)OCCCC,0.3263,training
COCCl,1.4771,training
CC(C#N)CCC#N,-2.2924,training
CC(=O)OC(C)=O,0.7076,training
CCCCCCN,0.9538,training
CC1(C)CCC(Cc2ccc(Cl)cc2)C1(O)Cn1cncn1,-7.0348,training
CCCCCC(=O)O,-1.3615,training
CC(CCl)OC(C)CCl,-0.2518,training
CC1=CCC(C(C)C)=CC1,0.0362,training
CCCCCCO,-0.0325,training
CC(C)C(C(=O)OC(C#N)c1cccc(Oc2ccccc2)c1)c1ccc(OC(F)F)cc1,-8.0605,training
CCOC(=O)CC(O)(CC(=O)OCC)C(=O)OCC,-3.1630000000000003,training
COC(=O)CC(=O)OC,-0.0458,training
O=c1ccc2ccccc2o1,-3.0088,training
C=C(C)C(=O)OC,1.5855,training
COC(=O)c1ccccc1S(=O)(=O)NC(=O)N(C)c1nc(C)nc(OC)n1,-9.4089,training
CCCCC(CC)CN,0.1461,training
c1cc2ccc3cccc4ccc(c1)c2c34,-5.3468,training
Brc1cccnc1,0.2438,training
c1ccc2c(c1)ccc1cccnc12,-3.6607,training
O=C(Cl)/C=C/C(=O)Cl,0.3158,training
O=[N+]([O-])c1c(Cl)c(Cl)cc(Cl)c1Cl,-2.7447,training
O=C(O)C1C2CCC(O2)C1C(=O)O,-9.8041,training
COc1ccccc1,0.5489999999999999,training
CC(C)C(C)C(C)C,1.433,training
CCN(CCO)c1ccc(N=Nc2ccc([N+](=O)[O-])cc2)cc1,-13.3979,training
Cc1ccccc1Cl,0.5353,training
Cc1ccc(C)c(N)c1,-0.8239,training
CCCCCCCCCCCl,-2.007,training
CC(O)CNC1CCCCC1,-1.8019,training
Clc1c(Cl)c(Cl)c(-c2c(Cl)c(Cl)c(Cl)c(Cl)c2Cl)c(Cl)c1Cl,-6.9731,training
C=CCCC,2.8026,training
O=C(O)CN(CCN(CC(=O)O)CC(=O)O)CC(=O)O,-11.8239,training
CCCN(CCCl)c1c([N+](=O)[O-])cc(C(F)(F)F)cc1[N+](=O)[O-],-4.5229,training
c1ccc2cc3c4ccccc4c4ccccc4c3cc2c1,-10.0,training
Cc1cccc(C)c1,0.9186,training
ClC(Cl)=C(c1ccc(Cl)cc1)c1ccc(Cl)cc1,-5.2218,training
C1CN1,2.3284,training
CC[Si](Cl)(Cl)Cl,1.6738,training
CC(C)COC=O,1.6029,training
Cn1c(=O)on(-c2ccc(Cl)c(Cl)c2)c1=O,-6.0,training
C[Si]1(C)O[Si](C)(C)O[Si](C)(C)O[Si](C)(C)O[Si](C)(C)O[Si](C)(C)O[Si](C)(C)O[Si](C)(C)O[Si](C)(C)O1,-4.752,training
O[C@@H]1[C@@H](O)[C@@H]2OC[C@@H](O2)[C@H]1O,-7.1249,training
CCCCCC(C)CC,0.7962,training
Nc1ccc2c(c1)C(=O)c1ccccc1C2=O,-10.300999999999998,training
Clc1ccc2c(c1)Oc1cc(Cl)ccc1O2,-5.9788,training
Cc1ccnc2ccccc12,-2.1959,training
c1ccc2c(c1)cnc1ccccc12,-4.6821,training
C=CC(=O)OCCO,-1.2815,training
Nc1cccc2c1C(=O)c1ccccc1C2=O,-8.301,training
CNC(=O)Oc1cc(C)cc(C(C)C)c1,-4.5229,training
Oc1cccc(O)c1,-3.3107,training
CC(=O)O[C@@H]1CC2CCC1(C)C2(C)C,-0.6421,training
C=CC=O,2.4379,training
C1COCO1,1.8976,training
CCCCCCCCCCCCCCC(=O)OC,-3.7883,training
CCCOC(=O)NCCCN(C)C,-6.5391,training
CC(C)C12CCC(C)(CC1)O2,0.286,training
Clc1cc2c(c(Cl)c1Cl)Oc1c(Cl)c(Cl)c(Cl)c(Cl)c1O2,-10.18835,training
CCC(C)(C)OC,1.8763,training
CCCCC(=O)O,-0.7077,training
CC(C)CCS,1.3079,training
C1CS1,2.3979,training
C=CCCCCCCCCCCCCC,-2.3429,training
COCCOCCOC,0.4713,training
COC(=O)CCC(=O)OC,-0.3872,training
O=C(O)c1ccccc1C(=O)O,-6.1963,training
Oc1c(F)c(F)c(F)c(F)c1F,0.4639,training
CCOC(=O)C(C)(C)Br,0.4171,training
CCCN(CCC)c1c([N+](=O)[O-])cc(C(F)(F)F)cc1[N+](=O)[O-],-4.3391,training
Cc1ccccc1C(=O)Nc1cccc(OC(C)C)c1,-6.3768,training
CC(C)CC(=O)O,-0.3565,training
O=C(O)c1ccc2ccccc2c1,-5.1782,training
CCCCOC(=O)c1ccccc1C(=O)OCc1ccccc1,-5.0835,training
CC(=O)CF,1.8018,training
C#CCCCCC,1.7202,training
c1ccc(N=Nc2ccccc2)cc1,-3.4425,training
CC(CO)c1ccccc1,-1.7212,training
CCCC(C)=C(C)C,1.2633,training
CCCCCCCC(=O)CCCCCCC,-3.3933,training
CC1(c2ccc(Oc3ccccc3)cc2)OC(=O)N(Nc2ccccc2)C1=O,-8.3188,training
CC(C)c1ccc(C(C)C)cc1,-0.6091,training
Cc1ccc2cc(C)ccc2c1,-2.3665,training
O=Cc1ccc(O)cc1,-3.9481,training
CCCC=O,2.0469,training
CCCCCC(=O)CC,0.301,training
C=Cc1ccccn1,0.444,training
Clc1ccc(Cl)c(-c2c(Cl)c(Cl)cc(Cl)c2Cl)c1,-5.6402,training
COc1cccc(O)c1,-1.7077,training
CCCCCC(C)OC(=O)COc1ccc(Cl)c2cccnc12,-7.3979,training
CCCC(Br)CBr,0.1535,training
CCCCCCCCCCCC,-0.8697,training
FC(F)COC(F)F,2.356,training
CCC(CO)CC(C)C,-0.6253,training
OCCF,1.3284,training
Cc1ccc(Br)cc1,0.0607,training
CCCCCCCCC(Br)CBr,-2.4289,training
O=C1c2ccccc2C(=O)c2c1ccc([N+](=O)[O-])c2[N+](=O)[O-],-11.1549,training
CCC(C)I,1.233,training
CCOC(=O)CCCCC(=O)OCC,-1.2388,training
FC(F)(F)C(F)(F)C(F)(F)C(F)(F)N(C(F)(F)C(F)(F)C(F)(F)C(F)(F)F)C(F)(F)C(F)(F)C(F)(F)C(F)(F)F,-0.2581,training
C=CCCC(C)=O,1.0212,training
CCCCCCCCCCCF,-0.6819,training
CCCCCCCCCCCCCCCCCCCCCCCCCCCCCC,-10.5638,training
CCCOC,2.6678,training
CC(O)CCO,-1.6968,training
CCCCCCCCCI,-1.5639,training
Nc1ccc(Cl)c(Cl)c1,-2.1993,training
CCNc1nc(NC(C)(C)C)nc(OC)n1,-5.699,training
CCC(C)(CC)OC(N)=O,-0.1549,training
CCCC(=O)OC,1.5089,training
CCCCCCC(C)O,-0.6162,training
CC(C)(C)c1ccc(CSc2cnn(C(C)(C)C)c(=O)c2Cl)cc1,-5.9281,training
ICc1ccccc1,-0.9031,training
CCCCC#N,0.8633,training
Oc1ccccc1Cl,0.4031,training
Cc1ccncc1C,0.092,training
Fc1cc2c(cc1F)Oc1cc(Cl)c(Cl)cc1O2,-7.762,training
CCCCCCCCCCCCCCCCCCCCC,-4.0592,training
CCNc1nc(Cl)nc(NCC)n1,-7.6556,training
OCCOc1ccc(N=Nc2ccccc2)cc1,-7.6749,training
Nc1ccc(N)c2c1C(=O)c1ccccc1C2=O,-9.699,training
Cc1ccc(CCl)cc1,-0.5272,training
c1ccc(N2CCNCC2)cc1,-2.2639,training
CNN,1.699,training
O=[N+]([O-])C([N+](=O)[O-])([N+](=O)[O-])[N+](=O)[O-],0.9253,training
C1CSCCS1,-0.0969,training
CCCCCCCCCCC1CCCCC1,-2.9872,training
CCOc1ccc(C(COCc2cccc(Oc3ccc(Cl)cc3)c2)C(F)(F)F)cc1,-9.011,training
CC(=O)OC(C)(C)C,1.6721,training
CCc1cccc(C)c1C,-0.2065,training
c1cc2c3c(cccc3c1)CC2,-2.6676,training
FC(F)(F)C(F)(Cl)Cl,3.2148,training
CC(Br)C(C)Br,0.5796,training
CC(C)(C)C(O)C(Oc1ccc(Cl)cc1)n1cncn1,-9.5086,training
Cc1ccc(NC(=O)N(C)C)cc1Cl,-7.4437,training
CCOCCOCCO,-0.8996,training
C1CCC2CCCCC2C1,0.114499999999999,training
C1COC1,2.5105,training
CCC(C)n1c(=O)[nH]c(C)c(Br)c1=O,-6.5129,training
CCOC(=O)CCCC(=O)OCC,-0.7932,training
OCCO,-1.0362,training
C=CC/C=C/C,2.2363,training
CCSCCCl,0.5315,training
O=[N+]([O-])c1cccc(Cl)c1,-1.0132,training
CCCOC/C(=N\c1ccc(Cl)cc1C(F)(F)F)n1ccnc1,-5.8539,training
ClCCl,2.6385,training
C=COC(C)=O,1.955,training
CCOC(=O)CI,-0.1952,training
Brc1cccc2c1Oc1cccc(Br)c1O2,-5.9469,training
Cc1cc(Cl)ccc1O,-1.6198,training
CCCCCCCCCCCC=O,-1.8153,training
CCCCc1ccccc1,0.027,training
c1cc(-c2ccncc2)ccn1,-4.2549,training
COC(=O)C(C)N(C(=O)c1ccco1)c1c(C)cccc1C,-6.2798,training
Cc1ccc(Cl)cc1Cl,-0.3391,training
CN(C)C,3.2060000000000004,training
CCOC(=O)C=Cc1ccccc1,-2.4855,training
CC(C)CC1CCCCC1,0.6839,training
CN(C)C(=O)Nc1cccc(C(F)(F)F)c1,-6.0278,training
O=C(C(F)(F)F)C(F)(F)Cl,3.1538,training
FCCF,2.7897,training
O=Cc1cccc([N+](=O)[O-])c1,-2.1398,training
CCCC(=O)c1c(C)cc(C)c(C2CC(=O)C(C(CC)=NOCC)C(=O)C2)c1C,-8.1249,training
CC(C)(C)NC=O,-0.5686,training
CCC=C(C)CC,1.9148,training
CCC(N)=O,-1.4225,training
C[Si](C)(C)O[Si](C)(C)O[Si](C)(C)O[Si](C)(C)O[Si](C)(C)C,-0.9905,training
CCCCCCCCCCCCCCCC(=O)O,-6.4202,training
CCOP(=S)(OCC)SC(CCl)N1C(=O)c2ccccc2C1=O,-7.2076,training
Brc1c(Br)c(Br)c(-c2c(Br)c(Br)c(Br)c(Br)c2Br)c(Br)c1Br,-9.4007,training
COC(=O)C=Cc1ccccc1,-1.4622,training
Clc1cccc(Oc2ccc(Cl)c(Cl)c2)c1,-3.9066,training
CC(C)(C)c1ccc(O)c(C(C)(C)C)c1,-2.3215,training
O=CO,1.6293,training
O=C=S,3.9737,training
CCCCCCCCCCCCCCCCCC(=O)OCC,-5.5867,training
CCCCOC(=O)CC,0.6451,training
CC(C)NC(C)C,1.8998,training
C=CCCCCCCCC,0.2227,training
C[Si]1(C)O[Si](C)(C)O[Si](C)(C)O[Si](C)(C)O[Si](C)(C)O1,-0.6990000000000001,training
CC(C)(C)O,1.6096,training
CCOC(=O)OCC,1.0334,training
CCCCCCCCCCCCCCC,-2.4647,training
Oc1c(Cl)c(Cl)c(Cl)c(Cl)c1Cl,-3.9586,training
CCCCCCC(C)C,0.7934,training
O=C(Oc1ccccc1)c1ccccc1,-2.7696,training
C1=CCC2CC2C1,1.3598,training
CCCCCCCC,1.1477,training
CC(C)C(C(=O)OC(C#N)c1cccc(Oc2ccc(Br)cc2)c1)c1ccc(OC(F)F)cc1,-8.9208,training
C=C1C=CC(C(C)C)CC1,0.2003,training
CC1(C)C(C(=O)O[C@H](C#N)c2cccc(Oc3ccccc3)c2)[C@H]1/C=C(\Cl)C(F)(F)F,-8.4744,training
Cc1cccc2ccccc12,-1.1739,training
O=Cc1ccccc1O,-0.2269,training
O=CC(Br)(Br)Br,0.183,training
CC(CO[N+](=O)[O-])O[N+](=O)[O-],-0.4225,training
CN(C)C(=O)Nc1cc(C(C)(C)C)on1,-6.4168,training
Clc1ccc(Oc2ccccc2Cl)cc1,-3.1549,training
COc1cccc(OC)c1C(=O)O,-6.7212,training
CC(=O)Nc1ccccc1,-3.699,training
CC(=O)Oc1ccccc1[N+](=O)[O-],-2.6615,training
C=CC1(C)OC(=O)N(c2cc(Cl)cc(Cl)c2)C1=O,-6.9208,training
Nc1cccc(Cl)c1,-1.1805,training
CCCCCCCCCCI,-1.8539,training
CC(C)OC(=O)C(C)C,1.2045,training
CCOC(=O)NCCOc1ccc(Oc2ccccc2)cc1,-8.20445,training
CCN(Cc1c(F)cccc1Cl)c1c([N+](=O)[O-])cc(C(F)(F)F)cc1[N+](=O)[O-],-6.6198,training
CCc1cccc(CC)c1,0.0531,training
O=C(CCl)c1ccccc1,-2.2676,training
ClCC1CO1,1.2159,training
C=CCC=C,2.8738,training
O=C(Cl)CCCC(=O)Cl,-0.9318,training
CC1CCC(C)C(C)C1C,0.1173,training
c1ccc2cc3cc4ccccc4cc3cc2c1,-8.6038,training
CCOP(=S)(NC(C)CC)Oc1cc(C)ccc1[N+](=O)[O-],-3.2007,training
COC(=O)C(=O)OC,0.0584,training
c1ccc2c(c1)Cc1c-2ccc2ccccc12,-6.6144,training
CCCCCCCCCCCCCCI,-3.8492,training
CCC(C)C(=O)O,-0.3089,training
COP(C)(=O)OC,-0.0168,training
CCCCO,0.8261,training
Cn1ccc(=O)n(C)c1=O,-2.2581,training
Cc1ccccc1C(=O)O,-3.1824,training
COC(=O)c1ccccc1O,-1.4647,training
Cc1ccccn1,1.0492,training
Cc1cc2ccccc2o1,-0.3125,training
CC(=O)C(Cl)Cl,1.4306,training
COc1cc(Cl)c(Cl)cc1O,-2.3526,training
CC(=O)CC(c1ccccc1)c1c(O)c2ccccc2oc1=O,-6.9355,training
Brc1ccccc1,0.6214,training
CC12CCC(CC1=O)C2(C)C,-0.6649,training
CCCCOC(=O)COc1ccc(Cl)cc1Cl,-4.2104,training
FC(F)=CCl,3.5502,training
CCc1cccnc1,0.4031,training
C[Si]1(C)O[Si](C)(C)O[Si](C)(C)O[Si](C)(C)O[Si](C)(C)O[Si](C)(C)O[Si](C)(C)O1,-1.9527,training
N#Cc1ccccc1,-0.1146,training
CCCCCCCCCCCCCCCCCCCCCCC,-4.76,training
O=C1CCCCCCCCCC1,-1.3063,training
CCOCc1ccccc1,-0.0339,training
CCCOC(=O)c1ccccc1,-0.8665,training
CCCC1CCCC1,1.092,training
CCCCCCCCCCCCCC(=O)OC(C)C,-4.0292,training
CC(Cc1ccc(C(C)(C)C)cc1)CN1CCCCC1,-3.8928,training
COC(=O)C(Cl)Cl,0.6537,training
O=C1c2ccccc2C(=O)c2c(O)cccc21,-6.6792,training
CCCl,3.0035,training
Oc1cc(Cl)ccc1Cl,-1.2503,training
CCC1CCC(C)C1,0.7988,training
Nc1ccc2ccccc2c1,-3.5918,training
O=C1c2ccccc2C(=O)c2cc(O)ccc21,-10.1646,training
CCN(CC)N=O,-0.0655,training
Clc1ccc(Oc2ccc(Cl)cc2Cl)cc1,-3.8153,training
CCCCCCCCCCCCN=C(N)N,-6.8239,training
CC(F)(F)C(F)(F)F,3.5422,training
CNCCO,0.0346,training
CCC(C)CS,1.3017,training
CCCCCCCCCCCCO,-3.0716,training
CCCCCCCCCl,-0.0223,training
C=C(CC)CC,2.2430000000000003,training
c1cnoc1,1.6576,training
COc1ccc(C(=O)O)c(OC)c1,-2.4538,training
CCCCCCCCCCCCCCBr,-3.3477,training
O=C(O)COc1ccc(Cl)cc1CO,-6.1759,training
CCC(C)c1ccccc1,0.2435,training
COCc1ccccc1,0.2201,training
COC(=O)COc1ccc(Cl)cc1Cl,-2.6383,training
C=CCCCCCCCCC(=O)O,-3.0283,training
CCOc1cc(OP(=S)(OC)OC)nc(CC)n1,-4.0969,training
CCCCCCCCCCCCC(=O)O,-4.8996,training
Clc1ccc(Oc2cccc(Cl)c2Cl)cc1,-3.9431,training
Cc1c(N)cccc1N,-2.6091,training
CCC(C)(C)CC,1.9175,training
Nc1c(Cl)c(F)nc(OCC(=O)O)c1Cl,-10.5467,training
COCC(C)N(C(=O)CCl)c1c(C)csc1C,-3.5607,training
CCOC(=O)c1ccccc1O,-1.0724,training
CCOC(=O)CSc1nc(C(C)(C)C)nn1C(=O)N(C)C,-6.9208,training
Oc1ccccc1O,-2.4365,training
CCCCCCCCO,-1.1002,training
O=C(O)C(F)(F)C(F)(F)C(F)(F)C(F)(F)C(F)(F)C(F)(F)F,-0.8761,training
COc1cc(OC)nc(NC(=O)NS(=O)(=O)Nc2ccccc2C(=O)C2CC2)n1,-6.7825,training
CCC(CC)C(C)C,1.3802,training
CCC(C)C,2.8382,training
C#CCOC(=O)C(C)Oc1ccc(Oc2ncc(Cl)cc2F)cc1,-7.6198,training
CCNc1nc(Cl)nc(NC(C)(C)C#N)n1,-6.8601,training
CC(C)c1ccccc1O,-1.0048,training
O=C1CCCN1,-2.0227,training
CN1CCCC1,2.0,training
FC(F)(F)C1(F)C(F)(F)C(F)(F)C(F)(F)C(F)(F)C1(F)F,2.0245,training
CCOC(=O)Nc1cccc(OC(=O)Nc2ccccc2)c1,-8.5229,training
Cc1ccc(O)c(C(C)(C)C)c1,-1.6021,training
CCC(C)C(C)CC,1.3365,training
COP(=S)(OC)Oc1cc(Cl)c(Cl)cc1Cl,-4.1249,training
O=C1C=Cc2cccc3cccc1c23,-5.1675,training
CC(C)CC(C)C,1.8998,training
Clc1cc2c(Cl)cc(Cl)c(Cl)c2c(Cl)c1Cl,-6.4559,training
Cc1ccc2cccnc2c1,-2.0535,training
CCC(Br)CBr,0.4915,training
COC(=O)C(C)Oc1ccc(Oc2ncc(C(F)(F)F)cc2Cl)cc1,-5.2218,training
O=Cc1ccccc1,0.1038,training
CCO[N+](=O)[O-],1.8062,training
Clc1ccc(Cl)c(Cl)c1,-0.3372,training
CC(=O)OCc1ccccc1,-0.752,training
CN(C(=O)COc1nc2ccccc2s1)c1ccccc1,-8.3188,training
OCC1CCCO1,-0.0964,training
C[Si](C)(C)O[Si](C)(C)O[Si](C)(C)O[Si](C)(C)O[Si](C)(C)O[Si](C)(C)C,-1.5312,training
O=Cc1ccc(O)c([N+](=O)[O-])c1,-3.0491,training
O=C(Cl)C(Cl)(Cl)Cl,1.3288,training
Clc1cc(Cl)c(-c2ccc(Cl)c(Cl)c2Cl)cc1Cl,-5.4208,training
CCN(CCCl)CCCl,-0.6021,training
CC(C)(C)c1ccc(O)cc1,-1.4194,training
Clc1cc2oc3cc(Cl)c(Cl)c(Cl)c3c2cc1Cl,-8.762,training
Nc1ccc([N+](=O)[O-])c2c1C(=O)c1c(Cl)ccc(Cl)c1C2=O,-12.3979,training
CCSC(=O)N(CC)C1CCCCC1,-2.699,training
C#CC#C,3.1196,training
CCCCNC1(P(=O)(OCCCC)OCCCC)CCCCC1,-3.1249,training
CCCC(=O)OC(=O)CCC,-0.5482,training
CCCCCCCCCCCCCCCCC(=O)O,-7.2055,training
CC1CCC(=O)CC1,0.1761,training
CCCC(C)C(C)C,1.3692,training
CN(c1c(Br)cc(Br)cc1Br)c1c([N+](=O)[O-])cc([N+](=O)[O-])cc1C(F)(F)F,-7.0132,training
C=C(C)C=O,2.1903,training
CCCO,1.3219999999999998,training
CCOP(=S)(OCC)Oc1nc(Cl)n(C(C)C)n1,-4.0605,training
O=C(O)c1ccc2c(c1)C(=O)OC2=O,-5.0061,training
CCCCCCCC#N,-0.4089,training
C=C(c1ccccc1)c1ccccc1,-1.8827,training
CC(Oc1ccc(Oc2nc3ccc(Cl)cc3o2)cc1)C(=O)O,-5.8697,training
Nc1c(Cl)cc([N+](=O)[O-])cc1Cl,-5.9208,training
CC(C)(C)[C@@H](O)[C@@H](Cc1ccc(Cl)cc1)n1cncn1,-8.1249,training
O=C1C(Cl)C(CCl)CN1c1cccc(C(F)(F)F)c1,-5.4815,training
Clc1cc(Cl)c2c(c1)oc1cc(Cl)cc(Cl)c12,-7.7258,training
CCCCCCCCCCCCCCCCCCC,-4.3095,training
CC(C)(C)C(O)(CCc1ccc(Cl)cc1)Cn1cncn1,-7.8928,training
CN(C)c1ccc(C=O)cc1,-2.4343,training
Cc1ccccc1O,-0.5243,training
C=C(C)CCC,2.29,training
Nc1cccc(N)c1,-2.6799,training
Clc1ccc(-c2cc(Cl)c(Cl)c(Cl)c2Cl)cc1Cl,-5.7932,training
O=C(O)C(Cl)(Cl)Cl,-1.2218,training
OCCOCCOCCO,-2.8794,training
O=C(Cl)Cc1ccccc1,-0.7018,training
CC1=CCC(C(C)C)C=C1,0.1471,training
CC(C)N(C(=O)SCC(Cl)=CCl)C(C)C,-3.8239,training
NCCNCCNCCNCCN,-6.0969,training
CC(C)c1ccc(N)cc1,-1.0785,training
CCC(Nc1ncnc(C)c1Cl)c1ccc(OC(F)F)cc1,-5.617999999999999,training
CCc1ccc(CC)cc1,0.0253,training
CNC(=O)O/N=C/C(C)(C)[S+](C)[O-],-4.0,training
CCCCCCCCCCCCCCCCCCS,-6.3979,training
CCCC(C)(C)O,0.9345,training
CC1(C)C(C=C(Cl)Cl)C1C(=O)OCc1cccc(Oc2ccccc2)c1,-7.6615,training
C=Cc1ccc(Br)cc1,-0.1085,training
N#Cc1c[nH]cc1-c1cccc2c1OC(F)(F)O2,-8.5331,training
C[C@H](O)C(F)(F)F,1.7847,training
CC[C@H]1CC[C@H](C)NC1,0.4577,training
CC1(C)OCC(CO)O1,2.0307,training
c1cc2ccc3ccc4ccc5ccc6ccc1c1c2c3c4c5c61,-11.6635,training
CCCCC(C)O,0.3959,training
CCCCCCC(=O)OCC,-0.1675,training
CCCCC(C)CCC,0.8345,training
Brc1ccc(Oc2ccc(Br)cc2Br)cc1,-6.1739,training
CCCCCON=O,0.5984,training
CC(C)S,2.4422,training
CCCCCCCCCCCCCCCCI,-4.7828,training
COC(=O)CSc1cc(/N=c2\sc(=O)n3n2CCCC3)c(F)cc1Cl,-8.4802,training
CCOc1ccccc1OS(=O)(=O)NC(=O)Nc1nc(OC)cc(OC)n1,-6.3054,training
COP(=O)(OC)O/C(=C\Cl)c1ccc(Cl)cc1Cl,-5.011,training
C1CO1,3.1186,training
CBr,3.2084,training
CCCCCCCCCCCCCC(=O)OC,-3.3101,training
CCCCOCCOCCOCCO,-2.6021,training
CCCCCCCCCCCCCC(=O)O,-5.8539,training
O=C=NC1CCCCC1,0.0086,training
CC(C)(N=C=O)c1cccc(C(C)(C)N=C=O)c1,-2.4949,training
O=[N+]([O-])N1CN([N+](=O)[O-])CN([N+](=O)[O-])C1,-8.3872,training
Clc1cccc(-c2c(Cl)c(Cl)cc(Cl)c2Cl)c1Cl,-5.9606,training
Clc1cc2c(cc1Cl)Oc1cc(Cl)c(Cl)cc1O2,-8.8239,training
CC(C)OC=O,2.1399,training
c1ccc2c(c1)-c1cccc3cccc-2c13,-5.0353,training
CCCCCCCCS,-0.3721,training
CCCCCCCC/C=C\CCCCCCCC(=O)O,-5.8539,training
O=C1OCc2c(Cl)c(Cl)c(Cl)c(Cl)c21,-7.6478,training
C[SiH](Cl)Cl,2.6328,training
CC1(C)C(C(=O)OCc2c(F)c(F)cc(F)c2F)[C@H]1C=C(Cl)Cl,-5.5229,training
CCOC(=O)c1nc(C(Cl)(Cl)Cl)n(-c2ccc(Cl)cc2Cl)n1,-8.1752,training
CC1(C)CC(N)CC(C)(CN)C1,-1.8239,training
COc1cc(Cl)c(Cl)c(Cl)c1O,-2.7286,training
O=C(F)F,4.6488,training
O=C1C=Cc2c(c(O)c3ccccc3c2O)C1=O,-9.0577,training
CC(Cl)Cl,2.3566,training
CCOc1cc(Oc2ccc(C(F)(F)F)cc2Cl)ccc1[N+](=O)[O-],-6.699,training
Clc1cc(Cl)c2c(c1Cl)Oc1ccccc1O2,-6.1249,training
C=C(C)C(=O)OCCO,-0.8996,training
ICI,0.0792,training
O=C1C=CC(=O)O1,-0.6021,training
CCCCCCCCCCCCCCCCCCCCBr,-6.0832,training
Cc1c(N=C=O)cccc1N=C=O,-1.6799,training
CCOC(=O)CC(C)=O,-0.1079,training
O=C=Nc1ccccc1,0.4099,training
CC(=O)NC(C)=O,-2.0044,training
Cc1nc2ccccc2s1,-1.5243,training
CCC=O,2.5008,training
O=C(NC(=O)c1c(F)cccc1F)Nc1cc(Cl)c(OC(F)(F)C(F)F)c(Cl)c1,-6.3536,training
COP(=S)(OC)Oc1nc(Cl)c(Cl)cc1Cl,-4.3768,training
c1cscn1,1.2343,training
N#CCCCC#N,-2.0841,training
Clc1cc(Cl)c(-c2c(Cl)ccc(Cl)c2Cl)cc1Cl,-5.0742,training
CN(C)O,1.3258,training
ClC1=C(Cl)C2(Cl)C3C4OC4C(Cl)C3C1(Cl)C2(Cl)Cl,-4.71,training
O=[N+]([O-])c1ccc(F)cc1O,-1.6402,training
Clc1cc2c(c(Cl)c1Cl)Oc1c(cc(Cl)c(Cl)c1Cl)O2,-10.3116,training
O=P(c1ccccc1)(c1ccccc1)c1ccccc1,-8.585,training
Cc1ccc2nc(C)ccc2c1,-2.3625,training
CC(=O)OCC(COC(C)=O)OC(C)=O,-2.6055,training
C#CC(C)(C)O,1.204,training
CCCc1ccccc1C,-0.0027,training
CCCOC(=O)CC(C)C,0.4133,training
CNC(=O)O/N=C(\C)C(C)S(C)(=O)=O,-5.699,training
FC(F)(F)C(Cl)Cl,2.8561,training
FC(F)(Cl)C(F)(F)Cl,3.3041,training
CC(=O)CC(C)(C)O,0.233,training
CCCCCCCCCCCC(=O)O,-4.7953,training
ClC(Cl)(Cl)C(Cl)(Cl)Cl,-0.6778,training
N#CCC=CCC#N,-2.1586,training
Clc1ccc(Cl)s1,0.9337,training
Oc1c2c(c(O)n1SC(Cl)(Cl)Cl)CC=CC2,-7.0458,training
c1cc[n+]2c(c1)-c1cccc[n+]1CC2,-8.0,training
C=CC(=O)O,0.5988,training
CC1C(=O)C[C@]2(C(C)C)C[C@H]12,-0.3854,training
CCCCCCCCCOCCCCCCCCC,-4.2793,training
CC[Si](Cl)(CC)CC,0.8304,training
CC=C(C)CC,2.1959,training
CCCC(Cn1cncn1)c1ccc(Cl)cc1Cl,-5.556,training
Clc1ccc(Cl)c(Oc2ccccc2)c1,-3.0,training
C=C(Cl)Cl,2.7782,training
CCCCN(CCCC)CCCC,-1.0297,training
CCCCOC(=O)c1ccccc1C(=O)OC1CCCCC1,-5.3215,training
CCCCCCCO,-0.6651,training
OCCCCO,-1.9788,training
CCN(C(=O)n1nnn(-c2ccccc2Cl)c1=O)C1CCCCC1,-9.426,training
CCOP(=S)(OCC)SCSCC,-3.1952,training
Cc1c([N+](=O)[O-])cc([N+](=O)[O-])cc1[N+](=O)[O-],-5.0958,training
CCOC(=O)C(=O)OCC,-0.3829999999999999,training
CCCC(C)(C)C,2.0212,training
CC(C)CC(=O)CC(C)C,0.2175,training
CC(C)Oc1cc(-n2nc(C(C)(C)C)oc2=O)c(Cl)cc1Cl,-6.9508,training
C=CCSCC=C,0.9645,training
CC(C)N(C(=O)SCC(Cl)=C(Cl)Cl)C(C)C,-3.9208,training
CCC(=O)OC,1.9245,training
CCC,3.8544,training
CCC(Cl)CC,1.67,training
Clc1cccc2ccccc12,-1.5376,training
C=CC=CCC,2.1121,training
CCCCCCCCCCF,-0.2034,training
CCc1ccc(N)cc1,-0.8444,training
Cc1cccc2c(C)cccc12,-2.301,training
OCc1ccccc1,-1.0269,training
BrCCc1ccccc1,-0.6117,training
COc1c(O)c(Cl)c(Cl)c(Cl)c1Cl,-4.0757,training
COc1c(O)cc(Cl)c(Cl)c1Cl,-3.0458,training
CCOC(=O)C(C)OC(=O)c1cc(Oc2ccc(C(F)(F)F)cc2Cl)ccc1[N+](=O)[O-],-7.1549,training
C1CN2CCN1CC2,-0.1296,training
O=C(O)CCc1ccccc1,-2.5735,training
C=C=CCC,2.5661,training
CCOP(=S)(OCC)Oc1ccc2c(C)c(Cl)c(=O)oc2c1,-7.0132,training
C=COCC,2.7084,training
Cc1cccc(C(=O)O)c1,-3.6264,training
C1CCC2CC2C1,1.3579,training
Cc1ccc(C)s1,0.9938,training
O=C(O)/C=C/c1ccccc1,-4.493349999999991,training
ClC1=C(Cl)C(Cl)(Cl)C(Cl)=C1Cl,-1.2218,training
Cc1cc(Cl)cc2c1SC(=C1Sc3c(C)cc(Cl)cc3C1=O)C2=O,-9.5229,training
[O-][N+](O)=CBr,0.4914,training
Clc1ccc(I)cc1,-1.2299,training
CC(C)OP(=O)(OC(C)C)SCc1ccccc1,-4.3925,training
c1ccc(SSc2ccccc2)cc1,-3.6576,training
CCC(C)(C)CC(C)C,1.1259,training
CCCCCCCCCCCCCCCBr,-3.8294,training
CC(C)c1ccccc1C(=O)O,-3.4593,training
CCCC[N+](=O)[O-],0.5786,training
CC(C)(C)OOC(C)(C)C,1.3997,training
CC=C(CC)CC,1.7228,training
C#CC(C)OC(=O)Nc1cccc(Cl)c1,-4.8013,training
ClCc1ccc(Cl)cc1Cl,-1.4856,training
CC(C)(O)C#N,-0.4672,training
CC1C=CCCC1,1.5399,training
CNc1cnn(-c2cccc(C(F)(F)F)c2)c(=O)c1Cl,-7.5391,training
c1ccc2c(c1)c1ccccc1c1ccccc21,-7.6778,training
O=C1c2ccccc2C(=O)c2ccccc21,-6.9355,training
CC#CCC,2.3725,training
C=CC[Si](Cl)(Cl)Cl,1.2464,training
CN(C)c1ccc(N=Nc2ccccc2)cc1,-7.1549,training
CCCCCCCCCc1ccc(OP(=O)(Oc2ccccc2)Oc2ccccc2)cc1,-7.7212,training
CCC(C)[N+](=O)[O-],0.8915,training
CCOP(=S)(Oc1cnc(C(C)(C)C)nc1)OC(C)C,-4.426,training
COc1ccc(N)cc1,-1.5229,training
CCCCOC(=O)/C=C\C(=O)OCCCC,-3.2055,training
CCC(C)(C)C,2.5042,training
ClCCOCCCl,0.1903,training
CC(C)CCC(C)O,0.3073,training
OCC(Br)CBr,-1.0372,training
CCCCCCCC(=O)OC,-0.2673,training
Clc1cc(Cl)c(-c2ccccc2)c(Cl)c1,-3.1451,training
CCN(CC)CCO,0.1461,training
CCCCCCCCl,0.4509,training
CC[S+]([O-])CCSP(=O)(OC)OC,-4.5452,training
CCCCCCCCCCCCCCCCCCCCCCCCCCCCCCCCCCC,-11.2684,training
CCOC(=O)C(C)Oc1ccc(Oc2cnc3cc(Cl)ccc3n2)cc1,-8.1878,training
NC=O,-1.2147,training
Cc1ccc2ccc(C)cc2c1,-2.2457,training
CCOCCOCCOCC,-0.2836,training
Oc1ccc(N=Nc2ccccc2)cc1,-6.6364,training
CCOC(=O)c1ccccc1,-0.5735,training
CN(C)NC(=O)CCC(=O)O,-3.699,training
CNC(=O)N(C)c1nnc(C(C)(C)C)s1,-5.699,training
CCCCCCC(C)OC(=O)COc1nc(F)c(Cl)c(N)c1Cl,-7.9957,training
C1CC2CCC1CC2,0.5234,training
CC(Cl)(Cl)C(=O)O,-0.821,training
CCOP(=S)(Oc1ccc([N+](=O)[O-])cc1)c1ccccc1,-6.0223,training
O=C(O)c1ccc[nH]1,-5.6472,training
CCCCCCCCCC(C)=O,-1.383,training
CC(CC=O)CC(C)(C)C,-1.0969,training
OC[C@H]1O[C@H](O)[C@H](O)[C@@H](O)[C@@H]1O,-13.0958,training
FC(F)(F)C(F)(F)C(F)(F)F,3.8216,training
COc1cc(Cl)c(OC)cc1Cl,-2.5229,training
C1CCC(C2CCCCC2)CC1,-0.9666,training
Nc1cnn(-c2ccccc2)c(=O)c1Cl,-6.3468,training
CCCCCCCCCCC(=O)OCC,-2.3665,training
CCF,3.8352,training
O=[N+]([O-])c1ccccc1Cl,-1.7399,training
CC(C)CCC(C)C,1.4814,training
FCc1ccccc1,0.8319,training
CCOP(=S)(OCC)Oc1ccc([N+](=O)[O-])cc1,-5.1752,training
CCOC(=O)CC(=O)c1ccccc1,-3.3893,training
Cc1ccc(/N=C/N(C)/C=N/c2ccc(C)cc2C)c(C)c1,-5.699,training
CCNS(=O)(=O)C(F)(F)C(F)(F)C(F)(F)C(F)(F)C(F)(F)C(F)(F)C(F)(F)C(F)(F)F,-6.3686,training
C=CCC#N,1.2667,training
CCc1ccc(C)cc1,0.4771,training
C=CC(=C)C,2.7404,training
C=CC(=O)OCCOC(=O)C=C,-1.1818,training
CC(C)(C)Br,2.1313,training
Cc1ccc(C#N)cc1,-0.5038,training
CC(C)C(O)(c1ccc(OC(F)(F)F)cc1)c1cncnc1,-6.4389,training
C[Si](C)(C)O[Si](C)(C)O[Si](C)(C)O[Si](C)(C)O[Si](C)(C)O[Si](C)(C)O[Si](C)(C)C,-2.4962,training
CCCCOCCOC(C)=O,-0.426,training
Cc1cc(OC(=O)N(C)C)nn1C(=O)N(C)C,-4.0132,training
CCCOP(=O)(OCCC)Oc1ccc(SC)cc1,-6.0458,training
CCCCCCCCCCN,-1.0,training
O=C1C(Cl)=C(Cl)C(=O)c2ccccc21,-5.9586,training
CC1(C)[C@@H]2CC[C@]1(C)[C@H](O)C2,-1.2993,training
COCC(F)F,2.4771,training
CCC(C)O,1.2632,training
Nc1cccc2ncccc12,-4.767,training
CCCC(C)Cl,1.6872,training
C=CC(=C)Cl,2.3334,training
CCC(C)OC(C)=O,1.2304,training
CC(Oc1ccc(Oc2cnc3cc(Cl)ccc3n2)cc1)C(=O)OCC1CCCO1,-7.2269,training
NS(=O)(=O)C(F)(F)C(F)(F)C(F)(F)C(F)(F)C(F)(F)C(F)(F)C(F)(F)C(F)(F)F,-0.6055,training
CC(C)(C)[N+](=O)[O-],1.0792,training
CC[C@H](C)C(C)(C)C,1.5065,training
COC(C)C,2.7817,training
CCCCCCCCCCCc1ccccc1,-3.6155,training
Clc1ccc(Oc2cccc(Cl)c2)cc1,-3.1851,training
Fc1ccccc1,1.8876,training
CC(=O)C(C)=O,1.7545,training
FCCl,3.3892,training
C[Si](C)(C)O[Si](C)(C)C,1.6243,training
CN(C)C(=O)Cl,0.29,training
Clc1ccc(Cl)c(-c2ccccc2Cl)c1,-2.9788,training
O=[N+]([O-])c1ccc(O)cc1,-4.0092,training
CC(C)Br,2.3354,training
Cc1c(F)c(F)c(COC(=O)C2C(/C=C(\Cl)C(F)(F)F)C2(C)C)c(F)c1F,-4.2218,training
c1cc[nH]c1,0.9222,training
CCCCOC,2.1424,training
O=C=Nc1ccc(Cc2ccc(N=C=O)cc2)cc1,-5.301,training
Clc1ccccc1-c1ccccc1,-2.8601,training
CCBr,2.6693,training
Cc1cc(C2CC2)nc(Nc2ccccc2)n1,-5.4342,training
C=CCCl,2.5657,training
OC(O)C(Cl)(Cl)Cl,1.1761,training
COc1ccc(C(O)(c2cncnc2)C2CC2)cc1,-6.699,training
CCCOP(=S)(OCCC)SCC(=O)N1CCCCC1C,-6.6198,training
O=P(Oc1ccccc1)(Oc1ccccc1)Oc1ccccc1,-5.202000000000001,training
ClC1(Cl)C2(Cl)C3(Cl)C4(Cl)C(Cl)(Cl)C5(Cl)C3(Cl)C1(Cl)C5(Cl)C24Cl,-6.0969,training
Clc1ccccc1Cl,0.1335,training
C1CCCCCCC1,0.7412,training
CCN(O)CC,0.5263,training
COC(=O)c1ccccc1N,-1.567,training
CC(C)Nc1nc(Cl)nc(NC(C)C)n1,-6.8827,training
CCCC[C@@H](O)CCC,-0.5072,training
Clc1c(Cl)c(Cl)c2c(c1Cl)Oc1ccccc1O2,-7.3188,training
CC(C)(OO)c1ccccc1,-2.4855,training
CCCCCCC(C)Cl,0.1361,training
C=C/C=C\CC1=C(C)[C@@H](OC(=O)C2[C@@H](C=C(C)C)C2(C)C)CC1=O,-4.6925,training
S=C=S,2.5551,training
CC(Cl)CO,0.7202,training
BrCCCBr,0.1335,training
C/C=C(\C)C(=O)O,-0.8748,training
C#CCOC(=O)C=C(C)C=CCC(C)CCCC(C)C,-5.1433,training
CC1=CCC2CC1C2(C)C,0.6767,training
Cc1ccc2nc3sc(=O)sc3nc2c1,-6.699,training
CN1CCC[C@H]1c1cccnc1,-1.4202,training
COS(=O)(=O)OC,-0.1694,training
CCCI,1.6344,training
CCCCCCCCCCOC(=O)Cl,-1.5901,training
Cc1ccc(N)cc1,-0.5433,training
CC(=O)OC1CCC(C(C)(C)C)CC1,-2.1249,training
Nc1nc(N)nc(N)n1,-9.4449,training
CNC(=O)Oc1cc(C)c(SC)c(C)c1,-6.5686,training
CCCCC(C)(C)C,1.5315,training
COB(OC)OC,2.1349,training
O=[N+]([O-])c1ccc(Nc2ccccc2)c([N+](=O)[O-])c1,-8.5229,training
CCOc1ccc(NC(C)=O)cc1,-6.1599,training
CCCCC(CC)Cn1c(O)c2c(c1O)C1C=CC2C1,-4.7447,training
COC(=O)C(C)N(C(=O)c1ccccc1)c1ccc(F)c(Cl)c1,-5.1249,training
CCCCC(C=O)CC,0.2553,training
CCCCCCCCCCc1ccccc1,-2.8928,training
CCCCF,2.7619,training
Cc1ccc(N(SC(F)(Cl)Cl)S(=O)(=O)N(C)C)cc1,-5.8239,training
CC(C)(C)OO,0.7376,training
CCc1ccccc1C,0.4166,training
O=CCCCC=O,-0.2218,training
CO,2.1038,training
Oc1cccc2ccccc12,-3.5622,training
CCCCOP(=O)(OCCCC)OCCCC,-2.9469,training
Cc1ccccc1,1.4533,training
CCCOC(N)=O,-1.2573,training
C#C,4.5623,training
CC(Cl)CCl,1.7267,training
C,5.6682,training
CCO,1.7728,training
CNC(=O)Oc1cc(C(C)(C)C)cc(C(C)(C)C)c1,-5.7033,training
Clc1ccccc1,1.0781,training
CCC(C)(O)CC,0.7451,training
CC12CCC(C1)C(C)(C)C2=O,-0.0876,training
O=S(=O)(Cl)c1ccccc1,-1.2366,training
CCCCCCC=O,0.5465,training
CC(C)COC(=O)Cl,0.9217,training
Cc1cccc(C)c1C,0.2275,training
N=C=O,2.9098,training
COC(=O)c1c(C(F)F)nc(C(F)(F)F)c(C2=NCCS2)c1CC(C)C,-5.6478,training
CC1CN1,2.1461,training
Clc1ccc(CSC(Cn2cncn2)=Nc2ccc(Cl)cc2Cl)cc1,-9.1952,training
CC[C@@H]1CCC[C@H]1C,1.301,training
C1=CCOC1,2.1987,training
CCCCOCCO,-0.0555,training
CCCC(C)CC,1.7889,training
S=C=NCc1ccccc1,-1.8142,training
CCCN(CCC)CCC,0.179,training
C=C=C,3.7348,training
CCCCCCCCCCCCCCCCO,-5.2218,training
C1COCCN1,1.0035,training
C=CCCCCCCCCCCCC,-1.8248,training
Cc1cc(C)c(N)cc1C,-2.0458,training
C=CC(=O)OCCC,1.1602,training
COC(=O)/C=C\C(=O)OC,-0.5229,training
CCCCCCCCOC(=O)c1ccccc1C(=O)OCCCCCCCC,-7.0,training
CCCc1ccccc1O,-1.0458,training
CCCCCCCCCCCCCCN,-3.0113,training
O=[N+]([O-])c1ccc(Cl)c([N+](=O)[O-])c1,-4.0711,training
CCC(C)(C)C(C)(C)C,0.9756,training
CCCCCCOC(C)=O,0.1216,training
CCCC(O)CCC,-0.0048,training
NCCCCC(N)C(=O)O,-8.277000000000001,training
Clc1cc(Cl)c(Cl)c(Cl)c1,-1.2573,training
Clc1ccc(Cl)cc1,0.2405,training
O=[N+]([O-])N1CN([N+](=O)[O-])CN([N+](=O)[O-])CN([N+](=O)[O-])C1,-13.4815,training
C1=Cc2cccc3cccc1c23,-2.1752,training
CCCCCCCCCCC(C)=O,-1.6861,training
Clc1ccc(-c2cc(Cl)ccc2Cl)c(Cl)c1,-5.0716,training
COP(=S)(OC)SCN1C(=O)c2ccccc2C1=O,-6.3098,training
CCOC(=O)C(C)O,0.574,training
CN,3.4232,training
Clc1ccc(Cl)c(-c2ccc(Cl)c(Cl)c2Cl)c1,-4.7696,training
CC(O)CNCC(C)O,-3.9041,training
CCCCCCCCCCCCI,-1.8529,training
CCCCC=O,1.415,training
CON(C)C(=O)Nc1ccc(Cl)cc1,-3.8239,training
FC(F)=C(F)C(F)(F)F,3.6899,training
C#N,2.8703,training
C=COC=O,2.4955,training
C=C(C)CC,2.7853,training
CCCCCCCCCCCC(=O)OC(C)C,-2.5719,training
CCC(C)(C)S,1.6802,training
CCCCCCCC(C)=O,-0.2048,training
CC(=O)C(C)(C)O,0.7918,training
CC(C)C1CCC(Cc2ccc(Cl)cc2)C1(O)Cn1cncn1,-7.4023,training
Nc1ccccc1Cl,-0.6904,training
CCOCOCC,1.5327,training
COCC(F)(F)C(F)C(F)(F)F,1.7853,training
C=Cc1cccc(C=C)c1,-0.2373,training
CCCCCCCCCC1CCCCC1,-2.6055,training
O=C(O)c1ccc(O)cc1,-6.7167,training
CN=C=S,0.5492,training
FC(F)(F)c1ccccc1Cl,0.7061,training
CCOC(=O)C(Cl)(Cl)Cl,0.5808,training
CCOC(=O)CC#N,-1.4112,training
CCCCCCCc1ccccc1,-1.5086,training
O=C(Cl)Oc1ccccc1,-0.2487,training
C=CCCCCCCCCCCCCCCCCC,-4.419,training
FC(F)OC(C(F)(F)F)C(F)(F)F,2.5877,training
C1CNCCN1,-0.7959,training
CCCN(CC1CC1)c1c([N+](=O)[O-])cc(C(F)(F)F)cc1[N+](=O)[O-],-4.2007,training
O=C1CCCC(=O)O1,-2.5229,training
COc1ccccc1[N+](=O)[O-],-2.4437,training
O=P(Cl)(Cl)Oc1ccccc1,-1.2802,training
FC(F)(F)C(Cl)Br,2.48,training
CCN,3.0204,training
COc1ccc(C(=CC(=O)N2CCOCC2)c2ccc(Cl)cc2)cc1OC,-8.1319,training
Cl[Si](Cl)(Cl)c1ccccc1,-0.3706,training
C=Cc1ccccc1Cl,-0.0173,training
CCOCCOCCOCCO,-2.0,training
CCCCOC(=O)CCCCCCCCC(=O)OCCCC,-5.3288,training
Clc1cc2c(cc1Cl)Oc1c(Cl)c(Cl)cc(Cl)c1O2,-9.2328,training
CC(Br)Br,1.4077,training
CCOC(=O)CCl,0.6874,training
CCOc1ccccc1,0.1847,training
SC1CCCC1,1.0569,training
CC(=O)Oc1ccccc1C(=O)O,-4.5986,training
CC(C)(C)S,2.2577,training
BrCCBr,1.0492,training
CCSc1nc(NC(C)C)nc(NC(C)C)n1,-5.7959,training
Cc1ccc(C)nc1,0.526,training
CCNP(=S)(OC)O/C(C)=C/C(=O)OC(C)C,-4.8447,training
CCCSCCC,0.8098,training
CCC(C)Cl,2.1949,training
Cc1cc(OC(=O)N(C)C)n(C(C)C)n1,-3.0,training
CCCCC=C(C)C,1.2502,training
CCCCCCCCCCCCCCCCCCCCCCCC,-5.3905,training
COP(=S)(OC)Oc1ccc([N+](=O)[O-])c(Cl)c1,-5.3979,training
Cc1cccc(C)n1,0.7522,training
O=C1CCc2cccc3c2N1CC3,-5.9208,training
CC=C(C)CCC,1.7031,training
c1ccc2ccccc2c1,-1.0706,training
C[Si](C)(C)O[Si](C)(O[Si](C)(C)C)O[Si](C)(C)C,-1.3956,training
CCC(C)S,1.9069,training
N#CCCCCCN,-0.7447,training
CCCCCCCCCCCCCCCCCCCCO,-7.3447,training
CCc1ccccc1,0.9823,training
CCCCC(CC)(CO)CO,-4.0,training
CCCC(C)C,2.3243,training
C1CC1,3.7335,training
FC1(F)C(F)(F)C(F)(F)C(F)(F)C(F)(F)C1(F)F,2.2339,training
Fc1c(F)c(F)c(F)c(F)c1F,1.9269,training
FC(F)(Cl)C(F)(Cl)Cl,2.5593,training
Cc1cc(C)cc(C)c1,0.3945,training
ClC(Cl)Cl,2.2945,training
O=C(Cl)OCCOCCOC(=O)Cl,-2.8297,training
C=CCS,2.7197,training
Clc1cccc(Cl)c1Oc1ccccc1,-2.8861,training
O=CC(Cl)(Cl)Cl,1.699,training
CCC(=O)C(C)C,1.2579,training
CC1=CC(=O)CC(C)(C)C1,-0.3585,training
Clc1ccc(-c2ccccc2Cl)cc1Cl,-3.9872,training
Cc1cccc(Cl)c1,0.5653,training
C=Cc1ccc(Cl)cc1,-0.0885,training
CCC(C)=O,1.9571,training
Clc1ccc(-c2cc(Cl)ccc2Cl)cc1,-3.3979,training
Clc1ccc(-c2ccccc2)c(Cl)c1,-2.8601,training
CCNc1nc(NC(C)(C)C)nc(SC)n1,-5.7721,training
CCCCCCC(=O)Cl,-0.3502,training
COc1cc(C=O)ccc1O,-3.9274,training
CCc1cc(C)cc(CC)c1,0.0017,training
OC1CCCCC1,-0.0969,training
C[C@@H]1[C@@H](c2ccc(Cl)cc2)SC(=O)N1C(=O)NC1CCCCC1,-7.5935,training
CC1(C)CON(Cc2ccccc2Cl)C1=O,-3.8416,training
CC(=O)Nc1ccc(N=Nc2cc(C)ccc2O)cc1,-10.300999999999998,training
C=CCOC(=O)OCC=C,-0.9914,training
COCCO,0.9777,training
Clc1cccs1,1.3759,training
CCC(C)(C)C(C)C,1.4314,training
CC(=O)CC(=O)Nc1ccccc1,-4.2798,training
C(=C/c1ccccc1)\c1ccccc1,-2.60935,training
O=C(O)CCl,-1.1871,training
Clc1ccc2c(c1)Oc1ccccc1O2,-4.8928,training
O=C(Cc1ccccc1)Cc1ccccc1,-3.1316,training
O=C(Nc1ccccc1)N(Cc1ccc(Cl)cc1)C1CCCC1,-11.425999999999998,training
CCN(CC)C(=O)/C(Cl)=C(/C)OP(=O)(OC)OC,-4.7825,training
CCc1cccc(C)c1N(COC(C)C)C(=O)CCl,-4.5229,training
FC(F)(F)Cl,4.3306,training
c1ccc(-c2ccc3ccccc3c2)cc1,-4.4559,training
CC(C)c1cccc2ccccc12,-2.2175,training
C[Si]1(C)O[Si](C)(C)O[Si](C)(C)O1,0.5477,training
CCCSP(=O)(OCC)Oc1ccc(Br)cc1Cl,-6.0457,training
CCC(C)Nc1c([N+](=O)[O-])cc(C(C)(C)C)cc1[N+](=O)[O-],-4.8962,training
CCCSP(=S)(OCC)Oc1ccc(SC)cc1,-5.9208,training
c1ccccc1,1.9768,training
CNNC,1.8445,training
Clc1cc2c(cc1Cl)Oc1ccccc1O2,-5.5339,training
CCCCC(CC)COC(=O)c1ccccc1C(=O)OCC(CC)CCCC,-6.8477,training
Clc1ccc2ccccc2c1Cl,-2.699,training
c1ccoc1,2.7782,training
O=P(OCC(Br)CBr)(OCC(Br)CBr)OCC(Br)CBr,-3.7212,training
CCCCN(CC)c1c([N+](=O)[O-])cc(C(F)(F)F)cc1[N+](=O)[O-],-4.1851,training
Cc1ccc([N+](=O)[O-])c(C)c1,-1.242,training
O=[N+]([O-])C(F)(F)F,3.8479,training
Oc1ccc2ccccc2c1,-3.4949,training
CCC[Si](Cl)(Cl)Cl,1.4594,training
CCC(C)=C(C)C,1.7009,training
CC(C)(C)C(O)/C(=C\c1ccc(Cl)cc1Cl)n1cncn1,-4.4347,training
Clc1cc(Cl)c2oc3c(Cl)c(Cl)c(Cl)cc3c2c1,-8.7258,training
CCOP(=S)(OCC)Oc1cnc2ccccc2n1,-5.585,training
C=CF,4.2967,training
CCc1ccc(O)c(C(C)(C)C)c1,-1.7447,training
COC(=O)C(C)Oc1ccc(Oc2ccc(Cl)cc2Cl)cc1,-5.4559,training
Clc1cc(Cl)c(Cl)cc1Cl,-2.2676,training
Clc1ccc(Oc2ccccc2)cc1,-2.5686,training
CCC(CC)(CC)CC,0.8631,training
Cc1cncc(C)c1,0.2395,training
O=C1CCCCCN1,-2.7959,training
CCNC(=O)NC(=O)/C(C#N)=N/OC,-5.9469,training
OCCC1CCCCC1,-0.7799,training
Cc1ccc2ccccc2c1C,-1.8962,training
FC(Cl)C(F)(F)F,3.4606,training
Clc1ccc(Oc2ccc(Cl)c(Cl)c2)cc1,-3.983,training
CC(C)C(C)O,0.9614,training
CCCCCCOC(=O)CCCCC(=O)OCCCCCC,-5.5406,training
CCc1cccc(O)c1,-1.301,training
ClCc1ccccc1,0.0899,training
CC(C)CC(C)O,0.7243,training
Oc1c(Cl)cc(Cl)c(Cl)c1Cl,-3.1765,training
CC(C)N(C(=O)CCl)c1ccccc1,-3.6383,training
CC1COCc2cc3c(cc21)C(C)(C)C(C)C3(C)C,-3.2636,training
Cc1cccc(S)c1,-0.2573,training
CC(Oc1ccc(Cl)cc1Cl)C(=O)O,-6.7287,training
CC/C=C\C/C=C\C/C=C\CCCCCCCC(=O)OC,-5.295,training
COc1nc(C)nc(NC(=O)NS(=O)(=O)c2ccccc2Cl)n1,-10.6478,training
CCCCCCCC(=O)Oc1c(Br)cc(C#N)cc1Br,-5.3188,training
CCCCCCCCCCCCCCCCCCCCCCCCCCCC,-8.7959,training
COCCOC(C)=O,0.301,training
Cc1ccccc1C(C)C,0.1761,training
Clc1cc2oc3c(Cl)cc(Cl)c(Cl)c3c2cc1Cl,-8.8239,training
CC1=CC=CC1,2.0934,training
CC1(C)C(C(=O)OC(C#N)c2cccc(Oc3ccccc3)c2)C1(C)C,-5.2612,training
COc1cccc(N)c1,-1.1249,training
CCC(C)(C)c1ccc(O)cc1,-2.699,training
CCNc1nc(NCC)nc(OC)n1,-5.6198,training
O=[N+]([O-])c1cccc([N+](=O)[O-])c1,-3.0458,training
Cc1cccc2c1ccc1ccccc12,-4.8239,training
CCCCCC(C)O,0.0899,training
Cc1cc(C(C)(C)C)c(O)c(C(C)(C)C)c1,-2.2874,training
Cc1cc2ccccc2cc1C,-2.9586,training
CC(C)=CCCC(C)CCO,-1.356,training
Cc1ccccc1Br,0.0186,training
CC(C)C(O)C(C)(C)CO,-2.3468,training
CF,3.4551,training
Oc1ccc(Br)cc1,-1.93,training
Cc1cc(C)nc(C)c1,0.2981,training
CC1COC(=O)O1,-1.3468,training
CCCCOC(=O)C(C)O,-0.3979,training
C=CC(=O)OCC(C)C,0.9069,training
COCC(C)OCC(C)OCC(C)O,-1.699,training
O=[N+]([O-])OCC(CO[N+](=O)[O-])(CO[N+](=O)[O-])CO[N+](=O)[O-],-8.2636,training
CON,2.464,training
c1ccc2c(c1)ccc1ncccc12,-4.2518,training
C=C(C)[C@@H]1C=CC(C)C(=O)C1,-0.9876,training
COc1cc(Oc2ccc(Cl)cc2Cl)ccc1[N+](=O)[O-],-4.8539,training
C=CCOC(Cn1ccnc1)c1ccc(Cl)cc1Cl,-5.9245,training
CNC(=O)/C=C(\C)OP(=O)(OC)OC,-5.6615,training
Cc1cc(C)c(C)c(C)c1C,-1.4584,training
CCCCC(CC)CCl,0.0792,training
C=CCCCCCCCCCC,-0.7975,training
CC(C)N(Cc1ccccc1)C(=O)C(C)(C)C,-3.1752,training
CCCCCCCCCC(=O)OC,-1.4318,training
COc1cccc(C(=O)O)c1OC,-5.7305,training
CCOP(=O)(SC(C)CC)N1CCSC1=O,-5.3768,training
ClC(Cl)=C(Cl)C(Cl)=C(Cl)Cl,-0.6576,training
O=C(Nc1ccccc1)Nc1ccccc1,-5.1232,training
CC(O)CCl,0.6902,training
Cc1cc(C)nc(Nc2ccccc2)n1,-4.7825,training
NCCCCCCN,-0.9281,training
Nc1ccc2ncccc2c1,-4.7878,training
OC(C(F)(F)F)C(F)(F)F,2.2017,training
N=C1C(=O)c2ccccc2C(=O)C1Cl,-6.3468,training
CCOC(=O)c1ccco1,-0.43225,training
CCl,3.6335,training
CCCC(C)O,0.7859999999999999,training
CCC(C(C)C)C(C)C,1.0022,training
CC1(C)CN=C(NN=C(C=Cc2ccc(C(F)(F)F)cc2)C=Cc2ccc(C(F)(F)F)cc2)NC1,-7.6925,training
CCCC(C)C(C)(C)C,1.0578,training
CCc1ccccn1,0.6889,training
CCCCCCCCCCCCS,-2.0693,training
COCC(=O)O,-0.8386,training
CCOP(=O)(NC(C)C)Oc1ccc(SC)c(C)c1,-6.0,training
CC(C)N1C(=O)N(c2ccccc2)CSC1=NC(C)(C)C,-5.0269,training
C=C[Si](Cl)(Cl)Cl,1.8186,training
CC(C)(N)CO,0.0,training
CC(=O)OC(C)CC(C)C,0.6021,training
CN(C)C(=S)SSC(=S)N(C)C,-4.7632,training
CC1=CCC(=C(C)C)CC1,-0.129,training
c1ccc(N(c2ccccc2)c2ccccc2)cc1,-3.4066,training
O=C(O)c1ccccc1Cl,-3.1805,training
O=P(O)(O)CCCl,-7.0088,training
O=c1cc[nH]c(=O)[nH]1,-4.3307,training
CC=C(Cl)Cl,1.9578,training
CC(C)c1cccc(C(C)C)c1,-0.4056,training
Clc1cc(Cl)c2oc3c(Cl)c(Cl)ccc3c2c1,-7.4815,training
CC(C)O[N+](=O)[O-],1.5328,training
CCCc1ccccc1,0.534,training
O=C(Nc1ccc([N+](=O)[O-])cc1Cl)c1cc(Cl)ccc1O,-10.8268,training
CCCCCCCCCCCI,-2.3538,training
OC1CCCC1,0.3962,training
CCC(C)CC(C)(C)C,1.2014,training
CCOC(=O)C(C)(C)C,1.2504,training
CC[Si](F)(CC)CC,1.5658,training
CC(C)N(CCO)C(C)C,-1.0969,training
CCCCCS,1.1399,training
CCN(CC)c1ccc(/N=N/c2ccccc2)cc1,-7.0733,training
CCCCCC[C@H](C)S,-0.1475,training
COC=O,2.7677,training
CC#Cc1cc(C)nc(Nc2ccccc2)n1,-6.7595,training
CC(C)(C#N)C#N,0.1602,training
Cn1cnc(=N)c2[nH]cnc21,-8.9208,training
CCCCN,1.968,training
C[Si](C)(C)O[Si](O[Si](C)(C)C)(O[Si](C)(C)C)O[Si](C)(C)C,-1.1726,training
C=CC(=O)OCC(CC)CC,0.2304,training
CCC(=O)OCC(C)C,0.8106,training
C1=Cc2ccccc2C1,0.0414,training
C=CCCCC,2.2648,training
CN(C)P(=O)(N(C)C)N(C)C,-1.3372,training
CCCCCCCCCCCCCS,-3.1593,training
CCCCCCc1ccccc1,-0.9187,training
CCCCC(C)C,1.8195,training
N#CC(Cl)(Cl)Cl,1.8699,training
CCNc1nc(NC(C)CC)nc(OC)n1,-5.1367,training
CCOC(=O)CC(SP(=O)(OC)OC)C(=O)OCC,-5.0088,training
CC(C)NP(=O)(F)NC(C)C,-3.0,training
CC(C)OP(C)(=O)F,0.4564,training
ClSC(Cl)(Cl)Cl,0.4771,training
O=[N+]([O-])c1ccc(O)c([N+](=O)[O-])c1,-3.4089,training
CC(C)(C)CC(C)(C)C,1.3008,training
ClCOCCl,1.4683,training
Cc1ccn2nc(S(=O)(=O)Nc3c(F)cccc3F)nc2n1,-11.556,training
Cc1nc(N(C)C)nc(OC(=O)N(C)C)c1C,-5.1379,training
FC(F)OC(F)C(F)(F)F,2.8222,training
COC(=O)CC#N,-0.8601,training
Cc1ccco1,2.1938,training
CCC(C)OC(=O)Cl,1.0253,training
Clc1ccc(Cl)c2ccccc12,-2.8539,training
Clc1cc(Cl)nc(-c2ccccc2)n1,-4.0458,training
CCCCCCCCSCCO,-3.2269,training
BrC1CCC(Br)C(Br)CCC(Br)C(Br)CCC1Br,-6.3279,training
Clc1cc(Cl)c(Cl)c(-c2c(Cl)c(Cl)cc(Cl)c2Cl)c1Cl,-5.4056,training
CCC(C)N,2.2497,training
CCCc1ccc(C)cc1,0.043,training
CCCOCC(C)O,0.2304,training
CCCCCCCCCCCC#N,-2.6276,training
CCc1ccccc1N,-0.7696,training
COC(=O)NC(=S)Nc1ccccc1NC(=S)NC(=O)OC,-7.1469,training
Cc1cccc(Nc2ccccc2)c1,-3.8268,training
Nc1c([N+](=O)[O-])ccc(Oc2ccccc2)c1Cl,-6.9208,training
Clc1c(Cl)c(Cl)c(Cl)c(Cl)c1Cl,-4.7447,training
CC(=O)OO,1.1602,training
COC(C)(C)CCCC(C)C=CC=C(C)CC(=O)OC(C)C,-4.6271,training
CCCCCCCCCO,-1.644,training
c1ccc2[nH]c(-c3cscn3)nc2c1,-8.3979,training
C=CCCCCCCCCCCCCCCCC,-4.1707,training
Fc1cccc(F)c1,1.9178,training
CCCN(CCOc1c(Cl)cc(Cl)cc1Cl)C(=O)n1ccnc1,-5.9469,training
Cc1cccnc1C,0.4298,training
CCOC(=O)CCN(SN(C)C(=O)Oc1cccc2c1OC(C)(C)C2)C(C)C,-6.699,training
O=C1CCC1,1.633,training
O=CNNC=O,-6.1255,training
Cc1ccncc1,0.7612,training
CSC,2.701,training
CC(=O)OC/C=C(\C)CCC=C(C)C,-1.4815,training
Nc1cccc2ccccc12,-2.3789,training
c1ccc2occc2c1,-0.3565,training
Clc1cc2c(Cl)ccc(Cl)c2c(Cl)c1Cl,-6.0,training
c1ccc(COCc2ccccc2)cc1,-2.9872,training
Cc1ccc([N+](=O)[O-])c(O)c1,-1.699,training
C1CCOCC1,1.8545,training
CCNc1nc(Cl)nc(NC(C)C)n1,-6.5391,training
C#CCOc1cc(-n2nc3n(c2=O)CCCC3)c(Cl)cc1Cl,-11.1249,training
C/C=C/Cl,2.7052,training
CCCCCCCCCCCCCCO,-3.9586,training
C=C(C)C1CC=C(C)CC1,0.215066666666666,training
OCCCBr,-1.0,training
Oc1ccc(Cl)cc1Cc1ccccc1,-5.8539,training
CCOCCOC(=O)C(C)Oc1ccc(Oc2ncc(C(F)(F)F)cc2Cl)cc1,-10.9101,training
CC(C)(O)C(=O)O,-2.0580000000000003,training
Fc1ccc(Oc2ccnc3cc(Cl)cc(Cl)c23)cc1,-6.8239,training
CCOP(=O)(C#N)N(C)C,-1.1549,training
Cc1cc(C)c(O)c(C(C)(C)C)c1,-1.3487,training
c1cocn1,2.1206,training
COCCCNc1nc(NC(C)C)nc(SC)n1,-6.5452,training
CCN(CC)C(=O)SCc1ccccc1Cl,-4.0315,training
CC(C)(C)CC(C)(C)S,0.716,training
Clc1cc(Cl)c(-c2ccccc2)cc1Cl,-3.011,training
c1ccc2c(c1)ccc1ccccc12,-3.9172,training
CSSC,1.4579,training
Oc1c(Cl)cc(Cl)cc1Cl,-2.0969,training
FC(F)(F)C(F)(F)C(F)(F)C(F)(F)C(F)(F)C(F)(F)F,2.3382,training
Oc1ccc(O)o1,-2.8239,training
CCCCN(CCCC)SN(C)C(=O)Oc1cccc2c1OC(C)(C)C2,-6.5129,training
COC(C)(C)OC,2.0079,training
CCCCC1CCCCC1,0.1186,training
Cc1ccc2cc3c(ccc4ccccc43)c3c2c1CC3,-7.3665,training
CCCCC(CC)COC(=O)COc1cc(Cl)c(Cl)cc1Cl,-5.9208,training
CO/C=C(/C(=O)OC)c1ccccc1Oc1cc(Oc2ccccc2C#N)ncn1,-12.0835,training
Clc1ccc2c(Cl)c(Cl)c(Cl)c(Cl)c2c1,-5.9586,training
ClC1=C(Cl)C2(Cl)C3C(Cl)OC(Cl)C3C1(Cl)C2(Cl)Cl,-5.5346,training
CCCCSCCCC,0.0792,training
O=C(Nc1cccc(Cl)c1)OCC#CCCl,-6.4202,training
Clc1cccc(-c2ccccc2)c1,-2.134,training
C[Si](C)(C)C,2.8560000000000003,training
OCC(S)CS,-2.301,training
Clc1ccc(-c2ccc(Cl)c(Cl)c2Cl)c(Cl)c1Cl,-5.5918,training
FC(F)Cl,3.8605,training
Nc1ccccc1,-0.3098,training
CN1CCCC1=O,-0.4622,training
CCOP(C)(=O)SCCN(C(C)C)C(C)C,-3.1549,training
C[C@@H]1CCCCN1,1.2857,training
CCCCCCCCCCCCCC1CCCCC1,-5.0384,training
CCCCCI,0.6425,training
CC=CCCCCC,1.2133,training
Brc1ccc2c(c1)Oc1ccc(Br)cc1O2,-5.9469,training
CCCCOCN(C(=O)CCl)c1c(CC)cccc1CC,-5.5376,training
CC(C)Oc1cccc(NC(=O)c2ccccc2C(F)(F)F)c1,-7.3116,training
CCCCC(CC)COC(=O)CCCCC(=O)OCC(CC)CCCC,-6.0706,training
OCCCc1ccccc1,-1.7018,training
OC(c1ccc(Cl)cc1)(c1ccc(Cl)cc1)C(Cl)(Cl)Cl,-6.4001,training
O=S(=O)(c1ccc(Cl)cc1)c1cc(Cl)c(Cl)cc1Cl,-9.6198,training
N#CCCOCCC#N,-3.757,training
CNC(=O)Oc1cccc2c1OC(C)(C)C2,-5.3143,training
CC1CCCC1,2.1383,training
OCCNc1ccccc1,-2.6562,training
CCCCCCCCCCCCCCCCCCCCCCCCC,-5.8210000000000015,training
O=CNC(N1CCN(C(NC=O)C(Cl)(Cl)Cl)CC1)C(Cl)(Cl)Cl,-6.699,training
CCCCC(CC)CO,-0.8665,training
C=CC[C@@H](C)CC,1.8665,training
CC(C)CC(C)C(C)C,1.0699,training
CCCCOCC,1.7126,training
CC(C)C=O,2.238,training
COP(=S)(OC)Oc1c(Cl)cc(C)cc1Cl,-3.3665,training
C=C=O,4.0179,training
BrCBr,1.6474,training
OCCCl,0.8561,training
CCOS(=O)(=O)OCC,-0.6737,training
CCOC(=O)CCC(=O)OCC,-1.3575,training
CCCCCCCCCCCCCCCC1CCCCC1,-6.461,training
CC(C)=C(C)C(C)C,1.352,training
CC(C)(C)c1ccccc1,0.3433,training
COC(=O)/C(C)=C/OP(=S)(OC)OC,-2.9208,training
CC#CC,2.8488,training
ClC=CCl,2.3032,training
CC(C)CCSCCC(C)C,-0.4968,training
CCCN(CCC)c1c([N+](=O)[O-])cc(C(C)C)cc1[N+](=O)[O-],-4.5229,training
Clc1cccc(-c2cccc(Cl)c2Cl)c1Cl,-4.1337,training
C=C1CCCCC1,1.6046,training
Cc1ccccc1F,1.3869,training
CCCCSSCCCC,-1.1993,training
CCCN(CCC)C(=O)SCC,-1.6198,training
CC(C)COCC(C)C,1.1868,training
CCCCC(C)(C)O,0.3168,training
CCOC(=O)C=C(C)C=CCC(C)CCCC(C)C,-3.6126,training
FC(F)(F)COCC(F)(F)F,2.1931,training
Cc1ccc(C)c2ccccc12,-1.6696,training
CCCCCC[C@H](C)I,0.1361,training
COc1ccccc1N,-1.0969,training
ClC1=C(Cl)C(Cl)(C2(Cl)C(Cl)=C(Cl)C(Cl)=C2Cl)C(Cl)=C1Cl,-5.6615,training
Clc1cc2c(cc1Cl)Oc1cc(Br)c(Br)cc1O2,-8.3325,training
Cc1ccnc(C)c1,0.5004,training
CCCCCCCCCCCCCCCCCCI,-5.7178,training
CCCOC(=O)c1ccccc1C(=O)OCCC,-3.8794,training
O=C(O)CC(=O)O,-2.8239,training
CCCCCCC,1.6628,training
CCSSCC,0.6314,training
CCN(C(=O)SCc1ccccc1)C(C)C(C)C,-5.1203,training
COP(=O)(OC)O/C(C)=C/C(=O)OC(C)c1ccccc1,-4.8539,training
Nc1cnc2ccccc2c1,-4.5391,training
Clc1ccccc1C(Cl)(Cl)Cl,-1.2976,training
CC(=O)C(C)CO,-0.6463,training
C=C(C)c1ccc(C(C)(C)N=C=O)cc1,-2.3307,training
CCOC(C)=O,1.9694,training
CCCCCCCI,-0.3507,training
O=CCc1ccccc1,-0.4067,training
Clc1c(Br)c(Br)c2c(c1Br)Oc1c(Br)c(Br)c(Cl)c(Br)c1O2,-12.5017,training
O=C(Nc1ccc(F)cc1F)c1cccnc1Oc1cccc(C(F)(F)F)c1,-7.4976,training
CC(C)(C)C(=O)OC(=O)C(C)(C)C,-0.3565,training
C=CCOC(C)=O,1.4346,training
C=CC(CC)CC,1.911,training
CC(C)=CCC/C(C)=C/CO,-1.5228,training
Brc1c(Br)c(Br)c2c(c1Br)Oc1c(Br)c(Br)c(Br)c(Br)c1O2,-12.5114,training
OC(c1ccccc1)c1ccccc1,-4.5638,training
CC(CCO)CC(C)(C)C,-0.5229,training
C=CCl,3.4736,training
ClC(Cl)=C(Cl)Cl,1.2672,training
CC=CCCl,1.8388,training
CCCCOCCOC(=O)COc1ccc(Cl)cc1Cl,-5.3468,training
Clc1ccc(-c2c(Cl)cc(Cl)c(Cl)c2Cl)c(Cl)c1Cl,-5.8539,training
CC(C)c1ccccc1-c1ccccc1,-3.301,training
CC(C)Cl,2.7118,training
CN(CCCl)CCCl,-0.7696,training
c1ccc2c(c1)[nH]c1ccccc12,-6.1249,training
CC(C)OC(=O)C(C(=O)OC(C)C)=C1SCCS1,-1.8447,training
c1ccc2c(c1)-c1cccc3c1c-2cc1ccccc13,-6.301,training
Clc1ccc(Cl)c(-c2ccccc2)c1,-2.8601,training
c1cnccn1,1.0337,training
CN=C=O,2.5416,training
CC(C)(C)C(C)(C)C,1.3192,training
O=C1CCCC1,1.0569,training
Clc1ccc(Oc2c(Cl)cccc2Cl)cc1,-3.6556,training
C=C(C)C#N,1.8525,training
c1ccc(-c2c3ccccc3cc3ccccc23)cc1,-7.301,training
CC1CO1,2.7308,training
COC(F)(F)C(F)(F)C(F)(F)F,2.7528,training
CCCCCCCCCCCCCCCCCBr,-4.7373,training
CCCCCCCCCCCCCCCC(=O)OC(C)C,-4.2527,training
OCCCCCO,-2.4089,training
CCCCCCCCCCCCF,-0.6819,training
Cc1[nH]c(=O)n(C(C)(C)C)c(=O)c1Cl,-6.3279,training
SCc1ccccc1,-0.384,training
CCS(=O)(=O)c1cccnc1S(=O)(=O)NC(=O)Nc1nc(OC)cc(OC)n1,-7.9469,training
CCCCCCCCCc1ccc(O)cc1,-3.0875,training
Cc1ccccc1C,0.8202,training
Oc1ccc(Cl)cc1Cl,-1.0458,training
CCCCC(CC)CNCC(CC)CCCC,-2.0,training
CCCCCCCCCCCCCCCCCCO,-5.5686,training
C1CNC1,2.2512,training
CCCCCCCS,0.1163,training
CCCCCCCCBr,-0.4181,training
N#CCCCCC#N,-3.1681,training
Fc1cc2c(cc1F)Oc1cc(Br)c(Br)cc1O2,-7.7447,training
O=[N+]([O-])c1cccc(C(F)(F)F)c1,-0.5867,training
c1ccc(Oc2ccccc2)cc1,-1.6478,training
Cc1ccc(C)c(O)c1C,-1.4597,training
Cc1ccc(C(=O)COc2c(C(=O)c3ccc(Cl)c(C)c3Cl)c(C)nn2C)cc1,-7.0132,training
CCCCC(C)Cl,1.1347,training
CCCC(C)=O,1.5490000000000002,training
CN(C)C(=O)Nc1ccc(Cl)c(Cl)c1,-7.1612,training
O=C(OC(=O)c1ccccc1)c1ccccc1,-3.9292,training
CC(C)OC(=O)C(C)N(C(=O)c1ccccc1)c1ccc(F)c(Cl)c1,-6.1952,training
O=[N+]([O-])c1ccccc1Nc1ccccc1,-5.0,training
O=C1OCc2ccccc21,-2.699,training
CN(C)P(=O)(F)N(C)C,-0.9586,training
O=[N+]([O-])c1ccc(N=Nc2ccc(O)cc2)cc1,-9.5229,training
CC(=O)CCC(C)C,0.7612,training
O=[N+]([O-])c1ccccc1,-0.6108,training
Clc1c(Cl)c(Cl)c2c(c1Cl)Oc1c(Cl)c(Cl)c(Cl)c(Cl)c1O2,-12.0835,training
COP(=S)(OC)SCc1nc(N)nc(N)n1,-6.011,training
C[Si](C)(Cl)Cl,2.1593,training
FC(F)(F)c1ccc(Cl)c(Cl)c1,0.3724,training
O=C(CCl)CCl,-0.2019999999999999,training
CCC(=O)OC(C)C,1.3528,training
N#Cc1sc2c(=O)c3ccccc3c(=O)c=2sc1C#N,-10.6925,training
O=C1C(c2[nH]c3c(Br)cc(Br)cc3c2O)=Nc2c(Br)cc(Br)cc21,-11.0969,training
CCCCOB(OCCCC)OCCCC,-0.2788,training
CCOC(F)(F)C(F)F,2.3385,training
CCCCCCOCCCCCC,-1.3363,training
COC(=O)Nc1nc2ccccc2[nH]1,-9.1249,training
CC(C)OP(=S)(OC(C)C)SCCNS(=O)(=O)c1ccccc1,-6.0969,training
COP(=S)(OC)SCC(=O)N(C)C=O,-6.0716,training
CC(C)C(C(=O)OC(C#N)c1cccc(Oc2ccccc2)c1)c1ccc(Cl)cc1,-8.8239,training
C[Si](Cn1cncn1)(c1ccc(F)cc1)c1ccc(F)cc1,-6.5331,training
CCCCCCCCCCCCCBr,-2.8665,training
C=CCNCC=C,1.3054,training
C=CCc1ccc(O)c(OC)c1,-1.6455,training
CCCCCCCC(C)C,0.2755,training
CSC(C)C,1.9031,training
CCC(C)(C)C(=O)O,-0.8297,training
CCCC(C)(C)C(C)(C)C,0.5894,training
CCCCC(CC)COP(=O)(OCC(CC)CCCC)OCC(CC)CCCC,-7.0835,training
CCCCOC(=O)COc1cc(Cl)c(Cl)cc1Cl,-4.8239,training
Cc1cc(Cl)ccc1OCC(=O)O,-5.2291,training
COC(=O)CC(C)C,1.1461,training
CCCCOCC1CO1,0.5051,training
CCCCCCCl,0.9716,training
CCOC=O,2.3885,training
CC(C)OC(=O)C(O)(c1ccc(Br)cc1)c1ccc(Br)cc1,-7.0862,training
ClCC(Cl)(Cl)Cl,1.0792,training
OCC(O)CO,-3.7747,training
CC(C)CCOC(=O)CC(C)C,-0.0526,training
O=c1cc(O)[nH]c(=O)[nH]1,-7.8239,training
O=C(Cl)c1cccc(Cl)c1,-0.8539,training
NCCN,1.0792,training
O=[N+]([O-])c1cc([N+](=O)[O-])cc([N+](=O)[O-])c1,-5.191,training
CC(C)CCCCCCCOC(=O)c1ccccc1C(=O)OCCCCCCCC(C)C,-6.2777,training
CCOC(=O)Cn1c(=O)sc2cccc(Cl)c21,-5.556,training
OCCN(CCO)CCO,-5.4449,training
CCCC#CCCC,0.9854,training
CON=C(C)c1cccc(Oc2nc(OC)cc(OC)n2)c1C(=O)OC,-6.6383,training
CCCCCCCCCC(=O)O,-3.4364,training
Clc1cc(Cl)c(-c2cc(Cl)c(Cl)cc2Cl)cc1Cl,-5.4647,training
C=C[Si](OCC)(OCC)OCC,0.3585,training
Nc1ccc([N+](=O)[O-])cc1,-5.4949,training
Nc1ccc(Nc2ccccc2)cc1,-4.9172,training
C=CC(=O)OCC,1.5866,training
Brc1cccs1,1.3692,training
CON(C)C(=O)Nc1ccc(Br)c(Cl)c1,-6.4012,training
CCCCN(CCCC)N=O,-1.3288,training
Brc1ccc(Oc2ccc(Br)cc2Br)c(Br)c1,-7.1549,training
C[Si]1(C)O[Si](C)(C)O[Si](C)(C)O[Si](C)(C)O[Si](C)(C)O[Si](C)(C)O[Si](C)(C)O[Si](C)(C)O1,-2.5391,training
CC(C)c1ccccc1C(C)C,-0.4411,training
C1COCCO1,1.5808,training
CCOC(=O)CC(C)C,0.9191,training
CCOc1ccc([Si](C)(C)CCCc2ccc(F)c(Oc3ccccc3)c2)cc1,-7.7258,training
O=[N+]([O-])c1ccc(-c2ccc([N+](=O)[O-])cc2)cc1,-7.5622,training
CCSCCSP(=S)(OC)OC,-4.7696,training
CCC(C)(CC)c1cc(NC(=O)c2c(OC)cccc2OC)on1,-8.384,training
c1ccc2cc3ccccc3cc2c1,-5.1851,training
C1OCOCO1,1.2435,training
CCCN,2.4914,training
Cc1ccc(N)cc1N,-3.7696,training
CC(C)NC(=O)n1cc(O)n(-c2cc(Cl)cc(Cl)c2)c1=O,-8.426,training
C=C(C)CCCCC,1.3045,training
Clc1ccc2ccccc2c1,-1.9136,training
CCc1cccs1,1.05,training
CC(C)=CC(=O)C=C(C)C,-0.5575,training
OCC(F)(F)C(F)(F)C(F)(F)F,1.5193,training
CCOC(=O)C(C)C,1.4048,training
CN(C)CCCN,1.0,training
Cc1cccc2cccnc12,-1.6024,training
CC1(C)OC(c2ccco2)CN1C(=O)C(Cl)Cl,-7.3054,training
Oc1cc(Cl)c(Cl)cc1Cl,-2.1249,training
CC(C)c1ccc(NC(=O)N(C)C)cc1,-7.6073,training
CCNc1nc(NC(C)C(C)C)nc(SC)n1,-5.8539,training
Clc1ccc(-c2ccc(Cl)cc2)cc1,-3.2716,training
CCCC(=O)O,0.2175,training
C1CCCNCC1,0.9079,training
COc1ccc(C=O)cc1,-1.4828,training
CCc1ccc(C)cc1C,-0.0685,training
C=Cc1cccc(Cl)c1,-0.0083,training
Brc1cccc(Oc2ccc(Br)c(Br)c2Br)c1,-5.6576,training
C=C(C)C(C)(C)CC,1.4801,training
O=C(Nc1ccccc1)Nc1ccnc(Cl)c1,-9.4622,training
CC(C)CCOC(=O)c1ccccc1,-0.8481,training
OCCc1ccccc1,-1.0615,training
Cc1cc([N+](=O)[O-])cc([N+](=O)[O-])c1,-3.3925,training
CC(C)C(C)(C)O,0.5051,training
CC(C)C,3.4168,training
CCCCCCCCC(=O)OCCCC,-1.669,training
O=C(O)COc1cc(Cl)c(Cl)cc1Cl,-4.426,training
N#Cc1c(Cl)cccc1Cl,-3.1805,training
CCCC(=NOCC)C1C(=O)CC(C2CCCSC2)CC1=O,-7.1249,training
CCOP(=S)(OCC)OP(=S)(OCC)OCC,-3.9788,training
CC(C1CC1)C(O)(Cn1cncn1)c1ccc(Cl)cc1,-6.5867,training
NCCNCCNCCN,-3.385,training
FC(F)OCC(F)(F)F,2.8096,training
C1=CC=CC=CC=C1,0.8921,training
N#CC#N,3.6337,training
C[N+](C)(C)CCCl,-7.1249,training
C=Cc1ccc(CC)cc1,-0.0246,training
NCCCCCCO,-2.6198,training
Cn1c(=O)cc[nH]c1=O,-3.1481,training
CS(=O)(=O)F,1.0374,training
CC(=O)CCC(=O)O,-2.9508,training
C[S+](C)[O-],-0.2147,training
Oc1cc(Cl)cc(Cl)c1Cl,-1.6576,training
CCC(C)C(C)=O,1.0648,training
COP(=S)(OC)Oc1ccc([N+](=O)[O-])cc1,-5.4559,training
CCCCCCOC(=O)c1ccccc1C(=O)OCCCCCC,-4.8539,training
Cc1ccccc1S,-0.1928,training
COCC(=O)N(c1c(C)cccc1C)C(C)C(=O)OC,-4.9279,training
O=NN1CCCC1,-1.2218,training
O=C=Nc1cccc(Cl)c1,-0.7122,training
CCCCCCCCCCCCc1ccccc1,-4.2916,training
CCCCI,1.1418,training
Cc1cc(C)c(C)c(O)c1,-2.4202,training
O=C(O)c1cccc(Cl)c1Cl,-3.6421,training
O=C(Cl)c1ccccc1C(=O)Cl,-1.7897,training
Clc1cc(Cl)c2c(c1Cl)Oc1c(Cl)cc(Cl)c(Cl)c1O2,-10.2924,training
Clc1cccc2c1Oc1c(Cl)c(Cl)c(Cl)c(Cl)c1O2,-9.2518,training
CCc1ccncc1,0.3552,training
CCCOC(=O)C(C)C,0.9241,training
CCN(CC)Cc1cccnc1,-2.3665,training
Clc1cc(Cl)c(Cl)c(Cl)c1Cl,-2.9957,training
Brc1ccc(Oc2ccccc2)cc1,-2.8239,training
CC12CCC(CC1)C(C)(C)O2,0.2788,training
CCCCC/C=C\C/C=C\CCCCCCCC(=O)OC,-5.4353,training
Clc1ccc(Oc2cc(Cl)cc(Cl)c2)cc1,-3.7645,training
CCCCCC(C)(C)C,1.0322,training
Clc1ccc(-c2ccc(Cl)c(Cl)c2)cc1Cl,-4.7849,training
CCSC(=O)N(CC(C)C)CC(C)C,-1.8861,training
Cc1cc(C)c2ccccc2c1,-1.6345,training
Cc1ccccc1CO[C@H]1C[C@]2(C(C)C)CC[C@@]1(C)O2,-4.1209,training
O=CC1C[C@@H]2[C@@H]3[C@H]1[C@@]1(Cl)C(Cl)(Cl)[C@]3(Cl)[C@@]3(Cl)[C@@H]2[C@]31Cl,-6.699,training
CCCF,3.3041,training
O=C(Cl)OCc1ccccc1,-2.5058,training
CC1=C(C(=O)Nc2ccccc2)SCCO1,-6.8239,training
Clc1ccc(C(c2ccc(Cl)cc2)C(Cl)Cl)cc1,-5.8697,training
CC1CCCCC1,1.6628,training
c1ccc(-c2ccc(-c3ccccc3)cc2)cc1,-7.0,training
C=CC(C)(C)CC,2.0173,training
C=CC,3.939,training
CC(C)OC(=O)Nc1cccc(Cl)c1,-3.7447,training
CC(C)I,1.6343,training
CN(C)C=O,0.5877,training
O=C(NC(=O)c1c(F)cccc1F)Nc1ccc(CO/N=C(/c2ccc(Cl)cc2)C2CC2)cc1,-9.3925,training
Cc1cc(C)c(C)c(C)c1,-0.303,training
O=[N+]([O-])c1ccccc1[N+](=O)[O-],-4.342,training
CCS,2.7237,training
Oc1cccc(O)c1O,-3.3197,training
OCC1CCC(CO)CC1,-3.5114,training
COc1cc(OC)nc(NC(=O)NS(=O)(=O)N(C)S(C)(=O)=O)n1,-6.7825,training
CC(C)C(C)C,2.3711,training
COP(=O)(OC)O/C(C)=C/C(=O)N(C)C,-3.7959,training
O=C(Cl)C(Cl)Cl,1.3621,training
CCN(C=O)CC,0.0821,training
COc1ccccc1OC,-0.3279,training
CC=O,2.9552,training
Clc1ccc(Cl)c(Cl)c1Cl,-1.4089,training
CCCOC=O,1.9168,training
C=CCC1=C(C)C(OC(=O)C2C(C=C(C)C)C2(C)C)CC1=O,-5.9208,training
Cc1ccc(N)cc1C,-1.5544,training
CCCCCC(C)C,1.3159999999999998,training
CCCSC,1.706,training
N#Cc1cc(Br)c(O)c(Br)c1,-7.3261,training
Cc1cccc([N+](=O)[O-])c1,-0.6874,training
O=[N+]([O-])c1ccc(Cl)cc1,-1.6596,training
CCN(CC)C(=O)SCc1ccc(Cl)cc1,-4.6576,training
CCOc1cc(C=O)ccc1O,-4.9842,training
CCCCCCCF,1.2648,training
Clc1ccc(C(c2ccccc2Cl)C(Cl)(Cl)Cl)cc1,-5.8697,training
C=CC(C)(C)C,2.634,training
Cc1ccc(O)cc1,-0.9586,training
NC(CCC(=O)O)C(=O)O,-7.7696,training
CCOC(=O)C(C)Oc1ccc(Oc2nc3ccc(Cl)cc3o2)cc1,-7.5229,training
Cc1cc(C)c(O)c(C)c1,-1.7595,training
Cc1ccc2ncccc2c1,-2.1931,training
COc1cccc2c1C(=O)c1ccccc1C2=O,-6.5591,training
C[Si](C)(C)O[Si](C)(C)O[Si](C)(C)C,0.5236,training
CCC=CCC,2.2173,training
ClCCCl,1.8971,training
CNC(=O)Oc1ccccc1C(C)C,-4.6778,training
N#CCN(CC#N)CC#N,-6.4989,training
OCCOc1ccc(Cl)cc1Cl,-3.7009,training
COc1cc(OC)nc(NC(=O)NS(=O)(=O)c2c(-c3nnn(C)n3)cnn2C)n1,-10.5229,training
C[Si](Cl)(Cl)Cl,2.2227,training
CC1CCCC(=O)C1,0.1761,training
CCCCC(O)C(=O)O,-5.5025,training
CCOP(=S)(OCC)SCCSCC,-4.011,training
CC1CNC(C)CN1,0.4225,training
CC#N,1.9484,training
CC(C)(C)c1ccccc1O,-1.0458,training
Clc1cc2oc3c(Cl)c(Cl)c(Cl)cc3c2cc1Cl,-8.58,training
CC(C)C(=O)C(C)C,1.1278,training
CC1CCCC(O)C1,-0.3198,training
C=C(C)CN(CC)c1c([N+](=O)[O-])cc(C(F)(F)F)cc1[N+](=O)[O-],-4.0565,training
CCCCCCC(C)=O,0.1303,training
Cc1ccc(N)c(N)c1,-3.2013,training
C=CC(=O)OCC(CC)CCCC,-0.7496,training
ClCCCCCCl,0.0531,training
CCC(Cl)CCl,1.3198,training
CCCCCCCCCCCCCCCC,-2.8447,training
CCOC(=O)C=[N+]=[N-],0.4472,training
O=C(CCl)c1cccc([N+](=O)[O-])c1,-5.0605,training
FC(F)C(F)(F)OCC(Cn1cncn1)c1ccc(Cl)cc1Cl,-5.8697,training
O=[N+]([O-])OCCOCCO[N+](=O)[O-],-2.2291,training
CCC(=O)c1ccccc1,-0.7696,training
O=C(O)c1nc(Cl)ccc1Cl,-4.9208,training
Clc1cccc(Cl)c1,0.3324,training
Clc1ccc(C(c2ccc(Cl)cc2)C(Cl)(Cl)Cl)cc1,-6.7959,training
Cc1ccc(N(C)C)cc1,-0.7501,training
ClC=C(Cl)Cl,1.8388,training
Cc1ccc(C)[nH]1,-0.0942,training
CCC#N,1.6757,training
O=CC=Cc1ccccc1,-1.539,training
CCc1ccccc1O,-0.8153,training
CCCCOCCOCCOCCCC,-1.584,training
CCOc1cc(C(C)(C)C)ccc1C1COC(c2c(F)cccc2F)=N1,-7.7852,training
C=CC(C)CC,2.4298,training
O=C(O)Cc1ccccc1,-2.4202,training
CC(=O)CC(C)(C)N,-0.6990000000000001,training
C1CCNCC1,1.5067,training
Clc1ccc(-c2ccc(Cl)c(Cl)c2Cl)cc1Cl,-5.185,training
CCOP(=O)(OCC)OP(=O)(OCC)OCC,-3.585,training
O=C(O)c1c(Cl)ccc(Cl)c1Cl,-3.2596,training
CC(=O)N(C)C,0.301,training
C=CCCCCCCCCC,-0.3071,training
CCCCCCCCc1ccccc1,-1.9462,training
FCC(F)(F)OC(F)F,2.5682,training
C=C(CC)CCCC,1.2949,training
CCOP(=S)(OCC)SCSC(C)(C)C,-3.4949,training
CCCNCCC,1.3027,training
COC(=O)C(C)C,1.6925,training
CCO/N=C(\OC(=O)c1ccccc1)c1c(OC)ccc(Cl)c1OC,-5.4711,training
Clc1cc(Cl)c2c(c1)Oc1cc(Cl)c(Cl)cc1O2,-8.2007,training
CCCCNCCCC,0.4128,training
CC(=O)C(C)(C)C,1.4983,training
CNC(C)=O,-0.3565,training
C/C=C/C=C/CCCCCCCO,-3.2857,training
O=C1c2ccccc2C(=O)C1C(=O)C(c1ccccc1)c1ccccc1,-9.9872,training
c1ccc(Sc2ccccc2)cc1,-2.1226,training
C=CCc1ccc(OC)c(OC)c1,-1.9208,training
C=CC(Cl)CCl,1.3395,training
C=Cc1ccc(C)nc1,0.0719,training
CCCCSC,1.1932,training
C=COCC(C)C,1.7745,training
CCC(C)c1ccccc1OC(=O)NC,-3.8462,training
CC(O)CC(C)(C)O,-1.8861,training
Cc1ccc(Cl)c(Cl)c1,-0.5017,training
Brc1ccc(Br)cc1,-1.2403,training
C1=CC2C3C=CC(C3)C2C1,0.3606,training
CCOP(=S)(OCC)OC(Cl)C(Cl)(Cl)Cl,-3.0996,training
C=C(C)C(N)=O,-1.0711,training
CCOC(=O)c1ccccc1C(=O)OCC,-2.6778,training
CCc1ccc(C(=O)NN(C(=O)c2cc(C)cc(C)c2)C(C)(C)C)cc1,-7.6478,training
O=[N+]([O-])c1ccc(Cl)c(Cl)c1,-1.9873,training
c1ccc2c(c1)ccc1c3ccccc3sc21,-6.9431,training
CCCCl,2.5372,training
O=S1OCC2C(CO1)C1(Cl)C(Cl)=C(Cl)C2(Cl)C1(Cl)Cl,-6.16889999999999,training
CCI,2.1327,training
CCNc1nc(NC(C)C)nc(OC)n1,-5.5376,training
CC1CCCCC1C,1.2029,training
CC1(C)C(C=C(Cl)Cl)C1C(=O)OC(C#N)c1ccc(F)c(Oc2ccccc2)c1,-9.8239,training
CCCCCCCC/C=C\CCCCCCCCCCCCC,-4.4522,training
CCN=C=S,1.0576,training
CCOP(=O)(N=C1SCS1)OCC,-5.1904,training
CCOC(=O)NC,-0.0435,training
NCCOCCO,-2.8125,training
CC(=O)Br,2.0849,training
CC1CCCC1C,1.6743,training
C=CC(C)(O)CCC=C(C)C,-0.7959,training
C=C(C)CCCC,1.7848,training
Nc1ccc(N=Nc2ccc([N+](=O)[O-])cc2)cc1,-9.5229,training
C=CC1CC=CCC1,1.1962,training
COC(=O)C1=CCCN(C)C1,-1.1018,training
OC1CCCCC1c1ccccc1,-1.4353,training
N#Cc1c(Cl)c(Cl)c(Cl)c(C#N)c1Cl,-6.2441,training
O=C1C=CC(=O)C=C1,-1.0458,training
CC(C)C#N,1.5145,training
CCCCC[C@@H](O)CC,-0.5918,training
O=C=O,4.6838,training
COC(C)=O,2.3349,training
FC(=C(F)C(F)(F)F)C(F)(F)F,3.3017,training
CC(C)C(C)(C)C(C)C,0.9462,training
CC=Cc1ccc(OC)cc1,-1.1533,training
CCCC(C)(C)C(C)C,0.9926,training
NC(N)=O,-4.9208,training
C=CC[Si](Cl)(Cl)CC=C,0.445,training
O=C(O)c1cc(Cl)cc(Cl)c1Cl,-3.5072,training
CCOC(=O)CCC(C)=O,-0.6819,training
c1ccc2c(c1)Cc1ccccc1-2,-3.2218,training
O=C(NC(=O)c1c(F)cccc1F)Nc1ccc(Cl)cc1,-9.0458,training
CCCCC(CC)COC(=O)Cl,-0.7747,training
Cc1cccc(Br)c1,0.1847,training
O=C1C=CC(=O)c2c1c(O)c1ccccc1c2O,-7.6142,training
CCCCCSSCCCCC,-2.1972,training
CCN1CCOCC1,0.7016,training
C=CC(C)Cl,2.1847,training
CCCCCCCC=O,0.0719,training
CCOP(=S)(OCC)SCSc1ccc(Cl)cc1,-6.5229,training
O=Cc1ccccc1Cl,-0.6383,training
Cc1cccc(O)c1[N+](=O)[O-],-1.4295,training
Cc1cccc2cccc(C)c12,-2.3197,training
ClC(Cl)(Br)CBr,-0.0458,training
Sc1ccccc1,0.2856,training
COC(=O)c1ccccc1CS(=O)(=O)NC(=O)Nc1nc(OC)cc(OC)n1,-13.6778,training
CCOC(=O)C(SP(=S)(OC)OC)c1ccccc1,-5.585,training
CNC(=O)/C(=N/OC)c1ccccc1Oc1ccccc1,-6.8697,training
CC(C)CCOCCC(C)C,0.1461,training
FCC(F)(F)F,3.6981,training
CC(c1ccccc1)c1ccccc1,-1.84815,training
Clc1cc2c(Cl)cccc2c(Cl)c1Cl,-4.9626,training
Cc1cccc([N+](=O)[O-])c1C,-0.4449,training
CCOP(=S)(CC)Sc1ccccc1,-3.4711,training
OCC(F)(F)C(F)F,1.1684,training
O=CF,3.4603,training
CCC1(CC2(c3cccc(Cl)c3)CO2)C(=O)c2ccccc2C1=O,-7.699,training
CC(C)C=CC(C)C,1.6379,training
CCCCCCCCCCl,-0.5735,training
ClC(Cl)C(Cl)C(Cl)Cl,-0.0278,training
C1=CCCC=CCC1,0.6948,training
FC(Cl)(Cl)C(F)(Cl)Cl,1.7033,training
CCCC1COC(Cn2cncn2)(c2ccc(Cl)cc2Cl)O1,-6.3768,training
C1N2CN3CN1CN(C2)C3,-2.3979,training
CC(C)OC(C)C,2.1732,training
CN(C)c1nc(=O)n(C2CCCCC2)c(=O)n1C,-6.6478,training
Clc1ccc(Cl)c(-c2cc(Cl)c(Cl)cc2Cl)c1,-4.5986,training
CC(=O)O[C@@H]1C[C@H](C)CC[C@H]1C(C)C,-0.983,training
Cn1cccc1,1.3313,training
COc1ccc(C(=O)O)cc1OC,-3.6082,training
C#CCC,3.1504,training
Clc1ccc(Oc2cc(Cl)ccc2Cl)cc1,-3.7645,training
OCCOCCOCCOCCO,-4.3325,training
CC1CCCO1,1.9883,training
CCc1c(C)cccc1C,-0.1316,training
c1ccc(Cc2ccccc2)cc1,-2.0857,training
Clc1cc2c(oc3c(Cl)cccc32)c(Cl)c1Cl,-7.4001,training
c1ccc(CNCc2ccccc2)cc1,-3.1016,training
COC(=O)c1ccc(C(=O)OC)cc1,-2.0,training
COC(=O)c1c(Cl)c(Cl)c(C(=O)OC)c(Cl)c1Cl,-5.6021,training
CCCCCCO[N+](=O)[O-],0.1987,training
NCc1ccccc1,-0.1851,training
CC(C)CC(C)(C)C,1.6928,training
CCCCCCCCCN,-0.556,training
O=C(O)c1ccccc1O,-4.0862,training
CCCCCCCCN,-0.0137,training
Clc1ccc2oc3c(Cl)c(Cl)c(Cl)c(Cl)c3c2c1,-8.4437,training
CC(C)(c1ccccc1)c1ccc(O)cc1,-4.2262,training
CCc1cccc(C)c1N(C(=O)CCl)C(C)COC,-4.5038,training
C1CCOC1,2.2101,training
CCC/C=C/CCC,1.2514,training
CC=C(C)C,2.6702,training
Clc1ccc(Cl)c(-c2c(Cl)cccc2Cl)c1,-4.6478,training
CC1CCCCC1=O,0.3522,training
CC(C)CNCC(C)C,0.8615,training
C1OC1C1CO1,1.5911,training
c1ccc(COc2ccccc2)cc1,-2.2005,training
O=C(O)COc1nc(Cl)c(Cl)cc1Cl,-5.8996,training
CCCCCCCCCCCCCCCCCCCCCCCCCCC,-6.551,training
CC(C)(C)C,3.1089,training
CCSC(=O)N1CCCCCC1,-2.2518,training
SC1CCCCC1,0.5982,training
CCOC(=O)CC,1.5545,training
c1ccc2c(c1)Oc1ccccc1O2,-3.3846,training
O=C(O)C(F)(F)C(F)F,-3.5229,training
O=C=Nc1cccc2c(N=C=O)cccc12,-4.4711,training
Oc1ccc(Cl)cc1,-1.0506,training
CC1COc2ccccc2N1C(=O)C(Cl)Cl,-5.3536,training
FC(F)(F)c1ccc(Cl)cc1,0.8825,training
c1ccncc1,1.3181,training
Nc1ncnc2[nH]cnc12,-10.3507,training
Cc1ccc(O)cc1C,-1.4486,training
CNC(=O)ON=C(SC)C(=O)N(C)C,-3.6383,training
CCCCCC(=O)CCCCC,-1.301,training
O=C1CCCCC1,0.6365,training
O=c1c(Cl)c(Cl)cnn1-c1ccccc1,-4.0458,training
Clc1c(Cl)c(Cl)c2c(Cl)c(Cl)c(Cl)c(Cl)c2c1Cl,-7.9586,training
COP(=S)(Cl)OC,-0.301,training
COC(C)OC,2.2335,training
CC(=O)c1ccc2ccccc2c1,-3.2142,training
Clc1cc2c(oc3c(Cl)c(Cl)c(Cl)c(Cl)c32)c(Cl)c1Cl,-10.4522,training
CCCCC1CCCC1,0.6021,training
CCC(CC)C(C)(C)C,1.0538,training
COC(=O)c1sccc1S(=O)(=O)NC(=O)Nc1nc(C)nc(OC)n1,-9.8928,training
OCCCO,-1.3556,training
CCOP(=O)(OCC)OCC,-0.4056,training
CCCCOC(=O)c1ccccc1,-2.0,training
CC1CC1,3.1995,training
FC(F)(F)C(F)(F)C(F)(F)C(F)(F)F,3.3025,training
C#CCOS(=O)OC1CCCCC1Oc1ccc(C(C)(C)C)cc1,-6.5229,training
CCOP(=S)(OCC)Oc1nc(Cl)c(Cl)cc1Cl,-4.6936,training
N#CC(CCc1ccc(Cl)cc1)(Cn1cncn1)c1ccccc1,-7.426,training
Clc1ccc(Oc2ccccc2)c(Cl)c1,-3.0362,training
CCCCCCF,1.7621,training
CCON=C(CC)C1C(=O)CC(c2c(C)cc(C)cc2C)CC1=O,-8.556000000000001,training
CCCCOC(=O)CCC,0.2577,training
CC(C)OC(=O)C(O)(c1ccc(Cl)cc1)c1ccc(Cl)cc1,-6.7447,training
O=c1c(C2CCCc3ccccc32)c(O)oc2ccccc12,-10.1952,training
N#C/C(=N\OCC1OCCO1)c1ccccc1,-5.4001,training
CCOC(C)(C)CC,1.699,training
Clc1ccc(/N=N/c2ccccc2)cc1,-5.699,training
CCC1CO1,2.2553,training
CCCCCCCCC1CCCCC1,-2.0386,training
O=C(O)c1ccccc1,-3.1549,training
CC(F)(F)Cl,3.4055,training
NC1CCCCC1,1.0043,training
CC(C)(C)C(=O)O,-0.301,training
C=CCCCCCCCCCCC,-1.1955,training
CCCCCCl,1.517,training
CCOC(=O)CCCCCC(=O)OCC,-2.5086,training
ClC(Cl)=C(Cl)C(Cl)(Cl)Cl,-0.6126,training
COC(=O)c1cc(Oc2ccc(C(F)(F)F)cc2Cl)ccc1[N+](=O)[O-],-7.1249,training
CCC(C)CO,0.4942,training
ClCC(Cl)=C(Cl)Cl,0.4281,training
Cc1nn(C)c(OCC(=O)c2ccccc2)c1C(=O)c1ccc(Cl)cc1Cl,-6.4437,training
CN(C)C(=O)C(c1ccccc1)c1ccccc1,-7.5229,training
O=[N+]([O-])OCCO[N+](=O)[O-],-1.1427,training
CCCCCCCCCCCCCCCCCCCC(=O)OCC,-7.7165,training
CN(C)S(=O)(=O)N(SC(F)(Cl)Cl)c1ccccc1,-6.9508,training
c1ccc2sc(SN3CCOCC3)nc2c1,-5.4763,training
CC1=C(C)S(=O)(=O)CCS1(=O)=O,-6.4168,training
Clc1cc2c(Cl)c(Cl)c(Cl)c(Cl)c2cc1Cl,-6.4559,training
CCCOC(C)=O,1.5551,training
c1ccc(-c2ccccc2-c2ccccc2)cc1,-3.6021,training
O=C1CCCO1,-0.3468,training
Nc1ccc(Nc2ccc([N+](=O)[O-])cc2[N+](=O)[O-])cc1,-10.2218,training
COC(=O)CCl,0.8825,training
Clc1cc(Cl)c2oc3cc(Cl)c(Cl)cc3c2c1,-7.71,training
Fc1ccccc1F,1.7275,training
C=C(Cl)C(Cl)CCl,0.2742,training
CC12CCC(C1)C(C)(C)C2O,-1.19775,training
CON=C(Cc1cccnc1)c1ccc(Cl)cc1Cl,-4.8928,training
COP(=S)(OC)Oc1cc(Cl)c(I)cc1Cl,-6.0835,training
O=C(Nc1ccccc1)Nc1cnns1,-10.6383,training
c1ccc2c(c1)CCC2,0.1664,training
C[N+](=O)[O-],1.5544,training
Nc1ccccc1[N+](=O)[O-],-2.5575,training
C=Cc1ccc(O)cc1,-1.8539,training
COC,3.6484,training
C=CCOC(=O)C(=C)C,0.7612,training
c1ccc(-c2c3ccccc3c(-c3ccccc3)c3ccccc23)cc1,-9.8447,training
CCCCCCCCCCCCCCCCBr,-4.314,training
O=[N+]([O-])C(Cl)(Cl)Cl,1.3766,training
C=CCSSSC,-1.301,training
O=C1CCCCCCC1,-0.3893,training
CCOc1ccc(N)cc1,-1.9805,training
Clc1cc2c(cc1Cl)Oc1c(cc(Cl)c(Cl)c1Cl)O2,-9.3615,training
FCOC(F)(F)C(F)F,2.3729,training
CCCCCCCCCCCCCO,-3.3605,training
Cc1c[nH]c2ccccc12,-2.2561,training
ClC/C=C/CCl,0.5737,training
CNc1ccc(NC)c2c1C(=O)c1ccccc1C2=O,-10.699000000000002,training
CNc1nc(NC(C)C)nc(SC)n1,-6.0009,training
c1ccc2c(c1)c1cccc3ccc4cccc2c4c31,-8.2441,training
CC(C)C1CCCCC1,0.6809999999999999,training
ClC=C(Cl)CCl,0.6435,training
C=C(C)C(=O)O,-0.0044,training
Cc1cc(Cl)cc2c1C(=O)/C(=C1/Sc3cc(Cl)cc(C)c3C1=O)S2,-13.5229,training
CC/C=C\C/C=C\C/C=C\CCCCCCCC(=O)O,-6.2675,training
CCCCOCCOCCO,-1.6596,training
C=Cc1cc(C)ccc1C,0.0,training
CC(C)=CC1C(C(=O)OCc2cccc(Oc3ccccc3)c2)C1(C)C,-6.8447,training
O=C(Cl)OCCOC(=O)Cl,-1.6655,training
CCSC,2.2041,training
CCCC(=NOCC)C1C(=O)CC(CC(C)SCC)CC1=O,-6.7959,training
CCCC#N,1.29,training
OCC#CCO,-3.2549,training
CCCCCCCC(=O)OC(C)C,-0.9626,training
ClC1=C(Cl)[C@]2(Cl)[C@@H]3[C@@H]4C[C@@H]([C@H]5O[C@@H]45)[C@@H]3[C@@]1(Cl)C2(Cl)Cl,-5.3764,training
Nc1ccccc1N,-2.6861,training
CCCCCCCCCCC,-0.3852,training
CCCC,3.2608,training
CCC1CCCC1,1.6001,training
Clc1cc2ccccc2c(Cl)c1Cl,-4.699,training
CCCCCCCCCCCCCCCCCCCBr,-5.6517,training
CC#CCCCCC,0.875,training
C/C(=N/Nc1nc(C)cc(C)n1)c1ccccc1C,-7.5114,training
Clc1ccc(-c2cc(Cl)c(Cl)c(Cl)c2Cl)c(Cl)c1Cl,-6.202000000000001,training
O=C(O)CCCCCC(=O)O,-7.0458,training
CCOC(N)=O,-0.5815,training
CC(Cl)C(C)Cl,1.3874,training
Cc1cc(C(C)(C)C)ccc1O,-1.5496,training
OCC(O)CCl,-0.6990000000000001,training
ClCCCCl,1.2591,training
FC(F)(F)C(Cl)(Cl)Cl,2.5563,training
CNC(=O)Oc1cc(C)cc(C)c1,-3.4437,training
CCOCCOCC,1.528,training
Fc1c(F)c(F)c(Br)c(F)c1F,0.9033,training
Cc1ccccc1N,-0.585,training
c1ccc2c(c1)Cc1cc3ccccc3cc1-2,-7.2596,training
COP(=O)(OC)OC,-0.0706,training
CCCCOC=O,1.4609,training
CC(=O)C(=O)O,0.1109,training
CCCCc1ccc(O)cc1,-2.6536,training
c1ccc(C2CO2)cc1,-0.5229,training
FC(F)(F)C(=NOCC1OCCO1)c1ccc(Cl)cc1,-3.5452,training
O=C(O)c1ccc(C(=O)O)cc1,-5.0362,training
CCCCCCC1CCCCC1,-0.9431,training
Cc1cccc(O)c1,-0.9586,training
Clc1nc(Cl)nc(Nc2ccccc2Cl)n1,-8.2076,training
CCCCOCCOC(=O)COc1cc(Cl)c(Cl)cc1Cl,-5.8239,training
CCN(CC)c1ccccc1,-0.8655,training
ClCC(Br)CBr,-0.2366,training
CCC1OCC(COc2ccc(Oc3ccccc3)cc2)O1,-6.0835,training
C1CN2CCC1CC2,0.2819,training
CC(C)C(Cl)Cl,1.6021,training
C=CCC(C)C,2.434,training
O=Cc1ccco1,0.3444,training
O=[N+]([O-])c1cccc(Br)c1,-1.1549,training
ClCCOCOCCCl,-0.8794,training
c1cc2cccc3c4cccc5cccc(c(c1)c23)c54,-8.2798,training
FC(Cl)Cl,3.1342,training
Cc1cccc(C(C)C)c1,0.2355,training
Cc1cccnc1,0.7818,training
CCCCCOCCCCC,-0.067,training
Brc1cccc(Br)c1,-0.5709,training
Clc1ccc(Cl)c(Oc2ccccc2)c1Cl,-3.5452,training
CC(Cl)Br,1.93,training
CCCCCCCCCCCCCCCCCl,-4.2076,training
CCOC(=O)C1(C)OC(=O)N(c2cc(Cl)cc(Cl)c2)C1=O,-7.01775,training
Cc1ccc(C)c(C)c1,0.3222,training
CC(C)(C)C1CCC(O)CC1,-1.1549,training
CCCCCCCCCCCCCCCCCCCCCCCCCCCCCCCCC,-10.3958,training
FC(F)=C(F)Br,3.2945,training
CCOP(=O)(SC(C)CC)SC(C)CC,-3.0458,training
COc1ccc(-c2ccccc2)cc1NNC(=O)OC(C)C,-7.1249,training
C1=CC2CCC1C2,1.5932,training
CC(=O)c1c(O)cc(C)oc1=O,-2.902,training
Fc1ccc(F)cc1,1.8076,training
C=C(C)C(=O)OCC(C)C,0.5599,training
CON(C)C(=O)Nc1ccc(Cl)c(Cl)c1,-5.8447,training
Clc1ccc2c(c1)Oc1cc(Cl)c(Cl)c(Cl)c1O2,-8.1249,training
CCCC[P+](CCCC)(CCCC)Cc1ccc(Cl)cc1Cl,-6.1549,training
OCCS,0.2445,training
O=C1OCCO1,-2.0088,training
Cc1cccc(O)c1C,-1.0506,training
Brc1cc(Br)cc(Br)c1,-2.8239,training
C=CCCCCCCC,0.7324,training
Cc1ccccc1[N+](=O)[O-],-0.7255,training
O=C(O)CCCCCCCCC(=O)O,-7.2557,training
O=C(C(O)CO)C(O)CO,-9.7055,training
Cc1ccc2ccccc2c1,-1.2596,training
Fc1c(F)c(F)c(C(F)(F)F)c(F)c1F,1.4624,training
CNC(=O)Oc1cccc(C)c1,-2.9666,training
CCC(O)CC,0.943,training
CCCS,2.1881,training
FC(F)C(F)(F)F,4.0212,training
C=C(C)OC,2.7135,training
Clc1cc(Cl)c2c(Cl)c(Cl)cc(Cl)c2c1Cl,-6.4559,training
COC(=O)CS,0.4771,training
CNC(=O)ON=C(C)SC,-5.2676,training
C=CCCCC(C)C,1.4015,training
CCC(C)OC,2.3183,training
Cc1ccccc1N(C)C,-0.0643,training
CCCCCCCCC,0.6484,training
C1CCCCCCCCC1,-0.2516,training
CN1CCCCC1,1.2869,training
CC(F)(Cl)Cl,2.7782,training
COP(=S)(OC)Oc1ccc(C#N)cc1,-3.1035,training
CCCCC/C=C\C/C=C\CCCCCCCC(=O)O,-6.0615,training
CCc1cc(C)ccc1C,-0.0272,training
CC(CO)CO,-1.6778,training
CCOCCO,0.7251,training
O=[N+]([O-])c1c(Cl)c(Cl)c(Cl)c(Cl)c1Cl,-4.301,training
COP(=S)(OC)Oc1ccc([N+](=O)[O-])cc1Cl,-5.4437,training
COP(=O)(OC)OC(=CCl)c1cc(Cl)c(Cl)cc1Cl,-7.3768,training
ClC(Cl)=C(c1ccc(Cl)cc1)c1ccccc1Cl,-5.2074,training
CCCCCBr,1.1004,training
O=c1c2cc(F)ccc2nc(-n2cncn2)n1-c1ccc(Cl)cc1Cl,-10.3188,training
Cc1ccc(N)c(C)c1,-0.8758,training
CCCCCCCCCCCCBr,-2.4056,training
c1ccc(Nc2ccc(Nc3ccccc3)cc2)cc1,-8.1971,training
Cc1ccc([N+](=O)[O-])cc1[N+](=O)[O-],-3.8327,training
CCCCCCCCCCCCCCc1ccccc1,-4.6234,training
CCCOCC,2.2567,training
O=C(C(F)(F)F)C(F)(F)F,3.3483,training
FC(F)(Cl)Cl,3.6856,training
CC=CCCCC,1.6848,training
CCCCCCCC(=O)O,-2.4306,training
CC(C)CO[N+](=O)[O-],0.9192,training
ClC(Cl)(Cl)Br,1.5911,training
CN(C)c1ccccc1,-0.1549,training
c1ccsc1,1.9013,training
C=CC(=C)CCC=C(C)C,0.304,training
CCO[PH](=O)OCC,1.0473,training
OCc1ccco1,-0.2154,training
Cc1c(COC(=O)C2[C@H](/C=C(\Cl)C(F)(F)F)C2(C)C)cccc1-c1ccccc1,-6.7447,training
CCN(CC)c1c([N+](=O)[O-])cc(C(F)(F)F)c(N)c1[N+](=O)[O-],-5.4437,training
CC(C)CCOC=O,1.1847,training
CCCCC(=O)OC,1.2821,training
CN(C)C(=O)Nc1ccccc1,-4.426,training
CCc1ccc(C)nc1,0.1553,training
c1ccc(N=NNc2ccccc2)cc1,-4.7196,training
CCOC(=O)Cl,1.3502,training
CCOP(=S)(OCC)Oc1cc(C)nc(C(C)C)n1,-4.0453,training
CC(C)CI,1.1947,training
COCCOCCOCCOC,-1.3944,training
CC=CC#N,1.50445,training
CCCc1cccc(C)c1,0.4249,training
CCCCC,2.7110000000000003,training
Cc1cc(C)cc(O)c1,-1.3925,training
Cc1cc(C)c(O)cc1C,-2.1681,training
Cc1ccc(C)c(O)c1,-0.8069,training
Cc1ccc(S)cc1,-0.1906,training
CO/N=C(/C(=O)OC)c1ccccc1COc1ccccc1C,-7.7645,training
C=CC=CC=C,1.9539,training
Cc1ccc(C)c(C)c1C,-0.4429,training
O=[N+]([O-])c1ccccc1O,-0.9469,training
CCNc1ccccc1,-0.6904,training
CN(C)N,2.2122,training
COC(=O)/C=C(\C)OP(=O)(OC)OC,-3.9101,training
CCSCc1ccccc1OC(=O)NC,-5.1518,training
CCCOCCC,1.7959,training
CCCCCCCCCC=O,-0.9872,training
Clc1nc(Cl)c(Cl)c(Cl)c1Cl,-1.8539,training
FCF,4.1017,training
CC(=O)Oc1ccccc1,-0.3997,training
CCCCCCCCCCCCCCCCCCCC(=O)O,-8.7416,training
CCOP(=S)(OCC)SCn1nnc2ccccc2c1=O,-5.6198,training
CC(C)OB(OC(C)C)OC(C)C,0.8748,training
CCC(C)C(C)C,1.8382,training
CCOC(OCC)OCC,0.5868,training
CCc1ccc(C)c(C)c1,-0.126,training
CCCCC(CC)CO[PH](=O)OCC(CC)CCCC,-4.2366,training
CCCC(=O)OCCC(C)C,-0.0223,training
CON(C)C(=O)Nc1ccc(Br)cc1,-5.5229,training
Clc1cccc(Oc2ccccc2)c1,-2.4248,training
SCCS,0.7488,training
Oc1cccc2cccnc12,-2.7799,training
CC(C)(C)C#N,1.5373,training
CC(=O)CC(C)=O,0.4713,training
C/C(=C\c1ccccc1)C(=O)O,-3.0405,training
N#Cc1c[nH]cc1-c1cccc(Cl)c1Cl,-7.0809,training
CCCBr,2.0445,training
CC(=O)CBr,1.9542,training
CCC(Cl)Cl,1.8344,training
COP(=S)(OC)Oc1ccc(SC)c(C)c1,-4.9788,training
CCCOC(=O)CC,1.1443,training
CCCCCCCCC(=O)O,-2.7825,training
CC(C)c1ccccc1,0.6532,training
Ic1cccs1,0.9058,training
CC(C)(C)C(=O)C(Oc1ccc(Cl)cc1)n1cncn1,-7.8239,training
CCSCC,1.7796,training
c1ccc(-c2ccccc2)cc1,-2.0491,training
CCOc1ccc(NC(=O)OC(C)C)cc1OCC,-4.2007,training
CCSCCSP(=O)(OC)OC,-3.5229,training
NC(=O)c1nc(-c2ccccc2)n(-c2ccc(Cl)c(COCC(F)(F)C(F)(F)F)c2)n1,-6.8239,training
COc1nc(NC(C)C)nc(NC(C)C)n1,-5.6383,training
CCCCCCCCSC(=O)Oc1cc(Cl)nnc1-c1ccccc1,-9.011,training
CCCCC(=O)CC,0.415,training
ClC(Cl)(Cl)c1ccccc1,-0.3833,training
C=Cc1ccccc1C,0.2676,training
C=C(C)C(=O)OCC,1.3137,training
CNC(=O)Oc1cccc2c1OC(C)(C)O2,-4.4622,training
Ic1ccccc1,0.0253,training
N#CCc1ccccc1,-1.0487,training
CCCOC(=O)CCC,0.7749,training
c1ccc2ncccc2c1,-1.2218,training
CCCCCCCCCCCCCCCCCC,-3.4669,training
CCCCCCS,0.6235,training
NC(=S)C(N)=S,-5.7844,training
C=C(Cl)CCl,1.7864,training
C#Cc1ccccc1,0.3139,training
C#CCOc1cc(-n2nc(C(C)(C)C)oc2=O)c(Cl)cc1Cl,-7.7258,training
CCCCCCCC1CCCCC1,-1.3979,training
c1ccc(CCc2ccccc2)cc1,-2.138,training
C[Si]1(C)O[Si](C)(C)O[Si](C)(C)O[Si](C)(C)O1,0.0212,training
CC(C)C[N+](=O)[O-],0.8376,training
CN(C)C(CSS(=O)(=O)c1ccccc1)CSS(=O)(=O)c1ccccc1,-5.8013,training
Cc1ccc2ccccc2n1,-2.0241,training
CC1(C)CCCC1,1.882,training
CCCCOC(=O)Cl,0.8156,training
CC1CN(C2CCCCCCCCCCC2)CC(C)O1,-5.4437,training
CC(=O)CC(C)C,1.298,training
CCOC(=O)C(Cl)Cl,0.4559,training
CCC[C@@H](O)CC,0.6821,training
CC(O)COCc1c(Cl)ccc(Cl)c1Cl,-4.0,training
C=CC1CC2C=CC1C2,0.9917,training
FC(F)(Cl)CCl,2.5315,training
CC(=O)c1cccc2ccccc12,-3.4066,training
CCOC(=O)CC(=O)OCC,-0.5702,training
CC(=O)OC1CCCCC1,1.0334,training
C=Cc1cccc(C)c1,0.2307,training
COC1CCC=CO1,1.0374,training
CCc1cc(C)cc(C)c1,0.0133,training
N#CC(C#N)=Cc1ccccc1Cl,-4.4685,training
CCC(=O)OC(=O)CC,0.1335,training
C=C/C=C\CC1=C(C)[C@@H](OC(=O)C2[C@@H](/C=C(\C)C(=O)OC)C2(C)C)CC1=O,-6.4001,training
CN(CCO)CCO,-3.6996,training
CCOC(=O)CCN(Cc1ccccc1)SN(C)C(=O)O/N=C(/C)SC,-7.4559,training
c1ccc(C2CCCCC2)cc1,-1.399,training
c1ccc2cc3c(cc2c1)-c1cccc2cccc-3c12,-9.0155,training
CNC(=O)Oc1cccc(N=CN(C)C)c1,-7.9208,training
CCCCC(C)=O,1.0645,training
C#CC=C,3.131,training
ClC1CCCCC1,0.8277,training
CC(C)(C)N,2.5705,training
C=CCOC(=O)/C=C\C(=O)OCC=C,-2.1659,training
CCCCCC#N,0.4548,training
COCC(C)C,2.3243,training
Cc1c([N+](=O)[O-])cccc1[N+](=O)[O-],-3.2464,training
CCOC,3.1732,training
CCCCSP(=O)(SCCCC)SCCCC,-5.2757,training
CCCSCC,1.2749,training
CCOc1nc(C(Cl)(Cl)Cl)ns1,-4.0,training
C=C(C)CCO,0.5508,training
CCCCCCCCCCCCCCCCCC(=O)OC,-4.8681,training
CSc1ccccc1,-0.3143,training
C/C=C/C=O,1.4771,training
CC(C)(C)c1ccc(CCOc2ncnc3ccccc23)cc1,-7.5935,training
COc1nn(CSP(=S)(OC)OC)c(=O)s1,-5.4724,training
CCCCOCCCC,0.7789,training
CCOP(=S)(OCC)Oc1ccc([S+](C)[O-])cc1,-4.301,training
CCCCC(O)(Cn1cncn1)c1ccc(Cl)cc1Cl,-6.8697,training
CCCN(CCC)c1c([N+](=O)[O-])cc(C(F)(F)F)c(N)c1[N+](=O)[O-],-7.6055,training
C#CCCC,2.6395,training
CCCCCCCCCS,-0.8807,training
CC(COc1ccc(Oc2ccccc2)cc1)Oc1ccccn1,-5.6615,training
COc1cc(OC)cc(C(=O)O)c1,-6.8601,training
OCCNCCO,-3.5528,training
ClC1=C(Cl)[C@]2(Cl)[C@H]3[C@H]([C@@H]4C=C[C@H]3C4)[C@@]1(Cl)C2(Cl)Cl,-3.9208,training
CCCCN=C=O,1.2455,training
FC(Cl)C(F)(F)C(F)(F)Cl,2.4564,training
CCCCOCCOCCOC(C)=O,-1.3979,training
NC(=S)c1c(Cl)cccc1Cl,-6.0,training
C=CCCCCCCCCCCCCCC,-2.5784,training
FC(F)(F)C(F)(F)F,4.3992,training
CCCCCCOCCOCCO,-2.9281,training
CC(Oc1ccc2ccccc2c1)C(=O)Nc1ccccc1,-10.6778,training
CC(O)C(=O)O,-1.0899,training
Fc1cc(F)c(F)cc1F,1.7532,training
CCCC(O)C(C)C,0.129,training
C=C(C)Cl,2.9133,training
Clc1ccc(-c2ccc(Cl)cc2Cl)c(Cl)c1,-4.064,training
C=C1CCC2CC1C2(C)C,0.4669,training
CCCCCCCCCCCCCc1ccccc1,-4.8962,training
CC1CCC(C(C)C)CC1,0.4297,training
CCCCCC(C)Br,0.3583,training
FC(F)CC(F)(F)F,3.0512,training
Cc1ccc(Cl)cc1,0.4298,training
CCCCCCCCCCCCCCCC(=O)OCC,-4.6308,training
ClC1=C(Cl)C2(Cl)C3C(Cl)C(Cl)C(Cl)C3C1(Cl)C2(Cl)Cl,-6.0229,training
CCCC(=O)CC,1.1444,training
O=C1CCCCCO1,-0.8697,training
Cc1cccc(C)c1N,-0.8861,training
COP(=O)(OC)SCn1c(=O)oc2cc(Cl)cnc21,-7.4353,training
CC(C)N,2.7631,training
CCC=CBr,1.8854,training
CCCCOC(=O)N(C)SN(C)C(=O)Oc1cccc2c1OC(C)(C)C2,-7.5331,training
NC(=O)N=NC(N)=O,-9.7258,training
C=CCN(CC=C)C(=O)CCl,-2.0269,training
Cc1ccc2c(C)cccc2c1,-1.8356,training
Cc1cc(Cl)ccc1N=CN(C)C,-3.0348,training
O=C1c2ccccc2C(=O)c2c(NCCO)cccc21,-11.0,training
CCOP(=S)(OCC)SCSP(=S)(OCC)OCC,-5.8239,training
CC(C)(COCc1cccc(Oc2ccccc2)c1)c1ccc(OC(F)(F)Br)cc1,-8.2336,training
CC(=O)CCl,1.0792,training
CCCC(N)=O,-2.4078,training
OC(CCl)CCl,-0.1249,training
CNC(=O)CSP(=O)(OC)OC,-4.6055,training
Clc1cc(Cl)cc(Cl)c1,-0.6198,training
C=C,4.7171,training
CCCN(CCC)C(=O)SCc1ccccc1,-6.2857,training
Clc1cccc(Cl)c1Cl,-0.6778,training
CNC(=O)ON=C(CSC)C(C)(C)C,-3.7696,training
Cc1ccccc1I,-0.3444,training
CC(C)OC(=O)COc1ccc(Cl)cc1Cl,-3.6345,training
CC(C)COC(=O)CC(C)C,0.2655,training
CC(C)(C)NCCNC(C)(C)C,-0.5751,training
FCOC(C(F)(F)F)C(F)(F)F,2.2856,training
C1CCNC1,1.7972,training
N#Cc1nn(-c2c(Cl)cc(C(F)(F)F)cc2Cl)c(N)c1[S+]([O-])C(F)(F)F,-8.556000000000001,training
ClCCN(CCCl)CCCl,-1.9586,training
CCCCCN,1.4778,training
CCCCCCCCCCCCCCCl,-3.1391,training
CC1=CCCCC1,1.48865,training
CNC,3.1818,training
C=COCCOCCOC=C,-1.6383,training
Clc1cc(Cl)c2c(c1)oc1c(Cl)cc(Cl)cc12,-7.5686,training
C#CCCCCCC,1.1335,training
ON=C1CCCCC1,-1.5528,training
C#CC(C)(C)NC(=O)c1cc(Cl)cc(Cl)c1,-6.3615,training
C=CC(Cl)Cl,1.8482,training
COP(=O)(OC)OC1=C(Cl)C2C=CCC12,-2.8928,training
OC(Cn1cncn1)(c1ccc(F)cc1)c1ccccc1F,-10.2733,training
O=C(O)CC(O)(CC(=O)O)C(=O)O,-7.7799,training
CC1CCCC(C)C1,1.30336666666666,training
CCCCCCCCOC(=O)CCCCC(=O)OCCCCCCCC,-6.0706,training
CN(C)P(=O)(OP(=O)(N(C)C)N(C)C)N(C)C,-3.0,training
CCCCCCCCn1sccc1=O,-4.4342,training
CC(C)(N=C=O)c1ccc(C(C)(C)N=C=O)cc1,-3.1203,training
FC(F)(F)c1ccc(Cl)cc1Cl,0.0449,training
O=CC(Cl)Cl,1.7435,training
CCC(C)c1cc([N+](=O)[O-])cc([N+](=O)[O-])c1OC(C)=O,-3.2218,training
Cc1nn(C)c(Oc2ccccc2)c1C=NOCc1ccc(C(=O)OC(C)(C)C)cc1,-7.2495,training
Nc1ccc(N=Nc2ccccc2)cc1,-5.8539,training
CCCCc1ccccc1O,-1.988,training
CCCCO[N+](=O)[O-],0.9191,training
C#CC,3.6341,training
COP(N)(=O)SC,-4.4522,training
Cc1ccccc1C#N,-0.3483,training
CC=CC(=O)O,-0.542,training
Cc1c(C)c(C)c(C)c(C)c1C,-3.0655,training
C=C=CC,3.0997,training
CCOc1ccc2c(c1)SC(=C1Sc3cc(OCC)ccc3C1=O)C2=O,-6.699,training
ClC1=C(Cl)C2(Cl)C3C(Cl)C=CC3C1(Cl)C2(Cl)Cl,-3.3979,training
C#CC(OC(=O)C1C(C=C(C)C)C1(C)C)/C(C)=C/CC,-3.9788,training
CCC(C)C1CCCCC1,0.3701,training
