smiles_standarized,label,group
Cc1[nH]n(C)c(=O)c1C(=O)c1ccc(C(F)(F)F)cc1S(C)(=O)=O,0.0,training
O=C1c2ccccc2C(=O)C1C(=O)C(c1ccccc1)c1ccccc1,0.0,training
CCCCC=CCCC=CCCCCCCOC(C)=O,0.0,training
CC(C)=O,0.0,training
C=CCOC(Cn1ccnc1)c1ccc(Cl)cc1Cl,0.0,training
CCOP(=S)(NC(C)C)Oc1ccccc1C(=O)OC(C)C,1.0,training
O=C(O)c1c(Cl)ccc2cc(Cl)cnc12,0.0,training
ClC1=C(Cl)C2(Cl)C3C4CC(C5OC45)C3C1(Cl)C2(Cl)Cl,1.0,training
COP(=S)(OC)Oc1nc(Cl)n(C(C)C)n1,1.0,training
CC(Oc1cc(Cl)c(Cl)cc1Cl)C(=O)O,0.0,training
CCC(=O)Nc1ccc(Cl)c(Cl)c1,0.0,training
CCOP(=S)(OCC)OC(Cl)C(Cl)(Cl)Cl,1.0,training
Oc1ccccc1-c1ccccc1,0.0,training
CCc1ccc(C(=O)NN(C(=O)c2cc(C)cc(C)c2)C(C)(C)C)cc1,0.0,training
COC(=O)c1cc(Cl)cc(N)c1Cl,0.0,training
CCCSC(=O)N(CCC)CCC,0.0,training
ClC1=C(Cl)C2(Cl)C3C4C=CC(C4)C3C1(Cl)C2(Cl)Cl,1.0,training
CC1(C)C(C=C(Cl)Cl)C1C(=O)OCc1cccc(Oc2ccccc2)c1,0.0,training
COC=C(C(=O)OC)c1ccccc1Oc1cc(Oc2ccccc2C#N)ncn1,0.0,training
O=S1OCC2C(CO1)C1(Cl)C(Cl)=C(Cl)C2(Cl)C1(Cl)Cl,1.0,training
CCC(CC)Nc1c([N+](=O)[O-])cc(C)c(C)c1[N+](=O)[O-],0.0,training
CCNc1nc(NC(C)C)nc(SC)n1,0.0,training
N#Cc1c[nH]cc1-c1cccc2c1OC(F)(F)O2,0.0,training
CCOP(=O)(SC(C)CC)N1CCSC1=O,1.0,training
CCN(Cc1cccc(S(=O)(=O)O)c1)c1ccc(C(=C2C=CC(=[N+](CC)Cc3cccc(S(=O)(=O)O)c3)C=C2)c2ccccc2S(=O)(=O)[O-])cc1,0.0,training
Cc1nn(-c2cc(NS(C)(=O)=O)c(Cl)cc2Cl)c(=O)n1C(F)F,0.0,training
N#Cc1c(Cl)c(Cl)c(Cl)c(C#N)c1Cl,0.0,training
CNC(=O)ON=CC(C)(C)S(C)(=O)=O,0.0,training
O=C(O)c1ccccc1C(=O)Nc1cccc2ccccc12,0.0,training
CCCOP(=S)(OCCC)OP(=S)(OCCC)OCCC,0.0,training
CCOP(=O)(NC(C)C)Oc1ccc(SC)c(C)c1,1.0,training
COc1nc(C)nc(NC(=O)NS(=O)(=O)c2ccccc2OCCCl)n1,0.0,training
CCCCCCCCN1CCCC1=O,0.0,training
CN(C)C(=S)SSC(=S)N(C)C,0.0,training
CCCCCCCCCCSCCN,0.0,training
NC(N)=O,0.0,training
C=C1C(C)(C)C2(Cl)C(Cl)C1(Cl)C(Cl)(Cl)C2(Cl)Cl,1.0,training
CCOC(=O)OC1=C(c2cc(C)ccc2C)C(=O)NC12CCC(OC)CC2,0.0,training
O=P(O)(O)CCCl,0.0,training
Cc1cc(Cl)ccc1OCCCC(=O)O,0.0,training
O=C1NC(O)N(Cl)C(=O)N1Cl,0.0,training
COC(=O)c1ccc(C)cc1C1=NC(=O)C(C)(C(C)C)N1,0.0,training
CCCCC(CC)COC(=O)COc1ccc(Cl)cc1Cl,0.0,training
O=C(NC(=O)c1c(F)cccc1F)Nc1ccc(Cl)cc1,0.0,training
CCCCCOC(=O)COc1cc(N2C(=O)C3=C(CCCC3)C2=O)c(F)cc1Cl,0.0,training
CC1(C)C(C=C(Cl)C(F)(F)F)C1C(=O)OC(C#N)c1cccc(Oc2ccccc2)c1,0.0,training
C=C1CC23CC1(O)CCC2C12C=CC(O)C(C)(C(=O)O1)C2C3C(=O)O,0.0,training
Clc1ccccc1-c1nnc(-c2ccccc2Cl)nn1,0.0,training
CCOC(=O)C1=NN(c2ccc(Cl)cc2Cl)C(C)(C(=O)OCC)C1,0.0,training
CCC(=NOCC=CCl)C1C(=O)CC(C2CCOCC2)CC1=O,0.0,training
CSC1=NC(C)(c2ccccc2)C(=O)N1Nc1ccccc1,0.0,training
CC(O)CSS(C)(=O)=O,0.0,training
CCOCN(C(=O)CCl)c1c(C)cccc1CC,0.0,training
COC(=O)c1ccccc1CS(=O)(=O)NC(=O)Nc1nc(OC)cc(OC)n1,0.0,training
CCCCN(CC)C(=O)SCCC,0.0,training
CCc1cccc(CC)c1N(COC)C(=O)CCl,0.0,training
CCOC(=O)C(SP(=S)(OC)OC)c1ccccc1,0.0,training
CCCCOC(=O)c1ccccc1C(=O)OCCCC,0.0,training
CCCN(CCC)c1c([N+](=O)[O-])cc(S(N)(=O)=O)cc1[N+](=O)[O-],0.0,training
CCOP(=S)(CC)Sc1ccccc1,1.0,training
O=C(O)CNCP(=O)(O)O,0.0,training
CP(=O)(O)CCC(N)C(=O)O,0.0,training
CN(C)c1nc(=O)n(C2CCCCC2)c(=O)n1C,0.0,training
CC(C)(C)C(O)C(=Cc1ccc(Cl)cc1)n1cncn1,0.0,training
CC(C)CCCCCOC(=O)C(C)Oc1ccc(Cl)cc1Cl,0.0,training
CCn1c(C)cc(=O)c(C(=O)O)c1-c1ccc(Cl)cc1,0.0,training
CSC(=O)c1cccc2nnsc12,0.0,training
Nc1nc(NCl)nc(N(Cl)Cl)n1,0.0,training
Cc1cc(C)n(CO)n1,0.0,training
CCCCn1sc2ccccc2c1=O,0.0,training
CCCCOCCOC(=O)C(C)Oc1cc(Cl)c(Cl)cc1Cl,0.0,training
O=C(NC(=O)c1c(F)cccc1F)Nc1cc(Cl)c(OC(F)(F)C(F)F)c(Cl)c1,0.0,training
COP(=S)(OC)Oc1nc(Cl)c(Cl)cc1Cl,1.0,training
COP(=S)(OC)SCSc1ccc(Cl)cc1,0.0,training
CC(C)CCCCCCCCCCCCCCCOCCO,0.0,training
CCc1cccc(C)c1N(C(=O)CCl)C(C)COC,0.0,training
Cc1ccn2nc(S(=O)(=O)Nc3c(F)cccc3F)nc2n1,0.0,training
CNC(=O)Oc1ccc(N(C)C)c(C)c1,0.0,training
Cc1cc(Cl)ccc1OC(C)C(=O)O,0.0,training
c1ccc(CNc2ncnc3[nH]cnc23)cc1,0.0,training
Nc1nc(N)nc(NC2CC2)n1,0.0,training
CCc1c(C(=O)O)c(=O)cnn1-c1ccc(Cl)cc1,0.0,training
OCOCC12COCN1COC2,0.0,training
CCCCCCCCSCCO,0.0,training
CCOP(=O)(OCC)SCCSCC,1.0,training
COC(CN(C)C(=O)Nc1nnc(C(C)(C)C)s1)OC,1.0,training
COC(=O)c1ccccc1S(=O)(=O)NC(=O)Nc1nc(C)cc(C)n1,0.0,training
O=[N+]([O-])c1cc(C(F)(F)F)c(Cl)c([N+](=O)[O-])c1Nc1ncc(C(F)(F)F)cc1Cl,0.0,training
CCN(CC)C(=O)c1cccc(C)c1,0.0,training
COC(=O)NC(=S)Nc1ccccc1NC(=S)NC(=O)OC,0.0,training
O=C(O)CCCc1c[nH]c2ccccc12,0.0,training
O=C(OCc1ccccc1)c1ccccc1,0.0,training
CC1(C)C(=O)N(Br)C(=O)N1Cl,0.0,training
Clc1c(Cl)c(Cl)c(Cl)c(Cl)c1Cl,0.0,training
ClC=CC[N+]12CN3CN(CN(C3)C1)C2,0.0,training
Cc1cc(O)cc(C)c1Cl,0.0,training
CON=C(C1=NOCCO1)c1ccccc1Oc1ncnc(Oc2ccccc2Cl)c1F,0.0,training
CNC(=O)ON=C(SC)C(=O)N(C)C,1.0,training
CCCCCCCCCCCC(=O)O,0.0,training
Nc1cc(Cl)nc(C(=O)O)c1Cl,0.0,training
CC(=O)Nc1cc(NS(=O)(=O)C(F)(F)F)c(C)cc1C,0.0,training
COC(C)(C)CCCC(C)C=CC=C(C)CC(=O)OC(C)C,0.0,training
c1ccc2[nH]c(-c3cscn3)nc2c1,0.0,training
O=C(CBr)c1ccc(O)cc1,0.0,training
CC(C)c1nn(C(=O)NC(C)(C)C)c(=O)n1N,0.0,training
O=C(NC(=O)c1c(F)cccc1F)Nc1ccc(OC(F)(F)C(F)OC(F)(F)F)c(Cl)c1,0.0,training
O=C1c2ccccc2C(=O)C1C(=O)C(c1ccccc1)c1ccc(Cl)cc1,1.0,training
COC(=O)c1c(Cl)nn(C)c1S(=O)(=O)NC(=O)Nc1nc(OC)cc(OC)n1,0.0,training
COC(=O)c1sccc1S(=O)(=O)NC(=O)Nc1nc(C)nc(OC)n1,0.0,training
CNC(=O)Oc1cc(C)c(C)cc1Cl,0.0,training
C=CCC1(C(C)CCC)C(=O)NC(=O)NC1=O,0.0,training
CCNc1nc(Cl)nc(NC(C)C)n1,0.0,training
O=[N+]([O-])C(Br)(CO)CO,0.0,training
CCOP(=O)(Sc1ccccc1)Sc1ccccc1,0.0,training
CCOP(=S)(OCC)SCSCC,1.0,training
O=C(O)C1C2C=CC(O2)C1C(=O)O,0.0,training
CCOP(=S)(OCC)Oc1nc(Cl)c(Cl)cc1Cl,1.0,training
CC(C)Oc1cc(-n2nc(C(C)(C)C)oc2=O)c(Cl)cc1Cl,0.0,training
CCON=C(CC)C1C(=O)CC(c2c(C)cc(C)cc2C)CC1=O,0.0,training
C=C(C)C1CC=C(C)CC1,0.0,training
CC(C)N(C(=O)SCC(Cl)=C(Cl)Cl)C(C)C,0.0,training
C#CCOc1ccc(CCNC(=O)C(OCC#C)c2ccc(Cl)cc2)c(OC)c1,0.0,training
CC(Cl)(Cl)Cl,0.0,training
CCCCOCC(C)O,0.0,training
Fc1ccc(Oc2ccnc3cc(Cl)cc(Cl)c23)cc1,0.0,training
Cn1sc(Cl)cc1=O,1.0,training
CCc1nn(C)c(C(=O)NCc2ccc(C(C)(C)C)cc2)c1Cl,0.0,training
CCOC(=O)C(C)OC(=O)c1cc(Oc2ccc(C(F)(F)F)cc2Cl)ccc1[N+](=O)[O-],0.0,training
N#CNC(=S)S,0.0,training
CCOC(O)=c1cc(O)c(=C(O)C2CC2)c(O)c1,0.0,training
Clc1cccc(C(Cl)(Cl)Cl)n1,1.0,training
CC(C)C1(C)N=C(c2ncccc2C(=O)O)NC1=O,0.0,training
Cn1cc(C(=O)Nc2ccccc2C2CC2C2CC2)c(C(F)F)n1,0.0,training
Nc1ccncc1,1.0,training
CCN(CC)C(=O)C(C)Oc1cccc2ccccc12,0.0,training
COP(=O)(OC)C(O)C(Cl)(Cl)Cl,1.0,training
CN(C)C(=O)C(c1ccccc1)c1ccccc1,0.0,training
CC1=C(C)S(=O)(=O)CCS1(=O)=O,0.0,training
O=C(O)CNCO,0.0,training
CCNC(=O)NC(=O)C(C#N)=NOC,0.0,training
CC(=NNC(=O)Nc1cc(F)cc(F)c1)c1ncccc1C(=O)O,0.0,training
CNc1cnn(-c2cccc(C(F)(F)F)c2)c(=O)c1Cl,0.0,training
CCCCCCCCCCO,0.0,training
C=CCC,0.0,training
NC(=O)Cc1cccc2ccccc12,0.0,training
Clc1ccc(-c2ccc(Cl)c(Cl)c2Cl)c(Cl)c1Cl,1.0,training
CCOP(=S)(OCC)SCCl,0.0,training
CN1CCCC1=O,0.0,training
CC(C)(C)N(NC(=O)c1ccc(Cl)cc1)C(=O)c1ccccc1,0.0,training
CC(C)Oc1cccc(NC(=O)c2ccccc2C(F)(F)F)c1,0.0,training
CCC[N+](C)(C)CC[N+](C)(C)CCO,0.0,training
O=S(=O)(c1ccc(Cl)cc1)c1cc(Cl)c(Cl)cc1Cl,0.0,training
CCCCOC(=O)C(C)Oc1ccc(Oc2ccc(C(F)(F)F)cn2)cc1,0.0,training
C#CCN1C(=O)COc2cc(F)c(N3C(=O)C4=C(CCCC4)C3=O)cc21,0.0,training
O=c1ccc(=O)[nH][nH]1,0.0,training
CC(C)=CC1C(C(=O)OCN2C(=O)C3=C(CCCC3)C2=O)C1(C)C,0.0,training
CS(=O)(=O)c1cc(C(F)(F)F)ccc1C(=O)c1cnoc1C1CC1,0.0,training
CCOC(=O)C(C)Oc1ccc(Oc2cnc3cc(Cl)ccc3n2)cc1,0.0,training
CCCCOC(=O)C(C)Oc1ccc(Oc2ccc(C#N)cc2F)cc1,0.0,training
CCCCCCCCC=CCCCOC(C)=O,0.0,training
O=CNC(N1CCN(C(NC=O)C(Cl)(Cl)Cl)CC1)C(Cl)(Cl)Cl,1.0,training
CCc1cc(C)cc(CC)c1-c1c(OC(=O)C(C)(C)C)n2n(c1=O)CCOCC2,0.0,training
COc1ncc(F)c2nc(S(=O)(=O)Nc3c(F)cccc3F)nn12,0.0,training
CCC(C)c1cccc(OC(=O)N(C)Sc2ccccc2)c1,1.0,training
CCCCCCC(C)OC(=O)COc1nc(F)c(Cl)c(N)c1Cl,0.0,training
CC(Cl)(Cl)C(=O)O,0.0,training
CCCCCCCCCC(C)=O,0.0,training
CCOP(=S)(Oc1ccc([N+](=O)[O-])cc1)c1ccccc1,1.0,training
CC(C)=CC1C(C(=O)OCc2coc(Cc3ccccc3)c2)C1(C)C,0.0,training
O=C1CC2OCC=C3CN4CCC56c7ccccc7N1C5C2C3CC46,1.0,training
Nc1c(Cl)c(Cl)nc(C(=O)O)c1Cl,0.0,training
CCCCCCCC1CCC(=O)O1,0.0,training
CC(C)=CC1C(C(=O)OCc2cccc(Oc3ccccc3)c2)C1(C)C,0.0,training
CCCCC(C#N)(Cn1cncn1)c1ccc(Cl)cc1,0.0,training
CCOP(=S)(OCC)Oc1ccc([N+](=O)[O-])cc1,1.0,training
CC1(C)C(=O)N(CO)C(=O)N1CO,0.0,training
COP(=S)(Oc1cc(Cl)c(Br)cc1Cl)c1ccccc1,1.0,training
CCCN(CCC)c1c([N+](=O)[O-])cc(C(C)C)cc1[N+](=O)[O-],0.0,training
CCCC(=NOCC)C1C(=O)CC(CC(C)SCC)CC1=O,0.0,training
CCNS(=O)(=O)C(F)(F)C(F)(F)C(F)(F)C(F)(F)C(F)(F)C(F)(F)C(F)(F)C(F)(F)F,1.0,training
O=C(O)c1cc(Oc2ccc(C(F)(F)F)cc2Cl)ccc1[N+](=O)[O-],0.0,training
ClC=CCCl,0.0,training
CCCN(CCC)C(=O)SCC,1.0,training
Cc1cccc2sc3nncn3c12,1.0,training
CN(C)C(=S)S,0.0,training
CC(C)C(C(=O)OC(C#N)c1cccc(Oc2ccccc2)c1)c1ccc(OC(F)F)cc1,0.0,training
N#CCNC(=O)c1cnccc1C(F)(F)F,0.0,training
CNC(=S)S,0.0,training
O=C1C(Cl)=C(Cl)C(=O)c2ccccc21,0.0,training
Cc1cc(C(F)(C(F)(F)F)C(F)(F)F)ccc1NC(=O)c1cccc(I)c1C(=O)NC(C)(C)CS(C)(=O)=O,0.0,training
COC(=O)c1ccccc1S(=O)(=O)NC(=O)N(C)c1nc(C)nc(OC)n1,0.0,training
CCN(CC)c1nc(C)cc(OP(=S)(OC)OC)n1,1.0,training
CC(Oc1cccc(Cl)c1)C(=O)O,0.0,training
Cc1ccc2c(c1)C(Nc1nc(N)nc(C(C)F)n1)C(C)C2,0.0,training
O=C(O)C1C2CCC(O2)C1C(=O)O,0.0,training
Cc1c(C(=O)c2c[nH]n(C)c2=O)ccc(S(C)(=O)=O)c1C1=NOCC1,0.0,training
ON=C(C1CCC(Cl)CC1)C1CCC(Cl)CC1,0.0,training
C=CCN=C=S,0.0,training
Cc1cnc(C2=NC(=O)C(C)(C(C)C)N2)c(C(=O)O)c1,0.0,training
Clc1nc(Cl)nc(Nc2ccccc2Cl)n1,0.0,training
Cc1ccc(N)cc1Cl,1.0,training
CCSC(C)CC1CC(=O)C(C(CC)=NOCC=CCl)C(=O)C1,0.0,training
CCC(C)c1cc([N+](=O)[O-])cc([N+](=O)[O-])c1O,1.0,training
O=[N+]([O-])c1ccc(O)cc1,0.0,training
Cc1cc(C2CC2)nc(Nc2ccccc2)n1,0.0,training
CC(C)N1C(=O)c2ccccc2NS1(=O)=O,0.0,training
CC(=NC#N)N(C)Cc1ccc(Cl)nc1,0.0,training
COc1ccc(C(O)(c2cncnc2)C2CC2)cc1,0.0,training
O=[N+]([O-])CC1=NCCCS1,0.0,training
CCN(CC)C(=O)C(Cl)=C(C)OP(=O)(OC)OC,1.0,training
CCCCCCN=C(N)N=C(N)N,0.0,training
CC(C)C1(C)N=C(c2nc3ccccc3cc2C(=O)O)NC1=O,0.0,training
Cn1c(=O)on(-c2ccc(Cl)c(Cl)c2)c1=O,1.0,training
O=S(=O)(O)C(F)(F)C(F)(F)C(F)(F)C(F)(F)C(F)(F)C(F)(F)C(F)(F)C(F)(F)F,1.0,training
ClC1(Cl)C2(Cl)C3(Cl)C4(Cl)C(Cl)(Cl)C5(Cl)C3(Cl)C1(Cl)C5(Cl)C24Cl,0.0,training
CCCCOCCOC(=O)COc1ccc(Cl)cc1Cl,0.0,training
CCCCCCC(=O)Oc1c(Br)cc(C#N)cc1Br,0.0,training
CCCCCCCCn1sc(Cl)c(Cl)c1=O,0.0,training
COC(=O)c1ccccc1N,0.0,training
CCCCNC(=O)OCC#CI,0.0,training
O=C(Nc1ccccc1-c1ccc(Cl)cc1)c1cccnc1Cl,0.0,training
CCCCCCCCCc1ccc(OCCO)cc1,0.0,training
CCCOC(=O)NCCCN(C)C,0.0,training
CCNc1nc(Cl)nc(NC(C)(C)C)n1,0.0,training
C#CCOC(=O)C=C(C)C=CCC(C)CCCC(C)C,0.0,training
Cc1ccc2nc3sc(=O)sc3nc2c1,0.0,training
COc1ccc(-c2ccccc2)cc1NNC(=O)OC(C)C,1.0,training
N#CCCC(Br)(C#N)CBr,0.0,training
CON(C)C(=O)Nc1ccc(Cl)c(Cl)c1,1.0,training
CCOc1nc(NC)nc(NC(=O)NS(=O)(=O)c2ccccc2C(=O)OC)n1,0.0,training
Cc1[nH]c(=O)n(C(C)(C)C)c(=O)c1Cl,0.0,training
CCS(=O)(=O)c1cccnc1S(=O)(=O)NC(=O)Nc1nc(OC)cc(OC)n1,1.0,training
CCOP(=S)(OCC)SC1OCCOC1SP(=S)(OCC)OCC,0.0,training
COc1c(Cl)ccc(Cl)c1C(=O)O,0.0,training
CCCN(CCC)c1c([N+](=O)[O-])cc(C(F)(F)F)cc1[N+](=O)[O-],0.0,training
CNC(=O)Oc1cc(C)c(SC)c(C)c1,1.0,training
C[N+]1(C)CCCCC1,0.0,training
CCOc1ccc2c(c1)C(C)=CC(C)(C)N2,0.0,training
CCCCC(CC)Cn1c(O)c2c(c1O)C1C=CC2C1,0.0,training
COc1cc(OC)nc(NC(=O)NS(=O)(=O)c2ncccc2C(=O)N(C)C)n1,0.0,training
CC1(C)CCCC(=CC=O)C1,1.0,training
O=c1[nH]c(=O)[nH]c(=O)[nH]1,0.0,training
CON=C(C(=O)OC)c1ccccc1CON=C(C)c1cccc(C(F)(F)F)c1,0.0,training
CC1(c2ccc(Oc3ccccc3)cc2)OC(=O)N(Nc2ccccc2)C1=O,0.0,training
O=c1ssc(Cl)c1Cl,0.0,training
CN(C)C(=O)Nc1ccc(Cl)c(Cl)c1,0.0,training
COC(=O)c1ccc(CNS(C)(=O)=O)cc1S(=O)(=O)NC(=O)Nc1nc(OC)cc(OC)n1,0.0,training
Clc1ccc(C2(Cn3cncn3)CC(Br)CO2)c(Cl)c1,0.0,training
CCCCCC(C)OC(=O)COc1ccc(Cl)c2cccnc12,0.0,training
O=CCCCC=O,0.0,training
CNC(=O)ON=C(C)SC,1.0,training
N#CSCSc1nc2ccccc2s1,0.0,training
CCOC(=O)CN(C(=O)CCl)c1c(CC)cccc1CC,0.0,training
CCOc1nc(F)cc2nc(S(=O)(=O)Nc3c(Cl)cccc3Cl)nn12,0.0,training
COc1ccc(C(c2ccc(OC)cc2)C(Cl)(Cl)Cl)cc1,0.0,training
CSC(=O)c1c(C(F)F)nc(C(F)(F)F)c(C(=O)SC)c1CC(C)C,0.0,training
O=[N+]([O-])c1c(Cl)c(Cl)c(Cl)c(Cl)c1Cl,0.0,training
CC=C(C)C(=O)OC1CC(OC(C)=O)C2(C)COC3C4OC5CC(c6ccoc6)C(C)=C5C4(C)C(CC(=O)OC)C1(C)C32,0.0,training
CCCC(C)c1cccc(OC(=O)NC)c1,0.0,training
COC(=O)Nc1nc2ccccc2[nH]1,0.0,training
Cc1cc(O)ccc1Cl,0.0,training
CC(C)OP(=S)(OC(C)C)SCCNS(=O)(=O)c1ccccc1,0.0,training
NC(=O)COC1CCC(Cl)CC1Cl,0.0,training
CC(C)C(Nc1ccc(C(F)(F)F)cc1Cl)C(=O)OC(C#N)c1cccc(Oc2ccccc2)c1,0.0,training
CCCC(=O)Oc1c(Br)cc(C#N)cc1Br,0.0,training
CC(C)C(C(=O)OC(C#N)c1cccc(Oc2ccccc2)c1)c1ccc(Cl)cc1,0.0,training
CC(C)(C)c1ccc(CSc2cnn(C(C)(C)C)c(=O)c2Cl)cc1,0.0,training
CCCCOCCOCCOCCc1cc2c(cc1CCC)OCO2,0.0,training
CCNc1nc(Cl)nc(NCC)n1,0.0,training
Cc1cc(Cl)ccc1OCC(=O)O,1.0,training
O=C(O)CCCOc1ccc(Cl)cc1Cl,0.0,training
COP(=S)(OC)Oc1ccc(Sc2ccc(OP(=S)(OC)OC)cc2)cc1,1.0,training
Nc1nc[nH]n1,0.0,training
CCN(CC)c1c([N+](=O)[O-])cc(C(F)(F)F)c(N)c1[N+](=O)[O-],0.0,training
Oc1c2c(c(O)n1SC(Cl)(Cl)C(Cl)Cl)CC=CC2,0.0,training
CN(C)C(=O)Nc1ccccc1,0.0,training
CC1=C(C(=O)Nc2ccccc2)S(=O)(=O)CCO1,0.0,training
CS(=O)(=O)c1ccc(C(=O)C2C(=O)CCCC2=O)c([N+](=O)[O-])c1,0.0,training
CCOP(=S)(OCC)Oc1cc(C)nc(C(C)C)n1,1.0,training
O=[N+]([O-])C(Br)=Cc1ccccc1,0.0,training
C=C1C(CCl)(CCl)C2(Cl)C(Cl)C(Cl)C1(Cl)C2(Cl)Cl,1.0,training
CN=C(NCc1cnc(Cl)s1)N[N+](=O)[O-],0.0,training
COC(=O)Nc1cccc(OC(=O)Nc2cccc(C)c2)c1,0.0,training
CC(C)(C)C(O)C(Oc1ccc(Cl)cc1)n1cncn1,0.0,training
CCCOC(=O)c1ccc(C(=O)OCCC)nc1,0.0,training
COC(=O)CSc1cc(N=c2sc(=O)n3n2CCCC3)c(F)cc1Cl,0.0,training
CC(=O)OC1CC(C)OC(C)O1,0.0,training
COP(=S)(OC)SCn1nnc2ccccc2c1=O,1.0,training
CS(=O)(=O)NC(=O)c1cc(Oc2ccc(C(F)(F)F)cc2Cl)ccc1[N+](=O)[O-],0.0,training
O=C1c2ccccc2C(=O)N1SC(Cl)(Cl)Cl,0.0,training
O=C(NCCc1ncc(C(F)(F)F)cc1Cl)c1ccccc1C(F)(F)F,0.0,training
SC1Nc2ccccc2S1,0.0,training
COC(=O)c1ccccc1S(=O)(=O)NC(=O)Nc1nc(OC(F)F)cc(OC(F)F)n1,0.0,training
CC1(C)C(C(=O)OC(C#N)c2cccc(Oc3ccccc3)c2)C1C(Br)C(Br)(Br)Br,0.0,training
CC1(C)COCN1,0.0,training
N#CC(Br)(Br)C(N)=O,0.0,training
CCC(C)(CC)c1cc(NC(=O)c2c(OC)cccc2OC)on1,0.0,training
COC(=O)c1ccc(I)cc1S(=O)(=O)NC(=O)Nc1nc(C)nc(OC)n1,0.0,training
CC(C)C1CCC(Cc2ccc(Cl)cc2)C1(O)Cn1cncn1,0.0,training
COP(=S)(OC)Oc1ccc(S(=O)(=O)N(C)C)cc1,1.0,training
CC(C)NC(=O)n1cc(O)n(-c2cc(Cl)cc(Cl)c2)c1=O,0.0,training
CC(C)(C)C(O)C(Cc1ccc(Cl)cc1)n1cncn1,0.0,training
CSc1nc(NC(C)C)nc(NC(C)C)n1,0.0,training
CC1OC(C)OC(C)OC(C)O1,0.0,training
C=CC(C)(O)CCC=C(C)CCC=C(C)C,0.0,training
CCC(C)(C)C(=O)OC1=C(c2cc(Cl)cc(Cl)c2)C(=O)OC12CCCCC2,0.0,training
CSc1nc(NC2CC2)nc(NC(C)(C)C)n1,0.0,training
CN(C)C(=O)Nc1cccc(C(F)(F)F)c1,0.0,training
CCCCC=CCCCCCCCCCC=O,0.0,training
COC(=O)N(C(=O)N1COC2(C(=O)OC)Cc3cc(Cl)ccc3C2=N1)c1ccc(OC(F)(F)F)cc1,0.0,training
CCCOCC(=Nc1ccc(Cl)cc1C(F)(F)F)n1ccnc1,0.0,training
Cc1c(F)c(F)c(COC(=O)C2C(C=C(Cl)C(F)(F)F)C2(C)C)c(F)c1F,0.0,training
CC1CCC2(O)C3(C)CC4(O)OC2(C1O)C1(O)C3(O)C(OC(=O)c2ccc[nH]2)C(O)(C(C)C)C41C,0.0,training
CNC(=O)Oc1cccc2ccccc12,0.0,training
COc1ccc(C(=CC(=O)N2CCOCC2)c2ccc(Cl)cc2)cc1OC,0.0,training
COP(=S)(OC)Oc1ccc(SC)c(C)c1,1.0,training
CCC(=O)O,0.0,training
CCCCCCCCC(=O)O,0.0,training
CCOP(=S)(OCC)SC(CCl)N1C(=O)c2ccccc2C1=O,1.0,training
CC(C)(C)C(=O)C(Oc1ccc(Cl)cc1)n1cncn1,0.0,training
OC(c1ccc(Cl)cc1)(c1cncnc1)c1ccccc1Cl,0.0,training
Cc1ncc([N+](=O)[O-])n1CCO,0.0,training
COc1nc(NC(C)C)nc(NC(C)C)n1,0.0,training
CCC12COCN1COC2,0.0,training
CCCCC(CC)COC(=O)C(C)Oc1ccc(Cl)cc1Cl,0.0,training
CCCCCCCCSC(=O)Oc1cc(Cl)nnc1-c1ccccc1,0.0,training
CNC1C(OC2C(OC3C(O)C(O)C(N=C(N)N)C(O)C3N=C(N)N)OC(C)C2(O)C=O)OC(CO)C(O)C1O,0.0,training
N#Cc1c(Cl)cccc1Cl,0.0,training
CNC(=O)Oc1cccc2c1OC(C)(C)O2,1.0,training
CCCCNC(=O)n1c(NC(=O)OC)nc2ccccc21,0.0,training
CON=C(C(=O)OC)c1ccccc1COc1ccccc1C,0.0,training
O=C(NC(=O)c1c(F)cccc1F)Nc1cc(Cl)c(OC(F)(F)C(F)C(F)(F)F)cc1Cl,0.0,training
CCCCC(CC)COC(=O)c1nc(Cl)c(Cl)c(N)c1Cl,0.0,training
Cn1sc2c(c1=O)CCC2,0.0,training
CCCCCCCCCCCCCC[P+](CCCC)(CCCC)CCCC,0.0,training
O=C(O)COc1ccc(Cl)cc1Cl,0.0,training
c1ccc2ccccc2c1,0.0,training
CC(C1CC1)C(O)(Cn1cncn1)c1ccc(Cl)cc1,1.0,training
O=S(=O)(C(Cl)(Cl)Cl)C(Cl)(Cl)Cl,0.0,training
Cc1cc(C)c(C2=C(OC(=O)C(C)(C)C)C3(CCCC3)OC2=O)c(C)c1,0.0,training
C[N+](C)(C)CCCl,0.0,training
CCCSP(=O)(OCC)SCCC,1.0,training
CCCCCCCCCCCCN,0.0,training
C#CCC1=C(C)C(OC(=O)C2C(C=C(C)C)C2(C)C)CC1=O,0.0,training
CCCCCCCCCCCCCC[N+](C)(C)Cc1ccccc1,0.0,training
COc1cc(OC)nc(Sc2cccc(Cl)c2C(=O)O)n1,0.0,training
COP(=S)(OC)Oc1ccc([N+](=O)[O-])cc1,1.0,training
CCOC(=O)Cc1cccc2ccccc12,0.0,training
COCC(=O)N(c1c(C)cccc1C)C(C)C(=O)OC,0.0,training
CCNc1nc(NC(C)(C)C)nc(SC)n1,0.0,training
CCOCn1c(-c2ccc(Cl)cc2)c(C#N)c(Br)c1C(F)(F)F,1.0,training
CN1CSC(=S)N(C)C1,0.0,training
CCOC(=O)NCCOc1ccc(Oc2ccccc2)cc1,0.0,training
CCN(Cc1c(F)cccc1Cl)c1c([N+](=O)[O-])cc(C(F)(F)F)cc1[N+](=O)[O-],0.0,training
COc1cc(OC)nc(NC(=O)NS(=O)(=O)c2ncccc2C(F)(F)F)n1,0.0,training
CC1(C)CON(Cc2ccccc2Cl)C1=O,0.0,training
CC1(C)CCC(=Cc2ccc(Cl)cc2)C1(O)Cn1cncn1,0.0,training
CNC(=O)CSP(=S)(OC)OC,1.0,training
C=C(Cl)CSC(=S)N(CC)CC,0.0,training
C=CC=CCC1=CC(OC(=O)C2C(C=C(C)C)C2(C)C)C(C)C1=O,0.0,training
COc1cnc(OC)n2nc(NS(=O)(=O)c3c(OCC(F)F)cccc3C(F)(F)F)nc12,0.0,training
CCCCOCCOC(=O)C(C)Oc1ccc(Cl)cc1Cl,0.0,training
COC(=O)c1csc(C)c1S(=O)(=O)NC(=O)n1nc(OC)n(C)c1=O,0.0,training
CC(C)=CCCC(C)=CCCC(C)=CCO,0.0,training
CCSC(=O)N(CC(C)C)CC(C)C,0.0,training
CC1(C)C(C=C(Br)Br)C1C(=O)OC(C#N)c1cccc(Oc2ccccc2)c1,0.0,training
O=c1n(Cl)c(=O)n(Cl)c(=O)n1Cl,0.0,training
CC(=O)CC(c1ccccc1)c1c(O)c2ccccc2oc1=O,1.0,training
O=C(Nc1ccc(Cl)c(Cl)c1)Nc1cc(Cl)ccc1Oc1ccc(Cl)cc1S(=O)(=O)O,0.0,training
CC1=C(C(=O)Nc2ccccc2)SCCO1,0.0,training
Clc1ccc(C(c2ccc(Cl)cc2)C(Cl)Cl)cc1,0.0,training
OCCNCO,0.0,training
COc1nn(CSP(=S)(OC)OC)c(=O)s1,1.0,training
Clc1cc(Cl)cc(C2(CC(Cl)(Cl)Cl)CO2)c1,0.0,training
CCCCOC(=O)COc1ccc(Cl)cc1Cl,0.0,training
COP(=O)(OC)OC(C)=CC(=O)N(C)C,1.0,training
CNC(C)C1CCC(N)C(OC2C(N)CC(N)C(OC3OCC(C)(O)C(NC)C3O)C2O)O1,0.0,training
CCOP(=S)(OCC)Oc1ccc([S+](C)[O-])cc1,1.0,training
CCCN(CCC)c1c([N+](=O)[O-])cc(C(F)(F)F)c(N)c1[N+](=O)[O-],0.0,training
CCC(C)(NC(=O)c1cc(Cl)c(C)c(Cl)c1)C(=O)CCl,0.0,training
CCCCC(O)(Cn1cncn1)c1ccc(Cl)cc1Cl,0.0,training
CC(COc1ccc(Oc2ccccc2)cc1)Oc1ccccn1,0.0,training
CCCCCCCC[N+](C)(C)CCCCCCCC,0.0,training
CCCSP(=O)(OCC)Oc1ccc(Br)cc1Cl,1.0,training
CCC(C)Nc1c([N+](=O)[O-])cc(C(C)(C)C)cc1[N+](=O)[O-],0.0,training
CCCSP(=S)(OCC)Oc1ccc(SC)cc1,1.0,training
Cc1ccc(N=CN(C)C=Nc2ccc(C)cc2C)c(C)c1,0.0,training
CCCCCCCCCCCCN=C(N)N,0.0,training
C=CCC1=C(C)C(OC(=O)C2C(C=C(C)C)C2(C)C)CC1=O,0.0,training
CS(=O)(=O)c1ccc(C(=O)C2C(=O)CCCC2=O)c(Cl)c1COCC(F)(F)F,0.0,training
CN=C(NCC1CCOC1)N[N+](=O)[O-],0.0,training
CCC(C)(CCC(C)C)C(=O)NC,0.0,training
CCCCC(CC)COC(=O)c1ccccc1C(=O)OCC(CC)CCCC,0.0,training
COc1cc(C)c(C(=O)c2c(OC)ccc(Br)c2C)c(OC)c1OC,0.0,training
CN1COCN(Cc2cnc(Cl)s2)C1=N[N+](=O)[O-],0.0,training
CC1(C)C(=O)N(Cl)C(=O)N1Br,0.0,training
CCCCN(CC)c1c([N+](=O)[O-])cc(C(F)(F)F)cc1[N+](=O)[O-],0.0,training
CCCS(=O)(=O)C=CS(=O)(=O)CCC,0.0,training
COc1cccc(C(=O)NN(C(=O)c2cc(C)cc(C)c2)C(C)(C)C)c1C,0.0,training
CCN(CC)C(=O)SCc1ccc(Cl)cc1,0.0,training
CCOC(=O)C1=NOC(c2ccccc2)(c2ccccc2)C1,0.0,training
Nc1cc(Cl)cc(C(=O)O)c1Cl,0.0,training
CCCCCCCCC=CCCCCCCCCCCCCC,0.0,training
CC1=NNC(=O)N(N=Cc2cccnc2)C1,0.0,training
CCN1CN(CC)CN(CC)C1,0.0,training
CCOC(=O)C(C)Oc1ccc(Oc2nc3ccc(Cl)cc3o2)cc1,0.0,training
Nc1c(Cl)c(F)nc(OCC(=O)O)c1Cl,0.0,training
COCC(C)N(C(=O)CCl)c1c(C)csc1C,0.0,training
CNC(=O)C=C(C)OP(=O)(OC)OC,1.0,training
CCCCCCCCO,0.0,training
CCOC(=O)CSc1nc(C(C)(C)C)nn1C(=O)N(C)C,1.0,training
CCOC(=O)c1ccccc1S(=O)(=O)NC(=O)Nc1nc(Cl)cc(OC)n1,0.0,training
CCOP(=S)(OCC)SCSP(=S)(OCC)OCC,0.0,training
COC(=O)C(C)Oc1ccc(Oc2ccc(Cl)cc2Cl)cc1,0.0,training
CCOC(=O)C(O)(c1ccc(Cl)cc1)c1ccc(Cl)cc1,0.0,training
S=C(S)SS,0.0,training
COC(=O)c1ccccc1S(=O)(=O)NC(=O)Nc1nc(C)nc(OC)n1,0.0,training
CN(C)c1ccc(N=NS(=O)(=O)O)cc1,1.0,training
CCOC(=O)Nc1cccc(OC(=O)Nc2ccccc2)c1,0.0,training
CC(C)OC(=O)COc1ccc(Cl)cc1Cl,0.0,training
ClNc1nc(NCl)nc(NCl)n1,0.0,training
CCOP(=S)(OCC)SCCSCC,1.0,training
O=c1c(C(CC(O)c2ccc(-c3ccc(Br)cc3)cc2)c2ccccc2)c(O)oc2ccccc12,1.0,training
CC(Cc1ccc(C(C)(C)C)cc1)CN1CC(C)OC(C)C1,0.0,training
Cc1cc(=O)c(C(=O)O)nn1-c1ccc(Cl)cc1,0.0,training
N#Cc1nn(-c2c(Cl)cc(C(F)(F)F)cc2Cl)c(N)c1[S+]([O-])C(F)(F)F,1.0,training
CC(C)N(C(=O)CCl)c1ccccc1,0.0,training
C=C(C)CN(CC)c1c([N+](=O)[O-])cc(C(F)(F)F)cc1[N+](=O)[O-],0.0,training
COCC(=O)N(c1c(C)cccc1C)N1CCOC1=O,0.0,training
CCOCCOCCOC(=O)Nc1nc2ccccc2[nH]1,0.0,training
CCCN(CC)CC1COC2(CCC(C(C)(C)C)CC2)O1,0.0,training
O=C(NC(=O)c1c(F)cccc1F)Nc1cc(Cl)c(OC(F)(F)C(F)C(F)(F)F)c(Cl)c1F,0.0,training
COc1nc(C)nc(NC(=O)NS(=O)(=O)c2ccccc2Cl)n1,0.0,training
C#CC(C)(C)NC(=O)c1cc(Cl)cc(Cl)c1,0.0,training
COCc1cnc(C2=NC(=O)C(C)(C(C)C)N2)c(C(=O)O)c1,0.0,training
CCCCCCCC(=O)Oc1c(Br)cc(C#N)cc1Br,1.0,training
OC(Cn1cncn1)(c1ccc(F)cc1)c1ccccc1F,0.0,training
CC(c1ccccc1CNCCN)[N+](=O)[O-],0.0,training
COC1CC(OC)NC(NC(=O)NS(=O)(=O)c2c(Cl)nc3ccccn23)N1,0.0,training
CCS(=O)(=O)c1nc2ccccn2c1S(=O)(=O)NC(=O)Nc1nc(OC)cc(OC)n1,0.0,training
CCCCCCCCCCC1OC1CCCCC(C)C,0.0,training
COC(=O)NS(=O)(=O)c1ccc(N)cc1,0.0,training
COc1cc(OC)nc(Oc2cccc(Oc3nc(OC)cc(OC)n3)c2C(=O)O)n1,0.0,training
Clc1ccc(C(c2ccc(Cl)cc2)C(Cl)(Cl)Cl)cc1,1.0,training
CC1(C)C(C(=O)OC(C#N)c2cccc(Oc3ccccc3)c2)C1(C)C,0.0,training
CCSC(=O)N(CC)C1CCCCC1,0.0,training
Cc1nn(C)c(Oc2ccccc2)c1C=NOCc1ccc(C(=O)OC(C)(C)C)cc1,0.0,training
O=C(CBr)OCC=CCOC(=O)CBr,0.0,training
CCOP(=O)(O)C(N)=O,0.0,training
CCCCOCCOCCOCc1cc2c(cc1CCC)OCO2,0.0,training
CCOc1cc(C(C)(C)C)ccc1C1COC(c2c(F)cccc2F)=N1,0.0,training
COP(N)(=O)SC,1.0,training
CCCOc1nn(C(=O)NS(=O)(=O)c2ccccc2C(=O)OC)c(=O)n1C,0.0,training
N#CN=C1SCCN1Cc1ccc(Cl)nc1,0.0,training
CSC(C)=NOC(=O)N(C)SN(C)C(=O)ON=C(C)SC,0.0,training
Cc1cc(=O)[nH]o1,0.0,training
O=C(CBr)OCc1ccccc1,0.0,training
O=C(O)CF,1.0,training
CC1(C)C(C=C(Cl)Cl)C1C(=O)OC(C#N)c1cccc(Oc2ccccc2)c1,0.0,training
O=C(NCc1ncc(C(F)(F)F)cc1Cl)c1c(Cl)cccc1Cl,0.0,training
COP(=O)(NC(C)=O)SC,1.0,training
ClC1=C(Cl)C2(Cl)C3C(Cl)C=CC3C1(Cl)C2(Cl)Cl,1.0,training
CC1(C(=O)Nc2ccc(O)c(Cl)c2Cl)CCCCC1,0.0,training
