smiles_standarized,label,group
CCOP(=O)(Nc1nccs1)c1ccc(N)cc1,9.3,training
CNc1ncnc2[nH]cnc12,10.04,training
CCOC(=O)C(Cc1ccc(C)cc1)C(C)=O,11.88,training
CC(=O)N1CSCC1C(=O)O,2.94,training
S=CNc1ccccc1Cl,10.03,training
CC(C)(C)c1ccc(C(=O)O)cc1,4.36,training
Cc1c(C)c2c(c(C)c1OP(=O)(O)O)CCC(C)(CCCC(C)CCCC(C)CCCC(C)C)O2,9.44,training
CC=CCC(=O)O,4.28,training
CC(C)C([N+](=O)[O-])=[N+]([O-])O,6.75,training
CC(=O)Nc1nn[nH]n1,4.53,training
O=CC1CCCC1=O,5.83,training
CC(=O)CC(=O)Nc1ccc(C)cc1,10.15,training
O=Nc1ccc(O)cc1,6.2,training
O=C(O)Cc1nnnn1-c1ccccc1,3.1,training
O=C(O)Cc1ccc(Cl)s1,3.89,training
c1cc(-c2nn[nH]n2)ccc1-c1nn[nH]n1,3.44,training
Oc1cncc2cccnc12,8.33,training
CN=C(SC)c1ccccc1,6.42,training
Oc1ccccc1-c1ccccc1,9.99,training
CC(C)=CC(=O)O,5.12,training
Cc1nnc(NS(=O)(=O)c2ccc(O)cc2)s1,5.37,training
O=C(O)Cc1ccc2ccccc2c1,4.26,training
CC(C)C(Br)C(=O)O,2.82,training
O=c1cn[nH]c2ccccc12,-0.35,training
Cn1cnc2c(=O)[nH]c(=O)[nH]c21,6.15,training
NC(=O)C1=CC(c2ccccc2)N=NC1=NCCN1CCOCC1,6.85,training
Oc1ccc2ccc3ccccc3c2c1,9.28,training
N#CC(C#N)=C(c1ccccc1)C(C#N)C#N,2.3,training
CC(O)(C(=O)O)c1ccccc1,3.53,training
Oc1ccc(F)cc1CN1CCCCC1,8.81,training
Nc1ccc(S(=O)(=O)Nc2nncs2)cc1,4.77,training
CC(=NO)c1ccccc1,11.415,training
Cc1cc(C)nc(NS(=O)(=O)c2ccc(N)cc2)n1,7.44,training
S=c1ccc2ccccc2[nH]1,-1.44,training
O=C(O)C1OC(Oc2cccc3cccnc23)C(O)C(O)C1O,3.01,training
O=S1(=O)N=CNc2[nH]cnc21,5.59,training
C=CCc1c(C)[nH]n(C)c1=O,10.5,training
CCNc1cc[nH]c(=S)n1,3.1,training
CCC[n+]1cccc2c(O)cccc21,6.06,training
Cc1cccc(Cl)c1O,8.7,training
N#CC(C#N)N=Nc1ccccc1C(=O)O,6.7,training
Cc1cc(N)c(O)cc1C,10.4,training
O=C(O)CO,3.67,training
ON=Cc1ccccn1,10.14,training
CN(C)C(=O)n1nc(C(C)(C)C)nc1SCC(=O)O,3.49,training
CC(=O)N(c1ccccc1)c1nnc(S(N)(=O)=O)s1,7.32,training
O=[N+]([O-])c1n[nH]c(-n2cnc(Br)n2)n1,1.63,training
CCN(CC)Cc1cc(OC)ccc1O,10.86,training
O=C(O)C1CC1,4.83,training
CC(C)C=Cc1c(O)c(O)c2ccccc2c1O,5.13,training
Cc1ccc(C(=O)O)c(O)c1,3.11,training
N#Cc1ccc(CC(C#N)C#N)cc1,10.96,training
NC(=O)C(CCCCC(=O)O)c1ccccc1,4.79,training
N#CCCC([N+](=O)[O-])=[N+]([O-])O,3.45,training
O=C(Cc1ccccn1)c1ccccc1,11.1,training
Cn1cnc2c(=O)[nH]cnc21,1.86,training
c1ccc(CSc2nc(-c3ccccc3)c(SCc3ccccc3)[nH]2)cc1,10.93,training
CC(C)c1[nH]c(=S)[nH]c1O,8.7,training
N#CC(C#N)=C(Br)C(C#N)C#N,2.6,training
NC(=O)C#CC#CC=CC(=O)O,3.52,training
Cc1ccc2c([N+](=O)[O-])ccc(O)c2n1,6.78,training
NC(=O)c1ccccn1,12.12,training
Nc1[nH]ncc1[N+](=O)[O-],9.73,training
CN(C)c1nc2cncnc2[nH]1,9.73,training
Oc1ccc2c(c1)CCCC2,10.33,training
O=c1cc(O)[nH]c(=S)[nH]1,4.15,training
CCCCc1c(-c2ccccc2)[nH][nH]c1=O,8.2,training
O=C(O)C=CC(=O)CC(=O)CC(=O)O,3.6,training
COC(=O)c1ccc(O)c([N+](=O)[O-])c1,5.4,training
O=[N+]([O-])c1ccc(O)c(CN2CCOCC2)c1,5.61,training
O=c1[nH]c2cc3c(cc2[nH]1)CCCC3,12.21,training
O=c1c2c([nH]n1-c1ccccc1)CCCC2,11.4,training
CC(Cl)C(=O)O,2.88,training
N#CCCC(C(=O)O)c1ccccc1,3.92,training
Cc1[nH]n(-c2ccccc2)c(=O)c1Cc1ccccc1,11.8,training
O=C(O)C#Cc1ccccc1,2.26,training
Oc1cc[n+](O)cc1,2.4,training
O=C(O)Cc1ccco1,3.72,training
Cn1c(=O)c2[nH]c([N+](=O)[O-])nc2n(C)c1=O,3.58,training
O=C(C=NO)c1cccnc1,7.8,training
CC(=O)c1ccc(O)c([N+](=O)[O-])c1,5.09,training
Cc1cc2nc[nH]c2cc1C,12.52,training
O=C1CCc2ccc([N+](=O)[O-])cc2C1,11.76,training
CNCC(=O)c1ccc(O)cc1,7.7,training
CN(C)c1ccnc2c(O)cccc12,7.05,training
Oc1ccc2cc(I)ccc2c1,9.23,training
Cc1cn(C2CC(O)C(CO)O2)c(=O)[nH]c1=S,8.8,training
O=C(O)CCCl,4.04,training
O=[N+]([O-])c1ccc2ccc(O)cc2c1,8.81,training
CCC#CC#CC#CC(=O)O,1.67,training
O=C(O)C=Cc1cccc([N+](=O)[O-])c1,3.855,training
On1nnc2cc(Cl)ccc21,4.18,training
O=S(O)c1ccccc1,1.72,training
O=C(O)c1ccc(Cl)cc1Cl,2.74,training
Nc1ccccc1C(=O)O,2.08,training
O=C(O)c1cscn1,3.64,training
CCOc1ccc(C)c(C(=O)O)c1,3.86,training
COC(=O)C(=NO)c1ccccc1,8.87,training
O=C(O)CCCP,4.53,training
CC1CCCC(C)C1C(=O)O,4.88,training
CC(=O)C(C)[N+](=O)[O-],5.15,training
NC1CONC1=O,4.54,training
O=C(O)C=Cc1ccccc1,4.14,training
Cc1c(Cl)ccc2c1nnn2O,4.09,training
O=C(O)Cn1nnnc1-c1ccccc1,2.11,training
N#Cc1c[nH]c2ccccc2c1=O,-2.08,training
ON=Cc1ccccc1O,9.21,training
CC(C)NCC(=O)c1ccc(O)cc1,7.56,training
Cc1nc(NS(=O)(=O)c2ccc(N)cc2)no1,4.4,training
CC(=O)CC(N)=O,9.46,training
Cc1[nH]c2ccccc2c1CC(=O)O,4.67,training
CO[n+]1ccccc1N,12.4,training
NNC(=O)C(F)(F)C(F)(F)C(F)(F)F,8.02,training
CCOC(=O)C(Cc1ccccc1)C(C)=O,11.81,training
CC(C)O,16.14,training
Nc1ccc(S(=O)(=O)Nc2cnccn2)cc1,6.04,training
CCCCc1c(-c2ccccc2)[nH]n(-c2ccccc2)c1=O,7.2,training
CCCC1(CCC)SC(=O)NC1=O,6.37,training
NC(=O)c1ccncc1,10.52,training
OC(CBr)(Oc1ccccc1)c1ccccc1,11.18,training
CC1NCCc2c1[nH]c1ccc(N)cc21,16.0,training
CCCCCCCCNCCC(=O)O,3.56,training
OC(O)c1ccncc1,12.2,training
O=S(=O)(O)c1cc(O)cc2c[nH]nc12,9.65,training
SCCNCCc1ccccc1,7.85,training
CCN(CC)c1nn[nH]n1,6.33,training
CN(C)Cc1cc(-c2ccccc2)cc(CN(C)C)c1O,5.65,training
O=S(=O)(O)c1cccc(C(F)(F)F)c1,-6.93,training
OC=NO,8.77,training
Cc1cccc(C)c1N=NC(C#N)C#N,6.6,training
Cc1cc([N+](=O)[O-])ccc1C(=O)O,2.91,training
CC(=O)N(O)c1ccccc1,8.36,training
Oc1cccc2cccc(O)c12,6.71,training
S=c1[nH]c(=S)c2[nH]cnc2[nH]1,5.02,training
CNC(=O)C=C(C)C(=O)O,3.23,training
COP(=O)(O)NS(C)(=O)=O,1.16,training
CCOC(=O)C1CCCC1=O,10.68,training
CC(=O)C[N+](=O)[O-],5.1,training
CC(C)Oc1cccc(C(=O)O)c1,4.15,training
COc1ccc2c(c1O)-c1c3c(cc4c1C(C2)N(C)CC4)OCO3,10.1,training
CC(=NO)C(CO)=NO,10.1,training
Cc1cc(C#N)cc(C)[n+]1O,-0.61,training
Cc1ccc(S(=O)(=O)NC(CCC(N)=O)C(=O)O)cc1,11.8,training
CC(=O)C(Cc1ccccc1)C(C)=O,10.49,training
CC(C(N)=O)S(N)(=O)=O,9.86,training
O=[N+]([O-])c1cc(-c2ccccc2)ccc1O,6.73,training
O=[N+]([O-])c1ccc(C=NO)cc1,10.03,training
COc1ccccc1C(=O)O,4.05,training
CCC(C)CC(=O)O,4.84,training
O=c1[nH]c2ccccc2c(=O)o1,8.25,training
N=C1NS(=O)(=O)Nc2[nH]cnc21,4.28,training
CCN(CC)CC(=O)O,1.98,training
Brc1nn[nH]n1,2.13,training
CN(C)c1nn[nH]n1,5.92,training
Nc1cncnc1N,9.33,training
O=C([O-])c1cc(=O)c(O)c(C(=O)O)[oH+]1,0.6,training
O=C1NCc2[nH]cnc2N1,11.52,training
O=C(O)c1ccnnc1,2.8,training
C=C1CC1CC(N)C(=O)O,2.4,training
Oc1cccc2cnccc12,8.45,training
O=C(O)c1cc2cc(Cn3ccnc3)ccc2o1,2.38,training
CC1=NS(=O)(=O)c2ncccc2N1,7.58,training
COc1ccc(NC(=S)c2ccccc2)cc1,11.36,training
CCOC(=O)COc1ccc(Cc2ccc(O)c(CN)c2)c(Cl)c1Cl,8.73,training
O=[N+]([O-])c1cccc2c[n+](CCO)ccc12,11.67,training
Cn1c(CO)nc2ccccc21,15.84,training
CCCCCCCCC=CCCCCCCCC(=O)O,4.95,training
OCc1cccc(CO)c1O,9.66,training
O=C(O)CCc1c[nH]c2ccccc12,4.87,training
CC(CCC(=O)O)C1CCC2C3C(O)CC4CC(O)CCC4(C)C3CC(O)C12C,4.98,training
O=C1C(=O)C(C=Cc2ccccc2)C(=O)c2ccccc21,4.44,training
Cc1cccc(C(=O)O)c1Cl,3.0,training
Cc1ccnc(NS(=O)(=O)c2ccc(N)cc2)n1,6.59,training
COc1ccc(O)cc1[N+](=O)[O-],8.68,training
OC(c1ccncc1)(c1ccncc1)c1ccncc1,11.8,training
CC(N)c1nn[nH]n1,2.63,training
O=c1[nH]c2cc3ccccc3cc2[nH]1,11.62,training
CC(C)(C=CC(=O)O)c1cc(Br)ccc1O,4.46,training
COC(=O)C1c2ccccc2-c2ccccc21,11.52,training
O=C(O)CP,4.07,training
Cc1cccc(C=NO)n1,10.0,training
Cc1ccc(NS(=O)(=O)c2ccccc2)cc1,8.63,training
CCC#CC(=O)O,2.6,training
O=[N+]([O-])Nc1nc[nH]n1,3.95,training
C[N+]1(CCCC(=O)O)CCCCC1,4.11,training
O=C(O)C1OC(Oc2ccc3ncccc3c2)C(O)C(O)C1O,3.0,training
Brc1ccc(-c2nn[nH]n2)cc1,3.73,training
Cc1cc(=O)[nH]c(=O)[nH]1,1.2,training
O=C(O)c1ccc(Br)c([N+](=O)[O-])c1,3.24,training
Oc1ccc2cccc(Br)c2c1,8.94,training
Cc1ccc(S(=O)(=O)NCCC(=O)O)cc1,11.2,training
CC(=O)[n+]1ccccc1,5.32,training
CN(C)Cc1ccc(NC(=O)C=NO)cc1,8.43,training
Sc1cnc2ccccc2c1,6.13,training
NC(=O)c1ccccc1O,8.61,training
COc1ccc(C(=O)S)cc1,2.79,training
O=c1ccc(=O)[nH][nH]1,-2.2,training
CCOC(=O)c1c(C)nc(C)c(C(=O)OCC)c1-c1ccc(NS(=O)(=O)c2ccc(N)cc2)cc1,9.15,training
Cc1[nH]nc(C(=O)O)c1[N+](=O)[O-],2.26,training
O=C(O)CS,3.38,training
CCCCCCCc1c(-c2ccccc2)[nH][nH]c1=O,9.2,training
CCOC(=S)NC(=O)c1ccccc1,7.46,training
Sc1cccc(Cl)c1,5.76,training
O=c1cc(-c2ccccc2)oc2c(O)cccc12,7.82,training
CCN(CC)S(=O)(=O)c1ccsc1C(=O)O,2.77,training
N#CCC#N,11.19,training
Cc1cc(=O)oc2ccc(O)cc12,9.14,training
CC1(C)C2CCC(C(=O)O)(C2)C1O,4.94,training
Cc1ccc(O)cc1[N+](C)(C)C,8.28,training
COc1ccc(S(=O)(=O)Nc2ccccc2)cc1,8.66,training
CC1N=NC(=S)N1N,7.97,training
COc1ccccc1C=CC=NO,11.07,training
O=C(O)C1OC1C(=O)O,1.92,training
O[n+]1ccc(OCc2ccccc2)cc1,1.99,training
CC(=O)C(Cc1ccc(Cl)cc1)C(C)=O,10.25,training
ON=C(O)C1C2CCC(O2)C1C(O)=NO,9.3,training
CC(C)(C)C(=O)NC(O)C(Cl)(Cl)Cl,14.65,training
O=C(OCc1ccccc1)c1ccc(O)cc1,8.31,training
Oc1[nH]c(O)c2c1CC2,9.63,training
CCCCc1cc(Cl)cc(Cl)c1O,8.1,training
NS(=O)(=O)c1cc2c(cc1Cl)N=CNS2(=O)=O,6.7,training
O=C(O)C1CC1c1cccc([N+](=O)[O-])c1,4.41,training
CCOC(=O)c1ccccc1-n1[nH]c(=O)cc1-c1ccccc1,12.4,training
O=c1[nH]sc2ccccc12,7.01,training
CCCCSC(=N)c1ccccc1,8.21,training
ON=Cc1ccc(Cl)cc1,10.54,training
CN(C)c1ccc(NC(=O)C=NO)cc1,9.26,training
ON=C(O)c1cccnc1,8.3,training
ON=C(c1ccccc1)c1ccccc1,11.3,training
[O-][n+]1cnc2[nH]cnc2c1NCc1ccccc1,8.22,training
Oc1ccc(F)cc1,9.88,training
Cn1nc(NN=O)nc1N,5.36,training
CC(=O)OCC(=NO)C(C)=NO,9.7,training
N#CSc1ccc(O)cc1,8.57,training
N#CC(C#N)=C(C(C#N)C#N)C(C#N)C#N,2.25,training
CCC(=O)c1cc(C(=O)C(C)(C)C)[nH]n1,9.7,training
Cc1ncc(CN(C=O)C(C)C(=S)CCO)c(N)n1,11.4,training
C[S+]([O-])c1cccc(O)c1,8.75,training
CN(C)CCNC(=O)C[N+](=O)[O-],8.17,training
CCCCCC(O)=NO,9.58,training
CCCCCCCc1c(-c2ccccc2)[nH]n(-c2ccccc2)c1=O,8.0,training
Cc1cc(C(C)C)cc(C)c1O,10.9,training
CC(=O)NS(=O)(=O)c1ccc(N)cc1,5.35,training
O[n+]1c2ccccc2cc2ccccc21,1.37,training
O=S(=O)(O)c1cc(O)cc2[nH]ncc12,8.85,training
O=C(O)C=Cc1ccc(O)cc1,4.36,training
S=C(Nc1ccc(Cl)cc1)c1ccc(Cl)cc1,10.25,training
CCC=CCc1nc(C(=O)O)cn1C(C(=O)O)C(C)(C)S,10.2,training
O=[N+]([O-])c1[nH]cnc1Cl,5.9,training
C[N+](C)(C)c1ccc(O)cc1,8.25,training
Cc1c([N+](=O)[O-])cc(Cl)c2nnn(O)c12,3.17,training
Oc1coc(O)c1Br,2.23,training
O=C(O)C1OC(Oc2ccc(-c3ccccc3)cc2)C(O)C(O)C1O,3.1,training
O=P(O)(O)C(NCc1ccccn1)c1ccccc1O,2.25,training
Nc1ccc(-c2ccc(N=Cc3ccccc3O)cc2)cc1,11.07,training
NC(=O)c1ccc(N)cc1O,9.12,training
CC(C)CP(=O)(O)CC(C)C,3.25,training
Nc1ccc(S(=O)(=O)Nc2cccc[n+]2[O-])cc1,5.2,training
CCC(=NO)NO,10.7,training
Oc1ccc(Cl)cc1CN1CCOCC1,9.85,training
N#Cc1cccc(S(N)(=O)=O)c1,8.84,training
CCc1ccccc1C(=O)O,3.79,training
C=CCNCCCCCCCCCCC(=O)O,4.7,training
CCOC(=O)C(=NO)C(=O)OCC,5.48,training
O=[N+]([O-])c1ccc(O)c(O)c1,6.74,training
Oc1cccc(O)c1,9.56,training
O=C(O)c1cnc(Br)s1,2.96,training
CC1CCCC(C(C)C(=O)O)C1,4.59,training
Cc1ccc(Cl)cc1C(=O)O,3.63,training
CC(C)N(Cc1ccccc1O)C(C)C,11.4,training
O=C(O)c1cccc(I)c1,3.83,training
CN(C)CCCN(C)C(=O)C=NO,8.68,training
Nc1ccc(NS(=O)(=O)c2ccccc2)cc1,9.05,training
COCc1ccc(C(=O)O)cc1,4.18,training
N#CC(C#N)N=Nc1ccccc1O,6.1,training
CC1(C)NC(=O)NC1=O,9.19,training
O=C(O)CSc1ccccc1[N+](=O)[O-],3.18,training
CCCCC(=O)O,4.82,training
CC(=O)C=NO,8.365,training
S=CNc1cccc(Cl)c1,10.8,training
Cc1cc([N+](=O)[O-])c(C(C)C)cc1O,4.2,training
O=C(O)c1cncs1,2.99,training
N#Cc1cccc(O)c1,8.63,training
Cc1cc(S(=O)(=O)N(CCO)CCO)cc(C)c1O,8.25,training
Cc1ccc(Cl)c(C(=O)O)c1,3.12,training
CC(C)(C(=O)O)C(C#N)c1ccccc1,3.95,training
CCC(C(=O)O)C1(O)CC2CCC1C2,4.165,training
CC(CN)C(=O)O,3.53,training
CC(C)CC(=O)O,4.79,training
O=C(O)c1ccc2ccccc2c1,4.2,training
Cc1nc(N)c2c[nH]nc2n1,11.3,training
Cc1cc(C(=O)O)ccc1Cl,4.07,training
Cn1c(=O)[nH]c2ncn(C)c2c1=O,8.65,training
Cn1c(C(=O)O)cc(=O)n(C)c1=O,0.8,training
NCCC#CC#CCCC(=O)O,4.12,training
O=C(O)Cn1cnnn1,2.27,training
CC(C)(C(=O)O)C(C(N)=O)c1ccccc1,4.8,training
N#Cc1ccc(NS(=O)(=O)c2ccccc2)cc1,6.78,training
Cc1ccc(C(=S)Nc2cccc(F)c2)cc1,10.63,training
Cc1cc(C(CC(=O)O)c2ccccc2)ccc1O,4.67,training
N#CC(C#N)N=Nc1ccccc1Cl,5.84,training
O=C(O)c1cccc([N+](=O)[O-])c1O,2.16,training
Cc1ccccc1S(=O)O,1.47,training
O=c1cc(O)[nH]c2ccccc12,0.76,training
C[SH](C)CC(=O)c1ccccc1,8.6,training
CNC(C)C(=O)O,2.22,training
Cc1cccc2ccc(O)cc12,9.42,training
O=C(O)c1cc2cc(Cn3ccnc3)ccc2s1,2.74,training
CC(C)N(C(=S)S)C(C)C,4.3,training
O=Cc1ccc(O)cc1,7.53,training
NC(=O)CN(CC(=O)O)CC(=O)O,2.29,training
ON=C(O)c1ccccc1O,7.39,training
Oc1ccccc1F,8.81,training
Cc1ccc(C(=O)C=CC(=O)O)cc1,3.44,training
CC(=O)CC(=S)Nc1cccc(C)c1,7.56,training
C[Si](C)(C)c1ccc(C(=O)O)cc1,4.27,training
CC(=O)c1ccc(NS(=O)(=O)c2ccccc2)cc1,6.94,training
O=C(c1ccccc1)c1cccc(O)c1,9.0,training
NC(=O)C(N)C(O)C(=O)O,2.31,training
CC12CCC3c4ccc(O)cc4CCC3C1CC(O)C2O,10.8,training
c1ccc2c(c1)ccc1[nH]cnc12,12.54,training
OCCNC(=S)S,2.82,training
CN1Cc2[nH]cnc2N(C)C1=O,11.25,training
O=c1ccn(C2CC(O)C(CO)O2)c(=O)[nH]1,9.3,training
Cc1cccc(C(C)[N+](=O)[O-])c1,7.49,training
CN(C)CC(P(=O)(O)O)P(=O)(O)O,5.75,training
Nc1ccc(C(=O)O)c2ncccc12,12.58,training
Cc1cccc(C(=O)N(C)O)c1,8.52,training
O=C(O)c1cccnn1,3.0,training
OB1OCc2ccccc21,7.38,training
CN(C)CCCNC(=O)C=NO,8.68,training
O=C(O)C1CCCN1,1.965,training
CC#CCC(=O)O,3.6,training
CC(C)=CCC1C(=O)C(C(=O)CC(C)C)C(=O)C(CC=C(C)C)(CC=C(C)C)C1=O,6.18,training
COc1cccc2c1-c1c(O)cccc1-2,9.15,training
Cc1cc(=O)n(-c2nc(=O)c(C)c(C)[nH]2)[nH]1,5.5,training
NC(=O)C(CCC(=O)O)NC=O,4.3,training
CCC(Oc1ccccc1C)C(=O)O,3.43,training
CC(=O)C(=NO)c1ccccc1,8.85,training
CC(C)(C)CC(=O)O,5.01,training
Oc1ccccc1Cl,8.4,training
COc1n[nH]c([N+](=O)[O-])n1,5.35,training
Cc1[nH]nc2ncnc(N)c12,11.11,training
C[SH](C)c1ccc(O)cc1,7.31,training
C[n+]1ccccc1C=Cc1ccc(O)cc1,8.4,training
C[n+]1cccc2cc(S)ccc21,4.12,training
O=[N+]([O-])c1cccc(S(=O)O)c1,1.21,training
CC(C)CN(CC(C)C)C(=S)S,3.4,training
C=C(OC)C(=O)O,3.38,training
Cc1c[n+](C2CC(O)C(CO)O2)c(O)nc1N,4.4,training
Cc1cc(C)cc(C(=O)O)c1,4.3,training
NCCCCC(=O)O,4.26,training
Cc1ccc(NC(=S)c2ccccc2)cc1,10.81,training
O=C1NS(=O)(=O)c2ccccc21,1.76,training
CC(=O)C1CC(CC(=O)O)C1(C)C,4.82,training
O=C(Oc1ccc([N+](=O)[O-])cc1)C1c2ccccc2-c2ccccc21,9.9,training
CC(C)(C)C([N+](=O)[O-])=[N+]([O-])O,8.24,training
O=Nc1c(O)cc(S(=O)(=O)O)c2c[nH]nc12,5.85,training
NNC(=O)c1cccc(N)c1,12.45,training
CC(C)SC(C)C(=O)O,3.78,training
Cc1ccc(O)c(C(=O)O)c1,3.01,training
O=[N+]([O-])Cc1ccccc1,6.77,training
c1ccc(-c2c[nH]c(-c3ccccc3)n2)cc1,12.6,training
C[Si](C)(C)CCCCC(=O)O,4.96,training
C[n+]1ccc2c(O)cccc2c1,6.9,training
CSc1ccc(O)cc1,9.5,training
O=Cc1cc(Br)ccc1O,7.4,training
O=C(O)c1cc(-c2ccccc2)nnc1NCCN1CCOCC1,1.1,training
CC(C#N)C(C)(C)C(=O)O,3.97,training
Oc1c(I)cc(Cl)c2cccnc12,7.9,training
Cc1cc(C(F)(F)F)[nH]n1,12.33,training
C[N+]1(CCCCC(=O)O)CCCCC1,4.33,training
NS(=O)(=O)c1ccc(P(=O)(O)O)cc1,1.42,training
S=c1[nH]cnc2[nH]nnc12,4.6,training
COCC1=C(C(=O)O)CCC1,4.5,training
Cc1ccc(O)c(CN(C)C)c1,11.22,training
O=C(O)CSc1ccc(S)cc1,3.77,training
OCCO,14.04,training
CC#CC#CCC(=O)O,3.23,training
CS(=O)O,2.35,training
Cn1cc(O)[nH]c1=O,11.4,training
CCOC(=O)C(C)=NO,9.64,training
O=c1[nH]cc(SSc2c[nH]c(=O)[nH]c2=O)c(=O)[nH]1,8.0,training
CCCCCCCCCCNCCC(=O)O,3.57,training
C=CC1(O)CN2CCC1CC2C(O)c1cc(=O)[nH]c2ccccc12,2.76,training
CC(C)(C)c1cc([N+](=O)[O-])cc(C(C)(C)C)c1O,6.92,training
Cn1cnc2c(=O)[nH]c(N)nc21,3.07,training
Cc1cc(Cl)ccc1O,9.6,training
N#CC(C(=O)O)c1ccccc1,0.99,training
Fc1ccc(NC=S)cc1,11.25,training
Nc1ccc(O)c(N)c1,10.4,training
O=C(O)[c+]1cccccc1,3.29,training
Nc1nc(=O)nc(N)[nH]1,4.5,training
CCC1(C)OC(=O)NC1=O,6.0,training
CCCCCCCC(=O)NC1C(=O)N2C1SC(C)(C)C2C(=O)O,2.66,training
S=C1NCCO1,11.05,training
Sc1ccc2ncccc2c1,6.5,training
O=C(O)C(=O)C(c1ccccc1)c1ccccc1,2.78,training
Cn1cnc2[nH]c(=O)[nH]c(=S)c21,6.8,training
CC1(C)SC2C(C(=O)O)N=C(CCCC(N)C(=O)O)N2C1C(=O)O,3.1,training
Cc1cccc(C(=O)O)c1Br,2.9,training
O=[N+]([O-])c1ccccc1C=NO,10.4,training
CCC1C(=O)C(CC)C1=O,3.5,training
CC(C)CC1=NC(=O)C(CC(C)C)=NC1,1.7,training
CCCNC(=O)S,0.52,training
Cc1nnnn1CC(=O)O,2.16,training
CCC(C)(O)C(C(=O)O)c1ccc(-c2ccccc2)cc1,3.41,training
Oc1c(Cl)ccc(Cl)c1Cl,6.12,training
NCCCCCCNC(=S)S,2.95,training
C(COCCc1nn[nH]n1)OCCc1nn[nH]n1,5.37,training
CNc1cc[nH]c(=S)n1,3.09,training
c1c[nH]cn1,14.47,training
CCCCN(C(=O)c1cc([N+](=O)[O-])ccc1O)c1ccc(N=Nc2ccc3c(c2)OCCOCCOCCOCCOCCO3)cc1,6.3,training
C=C(C)C1CNC(C(=O)O)C1CC(=O)O,2.09,training
CCN(CC)Cc1cc(Br)ccc1O,7.7,training
O=c1ccccn1O,-0.71,training
Cc1ccc(O)c(O)c1,9.62,training
ON=C(O)c1cccc2ccccc12,7.7,training
CN1C(=O)NCc2[nH]cnc21,11.1,training
O=C(O)C12CC3(F)CC(F)(CC(F)(C3)C1)C2,3.24,training
Cc1ncsc1C(=O)O,3.54,training
Cc1ccc(C(=S)Nc2ccccc2)cc1,11.5,training
N#Cc1ccccc1-c1nn[nH]n1,3.55,training
CC=CC1C(=O)C(=O)c2ccccc2C1=O,4.78,training
O=Cc1c(O)cccc1Cl,8.26,training
O=CO,3.69,training
COc1ccc(-c2nc3nc(SC)nnc3[nH]2)c(OC)c1,7.69,training
CNC(=O)Oc1ccc2c(c1)C1(C)CCN(C)C1N2C,6.12,training
Cc1c(C(=O)O)cccc1[N+](=O)[O-],2.98,training
CC(C)(C=CC(=O)O)c1ccccc1O,10.71,training
O=C1NC(=O)c2c1cccc2[N+](=O)[O-],8.8,training
O=c1c(Cc2ccccc2)c(-c2ccccc2)[nH]n1-c1ccccc1,7.6,training
O=C(O)CN(CC(=O)O)Cc1cc([N+](=O)[O-])ccc1O,2.4,training
NC(=S)Nc1ccc(Cl)cc1,12.3,training
[O-][n+]1ccc(O)cc1,5.76,training
N#CC(C#N)N=Nc1ccccc1[N+](=O)[O-],5.8,training
Cc1ncc(C(=O)O)s1,3.26,training
O=C(O)C1(O)CCC1,3.88,training
CC(C[Si](C)(C)CCCCl)C(=O)O,5.05,training
Nc1ccc(S(=O)(=O)Nc2cccnn2)cc1,7.06,training
COc1ccc(C(=S)Nc2ccc(Cl)c(Cl)c2)cc1,10.14,training
Cc1ccc(C(O)C(C(=O)O)c2ccc(-c3ccccc3)cc2)cc1,4.24,training
O=C(O)C=C=Cc1ccccc1,3.7,training
CCn1cccc(O)c1=O,8.99,training
O=C(O)Cc1nc2ccccc2[nH]1,0.2,training
O=Cc1ccccc1O,8.36,training
CCN(CC)Cc1cc(Cl)ccc1O,8.11,training
CC(=O)C(CN1CCCCC1)=NO,7.05,training
CCc1c(O)ccc(C(C)C)c1C,10.85,training
C[N+](C)(C)c1ccc(O)c([N+](=O)[O-])c1,5.03,training
NCCCCC#CC#CCCC(=O)O,4.15,training
CCCCN(C(=O)c1ccc(O)cc1)c1ccc(N=Nc2ccc3c(c2)OCCOCCOCCOCCOCCO3)cc1,9.12,training
COc1cccc([N+](=O)[O-])c1O,6.74,training
CC(C(=O)O)C(C#N)c1ccccc1,3.7,training
Cn1[nH]c(=O)ccc1=O,5.65,training
NCCCC#CC#CCCC(=O)O,4.12,training
CC1(C)C(=O)NC(=O)C1(C)C,9.7,training
CCC(N)C(=O)O,2.29,training
CCOCCn1c(CN2CCN(CCCCn3cc(C(=O)O)cn3)CC2)nc2ccccc21,3.8,training
ON=Cc1ccc2c(c1)OCO2,10.85,training
CCC1(C)CC(=O)NC1=O,9.34,training
Fc1ccc(NC(=S)c2cccc(Br)c2)cc1,10.32,training
CC(C)C(C(=O)O)N1CC(NC(=O)Cc2ccccc2)C1=O,3.48,training
Nc1nc(O)c[nH]1,4.8,training
CC(=O)NC(Cc1c[nH]cn1)C(=O)O,2.94,training
CCCCO,15.58,training
NC(=O)CS(N)(=O)=O,9.7,training
CCP(=O)(CC)CC(C)=O,11.94,training
Cc1ccccc1C(=O)O,3.92,training
COC(=O)c1ccccc1O,10.3,training
Cc1cccc(C)c1NC(=S)c1ccccc1,10.79,training
O=C(O)c1ccccc1N=CC=Cc1ccccc1,6.12,training
Cc1c(I)cccc1C(=O)O,3.26,training
COc1ccccc1-c1nn[nH]n1,4.8,training
Cc1nn(-c2ccccc2)cc1C(=O)O,4.58,training
NCCc1ccc(O)c(O)c1,10.63,training
CN(C)C(=O)CS,8.1,training
C[N+](C)(C)O,4.65,training
OC(O)c1ccccc1,12.43,training
Oc1ccc2cccc(Cl)c2c1,8.69,training
O=C(O)c1ccc(I)o1,2.94,training
CCN(CC)Cc1cccc(F)c1O,7.26,training
O=C(O)C=CC(=O)NOCc1ccccc1,3.8,training
CCC(CC)C(=O)OC1OC(C(=O)O)C(O)C(O)C1O,3.37,training
CCc1cc(Cl)c(O)c(C(=O)NCC2CCCN2CC)c1OC,6.91,training
CCOC(=O)COc1ccc(C(=O)c2ccc(O)c(CN)c2)cc1,7.34,training
Cc1ccc(CCC(=O)O)cc1,4.74,training
O=C(O)c1ccc([N+](=O)[O-])s1,2.68,training
NC(=O)Nc1ncnc2[nH]cnc12,9.95,training
CCOCC(=O)O,3.61,training
CCCCC(CC)C(=O)OC1OC(C(=O)O)C(O)C(O)C1O,3.08,training
Fc1cccc(NC(=S)c2ccccc2)c1,10.29,training
O=C(O)C1SCc2ccccc21,5.32,training
Cc1ccc(C(=O)O)cc1Br,3.96,training
CCN(CC)Cc1cc(Cl)cc(Cl)c1O,5.95,training
CN(C)Cc1cccc(O)c1,8.88,training
O=C1Cc2c1ccc(O)c2Br,5.75,training
NC(=O)CCC(N)C(=O)NC(CCC(=O)O)C(=O)O,3.14,training
O=[N+]([O-])c1c(O)coc1O,1.68,training
O=S(=O)(O)c1ccc(Br)cc1,-6.72,training
O=[N+]([O-])c1cc([N+](=O)[O-])c2c[nH]nc2c1O,2.5,training
NC(=O)NS(=O)(=O)c1ccc(N)cc1,5.41,training
O=C(O)c1ccccc1OC1OC(CO)C(O)C(O)C1O,3.6,training
Cc1cc(Cc2cc(C)c(O)c(C)c2)c(O)c([N+](=O)[O-])c1,7.98,training
Nc1ccc(S(=O)(=O)Nc2nccs2)c(Cl)c1,6.95,training
Nc1cc(O)n(CCCCC(N)C(=O)O)c1O,2.5,training
NS(=O)(=O)C(F)(F)I,6.79,training
Cc1ccc([N+](C)(C)C)cc1O,8.2,training
Nc1cc(O)[nH]c1O,5.9,training
O=C(O)C1CCCc2ccccc2O1,3.63,training
CCC1(c2ccccc2)C(=O)NC(=S)NC1=O,6.3,training
CC1(C)SC2C(NC(=O)Cc3ccc(O)cc3)C(=O)N2C1C(=O)O,2.62,training
O=C(O)c1cnccn1,2.7,training
Cc1cc(Cc2cc(O)ccc2C)c(O)c([N+](=O)[O-])c1,7.93,training
Cc1ccccc1B(O)O,9.74,training
CC(=O)NOC(C)=O,6.81,training
CC1CCC(C(=O)O)CC1,4.965,training
CC(=S)Nc1ccc(Cl)cc1,11.06,training
Oc1cc(Cl)cc(Cl)c1,8.07,training
CC(=O)c1ccc([N+](=O)[O-])cc1,16.65,training
Cc1cc[nH]c1C(=O)O,5.1,training
NC(=O)CC(NC(=O)C(N)CS)C(=O)O,2.97,training
NS(=O)(=O)c1cccc([N+](=O)[O-])c1,9.19,training
NCc1nn[nH]n1,2.62,training
O=C(O)CC1(O)CC2C=CC1C2,4.36,training
CCN(CC)C(=S)NC(=O)c1ccc(C)cc1,8.77,training
O=C(O)c1cc([N+](=O)[O-])ccc1Sc1ccccc1,3.22,training
N#CC(C#N)Cc1ccc(Cl)cc1,11.49,training
Oc1ccccc1O,9.33,training
C#CCC(=O)O,3.31,training
Oc1cc(Br)cc(Br)c1,8.01,training
CN(C)c1ccc(C(=S)Nc2ccccc2)cc1,11.18,training
[O-][n+]1cccc(O)c1,6.4,training
ON=CC(Cl)=NO,8.24,training
CCOO,11.8,training
Cc1[nH]n(-c2ccccc2)c(=O)c1-c1ccccc1,11.9,training
NNC(=O)C(F)(F)C1(F)OC(F)(F)C(F)(F)C1(F)F,8.26,training
S=C(Nc1ccccc1)c1ccc(Cl)cc1,10.76,training
CC(C)SCC(=O)O,3.72,training
CCCCCCCCCCCNCc1ccc(C)cc1,9.46,training
ON=C(O)C1CCCCC1,9.87,training
CC#CC(=O)O,2.63,training
Cc1ncc(CO)c(CO)c1O,8.98,training
Fc1cccc(NC(=S)c2cccc(Br)c2)c1,10.01,training
NC(=O)CS,8.22,training
Cc1ccc(C2CC2C(=O)O)cc1,4.6,training
O=C(O)c1ccccc1F,3.6,training
NCCCCCC#CC#CCCC(=O)O,4.17,training
Cc1ccc(C(=O)O)c(C)c1,4.18,training
N#CS,0.85,training
ON=c1[nH]cnc2[nH]cnc12,9.83,training
CC(C)(C)P(=O)(O)C(C)(C)C,4.24,training
NS(=O)(=O)C(F)(F)Br,6.53,training
O=c1[nH]c(=O)n(-c2ccccc2)[nH]1,4.9,training
N#CC(C#N)N=Nc1ccc(OC(F)(F)F)cc1,6.0,training
CC(N=O)=NO,5.8,training
NCCCC(=O)O,4.06,training
O=[PH](O)C(NCc1ccccn1)c1ccccc1O,2.4,training
CCCc1c(C)[nH]n(C)c1=O,10.5,training
CC(=O)Nc1nnc(S(N)(=O)=O)s1,7.48,training
Nc1ccc(S(=O)(=O)Nc2ccn(-c3ccc([N+](=O)[O-])cc3)n2)cc1,6.94,training
C=C=CC(=O)O,3.96,training
CCN(CC)S(=O)(=O)c1ccccc1C(=O)O,2.96,training
Nc1[nH]cnc(=O)c1N,3.57,training
O=C(O)CC1NC(=O)c2ccccc2O1,4.9,training
NC(CC1C=NC(=S)N1)C(=O)O,1.84,training
CCC(C)=CC(=O)O,5.145,training
CC1CC(C(=O)O)=[N+]([O-])C1(C)C,2.85,training
OCO,12.83,training
O=C(O)C#CSc1ccccc1,2.11,training
CCC=CCC(=O)NC1C(=O)N2C1SC(C)(C)C2C(=O)O,2.84,training
O=C(O)C1CC1c1ccccc1,4.68,training
CC(C)(S)C(C(=O)O)n1ccnc1Cc1ccccc1,1.8,training
Cc1cccc(OC(O)(CBr)c2ccccc2)c1,11.21,training
O=c1[nH]c(O)c(Br)c[n+]1C1OC(CO)C(O)C1O,-0.9,training
CC#CC#CC=C=CC(O)CCC(=O)O,4.9,training
CC(C)(C)c1ccc(O)cc1,10.27,training
NC(=O)N=NCc1ncnc2[nH]cnc12,9.1,training
Oc1ccc(Br)cc1Br,7.77,training
c1ccc2[nH]nnc2c1,8.39,training
CN(C)c1ccc(C(=O)O)cc1,4.96,training
Cc1ccccc1-c1nn[nH]n1,4.09,training
O=C(O)c1cc(Cl)co1,2.69,training
CN(C)C(=O)c1ncnc2[nH]cnc12,7.9,training
O=C(NCO)c1ccccc1,13.05,training
Cc1cc(C)[nH]n1,15.0,training
Cc1nc2[nH]c(=O)[nH]c(=O)c2[nH]1,9.7,training
O=C(O)C1CCCN1C(=O)C1CCCN1,3.16,training
O=S(=O)(O)c1ccc(O)c2c[nH]nc12,7.6,training
CCCC1(Br)C(=O)NC(=O)NC1=O,6.6,training
Cc1cccc(N)c1C(=O)O,3.2,training
C=C(F)C(=O)O,2.55,training
CCCO,15.97,training
Cc1cc(C2(c3ccc(O)c(C)c3)OS(=O)(=O)c3c(Br)c(Br)c(Br)c(Br)c32)ccc1O,7.53,training
O=C(C[n+]1cccc2c3ccccc3ccc21)c1ccc(-c2ccccc2)cc1,11.25,training
O=C1N=CCc2nnnn21,6.95,training
Oc1ccc(OCc2ccccc2)cc1,10.47,training
ON=C(O)c1ccccn1,8.6,training
C[n+]1ccccc1S,-1.42,training
O=c1cnc2ccccc2[nH]1,-1.37,training
O=C(O)c1ccc(C2CC2)cc1,4.42,training
NC(=O)CS(=O)(=O)NC(N)=O,5.05,training
COc1ccc(NC=S)cc1,11.74,training
COC(=O)c1ccccc1-n1[nH]c(=O)cc1C,12.3,training
Cc1ccc(NC(=S)c2ccc(Cl)cc2)cc1,11.18,training
O=C(O)c1cc2ccccc2cc1O,2.71,training
O=C(O)CCC(=O)c1ccc2ccccc2c1,4.96,training
O=C(O)c1sccc1[N+](=O)[O-],2.68,training
CC(=O)c1ccc(S)cc1,5.33,training
O=[N+]([O-])c1ccc(O)c(CN2CCCCC2)c1,5.88,training
O=Nc1c(S(=O)(=O)O)cc(O)c2c[nH]nc12,7.15,training
O=C(O)C12CCC(C1)C2,3.96,training
O=C(O)c1cc(-c2ccccc2)oc(=O)c1,3.3,training
CCNc1ncnc2[nH]ncc12,10.9,training
C[N+](C)(C)CCC[N+](C)(C)CCCNC(=O)C=NO,8.31,training
Cc1ccccc1O,10.22,training
CC(C)(C)Cc1ccccc1O,10.69,training
CCC1(CC)OC(=O)NC1=O,5.7,training
CCOC(=O)COc1ccc(S(=O)(=O)c2ccc(O)c(CN)c2)c(Cl)c1Cl,6.67,training
NC(Cc1c[nH]cn1)C(=O)NCC(=O)O,2.4,training
c1cn[nH]c1,14.18,training
O=C(O)c1ccc(C=C[N+](=O)[O-])cc1,3.94,training
CCN(CC)Cc1cccc(C)c1O,10.02,training
N#CC(=NC(C#N)=C(C#N)C#N)C(C#N)C#N,2.1,training
O=C(O)C=CCCl,4.14,training
Oc1c(Br)cccc1Br,6.6,training
O=C(O)c1ccc(CCl)cc1,4.13,training
C1COCCOCc2n[nH]c(n2)COCCOCCO1,9.55,training
CC(=O)c1cccc(=O)c(O)c1,6.16,training
c1cnc2[nH]cnc2c1,11.08,training
O=C(O)C#CBr,1.9,training
CC(=O)Nc1ccc(S)cc1,6.08,training
CCOc1cc(C)nc(-n2[nH]c(C)cc2=O)n1,7.35,training
Cc1c[nH]c(C(=O)O)c1,4.6,training
CCOC(=O)c1ccccc1-n1[nH]c(=O)c(CC)c1C,12.4,training
O=C(O)C1COCCO1,3.15,training
S=C(N=Nc1ccc2ccccc2c1)NNc1ccc2ccccc2c1,12.68,training
Cc1ccc(C(=O)C(=O)O)cc1C,1.36,training
CN(C)CCCCCCCCCCNC(=O)C=NO,9.02,training
Sc1ccc(Br)cc1,5.8,training
Oc1ccc(O)n1O,6.04,training
Nc1c2ccccc2nc2ccc(O)cc12,7.71,training
CN(C)CCCCCCNC(=O)C=NO,8.93,training
CCSC(C)C(=O)O,3.8,training
COc1ccc(C(=O)c2cc[nH]n2)cc1,12.09,training
CC(C)=CCC(=O)O,4.6,training
O=C(O)c1ccc(F)c([N+](=O)[O-])c1,3.37,training
CN(C)CCCCCCCCNC(=O)C=NO,8.97,training
Cn1ccnc1CS,8.88,training
O=[N+]([O-])c1ccc2c(c1)Cc1cc(O)ccc1-2,9.01,training
CC(C)C1C(=O)c2ccccc2C1=O,7.4,training
O=S(=O)(O)c1c(O)ccc2c[nH]nc12,9.45,training
Cc1cc(O)ccc1[N+](C)(C)C,8.34,training
Cc1[nH]ccc1C(=O)O,5.8,training
COc1ccc2c(c1)CCC(=O)C2,13.27,training
O=C(O)CC1CCCCO1,4.39,training
C[Si](C)(C)O[Si](C)(C)CCCC(=O)O,5.03,training
OCC(O)c1oc(O)c(O)c1O,4.13,training
O=C(O)c1cccc2ccc(O)cc12,3.69,training
O=C(O)CC(O)c1ccccc1,4.4,training
CC(=O)c1ccc(N=NC(C#N)C#N)cc1,5.85,training
O=C(O)C1CCC(O)CC1,4.76,training
CCC=CCC1=NC(C(=O)O)C2SC(C)(C)C(C(=O)O)N12,2.4,training
Cc1cc(Nc2ccc(O)cc2)c(C(C)C)cc1O,10.295,training
Nc1ccc(S(=O)(=O)Nc2ccn(-c3ccccc3[N+](=O)[O-])n2)cc1,7.0,training
CC(C)Oc1ccc(C(=O)O)cc1,4.57,training
O=c1cc(O)cc[nH]1,1.37,training
OC(O)c1ccccn1,12.8,training
CBr,15.4,training
ONc1cc[n+](O)c2ccccc12,3.89,training
Nc1cc(N2CCOCC2)nc(N)n1,-0.35,training
CCOC(=O)c1c(C)nc(C)c(C(=O)OCC)c1-c1cccc(NS(=O)(=O)c2ccc(N)cc2)c1,9.7,training
CCN1CCCC1CNC(=O)c1c(OC)ccc([N+](=O)[O-])c1O,5.75,training
CCCCc1c(C)[nH]n(-c2ccccc2)c1=O,11.4,training
O=C(O)C(=O)c1ccccc1,1.22,training
CNc1nnc(S(N)(=O)=O)s1,7.8,training
C[n+]1ccc(-c2nc3ccccc3[nH]2)cc1,8.89,training
Cc1ccc([N+](C)(C)O)cc1,4.32,training
CCc1cc2c(C)cc(=O)oc2cc1O,8.01,training
NNC(=O)C(F)F,9.66,training
C=CCC1(C2=CCCCC2)C(=O)NC(=S)NC1=O,7.09,training
COc1ccc2cc(O)ccc2c1,9.64,training
Cc1ccc(S(=O)(=O)NCCC(=N)N(C)C)cc1,9.84,training
CCCCCCc1c(-c2ccccc2)[nH]n(-c2ccccc2)c1=O,7.4,training
C[N+]1(CC(=O)O)CCCCC1,2.01,training
COC(=O)c1ccccc1S,6.3,training
O=C1c2ccccc2C(=O)N1O,6.13,training
COC1CC1C(=O)O,4.615,training
O=C(O)c1ccc[n+]([O-])c1,2.95,training
O=C(O)C1C2CCC1CC2,4.85,training
COc1ccc(C=O)cc1O,8.89,training
CCCC(C)C1(CC)C(=O)NC(=O)NC1=O,8.08,training
O=C(O)CCCCc1ccccc1,4.88,training
CCCCC#CC(=O)O,2.61,training
Nc1ccc(S(=O)(=O)Nc2ccccn2)cc1,8.51,training
O=C1C(=O)C(C(=O)c2ccccc2)C(=O)c2ccccc21,2.17,training
O=Cc1ncnc2[nH]cnc12,8.8,training
COc1ccc(C(=S)Nc2ccc(Cl)cc2)cc1,10.93,training
CC1(C)OC(=O)NC1=O,6.15,training
COc1ccc(C(=O)OC2OC(C(=O)O)C(O)C(O)C2O)cc1OC,3.47,training
COc1ccc(C2CC2C(=O)O)cc1,4.62,training
CP(C)(=O)O,3.08,training
Cc1nccc2c1[nH]c1ccccc12,14.5,training
CC(=O)CC(=O)Nc1cccc(C)c1,10.0,training
O=c1[nH]cnc2ccccc12,2.12,training
CCN(CC)CC(=NO)C(C)=NO,8.5,training
CCOC(=O)CC(C)=O,9.51,training
O=CNOC(=O)C=Cc1ccccc1,5.9,training
Cc1cc(O)c(C(C)C)cc1C,10.79,training
C#CC#CC=C=CC(O)CCC(=O)O,4.8,training
O=C(O)C=Cc1ccco1,4.29,training
CN(C)Cc1cc(F)ccc1O,8.12,training
CC(C)c1cccc(=O)c(O)c1,7.22,training
O=[N+]([O-])c1ccc2c(O)cccc2c1,8.49,training
Cn1c(CCl)nc2c(O)ccc(O)c21,8.4,training
CC(C)Nc1ncnc2[nH]ncc12,10.99,training
CC1=NS(=O)(=O)c2cc(Cl)ccc2N1,8.62,training
O=C(O)C1CCCCn2nnnc21,3.4,training
Cc1ccc(C(=S)Nc2ccc(Br)cc2)cc1,10.81,training
CC1CCC(=O)C1=O,9.6,training
CC(Br)=[N+]([O-])O,7.17,training
CCC[Si](C)(CCC)CC(=O)O,5.65,training
CC=C(C)C=C(C)C(=O)CC(O)CC1CC(=O)NC(=O)C1,11.2,training
O=C(O)CCc1c[nH]cn1,4.0,training
Cc1[nH]n(C)c(=O)c1Cc1ccccc1,10.9,training
ONc1ccc(O)cc1,9.83,training
O=C(O)CSc1cccc([N+](=O)[O-])c1,3.4,training
CC(=O)N1C[S+]([O-])CC1C(=O)O,2.5,training
Nc1ccc(B(O)O)cc1,9.17,training
COc1cccc(S)c1,6.39,training
Cc1cccc(C(O)C(C(=O)O)c2ccc(-c3ccccc3)cc2)c1,4.17,training
NNC(=O)C1(F)C(F)(F)C(F)(F)C(F)(F)C(F)(F)C1(F)F,9.14,training
CC(C)(C)CCCC(=O)O,4.88,training
Nc1n[nH]c(N)c1N=Nc1ccc(C(=O)O)cc1,4.68,training
CC(O)C1CNC(C(=O)O)C1CC(=O)O,3.645,training
Oc1ccc(Nc2ccc(O)cc2)cc1,10.04,training
O=C(O)C(O)c1ccccc1,3.34,training
Nc1nnnn1CC(=O)O,2.38,training
CCCCCCCCCCCC(=O)O,4.89,training
NS(=O)(=O)c1ccc(Cl)cc1,9.5,training
O=P1(O)CCCC1,2.51,training
Cn1c(=O)[nH]c2c(ncn2C)c1=O,6.3,training
CCSc1nccc(O)[n+]1C,0.9,training
C[n+]1ccc(C(=O)O)cc1,1.72,training
CCC(=O)CC(C)=O,9.36,training
O=C1NC(=S)NC12CCCCC2,8.79,training
OC(O)=c1cc(O)oc1=C(O)O,2.26,training
Cc1cnc(C(=O)O)s1,3.03,training
CC1(C)CC(=O)C(Br)C(=O)C1,3.1,training
Fc1ccc(NC(=S)c2ccc(Cl)cc2)cc1,10.41,training
CN(C)CCNS(=O)(=O)c1cccc2c(N(C)C)cccc12,8.33,training
Cc1cc([N+](=O)[O-])cc(C)c1O,7.22,training
Cc1ccc(NC=S)cc1,11.64,training
O=C(O)C1CCC(C(=O)O)S1,3.32,training
O=COO,7.1,training
C[n+]1ccsc1N,9.65,training
FC(F)(F)c1nc2cncnc2[nH]1,5.12,training
COc1ccc(C(=S)Nc2ccccc2)cc1,11.27,training
CC(C)(C)NCC(=O)c1ccc(O)cc1,7.9,training
N#CC[N+](=O)[O-],4.86,training
CC(=O)c1cc(C(=O)c2ccccc2)[nH]n1,9.01,training
CC1(CC2CCOC2)CC2C34COC(=O)CC3OC(C)(C)C4CC(=O)C2(C)C2(C1)OC2C(=O)O,2.7,training
COc1cnc(N)s1,4.98,training
c1cc(-c2nn[nH]n2)cc(-c2nn[nH]n2)c1,3.38,training
Cc1ccc(N[N+](=O)[O-])cc1,4.88,training
O=C(Oc1ccc([N+](=O)[O-])cc1[N+](=O)[O-])c1ccc(O)cc1,7.68,training
Cc1cc(C)c2cccc(O)c2n1,10.6,training
Oc1ccccc1I,8.4,training
Cc1nnn(CC(=O)O)n1,2.23,training
N#CC(C#N)N=Nc1c(Cl)cccc1Cl,4.7,training
c1ncc2[nH]cnc2n1,8.92,training
O=C(O)C1CC1c1cccc(Cl)c1,4.51,training
Cc1ccc([N+](=O)[O-])cc1C(=O)O,3.17,training
O=C(O)C1=C(CO)CC1,4.16,training
CN(C)S(=O)(=O)c1ccc(NS(=O)(=O)c2ccc(N)cc2)cc1,6.23,training
OC(c1ccccc1)c1ccccn1,12.85,training
Cc1cc(=O)n(-c2ccccc2)[nH]1,11.3,training
CC1C(=O)CC(C)(C)CC1=O,5.6,training
NC(O)=c1cc(O)[nH]c1=C(O)O,3.0,training
CC[Si](C)(C)CCCC(=O)O,5.02,training
Nc1ccnc2c(O)cccc12,6.91,training
CC=C(C(=O)O)c1ccc([N+](=O)[O-])cc1,5.0,training
O=C(C[n+]1cccc2c3ccccc3ccc21)c1ccccc1,11.35,training
O=[N+]([O-])Cc1cccc([N+](=O)[O-])c1,6.3,training
O=C(O)CCc1ccccc1,4.59,training
O=[N+]([O-])c1cccc(NC=S)c1,10.3,training
O=[N+]([O-])c1cccc(C=NO)c1,10.445,training
Oc1ccc2c(cnc3ccccc32)c1,8.68,training
Cc1ccc(C(=O)C[n+]2cccc3c4ccccc4ccc32)cc1,11.7,training
Cc1cccc(C(=O)O)c1,4.28,training
NS(=O)(=O)c1ccccc1,9.7,training
C[n+]1cccc(CC(=O)c2ccccc2)c1,6.75,training
CC12CC(=O)NC1(CCC(=O)O)C(=O)NC2=O,4.4,training
CC(C#N)(CC(=O)O)c1ccccc1,3.99,training
CC1(C)C(=O)CC(=O)CC1=O,4.2,training
N#Cc1ccc(C(=O)S)cc1,1.42,training
Cc1cc(C)c(C(=O)C(=O)O)c(C)c1,1.34,training
Nc1c[nH]nc1[N+](=O)[O-],9.5,training
Nc1ccc(-c2nn[nH]n2)cc1,4.55,training
CC(C)CNC=S,12.8,training
O=C(O)C1CSCN1,1.58,training
NCCC=CC(=O)O,3.83,training
CC(C)c1ccccc1C(=O)O,3.64,training
O=C1C=CCN=N1,-1.8,training
Nc1c2ccccc2nc2cc(O)ccc12,6.63,training
Cc1[nH]n(-c2ccccc2)c(=O)c1C,11.3,training
O=C1CCC(C(=O)O)N1,3.325,training
CCOC(C)=NO,11.37,training
Cc1c(Cn2ccnc2)oc2ccc(C(=O)O)cc12,3.91,training
O=C(O)c1nc2ccccc2[nH]1,0.4,training
O=C1CC(c2ccccc2)N=N1,11.4,training
CCCOC(=O)c1ccc(O)cc1,8.3,training
C(CNCCc1nn[nH]n1)NCCc1nn[nH]n1,3.6,training
CCc1c(C)n(-c2ccccc2C(=O)O)[nH]c1=O,12.2,training
Cc1csc(C(=O)O)c1,3.66,training
FC(F)(F)c1ncnc2[nH]cnc12,7.35,training
N#Cc1c(-c2nc3ccccc3s2)c(=O)oc2cc(O)ccc12,6.38,training
c1ccc(-c2nc3ccccc3[nH]2)nc1,12.05,training
N#CCC(C(=O)O)c1ccccc1,3.44,training
CC(=O)c1cc(F)cc(NC(=O)c2nn[nH]n2)c1O,2.36,training
CC(I)=[N+]([O-])O,7.24,training
CC(C)=C(C(N)=O)C(=O)O,3.95,training
COc1ccc(O)cc1C,10.24,training
CC(=O)C(Cc1ccc(C#N)cc1)C(C)=O,9.69,training
Cc1cc(=O)oc2cc(O)ccc12,7.8,training
C[n+]1ccccc1N,12.2,training
CC(=O)c1cccc(NC(N)=S)c1,12.1,training
CC(C)P(=O)(O)C(C)C,3.56,training
CSc1ccc(C(=O)O)cc1,4.23,training
CN(C)Cc1cc(OCc2ccccc2)ccc1O,11.48,training
NS(=O)(=O)c1ccc(N=Cc2ccccc2O)cc1,6.63,training
COc1ccc(O)c(N)c1,10.0,training
CC1=NS(=O)(=O)c2cnccc2N1,7.6,training
Cc1cccc(C(C)C)c1O,10.85,training
O=C(O)c1ccccc1C(=O)c1ccccc1,3.54,training
CCOC(=O)C(CC)C(C)=O,12.74,training
Oc1ccc(N=Nc2ccccc2)cc1,8.44,training
O=C(O)C=Cc1c[nH]cn1,3.25,training
O=C1CC(c2ccccc2)NC(=O)N1,11.22,training
Cc1cccc(NC=S)c1,11.55,training
C=CC(Cl)C(=O)O,2.54,training
O=C(O)CCc1ccc([N+](=O)[O-])cc1,4.54,training
CCOCCn1c(N2CCCN(CCCCn3cc(C(=O)O)cn3)CC2)nc2ccccc21,3.7,training
O=C(O)c1ccc[nH]1,4.35,training
Oc1ccc(-c2cc(=S)ss2)cc1,7.86,training
C#CCCC(=O)O,4.2,training
Cc1nc([N+](=O)[O-])c[nH]1,9.75,training
CCC(=O)c1cc(C(=O)c2ccccc2)[nH]n1,9.14,training
CCC1(C2=CCCCC2)C(=O)NC(=S)NC1=O,7.12,training
CCCSC(C)C(=O)O,3.82,training
Oc1cccnc1,5.01,training
CC(C#N)CC(=O)O,3.95,training
CC(=O)c1ccc(C(=O)O)s1,3.0,training
CCOc1ccccc1C(=O)O,4.18,training
Nc1nc(N)c2[nH]cnc2n1,10.77,training
O=c1o[nH]c(-c2ccccc2)c1Br,2.3,training
COc1ccc(CC(=O)O)cc1,4.36,training
C[n+]1ccc(C(=O)c2ccccc2)cc1,12.25,training
CCS(=O)O,2.27,training
CC=CC=CC(=O)O,4.52,training
CC(=O)Nc1ccc(S(=O)(=O)Nc2nccs2)cc1,5.87,training
Cc1csc(-c2ccc(NS(=O)(=O)c3ccc(N)cc3)cc2)n1,8.5,training
Brc1ccccc1-c1nn[nH]n1,3.83,training
O=C(O)CCC1NC(=O)CNC1=O,4.36,training
O=C(O)c1ccoc1,3.94,training
O=C1C(=O)C(c2ccccc2)C(=O)c2ccccc21,4.35,training
Cc1cc(Nc2ccc(O)cc2)cc(C)c1O,10.45,training
O=c1[nH]c(=O)c2ncn(C3OC(CO)C(O)C3O)c2[nH]1,5.72,training
CC(C)NCCc1ccc(O)cc1,9.59,training
Cc1nnc(NS(=O)(=O)c2ccc(N)cc2)s1,5.46,training
O=C(O)c1csc(Cl)n1,3.3,training
CCNCC(=O)O,2.31,training
CCCCC(CC)C(=O)O,4.76,training
Cc1cccc(O)c1C(=O)Oc1ccccc1,8.63,training
O=C(O)CCCc1ccccc1,4.78,training
COCCNC(=S)S,2.85,training
O=C(O)Cc1nn[nH]n1,3.1,training
COC(=O)CC1C(C(=O)O)NCC1C(C)O,2.4,training
O=C(O)c1cccc(Oc2ccccc2)c1,3.95,training
Cc1ccc(C)c(C(=O)C(=O)O)c1,1.45,training
C=C(SC1CCCCC1)C(=O)O,3.4,training
O=[PH](O)c1ccccc1,1.63,training
Cc1cc(C(=O)O)ccc1[N+](=O)[O-],3.65,training
CC(C)N(CCC(C(N)=O)(c1ccccc1)c1ccccn1)C(C)C,10.2,training
COc1ccc(O)c(N=Nc2nc(C)cs2)c1,7.98,training
O=P1(O)CCCCC1,2.73,training
O=CC(=O)CO,5.03,training
Cc1ccc(O)c(CO)c1,10.15,training
CC(c1cccc(C(F)(F)F)c1)[N+](=O)[O-],6.96,training
CC1=C(C)C(=C(C)C(=O)O)CC1=O,3.1,training
CCCCOc1ccc(O)cc1,10.23,training
CN1CCC(n2[nH]c(-c3ccccc3)c(Cc3ccccc3)c2=O)CC1,6.73,training
C#[N+]O,5.0,training
Cc1ccc(C=NO)cc1,10.94,training
CCCCCCCCCc1c(-c2ccccc2)[nH]n(-c2ccccc2)c1=O,7.2,training
CN(C)Cc1cc(CC(C)(C)C)ccc1O,11.48,training
O=[N+]([O-])c1ccc(O)cc1,7.13,training
Cc1[nH]n(-c2ccccc2)c(=O)c1C(C)C,11.6,training
c1cc[nH]c1,16.5,training
Cc1cc(C(N)=O)cc(C)[n+]1O,2.08,training
O=S1(=O)Cc2cc(Br)ccc2N=CN1,9.3,training
Cn1c(=O)[nH]c2[nH]cnc2c1=O,7.88,training
C=C(C)C1CNC(C(=O)O)C1CC(=O)OC,1.95,training
Oc1ccc(N=Nc2nc3ccccc3s2)c2cccnc12,7.2,training
Cn1cnc(C(=O)O)c1C(=O)O,-0.88,training
CN(C)c1cccc[n+]1O,2.27,training
CN(C)C=Nc1ccc(O)cc1,10.54,training
COC(=O)Nc1ncnc2[nH]cnc12,9.68,training
COc1ccc(B(O)O)cc1,9.32,training
NC(=O)c1ccccc1C(=O)O,3.75,training
Cn1c(=O)c2c([nH]c(=O)n2C)n(C)c1=O,6.0,training
O=C(O)c1ccccc1[N+](=O)[O-],2.23,training
Cc1ccc2c(c1O)-c1c-2ccc(C)c1O,8.04,training
Oc1ccc(N=Nc2ccncc2)cc1,7.73,training
O=C1Cc2cc(O)ccc21,7.24,training
O=C(O)C1CCCCN1,2.5,training
O=[N+]([O-])C=Cc1cccc(O)c1,9.05,training
CCOC(=O)C1CCCCC1=O,11.9,training
CC(=NO)NO,10.75,training
CC(C)(OO)c1ccccc1,12.64,training
CC(P)C(=O)O,4.15,training
C[Si](C)(C)CCCCCC(=O)O,5.06,training
COO,11.5,training
O=[N+]([O-])c1n[nH]c(Oc2ccccc2)n1,4.2,training
CC(=CC=CC(C)C(=O)O)C1CNC(C(=O)O)C1CC(=O)O,2.1,training
O=C(c1ccccc1)c1ccccc1O,9.3,training
CC(=O)C1CCCCC1=O,10.21,training
COC(=O)c1ccc(O)cc1,8.34,training
O=C(O)C1CCC(C(=O)O)C1,4.88,training
CCN1CCCC1CNC(=O)c1c(O)c(Cl)cc(Cl)c1OC,5.75,training
NC(=O)CC(=O)c1ccncc1,7.91,training
O=C1N=NCc2ccccc21,-2.0,training
NC(Cc1[nH]nc2ccccc12)C(=O)O,2.2,training
C[n+]1c2ccccc2cc2ccc(N)cc21,11.85,training
O=C(O)c1ccc([N+](=O)[O-])cc1,3.43,training
O=C(O)c1ccc(OCc2ccccc2)cc1,4.44,training
NC(=O)c1cccnc1,13.5,training
CC(C)CCC(=O)O,4.84,training
O=C(O)C1(O)CCCC1,4.11,training
CN(C)c1cccc2c(S(N)(=O)=O)cccc12,9.9,training
COC(=O)[n+]1ccc(C)cc1,6.15,training
O=C1C=NCC=N1,-0.1,training
Cc1cc(=O)[nH][nH]1,10.9,training
CN1C2CC=C(C(=O)O)C1CC2,3.93,training
CCOc1cccc(C(=O)O)c1C,3.73,training
Cc1ccc(NC(=S)c2cccc(Br)c2)cc1,10.89,training
NCc1ccccc1S(N)(=O)=O,10.11,training
COc1ccc(C(=O)O)cc1C,4.35,training
O=C1C(=NO)CCC1=NO,7.95,training
Cc1ccccc1SCC(=O)O,3.46,training
CN(C)CCc1c[nH]c2ccc(O)cc12,9.73,training
NC(=O)CC(N)C(N)=O,7.0,training
CCc1cc(CC)c(OC)c(C(=O)NCC2CCCN2CC)c1O,7.24,training
O=c1cc(S(=O)(=O)O)[nH]c(=O)[nH]1,7.26,training
O=C(O)CC1NC(=O)CNC1=O,3.93,training
CC(=O)Nc1ccc(S(=O)(=O)Nc2nccc(C)n2)cc1,5.46,training
Cc1ccc(O)cc1[SH](C)C,8.01,training
CC(C)(C)OO,12.8,training
c1ccc(-c2nc3cncnc3[nH]2)cc1,8.09,training
Nc1nc(=O)c2ncn(C3C=CC(CO)C3)c2[nH]1,3.15,training
CC1(C)NC(=S)NC1=S,7.65,training
CC(C)OO,12.1,training
CO,15.52,training
O=[PH](O)C(NCc1cccnc1)c1ccccc1O,2.35,training
O=C(O)C(=O)C=Cc1ccccc1,1.97,training
Oc1cccc2ccccc12,9.44,training
CC#CC=CC(=O)O,4.2,training
S=C(Nc1ccc(Br)cc1)c1ccc(Cl)cc1,10.24,training
NS(=O)(=O)c1ccsc1C(=O)O,3.3,training
O=[N+]([O-])c1cc2cc(O)ccc2cc1Cl,8.56,training
CCCC(O)C(C(=O)O)c1ccc(-c2ccccc2)cc1,4.01,training
C[N+](C)(C)NC(=O)c1ccc([N+](=O)[O-])cc1,3.11,training
Oc1ccc2c(c1)Cc1ccccc1-2,9.51,training
CCN(CC)Cc1cc([N+](=O)[O-])c2ccccc2c1O,2.82,training
Oc1[nH]c(O)c2c1CCC2,9.53,training
Cc1cnc2c(O)cccc2c1,9.75,training
N#CC(Br)C#N,5.0,training
COc1ccc(NC(=S)c2ccc(Cl)cc2)cc1,11.26,training
Nc1ccc(S(=O)(=O)Nc2ccc(S(N)(=O)=O)cc2)cc1,7.85,training
N=C=O,3.67,training
Oc1cccc(I)c1,9.02,training
CC(NC(=O)C1CCC(=O)N1)C(=O)O,3.6,training
CC(C)(O)C(C(=O)O)c1ccc(-c2ccccc2)cc1,3.76,training
CC(=O)CC(=S)Nc1ccc(C)cc1,7.65,training
O=[N+]([O-])Nc1ccccc1,4.74,training
O=C(O)CN(CC(=O)O)Cc1ccccc1O,2.2,training
Cc1[nH][nH]c(=O)c1-c1ccccc1,11.4,training
CNS(=O)(=O)C(F)(F)F,7.56,training
O=c1cc[nH]c2ccccc12,2.27,training
CCOC(=O)C[N+](=O)[O-],5.82,training
CC1=NCCc2c1[nH]c1ccc([N+](=O)[O-])cc21,12.55,training
COc1ccc(CC(C(C)=O)C(C)=O)cc1,10.57,training
COc1cc(CO)ccc1O,9.79,training
CCC(=O)NBr,8.2,training
O=C(O)CCC1CCCCC1,4.91,training
Cc1ccc(S(N)(=O)=O)cc1C,9.62,training
CN(C)Cc1cccc(NC(=O)C=NO)c1,8.28,training
COc1cccc(CCC(=O)O)c1,4.65,training
COc1cccc(OC)c1-c1nc2ccncc2[nH]1,10.9,training
Nc1nc[nH]n1,10.72,training
O=C(C=NO)CCl,7.9,training
COc1ccc(NS(=O)(=O)c2ccccc2)cc1,8.88,training
O=c1cc(O)[nH]cn1,5.4,training
Oc1ccc(O)c2ccccc12,9.25,training
CSc1ncnc2[nH]ncc12,9.65,training
Nc1ccc(CC(=O)O)cc1,3.49,training
CC(C)CCCN(C)CCCNC(=O)C=NO,8.72,training
CSC(C)C(=O)O,3.76,training
COC(=O)C1=C(C(=O)OC)CC=C1,5.0,training
O=c1cc(CO)occ1O,7.82,training
CC(C)=C(C#N)C(=O)O,3.04,training
CC(C(=O)O)c1ccc(-c2ccccc2)c(F)c1,4.22,training
CC(=O)N=c1sc(S(N)(=O)=O)nn1C,7.3,training
CNCC(O)c1cccc(O)c1,9.84,training
CCC1(CC)C(=O)NC(=O)N(C(=O)c2ccccc2OC)C1=O,6.54,training
O=C(O)CI,3.16,training
NC(=O)C(O)C(N)C(=O)O,2.12,training
O=[N+]([O-])c1ccc(NC=S)cc1,10.11,training
Fc1cc(F)c(F)c(S)c1F,2.75,training
O=C(O)c1ccccc1S,7.6,training
CCCN[N+](=O)[O-],6.47,training
CC(CC(C)(C)[N+](=O)[O-])[N+](=O)[O-],8.95,training
CC(=NO)C(=O)CO,9.16,training
FC(F)(F)c1cccc(NC=S)c1,10.78,training
COc1cccc(=O)c(O)c1,7.24,training
O=C1C=C2C=CC=CC2N=N1,0.21,training
CCOC(=O)c1ccc(O)cc1,9.34,training
O=[N+]([O-])c1ccc(-c2ccc(O)cc2)cc1,9.01,training
CC(=Nc1ccccc1O)c1ccccc1O,9.23,training
O=c1c(O)c1-c1ccccc1,2.01,training
O=S(=O)(Nc1cccc(C(F)(F)F)c1)C(F)(F)F,3.5,training
Oc1c(C(Nc2nc3ccccc3s2)c2ccccn2)ccc2cccnc12,10.94,training
O=c1nc2ccccc2c[nH]1,1.3,training
Cn1n[n+](C)nc1N,2.5,training
C[N+](C)(C)Cc1ccccc1O,8.71,training
O=[N+]([O-])c1ccc(B(O)O)cc1,7.15,training
O=C(O)C=C(I)c1ccccc1,3.4,training
COC(=O)c1cc(O)c(O)c(O)c1CN(C)C,6.8,training
Nc1cccc(C(=O)O)c1,3.09,training
CNC(C)(C)C(=O)O,2.2,training
O=C(O)c1ccc2ccccc2n1,1.79,training
C[N+](C)(C)c1cccc(O)c1,8.07,training
O=P(O)(C1CCCCC1)C1CCCCC1,3.47,training
O=C(O)c1ccc(O)cc1,4.57,training
Cc1cc(C(N)CO)c(O)c(C(N)CO)c1,6.3,training
N#CC(C#N)C(c1ccccc1)C(C#N)C#N,6.19,training
CC(=O)Oc1cccc2cccc(O)c12,9.69,training
CC(C)c1ccc(C(=O)O)cc1,4.31,training
COc1cc(C(N)=O)ccc1-c1nc2cn(C)nc2[nH]1,12.3,training
O[n+]1ccccc1,0.77,training
NS(=O)(=O)c1cc(C(=O)O)c(NCc2ccco2)cc1Cl,3.62,training
CCC(C)C(N)C(=O)O,2.285,training
CC1CC(C)C(=O)C(C(O)CC2CC(=O)NC(=O)C2)C1,11.2,training
O=P(C1CCCCC1)(C1CCCCC1)C1CCCCC1,13.74,training
O=[N+]([O-])c1ccccc1-c1nn[nH]n1,2.98,training
Cc1c(Cc2c(C)n(C)[n+](-c3ccccc3)c2O)c(=O)n(-c2ccccc2)n1C,1.51,training
C[n+]1ccc2cc(O)ccc2c1,6.06,training
Nc1ccc(S(=O)(=O)Nc2ncco2)cc1,6.5,training
S=C(S)NC1CCCCC1,2.95,training
CC(NC(=O)C(CCC(N)=O)NC(=O)C1CCC(=O)N1)C(=O)O,3.67,training
c1nc2cc3c(cc2[nH]1)CCCC3,13.33,training
O=C(O)C1CC1Br,4.09,training
NNC(=O)CF,11.3,training
O=Cc1cccc(B(O)O)c1,7.8,training
CCC(=O)O,4.83,training
O=S(=O)(O)c1ccc2c(N=Nc3ccc4[nH]cnc4c3)c(O)c(S(=O)(=O)O)cc2c1,9.8,training
Cc1cc(Cl)cc(Cl)c1O,7.85,training
O=C(O)C(Cl)=NO,1.5,training
CC(c1ccc([N+](=O)[O-])cc1)[N+](=O)[O-],6.51,training
CCc1cccc2ccc(O)cc12,9.54,training
CC(C)(C)S,11.14,training
COc1cc(C)ccc1C(=O)O,4.38,training
CN(C)Cc1ccccc1O,10.96,training
CCCCCCCP(=O)(CCCCCCC)CCCCCCC,12.81,training
Cc1cc(C=O)c(O)c(C=O)c1,6.2,training
Nc1ccc(P(=O)(Nc2nccs2)OCC(F)(F)F)cc1,8.7,training
C[N+](C)(C)CCCc1ccc(O)cc1,9.8,training
Nc1ccc(O)c2ncccc12,11.24,training
C=c1nc2c(O)c3c(c(O)c2n1C)=NC=NC3=O,1.15,training
Oc1ccccc1,9.97,training
Cc1ccc(C=CC(=O)C(=O)O)cc1,1.96,training
NCCc1cccc(O)c1,9.27,training
CC(=O)c1cc[nH]n1,11.85,training
[N-]=[N+]=Nc1ncnc2[nH]cnc12,7.6,training
Cc1nnc(C)n1N,9.85,training
[O-][S+](Cc1ccccc1)c1c[nH]nn1,6.09,training
CCc1cc(C(C)C)ccc1O,10.77,training
O=C(O)CCCc1c[nH]cn1,4.26,training
O=[N+]([O-])c1ccc(C(O)=NO)cc1,8.02,training
CC1(C(=O)O)CCC=[N+]1[O-],2.95,training
NS(=O)(=O)c1cccc(C(=O)O)c1,3.61,training
Cc1ccc(OCC(=O)NC2C(=O)N3C2SC(C)(C)C3C(=O)O)cc1,2.8,training
Oc1ccccc1CN1CCOCC1,10.27,training
O=C(O)c1ccc(O)c2ncccc12,9.32,training
CC(C)(C)Cc1ccc(O)cc1,10.71,training
CN(C)Cc1cc([N+](=O)[O-])ccc1O,5.75,training
NCc1cccc(S(N)(=O)=O)c1,10.14,training
Nc1nc(=S)nc(N)[nH]1,10.2,training
CCN(CC)C(=S)NC(=O)c1ccc(Cl)cc1,8.0,training
CC(C)(C=CC(=O)O)c1cc([N+](=O)[O-])ccc1O,4.26,training
Oc1ccc2[nH]cnc2c1,10.01,training
S=C1N=C(c2ccccc2)C(SCc2ccccc2)N1,9.55,training
Fc1cccc(NC=S)c1,10.89,training
S=c1cccc[nH]1,-1.22,training
Cc1ccc(C)c(C(=O)O)c1,3.97,training
C[n+]1cc(O)cc2ccccc21,5.42,training
N#CC(CCCCC(=O)O)c1ccccc1,4.75,training
Nc1cccc[n+]1O,2.67,training
O=C(CC(=O)C(F)(F)F)c1ccccc1,6.3,training
Cc1ccc(C(=O)C[SH](C)C)cc1,8.9,training
O=C(O)C(P)CCC(P)C(=O)O,4.015,training
C[n+]1cc(S)cc2ccccc21,2.4,training
COc1cc(C=O)ccc1O,7.38,training
Cn1nc([N+](=O)[O-])nc1NN=O,3.22,training
O=C(O)c1cccc[n+]1[O-],3.54,training
O=C1C=CCC=N1,0.75,training
Cc1ccc(S(=O)(=O)NCC(=O)O)cc1,11.4,training
CC(C)CCC1C(=O)C(CCC(C)C)(CCC(C)C)C(=O)C1O,6.3,training
COCCO,14.88,training
N#CCc1ccc(C(=O)O)cc1,4.09,training
O=S(=O)(Cc1ccccc1)c1nc[nH]n1,6.23,training
O=Cc1ccc(O)cc1Cl,6.6,training
O=C(O)c1cnc(Cl)s1,3.0,training
CC1(C)NC(C)(C)[N+](O)=C1c1ccccc1,2.06,training
COc1cnccc1C(O)O,11.7,training
Oc1ccc2[nH]ncc2c1,10.05,training
OB(O)c1ccccc1,8.74,training
O=C(c1ccc(Cl)cc1)c1cc[nH]n1,11.87,training
CC(=O)Sc1ccc(O)cc1,8.88,training
CC(C)C12CNC(C(=O)O)C1CC(=O)O2,2.45,training
CONc1cc(=O)n(C)c(=O)n1C,10.58,training
CC(=O)CC(=O)Nc1ccccc1,9.94,training
NC(Cc1ccccc1)C(=O)O,2.255,training
OB(O)c1cccc(O)c1,10.84,training
NC(CC(=O)O)c1ccccn1,1.3,training
Cc1ccc(C(=S)Nc2ccc(F)cc2)cc1,10.97,training
CCc1nc(=O)s[nH]1,6.89,training
Nc1ccccc1OC1OC(C(=O)O)C(O)C(O)C1O,3.3,training
CNC(=O)CS(=O)(=O)NC(N)=O,4.89,training
O=C(C[N+](=O)[O-])c1ccccc1,5.19,training
COc1ccc(S)cc1,6.76,training
Nc1ncnc2c[nH]nc12,10.15,training
CC12CC(C(=O)O)OC(=O)C1CCC1(C)C2C2CCC1(O)C(=O)O2,3.5,training
C#CC(=O)O,1.89,training
O=C(O)CCl,2.85,training
Cc1ccccc1C=CC(=O)O,4.5,training
Cc1cc(=O)cc(O)o1,5.0,training
NNC(=O)c1ccccc1N,12.8,training
Oc1cccc2c1CCCC2,10.46,training
O=[N+]([O-])c1cc([N+](=O)[O-])c2nnn(O)c2c1,1.6,training
CC(=O)C(=NO)C(C)=O,7.44,training
CCCCCOc1ccc(O)cc1,10.23,training
COc1c(C(=O)O)oc2ccccc12,3.7,training
NC(=NO)c1ncnc2[nH]cnc12,9.4,training
Cc1cccc(C(=O)O)c1[N+](=O)[O-],2.91,training
O=C(O)c1ccc(Cl)s1,3.41,training
Cc1cccc(CN(C)C)c1O,11.1,training
O=C(O)C(CO)c1ccccc1,4.23,training
[O-][n+]1ccc(NO)c2ccccc21,9.52,training
Cc1ccc(O)c(=O)cc1,7.32,training
Nc1ccc(S(=O)(=O)Nc2ccncn2)cc1,6.17,training
O=Nc1c(O)cc(S(=O)(=O)O)c2[nH]ncc12,7.75,training
Cc1cc(C#N)cc(C)c1O,8.27,training
O=C(O)c1ccccc1-c1nn[nH]n1,2.9,training
C[n+]1c[nH]c2[nH]cnc2c1=O,2.0,training
CC(C)c1cccc(=O)c(O)c1Br,6.68,training
O=C(O)C=Cc1ccoc1,4.31,training
O=C(O)c1cccc(Cl)c1,3.8,training
CCC(=O)c1cc(C(C)=O)[nH]n1,9.05,training
O=[N+]([O-])CCO,9.4,training
O=C(O)c1cc[nH]n1,3.84,training
SCc1c[nH]cn1,9.54,training
O=[N+]([O-])c1cccc(C(O)=NO)c1,8.07,training
CCOC(=O)C(Cc1cccc(C)c1)C(C)=O,11.87,training
CCCCCCCCc1c(-c2ccccc2)[nH][nH]c1=O,10.2,training
O=C(O)Cc1c[nH]c2ccccc12,4.39,training
O=C(Oc1cccc([N+](=O)[O-])c1)C1c2ccccc2-c2ccccc21,9.84,training
C[Si](C)(C)CCC(=O)O,4.91,training
NCCc1nn[nH]n1,3.99,training
Cc1ccccc1N=NC(C#N)C#N,6.9,training
Oc1ccc2ccccc2c1,9.6,training
CSc1ncnc2[nH]cnc12,8.74,training
Cc1cccc(C(=O)O)c1C,3.73,training
O=C(O)Cc1cccs1,3.85,training
Cc1ccc(Br)c(C(=O)O)c1,3.0,training
O=C1C=CC(=O)c2c(O)cccc21,8.7,training
S=CNc1ccc(Cl)cc1,10.8,training
CCSC(C)O,14.34,training
Oc1cccc2c1CCC2,10.2,training
Cc1cc(O)ccc1C(C)C,10.31,training
C=CC#CCC(=O)O,3.41,training
O=C(O)C#CCl,1.89,training
O=C(O)C(O)Cc1c[nH]cn1,2.99,training
O=S1(=O)N=CNc2ccncc21,6.71,training
Cc1ccc(C(=O)O)c(Br)c1,3.09,training
O=[N+]([O-])c1n[nH]c(-n2cncn2)n1,2.0,training
CCOc1ccc(O)cc1,10.23,training
COc1ccccc1CCC(=O)O,4.8,training
CC(=O)[n+]1cccc(C#N)c1,1.62,training
CCC(C(=O)O)C(=O)N1CCCCC1,3.86,training
O=C(O)c1ccc([N+](=O)[O-])c2cccnc12,1.41,training
O=C(O)C12CNCCC1O2,2.63,training
CCc1cc([N+](=O)[O-])cc(CC)c1O,7.73,training
C#CC#CC#CCC(O)CCC(=O)O,4.75,training
CN(C)c1cc[n+](O)cc1,3.9,training
Oc1ccc2cnncc2c1,7.95,training
CCOC(=O)c1n[nH]c2c(c1=O)c(=O)n(C)c(=O)n2C,7.32,training
Cc1cc(Cc2cc([N+](=O)[O-])ccc2O)cc(C)c1O,7.12,training
O=C(O)C(CO)NCc1ccccc1O,2.1,training
O=CC1CCCCC1=O,6.35,training
CCN1CCCC1CNC(=O)c1c(O)cccc1OC,8.7,training
O=C(O)C(c1ccc(-c2ccccc2)cc1)C(O)C1CCCCC1,4.19,training
O=C(O)c1cc2ccccc2[nH]1,3.79,training
C=CCOc1ccc(C(=O)O)cc1,4.45,training
O=C(O)C1(C(=O)O)CCCC1,3.24,training
Nc1ccc(S(=O)(=O)Nc2ncccn2)cc1,6.42,training
CCCCCc1c(-c2ccccc2)[nH][nH]c1=O,8.4,training
Cc1ccc(OC(O)(CBr)c2ccccc2)cc1,11.23,training
CNc1nc2cncnc2[nH]1,9.56,training
OCc1ccc(O)cc1,9.82,training
N#CCC[n+]1ccc(C(N)=O)cc1,13.3,training
Nc1ccc(S(=O)(=O)Nc2cncnc2)cc1,6.62,training
CCN(CC)Cc1cc([N+](=O)[O-])ccc1O,5.75,training
O=C(O)c1cc(Cl)cc([N+](=O)[O-])c1,2.17,training
C[n+]1ccccc1O,0.32,training
O=C(O)CCP,4.23,training
CNCCS,8.02,training
NC(Cn1cccn1)C(=O)O,2.2,training
O=C(C=NO)C=NO,7.65,training
CN(C)CC(=O)O,1.99,training
COP(=O)(O)NS(=O)(=O)c1ccccc1,1.05,training
O=C(O)C1CCCCO1,3.84,training
CCC(CC(C)(C)[N+](=O)[O-])[N+](=O)[O-],9.73,training
Cc1ccc(I)c(C(=O)O)c1,2.95,training
O=C(CC(=O)c1ccccc1)Nc1ccccc1,9.54,training
S=c1[nH]c(S)c(-c2ccccc2)[nH]1,8.15,training
Cc1cc(C(C)(C)C)c(O)c(C(C)(C)C)c1,12.55,training
CC#CC#CC(=O)O,1.94,training
O=NNc1nc([N+](=O)[O-])nn1-c1ccccc1,3.33,training
Oc1cc2c(O)[nH]c(O)c2[nH]1,8.15,training
CCC(P)C(=O)O,4.08,training
OC(c1ccncc1)(c1ccncc1)c1cccnc1,11.9,training
Cc1cc(C(=O)C(C#N)C#N)cc(C)c1O,2.55,training
COc1cc([S+](C)[O-])ccc1-c1nc2[nH]ncc2[nH]1,12.02,training
O=C(O)Cc1ccoc1,4.07,training
CN(C)C=Nc1ccccc1O,11.02,training
Oc1ccc(Br)cc1,9.29,training
O=C(O)c1ccc(Br)cc1,3.99,training
Cc1ccc(O)c(Cc2cc(C)cc([N+](=O)[O-])c2O)c1,6.87,training
CN(C)C(=O)CC(=O)c1ccncc1,7.75,training
Cc1ccc(C(N)=S)cc1,12.8,training
CC(C)CS(=O)O,2.75,training
O=[N+]([O-])c1cc2nc[nH]c2cc1[N+](=O)[O-],8.92,training
Oc1ccccc1C1CCNCCNCCCNCCN1,10.84,training
O=Cc1c2ccccc2c(O)c2ccccc12,6.0,training
N#CC(c1ccc(Cl)cc1)c1ccc([N+](=O)[O-])cc1,10.7,training
Cc1c(Cn2ccnc2)sc2cc(C(=O)O)ccc12,3.59,training
C#CCCCC(=O)O,4.6,training
CC(=O)c1ccc(Br)cc1,18.04,training
O=C(O)CSC(c1ccccc1)(c1ccccc1)c1ccccc1,4.32,training
Cc1ccc([N+](=O)[O-])c(C(=O)O)c1,2.55,training
CCCP(=O)(CCC)CCC,12.16,training
Cc1ncc2c(c1O)C(=O)OC2,7.05,training
Cc1ncc(CO)c(C)c1O,9.98,training
O=C1CCC(=O)C1O,4.8,training
O=[N+]([O-])c1ccc(P(=O)(Nc2nccs2)Oc2ccccc2)cc1,8.9,training
CC(N)C(=O)O,2.39,training
O=C(O)CCC(=O)C=C=Cc1ccccc1,13.3,training
Fc1ccc(S)cc1,6.35,training
S=C(NCc1ccccc1)c1ccccc1,12.16,training
O=C(O)COc1ccc([N+](=O)[O-])cc1,2.89,training
Nc1ccc(S(=O)(=O)NCc2ccco2)cc1,10.89,training
Cc1cccc(O)c1C(=O)O,3.35,training
CCOC(=O)C(=NO)c1ccccc1,8.95,training
O=C(O)c1cccc2cc3ccccc3cc12,3.7,training
CN[N+](=O)[O-],6.25,training
CC(C)(CC[N+](=O)[O-])[N+](=O)[O-],7.84,training
CC(=O)c1ccccc1C(=O)O,4.15,training
O=C(O)CBr,2.84,training
Cn1cncc1CC(NC(=O)CCN)C(=O)O,2.64,training
O=C(O)CNC(=O)c1cccc(O)c1O,3.5,training
CN(C)c1cccc2c(S(=O)(=O)NCC(=O)O)cccc12,4.4,training
CC(C)=CCC1C(=O)C(C(=O)CC(C)C)C(=O)C1O,2.35,training
CC(C)=C=CC(C)(C)C(=O)O,4.7,training
Oc1c2c(c(O)n1O)CCCC2,6.0,training
CCN1CCCC1CNC(=O)c1c(OC)ccc(Cl)c1O,7.07,training
CN(C)CCc1c[nH]c2cccc(O)c12,8.47,training
Cc1nnc(C=NO)s1,8.4,training
C[n+]1cc(O)c2ccccc2c1,4.93,training
C[n+]1ccc2ccc(O)cc2c1,7.09,training
CCC(C)(O)c1cnc(CC(C)C)c(O)[n+]1[O-],5.02,training
O=C(O)C12CCC(O)(CC1)CC2,6.33,training
O=[N+]([O-])c1cccc(S(=O)(=O)O)c1,-7.1,training
CCC(=O)C=NO,8.37,training
On1nnc2c(Cl)cccc21,3.9,training
COCC(=O)O,3.53,training
c1ccc(CSc2c[nH]nn2)cc1,8.2,training
N#CC(C#N)N=Nc1ccc(Cl)cc1,6.15,training
CCCCNCCC(=O)O,3.57,training
Cn1cnc2[nH]c(N)nc(=O)c21,3.57,training
O=c1c(Cc2c(O)oc3ccccc3c2=O)c(O)oc2ccccc12,8.3,training
Cc1ccc(S(N)(=O)=O)cc1,9.89,training
CC(=O)NS(=O)(=O)c1ccsc1C(=O)O,3.1,training
CC1CCC(O)(C(C(=O)O)c2ccc(-c3ccccc3)cc2)CC1,3.45,training
Cn1cnc2c1N=CNS2(=O)=O,4.45,training
CN(C)CCS,7.68,training
O=C1CCCCC1=O,10.3,training
O=C(O)c1ccccc1Cl,2.95,training
OB(O)Cc1ccccc1,9.12,training
CN(C)CCCCCNC(=O)C=NO,8.88,training
O=S(=O)(Cc1ccccc1)c1c[nH]nn1,5.15,training
CCNC(=S)OC(C)C,11.52,training
CC(=O)C(Cc1ccc([N+](=O)[O-])cc1)C(C)=O,9.54,training
CNc1ncnc2[nH]ncc12,10.55,training
CCCCOC(=S)NC(C)=O,9.25,training
Oc1cccc2ccncc12,8.4,training
O=c1[nH]cnc2[nH]ncc12,9.38,training
N#Cc1ccc(O)c(O)c1,7.72,training
NCCCCCCCC(=O)O,4.5,training
OCCN(CCc1nn[nH]n1)CCc1nn[nH]n1,4.23,training
Nc1cccc(OC2OC(C(=O)O)C(O)C(O)C2O)c1,2.97,training
NC(=O)CCC(N)C(=O)O,2.2,training
O=C(O)c1ccsc1,4.03,training
Nc1ncnc2[nH]ncc12,10.84,training
C=CCc1ccc2cccnc2c1O,10.07,training
NS(=O)(=O)c1nc2ccccc2s1,7.8,training
Oc1ccc2ccc(Cl)cc2c1,9.09,training
O=C(O)C1CC2CCC1C2,5.05,training
C[SH](C)CC(=O)c1ccc([N+](=O)[O-])cc1,6.7,training
CC(=O)Nc1ccc(O)cc1,9.5,training
O=C(O)CC1CCCCC1,4.8,training
CCSC(C)(O)O,12.13,training
Brc1cn[nH]c1,12.69,training
Oc1c(Br)cc(Br)c2cccnc12,7.3,training
O=c1cc(-c2ccc(O)cc2)ss1,8.27,training
CC(C)(N)C(=O)O,2.39,training
CC(C)(C)OOCC(=O)O,3.49,training
CCOC(=O)c1ccc(O)c([N+](=O)[O-])c1,5.44,training
Nc1ccc(B(O)O)c([N+](=O)[O-])c1,9.64,training
Oc1cccc2cc3ccccc3cc12,9.88,training
CC(=O)N1CS(=O)(=O)CC1C(=O)O,2.23,training
O=C(O)CCC(=O)NOCc1ccccc1,4.6,training
CC(C)C(N)C(=O)O,2.365,training
Cn1cccc1C(=O)O,4.51,training
CCc1ccc(C(=O)C=CC(=O)O)cc1,3.38,training
Cc1c(Cn2ccnc2)n(C)c2ccc(C(=O)O)cc12,4.08,training
CC(C)(C)CCCCc1ccc(O)cc1,11.22,training
O=C(O)C1CCCOC1,4.25,training
O=[N+]([O-])c1cc(Br)ccc1O,6.36,training
CCc1c(O)coc1O,4.29,training
Cc1cccc([N+](=O)[O-])c1C(=O)O,2.13,training
CCCC(O)=NO,9.48,training
N#CC(C#N)N=Nc1ccc([N+](=O)[O-])cc1Cl,4.15,training
Sc1ccc(Cl)c(Cl)c1,5.48,training
O=C(O)CC(c1ncc[nH]1)c1ncc[nH]1,2.79,training
O=C(O)CCCc1c[nH]c2ccccc12,4.82,training
C#CCO,13.28,training
Cc1c[nH]cc1C(=O)O,5.65,training
Cc1ccccc1C(O)C(C(=O)O)c1ccc(-c2ccccc2)cc1,4.19,training
CC(=O)OO,8.19,training
Oc1cc(S)c(O)[nH]1,6.65,training
Clc1ccc2[nH]nnc2c1,7.7,training
O=CCC=O,4.57,training
NC(=O)Cc1ccc(C(=O)O)cc1,4.06,training
Oc1c(Cl)cc(Cl)c(Cl)c1CN1CCCCC1,5.06,training
O=C(O)c1ccc(N=Cc2ccccc2)cc1,4.47,training
Nc1cccc(N)c1O,10.5,training
COc1cccc(C=CC(=O)O)c1,4.38,training
Oc1c(Cl)c(Cl)cc(Cl)c1CN1CCOCC1,4.915,training
Cc1cc2nnn(O)c2cc1Cl,4.57,training
Cc1cc(O)c(C(C)C)cc1Nc1ccc(O)cc1,10.335,training
O=S(=O)(O)c1cc(O)c2[nH]ncc2c1,8.0,training
CN(C)C(=S)NCC(=O)O,3.71,training
COc1c(O)ccc2c1C[N+]1(C)CCc3cc4c(cc3C1C2)OCO4,8.45,training
Cc1ncc(CO)c(CN)c1O,8.02,training
Nc1c(C(=O)O)ncn1C1OC(CO)C(O)C1O,2.9,training
C[N+](C)(C)c1cc([N+](=O)[O-])ccc1O,4.35,training
CC1(C)CC(=O)C(C=O)C(=O)C1,3.65,training
C=C(C)C(C)(C(N)=O)C(=O)O,3.42,training
CC(=O)C(C)C(=O)C(C)C,11.8,training
O=C1CC(Sc2ccc([N+](=O)[O-])cc2)N1,12.97,training
NCC=CC(=O)O,3.54,training
O=C1CC(=O)CS(=O)(=O)C1,2.72,training
O=[N+]([O-])c1cc(Cl)ccc1O,3.5,training
NCC(=O)N1CCCC1C(=O)O,2.95,training
CN(C)CCc1cccc(O)c1,9.24,training
O=c1c(O)c1-c1ccc(F)cc1,2.07,training
Nc1ccc(S(=O)(=O)Nc2ccccc2)cc1,8.89,training
CSc1nc2cc3c(cc2[nH]1)CCCC3,13.0,training
CCc1ccc(C(C)C)cc1O,10.61,training
O=c1[nH]c(C(F)(F)F)nc2[nH]cnc12,1.1,training
CC(C)(O)C(=O)O,4.04,training
NC(=O)C(CCC(=O)O)c1ccccc1,4.64,training
CCOC(=O)COc1ccc(C(=O)c2ccc(O)c(CN)c2)c(Cl)c1Cl,6.38,training
O=[N+]([O-])c1ccc(S)c([N+](=O)[O-])c1,3.4,training
O=[N+]([O-])c1cccc(O)c1O,6.64,training
Cc1coc(C)c1C(=O)O,4.55,training
COc1c(O)cccc1CN,10.54,training
Nc1nc2[nH]cnc2c(N)[n+]1O,1.0,training
CC(=O)NBr,8.1,training
Cc1c[n+](C2CC(O)C(CO)O2)c(O)nc1NCCc1ccccc1,3.83,training
CC(C)C(=O)CC=O,6.68,training
NCCCCCCC#CC#CCCC(=O)O,4.21,training
CC1SC(C)(C(=O)O)OC1=O,1.94,training
CC(=O)CC(=O)c1ccccc1,8.69,training
O=C(O)CCc1nnnn1-c1ccccc1,5.0,training
O=[N+]([O-])CCc1ccccc1,8.55,training
Cc1nc(C(=O)O)c(C(=O)O)[nH]1,4.54,training
Oc1ccc(Cl)cc1CN1CCCC1,8.3,training
Nc1ccccc1O,9.71,training
Oc1coc(O)c1O,4.4,training
CCNCCCC(=O)O,3.92,training
[O-][n+]1c2ccccc2[n+](O)c2ccccc21,-1.62,training
CC(C)(C)C(O)=NO,9.59,training
CC(C)(C)CC#CC(=O)O,2.54,training
O=[N+]([O-])c1ccc(S(=O)O)cc1,1.86,training
O=C(O)CSCc1ccccc1,3.73,training
NC(=O)C(N)CCC(=O)O,3.01,training
CN(C)c1cccc(C(=NO)C(F)(F)F)c1,9.3,training
O=Cc1ncccc1O,6.95,training
COc1cc(C(=O)O)ccc1C,4.13,training
O=C(O)C1CCCC(O)C1,4.71,training
OCC(S)CS,8.62,training
NC(Cc1c[nH]cn1)C(=O)NC(Cc1c[nH]cn1)C(=O)O,2.25,training
O=C(O)c1cc(=O)cc(-c2ccccc2)o1,1.51,training
Cc1cc([N+](=O)[O-])ccc1N=NC(C#N)C#N,5.5,training
COc1ccc2c3c([nH]c2c1)C(C)NCC3,15.6,training
Cn1nc(NN=O)nc1N1CCCCC1,5.46,training
[O-][S+](Cc1ccccc1)c1ncc[nH]1,9.8,training
O=C(CC(=O)c1ccccc1)Nc1ccccc1[N+](=O)[O-],9.54,training
O=S(=O)(Nc1ccccc1)c1ccccc1,8.22,training
C=CC1CNC(=S)O1,10.25,training
O=C1Cc2c1ccc(O)c2[N+](=O)[O-],3.98,training
CC(=O)C(C(C)=O)c1ccccc1,9.32,training
C[Si](C)(C)CCCC(=O)O,4.89,training
O=c1oc2cc(O)ccc2cc1-c1nc2ccccc2s1,7.02,training
SCc1ncc[nH]1,9.26,training
CC(=O)N(C)CC(=O)O,3.16,training
N=NC(N)c1ncnc2[nH]cnc12,10.0,training
Oc1ccc(-c2nn[nH]n2)cc1,4.28,training
NC(=O)C1CC2CCN1CC2,9.04,training
CCC#CC#CC(=O)O,1.91,training
SCCNCc1ccccc1,7.86,training
c1cc[n+]2c(c1)C[n+]1ccccc1C2,8.12,training
O=CC(c1ccccc1)c1ccccc1,9.39,training
NCCCCCCCCCC(=O)O,4.57,training
CO[n+]1ccc(O)cc1,2.57,training
CC1(C)OC(=O)CC(=O)O1,5.15,training
O=S(O)CCCCc1ccccc1,2.23,training
NCCNC(=S)S,2.0,training
O=C(C(=NO)c1ccccc1)c1ccccc1,9.4,training
N#CC(CCC(=O)O)c1ccccc1,4.4,training
CC12CCC(C(C(=O)O)C1=O)C2(C)C,3.76,training
Cn1c(=O)[nH]c(=O)c2[nH]cnc21,8.49,training
OCC(O)C(O)C(O)c1oc(O)c(O)c1O,4.3,training
C=CCCC(=O)O,4.68,training
Cc1cnc(NS(=O)(=O)c2ccc(N)cc2)nc1C,6.0,training
Nc1ccc(S(=O)(=O)Nc2ncccc2O)cc1,7.6,training
O=S(=O)(Nc1ccccc1)C(F)(F)F,4.85,training
O=Cc1ccc(O)c(O)c1,7.45,training
O=C(O)C1(O)c2ccccc2-c2ccccc21,2.92,training
OCCCl,14.37,training
O=C(O)c1c(O)cccc1[N+](=O)[O-],2.24,training
Cn1nnnc1CC(=O)O,2.83,training
CN1CSCC1C(=O)O,1.51,training
O=C(O)CC(=O)C=NO,3.5,training
O=C(O)COc1ccccc1[N+](=O)[O-],2.9,training
COc1cccc(-c2nn[nH]n2)c1,3.91,training
O=C(O)Cc1cccc2ccccc12,4.24,training
N#Cc1c(-c2nc3cc(Cl)ccc3o2)c(=O)oc2cc(O)ccc12,6.0,training
COc1cc(C)nc(-n2[nH]c(C)cc2=O)n1,6.9,training
CC(C)=C1CCC(C)CC1=O,11.95,training
N#CC(=CC(=O)O)c1ccccc1,3.07,training
S=c1[nH]c2cc3c(cc2[nH]1)CCCC3,10.43,training
O=c1cc(O)cccc1O,5.76,training
COc1nc(=O)cc(C)[nH]1,1.6,training
CCc1nc2cc3ccccc3cc2[nH]1,12.9,training
CCOC(=O)Nc1ncnc2[nH]cnc12,9.63,training
Nc1n[nH]c(N)c1N=Nc1ccc(O)cc1,7.81,training
On1nnc2ccc(Br)cc21,3.97,training
CC(=O)C(C(C)=O)C(C)C,12.85,training
CC1CC(=O)N(O)C1(C)C,8.85,training
NS(=O)(=O)c1ccc(F)cc1,9.34,training
COc1ccc(O)c(C)c1,10.16,training
CC(=O)C1CC1C(=O)O,4.19,training
Oc1ccc2ncncc2c1,8.19,training
N#Cc1ccc(C(=O)O)cc1,3.53,training
O=[N+]([O-])Cc1ccc([N+](=O)[O-])cc1,5.89,training
CC(=O)C(C#N)C#N,1.0,training
CC(C(=O)O)=C1CC(=O)C(C)C1C,4.4,training
CN=C(N)CCNS(=O)(=O)c1ccc(C)cc1,11.9,training
Cc1ccc(C(=O)O)o1,3.42,training
O=C(O)Cc1ccc(-c2ccccc2)cc1,4.46,training
O=CC1c2ccccc2-c2ccccc21,7.4,training
NC(Cc1nc[nH]n1)C(=O)O,2.1,training
CC(=O)C(C)=C(C)C,12.01,training
O=C(O)c1cccc([N+](=O)[O-])c1C(=O)c1ccccc1,2.87,training
CCCCc1c(C)[nH]c(NCC)nc1=O,5.04,training
Cn1cnc2c(N=O)c(O)ccc21,6.76,training
CC(=O)C(C)C(=O)c1ccccc1,11.13,training
CCC(C)N=C(C#N)C(C#N)C#N,6.35,training
O=[N+]([O-])c1ccc(NS(=O)(=O)c2ccccc2)cc1,6.63,training
O=C(O)CCS,4.38,training
Cc1cc2cccc(O)c2nc1C,10.2,training
O=C(O)c1cccc2ccccc12,3.7,training
Cc1ccc(S(=O)(=O)Nc2ccccc2)cc1,8.46,training
CC1(C(=O)O)CCCCC1,5.13,training
CC(=NO)C(=O)c1ccccc1,9.25,training
Nc1nc(CC(=O)O)c(O)n1CCCC(N)C(=O)O,2.56,training
Cc1cc(C(=O)O)ccc1Br,4.03,training
O=C1CCCC(=O)N1O,7.6,training
O=C(O)c1cc([N+](=O)[O-])ccc1C(=O)c1ccccc1,2.86,training
CC(=NO)C(CN(C)C)=NO,10.6,training
Cc1cc(NS(=O)(=O)c2ccc(N)cc2)nc(C)n1,7.49,training
c1ccc2[nH]cnc2c1,12.63,training
CN(C)c1ccc(O)cc1,10.16,training
Cc1nnc(C)n1O,6.5,training
CN(C)Cc1ccc(O)cc1,8.83,training
Cn1c(=O)c2c[nH]nc2n(C)c1=O,9.26,training
Nc1c(O)cccc1O,9.3,training
CC1(C)SC(=S)NC1=O,5.38,training
Oc1cc(Cl)c(Cl)c(Cl)c1,7.7,training
CCc1n[nH]c(CC)n1,10.22,training
Cc1ccc2[nH]nnc2c1,8.9,training
O=C(Cc1ccccc1)c1cc[n+](Cc2ccccc2)cc1,8.8,training
O=C(O)c1ccc(CO)cc1,4.18,training
Cc1ccc2nc3ccc(O)cc3nc2c1,7.2,training
CCCC=CC(=O)O,4.71,training
NS(=O)(=O)c1nnc(Nc2ccccc2)s1,7.7,training
Cc1c(-c2ccccc2)[nH][nH]c1=O,7.6,training
CCCCS,10.78,training
O=C1CCC(Cl)C1=O,7.05,training
COC(=O)CCS,9.33,training
Oc1cc[n+](OCc2ccccc2)cc1,2.58,training
CC(=O)c1cccc(NS(=O)(=O)C(F)(F)F)c1,3.75,training
O=[N+]([O-])c1ccc(S(=O)(=O)Nc2ccccc2)cc1,7.41,training
CCN(CC)C(=S)NC(=O)c1ccc(F)cc1,8.13,training
O=C(O)C12CCC(CC1)C2,4.89,training
Oc1cc(O)cc(O)c1,8.83,training
O=C(O)C(c1ccc(-c2ccccc2)cc1)C(O)Cc1ccccc1,4.29,training
O=C(O)Cn1c2ccccc2c2ccccc21,3.55,training
CCCCCCP(=O)(O)CCCCCC,3.24,training
CC(C)CCC(N)C(=O)O,3.06,training
CC=C(Cl)C(=O)O,3.22,training
Cc1nc(NS(=O)(=O)c2ccc(N)cc2)sc1C,6.97,training
CCCCCCNCCC(=O)O,3.61,training
CC(c1cccc([N+](=O)[O-])c1)[N+](=O)[O-],6.67,training
O=C(O)C1CC1c1ccc([N+](=O)[O-])cc1,4.45,training
NS(=O)(=O)C(F)(F)Cl,6.5,training
CCCN(CCC)CCCNC(=O)C=NO,8.73,training
Nc1ccc(-c2ccc(N=Cc3ccc(O)cc3)cc2)cc1,9.5,training
N#CC(=Nc1cccc([N+](=O)[O-])c1)C(C#N)C#N,3.45,training
NC(=S)c1ccc([N+](=O)[O-])cc1,11.84,training
CCc1nn[nH]n1,5.59,training
O=C(O)c1cc(Br)cs1,3.11,training
O=C(O)c1ccc(O)c([N+](=O)[O-])c1,6.41,training
CCCCCCCCCc1c(-c2ccccc2)[nH][nH]c1=O,10.6,training
Oc1[nH]c(O)c2c1CCCC2,9.72,training
O=[N+]([O-])c1ccc(S(=O)(=O)NCc2ccccc2)cc1,10.07,training
COc1ccc(S(N)(=O)=O)cc1,9.93,training
Cc1ccc(Br)cc1C(=O)O,3.58,training
Cn1cnc2c1c(=O)[nH]c(O)[n+]2C,0.3,training
CC(C)c1cccc(C(=O)O)c1,4.27,training
Oc1ccc(Cl)cc1Cl,7.8,training
CCNCCC(=O)O,3.61,training
Nc1ccc(S(=O)(=O)Nc2ccc(C(=O)O)cc2)cc1,4.02,training
CCCCOC(=O)c1ccc[n+](O)c1,0.03,training
O=C(O)C1OC(Oc2ccc3oc4cccc(O)c4c(=O)c3c2)C(O)C(O)C1O,3.94,training
O=C1CCCC2CCCC(=O)C12,11.13,training
Cn1cnc2[nH]c(=O)[nH]c(=O)c21,8.45,training
O=C(O)CC(c1ccccc1)c1ccccc1Cl,4.7,training
O=C(O)C1(O)CCCCC1,4.18,training
NCCS,8.4,training
O=C(O)c1ccccc1Oc1ccccc1,3.53,training
O=Cc1cc([N+](=O)[O-])cc(Br)c1O,3.48,training
Cc1cc(C(=O)O)ccc1O,4.68,training
CC(=O)[n+]1ccc(C#N)cc1,1.98,training
CN(C)CCc1nn[nH]n1,4.59,training
COc1ccc(C(=O)O)c(C)c1,4.54,training
Cc1ccc2ccc(O)cc2c1,9.52,training
O=CC1=CC=CC1,7.4,training
ON=C(O)c1ccncc1,7.82,training
O=c1[nH]c(=S)[nH]c2[nH]cnc12,5.88,training
CC(=O)N1CCc2[nH]oc(=O)c2CC1,4.3,training
Sc1ccc(Cl)cc1,5.82,training
CC(C)=CCC1C(=O)C(CC=C(C)C)(CC=C(C)C)C(O)(C(=O)O)C1=O,3.9,training
Cc1cc(C)c2c(O)c(CC(=O)O)oc2c1,4.75,training
c1ccc(CSc2nc[nH]n2)cc1,9.5,training
O=[N+]([O-])c1ccc2cc(O)ccc2c1,7.69,training
Cc1ccccc1C[N+](=O)[O-],7.6,training
CCCCCCC=NO,11.6,training
Oc1cccc(Cl)c1,8.96,training
COc1cc(CN(C)C)c(O)c(CN(C)C)c1,6.33,training
N#CC(C#N)=C(C#N)C(C#N)C#N,1.9,training
O=C(O)c1cccc([N+](=O)[O-])c1Cl,2.02,training
Oc1cncc2ccccc12,8.68,training
Oc1ccc2c(c1)CCC2,10.29,training
COC(=O)CC(=O)c1cccnc1,8.98,training
CC(C)C1CNC(C(=O)O)C1CC(=O)O,2.12,training
CCCOc1ccc(O)cc1,10.23,training
Cc1nc2ccccc2[nH]c1=O,0.48,training
Cc1cnnc2c(O)cccc12,8.34,training
CC=C=CC(=O)CC(Cc1ccccc1)C(=O)O,13.9,training
CCCCCCCCCCCCCCC(=O)O,5.01,training
N#Cc1cccc(NS(=O)(=O)c2ccccc2)c1,7.15,training
O=c1ccc2ccccc2[nH]1,0.31,training
COc1ccc2c(c1)[nH]c1c(C)nccc12,13.46,training
O=C(O)C1CC(O)CN1,1.92,training
O=S(=O)(Nc1ccc(Cl)cc1)C(F)(F)F,3.9,training
CCC(=NO)C(C)=O,9.38,training
CCC(C)(C)C(=O)O,5.03,training
O=[N+]([O-])c1cccc(C=CC=NO)c1,10.16,training
CS(=O)(=O)c1ccc(S(=O)(=O)NCc2ccccc2)cc1,10.25,training
CC(C)(C(N)=O)S(N)(=O)=O,9.92,training
Cc1c(O)cncc1C1CCCCC1,10.0,training
O=C(O)CCBr,3.86,training
CC(C)c1cc(=O)c(O)ccc1Br,6.53,training
Cc1ccccc1OC(C)C(=O)O,3.37,training
CC1=CC(=O)C(C(C)C)=CC1=Nc1ccc(O)cc1,8.8,training
CCCCCCCCCCc1c(-c2ccccc2)[nH]n(-c2ccccc2)c1=O,6.7,training
CCC=CC(=O)O,4.69,training
CC[Si](C)(C)CC(=O)O,5.4,training
COc1nc(-n2[nH]c(C)cc2=O)nc(C)c1C,7.64,training
CC(C)(C)c1cc(C=CC(=O)O)cc(C(C)(C)C)c1O,11.1,training
Oc1ccc(Cl)c(Cl)c1,8.58,training
CNc1nc(SC)nc2[nH]ncc12,11.4,training
Nc1c2[nH]cnc2nc[n+]1[O-],9.0,training
CN(C)Cc1cc(Cl)cc(CN(C)C)c1O,5.2,training
CNC(=O)C=CC(=O)O,3.98,training
CONC(=O)c1ccccc1,8.89,training
CC(C)(S)CN,11.0,training
OB(O)CCc1ccccc1,10.0,training
CC(N)C(N)=O,8.02,training
Cc1cnc(C)c(O)c1C=O,8.08,training
Nc1ccc(S(=O)(=O)Nc2ccn(-c3cccc([N+](=O)[O-])c3)n2)cc1,7.03,training
CCc1c(-c2ccccc2)[nH]n(C2CCN(C)CC2)c1=O,5.9,training
CCc1ccc(O)c(C(C)C)c1,10.82,training
CCCCCCCCCC(=O)O,4.89,training
Nc1c2c(ncn2Cc2ccccc2)nc[n+]1[O-],11.0,training
O=C(O)C1OC(Oc2ccc3[nH]ccc(=O)c3c2)C(O)C(O)C1O,3.425,training
O=C(O)c1nc[nH]c1C(=O)O,4.27,training
CC1NCCc2c1[nH]c1ccc([N+](=O)[O-])cc21,14.1,training
NCC(O)C(=O)O,2.78,training
Nc1cc(O)ccc1O,10.65,training
CN1CCc2cccc3c2C1Cc1ccc(O)c(O)c1-3,8.92,training
CCOP(=O)(Nc1nccs1)c1ccc([N+](=O)[O-])cc1,8.7,training
CC1=CC(=Nc2ccc(O)cc2)C=C(C)C1=O,8.9,training
CC(=O)C(C)C(C)(C)C(=O)O,5.79,training
NC(CC(=O)O)C(=O)NC(CC(=O)O)C(=O)O,2.7,training
CN(C)c1cccc(O)c1,9.85,training
CC(C)CNC(=O)S,0.38,training
CCc1c(C)n(-c2ccccc2)[nH]c1=O,12.3,training
O=[N+]([O-])c1cc(Cl)c(O)c(Cl)c1,3.7,training
CNCCCNC(=O)C=NO,8.61,training
CC1(C)C=C2N=C3CC(C)(C)CC(=O)C3CC2C(=O)C1,3.6,training
Cc1cccc(NS(=O)(=O)c2ccccc2)c1,8.48,training
O=[n+]1c2ccccc2[nH]c2ccccc21,1.12,training
Cc1cc(O)c(C(C)C)cc1Cl,9.98,training
Cn1[nH]c(-c2ccccc2)cc1=O,10.9,training
CCc1ccc(OC)c(C(=O)NCC2CCCN2CC)c1O,8.7,training
Nc1ncnc2c1ncn2CCOCP(=O)(O)O,1.22,training
N#CC(CCCC(=O)O)c1ccccc1,4.64,training
CN1CC(C(=O)O)CC2=C1Cc1c[nH]c3cccc2c13,3.265,training
CCN(CC)Cc1c(O)c(Cl)cc(Cl)c1Cl,5.13,training
CC1(C)CC(=O)CC1=O,4.2,training
C[S+]([O-])c1ccc(O)cc1,8.28,training
CCOc1ccccc1C=CC(=O)O,4.515,training
CCOc1ccc(C(=O)O)cc1,4.64,training
NC(=O)CC(N)C(=O)NCC(=O)O,2.9,training
O=C(O)C=Cc1cccc(Cl)c1,3.71,training
CC(=O)c1ccccc1NN=C(C(=O)c1ccccc1)C(=O)c1ccccc1,9.2,training
O=[N+]([O-])c1cccc(S)c1,5.24,training
O=C(Oc1ccc(Cl)cc1)C1c2ccccc2-c2ccccc21,10.32,training
O=C1NC(=O)c2cc([N+](=O)[O-])ccc21,8.68,training
CC(N)C(=O)NC(Cc1c[nH]cn1)C(=O)O,2.73,training
Oc1cccc2ncccc12,8.54,training
O=Nc1c(O)ccc2ccccc12,7.77,training
Oc1ccccc1C=Nc1ncc2[nH]cnc2n1,9.19,training
ON=Cc1ccnc2ccccc12,10.42,training
O=C(OO)c1ccccc1,7.3,training
Oc1ccc(O)cc1,9.93,training
O=C(O)c1c(O)ccc2ccccc12,10.92,training
COc1cc2c(cc1OC)C1Cc3ccc(OC)c(O)c3C(C2)N1C,9.85,training
CC(=O)c1cc([N+](=O)[O-])ccc1C(=O)O,3.06,training
NC(=S)Nc1ccc(Br)cc1,12.35,training
O=C(O)C(CO)NCc1cc(Cl)ccc1O,2.12,training
Oc1ccc(Cl)c2ccccc12,8.64,training
O=C(O)CNCCc1nn[nH]n1,3.8,training
Nc1ccc(S(=O)(=O)Nc2ccc(Br)nc2)cc1,7.12,training
O=c1cccccc1O,6.87,training
N#Cc1cccc(-c2nn[nH]n2)c1,3.45,training
N#CC(C#N)N=Nc1ccc([N+](=O)[O-])cc1,5.5,training
CN(C)c1ncnc2[nH]ncc12,11.0,training
ON=C1CCCCC1=NO,10.53,training
NC(=O)c1c(CC(=O)O)n[nH]c1N,3.5,training
O=C(O)c1csc(Br)n1,3.28,training
C[n+]1cccc(S)c1,2.27,training
CCCNC(C)C(=O)O,2.21,training
O=c1c2[nH]cnc2ncn1O,5.66,training
CC1(C)CCC(C(=O)O)=[N+]1[O-],2.8,training
CN(C)c1cccc(NC=S)c1,11.78,training
S=c1[nH]c2ccccc2[nH]1,10.24,training
COC1OC(C(=O)O)C(O)C(O)C1O,3.55,training
COc1cc([N+](=O)[O-])ccc1O,6.83,training
CNC(=O)c1ncnc2[nH]cnc12,8.9,training
CC(=O)[n+]1ccc(N)cc1,9.15,training
OCCN1CCN(CCO)CC1,7.75,training
NC(=S)Nc1cccc(Cl)c1,12.0,training
O=c1cc(-c2ccccc2)oc2cc(O)ccc12,7.39,training
Cc1cc(C)c(C)c(C(=O)O)c1C,3.43,training
CC(C)(Cl)C(=O)O,2.97,training
COc1cccc(NS(=O)(=O)c2ccccc2)c1,7.95,training
O=C(Cc1cccnc1)c1ccccc1,8.79,training
O=c1oc2cc(O)ccc2cc1-c1nc2ccccc2o1,6.84,training
Cc1ncc2c(c1O)C(O)OC2,8.75,training
On1nnc2ccccc21,4.6,training
OC(c1ccncc1)n1ccnc1,7.24,training
CC(C)Cc1ccc(C(C)C(=O)O)cc1,4.57,training
CCOC(=O)Nc1nnc(-c2ccccc2)s1,8.2,training
CCCCSCC(=O)O,3.81,training
O=S1(=O)N=CNc2ncccc21,7.03,training
CNc1cccc[n+]1O,2.61,training
O=Nc1c(O)ccc2ncsc12,5.43,training
CC(=O)c1ccc(CC(=O)O)s1,3.8,training
Cc1ccc(C=CC(=O)O)cc1,4.56,training
Cc1cc(CN(C)C)c(O)c(CN(C)C)c1,6.45,training
CCC(N=O)=NO,5.8,training
Nc1c2ccccc2nc2c(O)cccc12,7.05,training
CC(=O)N1CCCC1C(=O)O,3.21,training
Cc1ccc(C(=O)O)cc1C,4.41,training
O=C(O)CCCCC1CCSS1,4.82,training
c1cnc2[nH]ccc2c1,12.1,training
CC1=Nc2ccc(C)cc2N=C(C)C1,5.8,training
CN(C)CCCCCCCNC(=O)C=NO,8.98,training
C[N+](C)(C)Cc1cccc(O)c1,8.89,training
Nc1ccc(OC2OC(C(=O)O)C(O)C(O)C2O)cc1,3.1,training
O=C(O)c1csc2ccccc12,4.24,training
COc1ccc(S(=O)(=O)NCc2ccccc2)cc1,11.53,training
Cc1csc(NS(=O)(=O)c2ccc(N)cc2)n1,7.12,training
O=C1NC(=O)C2(CCOc3ccc(F)cc32)N1,8.3,training
NC1CCCC(C(=O)O)C1,3.775,training
CC(=O)CCC(=O)O,4.63,training
CN1CC(O)c2cc(N=O)c(O)cc21,8.6,training
O=C(O)c1cc([N+](=O)[O-])ccc1CO,3.14,training
C[n+]1ccn(CCC[n+]2ccc(C=NO)cc2)c1,8.05,training
CC(c1ccccc1)[N+](=O)[O-],7.39,training
CC(=O)C(=NO)C(C)C,9.5,training
O=C(O)C#CI,2.0,training
Cc1cc(CO)c(O)c(CO)c1,9.92,training
O=C(O)c1ccc(F)cc1,4.16,training
N#CC(c1ccccc1)c1ccc([N+](=O)[O-])cc1,10.9,training
O=C(O)Cc1ccsc1,4.07,training
CC[N+](O)(CC)c1ccccc1,4.53,training
CC([N+](=O)[O-])=[N+]([O-])O,5.28,training
O=C(O)c1cccc(Br)c1,3.79,training
O=C(O)COc1ccccc1,3.15,training
Cc1cc(C)c(C)c(O)c1,10.64,training
CC(=O)c1ccccc1NN=C1C(=O)CC(C)(C)CC1=O,10.5,training
CC(CCC(=O)O)C1CCC2C3C(O)CC4CC(O)CCC4(C)C3CCC12C,5.08,training
O=C1NC(=O)c2ccccc21,9.91,training
O=C1CS(=O)(=O)c2ccccc21,7.65,training
O=C(O)C(F)c1ccccc1,2.45,training
Cc1ccc(Sc2ccc([N+](=O)[O-])cc2C(=O)O)cc1,2.84,training
CCCCCCCP(=O)(CCCCCCC)NC1CCCCC1,12.53,training
O=c1cnn(C2OC(CO)C(O)C2O)c(=O)[nH]1,6.6,training
CN(C)Cc1cc(F)cc(CN(C)C)c1O,5.77,training
Oc1cccc2c1-c1c(O)cccc1-2,8.16,training
O=C(O)CC1NNc2ccccc21,2.9,training
Nc1ncc2[nH]cnc2n1,9.93,training
Cc1cccc(C)c1C(=O)O,3.23,training
CC(=O)C1CC=CCC1C(=O)O,4.4,training
Cc1nc(Cc2ccccc2)c(O)o1,10.34,training
Cc1cc(O)cc([N+](C)(C)C)c1,8.2,training
O=C(N=NCc1ccccc1O)c1ccncc1,8.31,training
N#Cc1n[nH]nc1C#N,1.47,training
CCCOC(=S)NC(C)=O,9.34,training
C[N+](C)(C)CCCC(=O)O,4.02,training
Cc1cc(C(=O)O)cs1,4.24,training
O=c1ccc(Br)ccc1O,6.32,training
CC(O)C(O)c1cnc2[nH]c(N)nc(=O)c2n1,1.45,training
CN(C)c1ncnc2[nH]cnc12,10.5,training
CS(N)(=O)=O,10.8,training
Cc1cccc(C(=O)O)n1,0.9,training
CC(C)C1=CC2=CCC3C(C)(C(=O)O)CCCC3(C)C2CC1,6.4,training
Oc1ccc2ccncc2c1,8.88,training
O=C(O)C1OC(Oc2ccc(I)cc2)C(O)C(O)C1O,3.28,training
O=C1CCC(C2CCCCC2)C(=O)C1,5.5,training
CC(C)CCOc1ccccc1C=CC(=O)O,4.615,training
CC(=O)CC(=S)Nc1ccccc1,7.5,training
CC(=O)CC(=O)C(C)(C)C,9.94,training
CCOc1cccc[n+]1O,1.18,training
Cc1cc(-c2c(C)[nH]oc2=O)on1,3.2,training
N#Cc1ncnc2[nH]cnc12,6.88,training
CC(=NO)C(O)=NO,7.74,training
Cc1[nH]c2ccccc2c1C(=O)O,5.89,training
CCCCN(C(=O)c1cccc(O)c1)c1ccc(N=Nc2ccc3c(c2)OCCOCCOCCOCCOCCO3)cc1,9.54,training
CC1(C)CC(=O)CC(=O)C1,5.21,training
NCC(=O)O,2.355,training
[O-][S+](Cc1ccccc1)c1nc[nH]n1,7.38,training
NNC(=O)c1ccccn1,11.84,training
C[n+]1cccc2cc(O)ccc21,7.15,training
CC1=NC(=S)SC(C)(C)C1,10.9,training
O=C(OC1OC(C(=O)O)C(O)C(O)C1O)c1ccccc1,2.85,training
CCCP(=O)(O)CCC,3.33,training
NS(=O)(=O)c1cccc(C(F)(F)F)c1,8.98,training
O=C(O)c1ccc(=O)oc1,3.26,training
C=C=C(C)C(C)(C)C(=O)O,4.55,training
CC(C)c1csc(C(=O)O)c1,3.64,training
Oc1cccc(O)c1O,8.97,training
c1ccc(-c2nn[nH]n2)cc1,4.28,training
OC(c1ccncc1)(c1ccccn1)c1ccccn1,13.13,training
Cc1cnc2c(O)cccc2c1C,10.05,training
CNc1cc[n+](O)cc1,3.85,training
CCC(=O)c1nc(C(=O)O)cs1,3.7,training
CC(=O)C(Cl)=NO,7.9,training
CC=O,16.76,training
CCOC(=O)c1c[nH]c2cc([N+](=O)[O-])ccc2c1=O,4.1,training
CC(=O)c1ccccc1O,10.37,training
O=S(O)Cc1ccccc1,1.86,training
NCC(N)=O,8.05,training
CC(C(N)=O)S(=O)(=O)NC(N)=O,5.21,training
Cc1c(Br)cccc1C(=O)O,3.36,training
Cc1n[nH]c(N[N+](=O)[O-])n1,4.77,training
CCCNCCS,7.92,training
C[n+]1c2ccccc2nc2ccc(O)cc21,3.0,training
COC(=O)CC(=O)c1ccncc1,7.51,training
CC(O)=NO,9.07,training
Cc1ccc2ccccc2c1C(=O)O,3.11,training
CCCCCc1c(-c2ccccc2)[nH]n(-c2ccccc2)c1=O,7.3,training
CC(O)C(C(=O)O)c1ccc(-c2ccccc2)cc1,4.3,training
O=Nc1c(O)[nH]c(=O)[nH]c1=O,4.58,training
CCCC1C(=O)N=NC1c1ccccc1,8.0,training
NC(CCC(=O)O)C(=O)O,2.08,training
Cc1ccc(OCC(=O)O)cc1,3.15,training
Cc1cc(C)c(O)c(C)c1,10.9,training
c1nc(NC2CCCCC2)c2[nH]cnc2n1,10.2,training
CC(C)(C)c1ccc2c(c1)C(=O)NC2=O,10.21,training
Cc1ccc(C(=O)NS(=O)(=O)c2ccc(N)cc2)cc1C,4.66,training
CCCCCCc1c(-c2ccccc2)[nH][nH]c1=O,8.6,training
CC(C)(C(=O)O)c1nnnn1C1CCCCC1,3.7,training
O=C(c1ccc([N+](=O)[O-])cc1)c1cc[nH]n1,11.68,training
C=CCC1(C2C=CCCC2)C(=O)NC(=S)NC1=O,7.25,training
O=C(O)CCC1CCC(O)CC1,4.86,training
Cc1c(Cn2ccnc2)sc2ccc(C(=O)O)cc12,3.82,training
Oc1ccc2cc3ccccc3cc2c1,9.92,training
COc1ccc(O)c(CN(C)C)c1,11.48,training
O=c1[nH]c(O)co1,5.84,training
NC(=O)Nc1ccc([N+](=O)[O-])cc1,14.0,training
O=Cc1ccccc1C(=O)O,4.56,training
O=c1ccc2ccccc2n1O,6.88,training
NCc1nc2ccccc2[nH]1,12.8,training
CC(=O)[n+]1cccc(Cl)c1,2.98,training
Cc1cc(O)ccc1[N+](=O)[O-],7.65,training
N#CCC[n+]1cccc(C(N)=O)c1,13.16,training
CC(C)c1cccc2ccc(O)cc12,9.52,training
Cn1cnc2cc(O)ccc21,9.85,training
COc1cc([S+](C)[O-])ccc1-c1nc2cnncc2[nH]1,8.49,training
CC(C)(C)C1CCn2nnnc2C(C(=O)O)C1,4.4,training
N#CC(C#N)Cc1ccc([N+](=O)[O-])cc1,10.87,training
S=C1N=CCc2ccccc21,-1.9,training
Cn1c2cccc(=O)c-2nc2ccccc21,4.85,training
O=c1[nH]c(=S)c2[nH]cnc2[nH]1,6.2,training
Nc1ccc(S(=O)(=O)Nc2ncc[nH]2)cc1,9.72,training
O=Nc1[nH]c(=O)ccc1O,8.4,training
C=CCC1(CC=C)SC(=O)NC1=O,6.1,training
N#CC(C#N)N=Nc1cccc(Cl)c1,6.0,training
COc1ccccc1-c1ccccc1O,10.4,training
C[n+]1cccc2ccc(O)cc21,5.56,training
O=C(O)C=Cc1cccs1,4.25,training
Cc1nn[nH]n1,5.52,training
Cn1cncc1CC(N)C(=O)O,1.84,training
On1nnc2ccc(C(F)(F)F)cc21,3.97,training
CCC(=O)OO,8.1,training
O=C(O)C1=CCC=NC1=O,5.28,training
CC(C)=CC(=O)C=NO,8.9,training
Cn1c(=S)[nH]c2cc3c(cc21)CCCC3,10.78,training
O=c1[nH][nH]c(-c2ccccc2)c1Cc1ccccc1,7.7,training
NCC(O)C1N=C(N)NC1C(=O)O,2.4,training
CCc1cc(C(=O)O)cs1,4.19,training
ON=CC=Cc1ccccc1,10.72,training
COc1cc[n+](O)cc1,2.05,training
NCC(=O)NC(CCC(N)=O)C(=O)O,2.88,training
COC(=O)CC(=NO)C(C)=NO,9.77,training
O=C(O)C1CCC1,4.79,training
Clc1ccccc1-c1nn[nH]n1,3.69,training
Cc1c(Cl)cccc1C(=O)O,3.43,training
Cc1[nH]ccc2c1[nH]c1cc(=O)ccc12,9.47,training
Oc1cccc2nnccc12,7.4,training
CC(C#[N+][O-])=NO,8.8,training
O=c1c(O)ccccc1Br,5.96,training
COc1c(Cl)cc(Cl)c(O)c1C(=O)NC1CCN(C)CC1,6.02,training
CC(=O)CCCC(=O)O,4.66,training
CC(=O)CC(=O)CC(C)C,9.07,training
O=C(O)C1=CC=CC=CC=C1,4.4,training
CCN(CC)CCOc1ccccc1C(O)=NO,8.42,training
CN(C)Cc1cc(C(C)(C)C)cc(CN(C)C)c1O,6.3,training
O=C(O)CF,2.56,training
NCCCCCCCCCCCC(=O)O,4.65,training
O=C(O)Cn1cccc1,3.3,training
CCCC(C(CC)CO)C(CC)C(=O)O,4.78,training
Cc1ccc(S(=O)(=O)NC(CC(N)=O)C(=O)O)cc1,11.4,training
Nc1cccc(O)c1,9.85,training
Oc1c(Cl)cc(Cl)c2cccnc12,7.51,training
Cc1cc(OS(=O)(=O)O)c2oc(-c3cc4ccc(O)cc4oc3=O)nc2c1,6.8,training
CC(C)(O)C(C(=O)O)c1ccc(C2CCCCC2)cc1,3.76,training
Nc1ccc(S(=O)(=O)Nc2ccc(O)cn2)cc1,7.5,training
Cc1ccccc1NC(=S)c1ccccc1,10.21,training
O=[N+]([O-])C(CO)CO,9.07,training
Nc1ccc(S(=O)(=O)Nc2nccs2)cc1,7.25,training
COc1cccc(C(=O)O)c1C,3.72,training
CN(C)c1ccc(C=Cc2cc[n+](O)cc2)cc1,1.05,training
ON=Cc1cnns1,7.64,training
COc1ccccc(=O)c1O,8.0,training
O=C(O)C1OC(Oc2cccc3ncccc23)C(O)C(O)C1O,3.1,training
CCC(=O)CC(=O)CC,9.82,training
CC(=NO)c1ccc(O)cc1O,9.035,training
S=C(Nc1ccc(Br)cc1)c1cccc(Br)c1,9.96,training
Cc1cc(C)nc(NS(=O)(=O)c2ccc(O)cc2)n1,7.52,training
CC(C)CC(N)C(=O)NC(CCC(N)=O)C(=O)O,2.99,training
Cc1ccc(SC2CC(=O)N2)cc1,13.45,training
O=S(=O)(O)c1c(O)ccc2[nH]ncc12,10.55,training
Nc1ccc(P(=O)(Nc2nccs2)Oc2ccccc2)cc1,9.7,training
Cc1ccc(S(=O)(=O)NC(=O)OCc2ccc([N+](=O)[O-])cc2)cc1,3.8,training
Cc1c(C)c(O)c(C)c(C)c1O,11.3,training
Brc1cccc(-c2nn[nH]n2)c1,3.82,training
Oc1ccc2cccc(I)c2c1,8.98,training
C[N+](C)(C)c1ccccc1O,7.46,training
CC(C)CC([N+](=O)[O-])=[N+]([O-])O,5.4,training
CNCCc1ccc(O)c(O)c1,10.61,training
Nc1nc2cc3ccccc3cc2[nH]1,12.8,training
CC(=O)NCCS,9.5,training
NS(=O)(=O)c1cc2c(cc1Cl)NCNS2(=O)=O,8.42,training
CC(C)CC(=O)CC(=O)C(F)(F)F,6.52,training
O=Cc1cc(Cl)ccc1O,7.4,training
CCOc1cccc(C(=O)O)c1,4.17,training
Cn1ncc2c(=O)[nH]cnc21,9.26,training
Oc1coc(O)c1,3.76,training
COCC1=C(C(=O)O)CC1,4.31,training
COc1nc(N)c2[nH]cnc2n1,10.0,training
CC(C)(C)c1cc(C=CCl)cc(C(C)(C)C)c1O,11.82,training
NC(=O)C(N)Cc1ccccc1,7.295,training
Nc1ccc(S(=O)(=O)Nc2ccc(N)nc2)cc1,8.82,training
O=C(O)CN(CCNS(=O)(=O)c1ccc(CCBr)cc1)CC(=O)O,2.15,training
CC(=O)S,3.71,training
CC1CC(C)C(=O)CC1=O,5.62,training
O=C(O)CSC=Cc1ccccc1,3.5,training
Ic1ccc(-c2nn[nH]n2)cc1,3.88,training
c1ccc(-c2nn[nH]n2)c(-c2nn[nH]n2)c1,2.71,training
O=C(O)c1cccc(=O)cc1,3.2,training
CC(=S)Nc1ccccc1,11.56,training
O=C(O)C=CSC1CCCCC1,4.825,training
COc1cc(OC)nc(NS(=O)(=O)c2ccc(O)cc2)n1,7.29,training
NC(=O)NOCC(=O)O,2.6,training
C[n+]1c2ccccc2cc2c(N)cccc21,10.0,training
N#CC(CC(=O)O)Cc1ccccc1,3.91,training
COCCSC(C)O,14.21,training
O=S(=O)(Nc1cccc(C(F)(F)F)c1)c1ccccc1,7.63,training
Cc1ccnc(NS(=O)(=O)c2ccc(Cl)cc2)n1,5.37,training
CC(C)(C)C(=O)C(=O)O,2.3,training
Nc1nc(=O)c2ncn(C3OC(CO)C(O)C3O)c2[nH]1,1.9,training
Cc1nc(-c2ccccc2)oc1O,8.94,training
OCC[n+]1cc(Br)c2ccccc2c1,13.08,training
CC(=O)N1CC2(C(C)C)OC(=O)CC2C1C(=O)O,3.2,training
O=C(O)c1cc[nH]c1,4.98,training
Cc1ccc(C(=O)O)c(I)c1,3.2,training
Cc1cc(C#N)cc[n+]1O,-0.67,training
CC=CC#CC(=O)O,2.67,training
Cc1cc(N(C)C)cc[n+]1O,4.37,training
O=C(O)c1nsc2ccccc12,2.76,training
O=Nc1ccc(NO)c2cccnc12,10.0,training
CSc1nc2cncnc2[nH]1,7.67,training
Oc1ccc2nc3ccccc3cc2c1,8.81,training
CCOC(O)=c1cc(O)[nH]c1=C(O)O,3.5,training
Oc1ccc(O)c(Br)c1,8.67,training
O=[N+]([O-])c1ccc2[nH]cnc2c1,10.58,training
O=C(O)C(c1ccc(-c2ccccc2)cc1)C(O)c1ccccc1,4.25,training
c1ccc2c(c1)[nH]c1c2cc[n+]2cc3c(cc12)CCCC3,10.6,training
S=C(NC(=S)c1ccccc1)Nc1ccccc1,10.72,training
CC(C)(C)c1ccc(C(=O)C=CC(=O)O)cc1,3.42,training
O=C(O)c1coc2ccccc12,4.18,training
Cc1cccc(NS(=O)(=O)c2ccc(N)cc2)[n+]1[O-],5.9,training
CC(C)N=NS(C)(=O)=O,8.5,training
N#CCC(=O)O,2.46,training
Oc1coc(O)c1I,2.31,training
Oc1ccc(O)c2ncccc12,9.3,training
COc1cc2ccc(=O)oc2cc1O,6.5,training
S=c1nc2[nH]cnc2c[nH]1,0.5,training
O=C(O)CN(CCNS(=O)(=O)c1ccccc1)CC(=O)O,2.1,training
Cc1n[nH]c(C)c1[N+](=O)[O-],10.27,training
Cc1ccc(S(=O)O)cc1,1.82,training
C[n+]1cccc2c(O)cccc21,6.12,training
CNc1nn[nH]n1,6.06,training
O=S(=O)(Nc1nccs1)c1ccc(O)cc1,6.0,training
O=C(C=NO)c1ccncc1,7.8,training
CC(=O)Nc1cccc(O)c1,9.38,training
CCC(C(C)=O)C(C)=O,11.33,training
CN(C)CCCCNC(=O)C=NO,8.81,training
O=C(O)c1ccc2cc3ccccc3cc2c1,4.18,training
COC(C)=CC(=O)O,5.81,training
CCn1nnnc1CC(=O)O,2.85,training
COc1cccc(O)c1O,9.28,training
NCc1ccc(C(=O)O)cc1,3.59,training
O=S(=O)(NCc1ccccc1)c1ccc(Br)cc1,10.71,training
O=C(O)c1ccc([N+](=O)[O-])cc1Cl,1.96,training
CC1(C)C2CCC1(C)C(O)C2C(=O)O,2.395,training
O=c1oc2cc(O)ccc2cc1-c1ccccc1,7.8,training
NCC(=O)NCC(=O)NCC(=O)N1CCCC1C(=O)O,2.91,training
CC(C)(C)OC(=O)NS(=O)(=O)c1ccc(S(C)(=O)=O)cc1,3.76,training
CCN(CC)CCCNC(=O)C=NO,8.75,training
Cc1cc(C)c(O)c([N+](=O)[O-])c1,7.98,training
O=C(O)c1ccccc1O,2.99,training
O=C(O)C(NCCNC(C(=O)O)c1ccccc1O)c1ccccc1O,8.76,training
NC(=O)C(N)CO,7.3,training
O=Nc1cc(S(=O)(=O)O)c2c[nH]nc2c1O,6.35,training
CN1C(=S)NC(=O)C12CCCCC2,9.25,training
Nc1nc2cncnc2[nH]1,9.36,training
CCCCCCC(=O)O,4.86,training
N#CC(C#N)N=Nc1ccc(N=Nc2ccccc2)cc1,7.33,training
OCc1ccccc1O,9.92,training
CC(C)(C)c1c(O)[nH]c(=O)[nH]c1=O,7.98,training
COP(=O)(Nc1nccs1)c1ccc([N+](=O)[O-])cc1,8.6,training
CC(O)c1cccc(O)c1CO,9.9,training
Nc1nc(=S)c2[nH]cnc2[nH]1,11.6,training
NCc1ccc(F)c(O)c1,8.0,training
NC(=O)Nc1[nH]cnc1C(=O)O,2.0,training
COc1ccc(O)cc1Br,9.09,training
O=c1cc[nH]cc1O,3.6,training
CN1CC(C(=O)O)CC2(O)c3cccc4[nH]cc(c34)CC12,3.39333333333333,training
C=CC(O)OCC(C)O,5.5,training
CC(C)c1nn[nH]n1,5.55,training
O=C(O)c1ccc2sc(Cn3ccnc3)cc2c1,3.9,training
NC1CCC(C(=O)O)CC1,4.26,training
Cc1cc([N+](=O)[O-])ccc1O,7.1,training
Nc1nnc(S(N)(=O)=O)s1,7.69,training
Oc1ccc(Cl)cc1,9.29,training
CCCc1c(C)[nH]n(-c2ccccc2)c1=O,11.4,training
N#Cc1ccc(O)cc1,7.89,training
Nc1ccc(O)cc1O,9.3,training
Nc1nc(O)[n+](C2CC(O)C(CO)O2)cc1CO,3.55,training
Nc1ncnc2[nH]cnc12,9.8,training
Cc1ccc(O)cc1C,10.32,training
O=C(O)c1cccc(F)c1,3.9,training
C=CCC(=O)O,4.33,training
C[n+]1ccc(C=NO)cc1,8.27,training
COc1cc(C(=O)O)cc(OC)c1O,4.2,training
CC(O)C1CC(CC(=O)O)C1(C)C,4.83,training
NNC(=O)C(F)(F)C(F)(F)F,7.92,training
O=c1oc2cc(O)ccc2cc1-c1nc2cc(Cl)ccc2o1,6.8,training
Cc1ccc(C[n+]2ccc(C(=O)Cc3ccccc3)cc2)cc1,8.91,training
O=C1CC(Sc2ccccc2)N1,13.33,training
O=C(O)c1cc([N+](=O)[O-])cs1,2.83,training
Cc1cccc(-c2nn[nH]n2)c1,4.15,training
O=C(O)C1OC(Oc2ccc3cccnc3c2)C(O)C(O)C1O,3.0,training
CN(C)C=Nc1cccc(O)c1,10.23,training
Cc1cccc(O)c1O,9.28,training
O=P(O)(O)C(NCc1ccncc1)c1ccccc1O,2.28,training
O=C(c1ccccc1)N(O)c1ccccc1,7.87,training
O=c1[nH]c(O)c(CSSCc2[nH]c(=O)[nH]c2O)[nH]1,8.1,training
CCCc1c(O)n2c(N(C)C)nc3ccc(C)cc3n2c1=O,6.55,training
COc1cc([S+](C)[O-])ccc1-c1nc2nccnc2[nH]1,8.94,training
Nc1ccc(S(=O)(=O)Nc2cnc(Cl)nc2)cc1,5.8,training
CNC(=O)c1ccccc1O,8.03,training
Cc1ccccc1OCC(=O)O,3.17,training
CCCCCC(=O)CC(C)=O,9.2,training
Cc1nc2c(N)cccc2[nH]1,12.3,training
NS(=O)(=O)c1nccs1,8.25,training
CSc1ncc2[nH]cnc2n1,8.91,training
CCCCP(=O)(O)CCCC,3.22,training
Oc1ccc2ccnnc2c1,7.56,training
Oc1ccccc1C1=NCCN1,6.63,training
Cc1cc[n+](O)cc1,1.29,training
Oc1cccc2ccnnc12,8.25,training
C[N+](C)(C)Cc1ccc(O)cc1,8.75,training
Cc1ccc(C(=S)Nc2ccc(Cl)cc2)cc1,10.8,training
O=C(O)CSc1nc2cc3ccccc3cc2[nH]1,1.9,training
CCc1cc(Cl)c(OC)c(C(=O)NCC2CCCN2CC)c1O,6.91,training
CC(C)c1ccc(Br)c(=O)c(O)c1,6.28,training
CNc1ccc(S(=O)(=O)Nc2nc(C)cs2)cc1,6.63,training
O=c1cc(-c2cccc(O)c2)oc2ccccc12,9.75,training
O=C(O)CSc1ccc([N+](=O)[O-])cc1,3.2,training
CCP(=O)(O)CC,3.22,training
O=C(O)c1ccco1,3.18,training
O=C(O)c1ccccc1,4.18,training
CC(C)(C)C(=O)O,5.04,training
O=C(O)c1csc([N+](=O)[O-])c1,3.24,training
CN(C)c1ncc2[nH]cnc2n1,10.22,training
CCCCCC([N+](=O)[O-])=[N+]([O-])O,5.5,training
Nc1cc2ccccc2cc1O,9.35,training
N#CC(C#N)C(C#N)C#N,3.6,training
Cc1cccc(C)c1OCC(=O)O,3.36,training
Oc1ccccc1Br,8.4,training
CN(C)CCc1ccccc1O,8.75,training
ONc1ccccc1,10.68,training
Oc1cnoc1,7.75,training
c1ccc(Nc2nn[nH]n2)cc1,6.3,training
Oc1ccc2nnccc2c1,7.52,training
NC(=S)Nc1cccc([N+](=O)[O-])c1,11.1,training
CC(NN=O)c1ccccc1,8.32,training
Cc1ccc(N=NC(C#N)C#N)c([N+](=O)[O-])c1,6.0,training
C[n+]1ccccc1C(C)(O)O,10.57,training
Cc1ccc(O)cc1C(=O)O,3.92,training
NC(=O)NOCCC(N)C(=O)O,2.5,training
COc1ccc(-c2c(O)c2=O)cc1,2.33,training
O=S(=O)(Nc1ccc(Br)cc1)c1ccccc1,7.78,training
C[N+]1(CCC(=O)O)CCCCC1,3.43,training
N#CC1C=CN(Cc2cccc(F)c2)C=C1C(N)=O,0.68,training
NC(=O)C(N)Cc1ccc(O)cc1,7.47,training
C[N+](=O)[O-],10.48,training
Nc1ccccc1[N+](=O)[O-],13.45,training
CCOc1ccc(C(=O)O)c(C)c1,4.54,training
C=Cc1ccc(O)cc1,9.91,training
CCCCCCCCCCc1c(-c2ccccc2)[nH][nH]c1=O,11.0,training
CS(=O)(=O)Nc1ccc(CC(N)C(=O)O)cc1,3.15,training
NC(=O)CNCCCNCC(N)=O,7.27,training
OCc1nc2ccccc2[nH]1,12.09,training
O=P(O)(O)c1cn2c(n1)C(O)C(O)C(O)C2CO,4.84,training
O=C(c1ccccc1)c1cc[nH]n1,11.97,training
NCCCCCCCCCCC(=O)O,4.62,training
CC(=O)c1ccc(Cl)cc1,18.08,training
Cc1cc(O)cc(C)c1N=O,8.04,training
CSc1cccc(O)c1,9.47,training
Cc1cc(C)c(O)c(C(C)C)c1,11.18,training
O=c1c(O)c(-c2ccccc2)c1=O,0.37,training
COc1ccccc1O,9.7,training
CCCCS(=O)O,2.2,training
CC(=O)[n+]1cccc(C)c1,5.81,training
CC(C)Oc1ccccc1C(=O)O,4.24,training
Oc1ccccc1-c1cc2ccccc2cc1O,7.55,training
CCCc1c(-c2ccccc2)[nH]n(-c2ccccc2)c1=O,7.0,training
O=C(O)c1cc2ccccc2o1,2.84,training
COc1ccccc1C(O)=NO,8.9,training
CC1CCCC(=O)C1=O,11.23,training
COc1csc(C(=O)O)c1,3.41,training
CC(=O)c1cc(C(C)=O)[nH]n1,8.98,training
Cc1cc(O)ccc1N=Nc1ccc2c(c1)Cc1ccccc1-2,10.3,training
C[N+]1(CCCCCC(=O)O)CCCCC1,4.44,training
COc1ccc2[nH]c3c(C)nccc3c2c1,14.56,training
O=Cc1ccccc1B(O)O,7.31,training
OC(c1ccccc1)(c1ccncc1)c1ccncc1,13.07,training
Cc1cc(I)c(O)c(I)c1,6.0,training
Cc1ccc(C(=O)C(=O)O)cc1,1.52,training
C=C(C)C(=O)O,4.66,training
Cc1cc(C)c(C(C)C)cc1O,10.76,training
CN1C(=O)C2(CCCCC2)NC1=S,11.23,training
Cc1cccc(C=CC(=O)O)c1,4.44,training
CC(=O)c1cc(C(=O)C(C)(C)C)[nH]n1,9.7,training
Oc1ccc2nccnc2c1,7.92,training
CN(O)C(=O)C(C)(C)C,9.94,training
Nc1ccc(S(=O)(=O)Nc2nccc(N)n2)cc1,9.44,training
NCCC(=O)O,3.59,training
O=c1cc[nH]c2cccnc12,2.85,training
CCSC(O)O,11.48,training
OCc1ccc(O)c(CO)c1,9.77,training
O=C1CCC(=O)C1,4.5,training
Cc1cc(Br)cc(Br)c1O,7.6,training
CNC(=O)CS,8.05,training
O=C(O)c1ccc(NS(=O)(=O)c2ccccc2)cc1,7.75,training
O=C(O)c1cccc([N+](=O)[O-])c1,3.47,training
O=C(O)c1c(Cl)cccc1[N+](=O)[O-],1.41,training
COc1cccc(S(N)(=O)=O)c1,9.39,training
CC1(C)CCC(=O)N1O,8.7,training
O=C(O)c1cc([N+](=O)[O-])ccc1O,2.15,training
CN(O)C(=O)c1ccc([N+](=O)[O-])cc1,7.92,training
Cc1ccc(S(=O)(=O)NC(=O)OC(C)(C)C)cc1,5.05,training
COc1c(C)cccc1C(=O)O,3.84,training
C[N+](C)(C)NC(=O)c1ccccc1,4.29,training
Cc1cccc(Cl)c1C(=O)O,2.59,training
CCCC(=O)c1cc(C(C)=O)[nH]n1,9.28,training
O=S(=O)(Nc1nccs1)c1ccccc1,5.73,training
CCOC(=O)CC(=O)c1ccc(C)cc1,10.73,training
O=C(O)c1ccc(Cl)cc1,3.98,training
COc1ccc(C(=O)O)cc1,4.45,training
NS(=O)(=O)c1ccc(C(=O)O)cc1,3.53,training
S=C(S)N1CCCC1,2.97,training
CC(CC(=O)O)C(N)=O,4.59,training
O=S(=O)(Nc1cccc(F)c1)c1ccccc1,7.54,training
O=C1c2ccccc2C(=O)C1Cc1ccccc1,5.9,training
O=C(O)C=Cc1ccccc1O,4.56,training
Oc1ccc2cccnc2c1,8.85,training
CC(=O)C(=O)O,2.39,training
CNCC(N)=O,8.35,training
Cc1cccc(C(=O)O)c1O,3.02,training
CCc1cc(O)cc(C)c1Cl,9.6,training
Nc1nc(C(F)(F)F)c2[nH]cnc2n1,8.87,training
NCCCCCC(=O)O,4.37,training
COc1c[nH]cnc1=O,1.75,training
Oc1ccc2c(c1)ncc1ccccc12,8.79,training
Cc1cccc(O)c1,10.01,training
Cc1ccc2cccc(O)c2n1,10.08,training
CC(=O)C1CC(C(=O)O)C1(C)C,4.63,training
CCCc1nn[nH]n1,5.61,training
CCCOc1ccc(C(=O)O)cc1,4.63,training
Cc1ccc(C(=O)O)cc1[N+](=O)[O-],3.62,training
O=C1CC(=O)C[S+]([O-])C1,3.12,training
O=c1cc(-c2ccccc2)[nH]o1,4.01,training
SCCNc1ccccc1,9.5,training
COc1cc2c(cc1O)C1Cc3cc(OC)c(OC)cc3C(C2)N1C,9.8,training
NC(Cc1c[nH]c2ccccc12)C(=O)O,2.34,training
Nc1[nH]cnc(=S)c1N,2.21,training
CC(c1cccc(F)c1)[N+](=O)[O-],7.05,training
CN(C)c1ccccc1C(=O)O,1.4,training
CN(C)c1nc(NN=O)nn1C,5.94,training
Nc1cccc(B(O)O)c1,8.81,training
Cc1ccc(SCC(=O)O)cc1,3.57,training
CCCNCC(=O)O,2.31,training
O=c1[nH]c(O)c(Cc2ccccc2)[nH]1,9.03,training
NCCCCCCCCC(=O)O,4.53,training
CCOC(=O)COc1ccc(Oc2ccc(O)c(CN)c2)c(Cl)c1Cl,8.55,training
Oc1ccc(O)[nH]1,9.59,training
NC(=O)c1cc[n+](COC[n+]2ccccc2C=NO)cc1,7.13,training
C[n+]1cccc(C(=O)O)c1,2.29,training
O=Cc1cccnc1C(=O)O,3.7,training
O=C1C=CC(=Nc2ccc(O)cc2)C=C1,8.1,training
O=C(O)CNS(=O)(=O)c1ccccc1,11.4,training
Oc1ccc(-c2ccccc2)cc1,9.47,training
Nc1nc(=O)c2[nH]cnc2[nH]1,3.0,training
CSC1=NC(=O)C(C)(C)N1,9.48,training
O=C(O)c1ccccc1Br,2.93,training
ON=Cc1ccc(O)cc1O,8.05,training
CCc1cc(C)cc(O)c1,10.1,training
CC(c1cccc(Cl)c1)[N+](=O)[O-],7.05,training
CCCOc1ccccc1C(=O)O,4.24,training
Cc1ccc(C(O)=NO)cc1,8.9,training
S=c1cc[nH]c2ccccc12,0.77,training
CSC(=S)NCC(=O)O,3.19,training
OC(CS)CS,9.17,training
CN(C)C(=S)SCC(=O)O,3.34,training
O=S(=O)(O)c1cc(O)c2c[nH]nc2c1,8.1,training
O=c1cc2ccccc2ccc1O,10.0,training
OCCS,9.47,training
C[Si](C)(C)C#CC(=O)O,2.21,training
CCCCCOc1ccc(C(=O)O)cc1,4.49,training
CC(C)NCC(=O)O,2.35,training
O=[N+]([O-])C(=NO)c1ccc(Cl)cc1,6.6,training
Cc1cccc(O)c1C,10.51,training
O=C(O)C1CCNC1,3.38,training
CCCCCCC([N+](=O)[O-])=[N+]([O-])O,5.5,training
CC(C)COc1ccc(C(=O)O)cc1,4.48,training
O=C(O)C12CC3CC(CC(F)(C3)C1)C2,4.22,training
N#CC(C#N)c1ccc([N+](=O)[O-])cc1,2.35,training
CN(c1n[nH]c([N+](=O)[O-])n1)[N+](=O)[O-],3.12,training
Oc1c(Cl)cc(Cl)c(Cl)c1CN1CCOCC1,4.84,training
O=C(O)c1cc([N+](=O)[O-])ccc1F,2.73,training
O=C(O)C1Cc2ccccc2O1,3.25,training
CCC(O)=NO,9.46,training
Oc1c(Cl)cc(Cl)cc1CN1CCCCC1,5.97,training
Cc1cccc(OCC(=O)O)c1,3.18,training
CC(=Cc1ccccc1)CC(=O)O,5.35,training
CCCCB(O)O,10.74,training
CCCS,10.56,training
O=S(O)CCCc1ccccc1,2.05,training
c1ccc(CNc2nnc(-c3ccccc3)s2)cc1,11.5,training
CC1=NCCc2c1[nH]c1ccccc21,14.9,training
CC(=NO)C(C)=NO,11.25,training
CC(C#N)(Cc1ccccc1)C(=O)O,2.29,training
Cc1cc(O)cc(C)c1[N+](=O)[O-],8.25,training
CCCCCCC(O)=NO,9.62,training
NC1(C(=O)O)CCCCC1,2.66,training
COC(=O)CS,7.57,training
Cc1cccc(C[N+](=O)[O-])c1,6.97,training
COc1cc(C=Nc2ncc3[nH]cnc3n2)ccc1O,8.91,training
Fc1cccc(NC(=S)c2ccc(Cl)cc2)c1,10.16,training
Fc1ccc(NC(=S)c2ccccc2)cc1,10.77,training
COc1cccnc1C(O)O,12.95,training
CC(C(=O)c1ccccc1)[n+]1ccccc1,11.465,training
Cc1cc(Br)ccc1C(=O)O,3.77,training
CCN(c1nn[nH]n1)[N+](=O)[O-],2.86,training
CC(O)(c1ccccc1)C(C(=O)O)c1ccc(-c2ccccc2)cc1,3.38,training
S=c1[nH]nco1,3.85,training
Nc1ccc(S(=O)(=O)Nc2cccnc2)cc1,7.89,training
ON=Cc1ccccc1,11.04,training
N#CC1CCCCC1C(=O)O,3.86,training
Cn1cc(N)cc1C(=O)O,3.5,training
CCCc1c(C)[nH]n(C2CCN(C)CC2)c1=O,7.18,training
CC1c2cc(O)ccc2CC1CC(=O)O,5.3,training
O=C(O)c1cccc(C2CC2)c1,4.28,training
Cc1cc(C(=O)O)c(C)o1,4.64,training
CCOc1cccc(C)c1C(=O)O,3.51,training
Oc1ccc(F)cc1CN1CCOCC1,10.52,training
Nc1ncc([N+](=O)[O-])cn1,14.7,training
Cc1cc(O)ccc1Cl,9.4,training
CC(=O)[n+]1ccc(N(C)C)cc1,9.55,training
O=C(O)C1OC(Oc2ccc3[nH]c(=O)ccc3c2)C(O)C(O)C1O,3.41,training
CC(=O)C=C(C)C,10.42,training
CCNC(C)C(=O)O,2.22,training
CC1CC1C(=O)O,5.03,training
COc1ccc(NC(=S)c2ccc(OC)cc2)cc1,11.85,training
C[Si](C)(CCl)CCCC(=O)O,4.97,training
O=C(O)C=Cc1cccc(O)c1,4.4,training
O=C(O)c1ccccc1CO,3.84,training
CC(C)CNCC(=O)O,2.35,training
O=S(=O)(NBr)c1ccccc1,4.95,training
CC(=O)NC(CS)C(=O)O,3.08,training
O=C(O)c1c2ccccc2cc2ccccc12,3.65,training
Oc1ccc2ncccc2c1,8.82,training
NC(=O)CCCCCCCCC(O)=NO,9.49,training
Cn1ncnc1NN=O,4.45,training
NN1CN=NC1=S,7.47,training
O=Cc1cccc(O)c1,8.86,training
Cc1cc(C(=O)O)cc(C)[n+]1O,-0.01,training
C=C(C)C1CNC(C(=O)O)C1CC(N)=O,2.01,training
C=C(C)C1CN(C(C)=O)C(C(=O)OC)C1CC(=O)O,4.6,training
O=C1CCCC(=O)C1,5.26,training
CC(=O)ONc1cc(=O)n(C)c(=O)n1C,7.01,training
Cc1cc(C)cc(O)c1,10.13,training
O=C(O)C1CC1Cl,4.12,training
Cc1cc(C)c(O)cc1C,10.55,training
Cc1ccc(C)c(O)c1,10.36,training
O=C(c1ccccc1)c1cccc([N+](=O)[O-])c1C(=O)O,2.39,training
Nc1ncc2[nH]c(-c3ccccc3)nc2n1,9.2,training
N#CC(=NC1CCCCC1)C(C#N)C#N,6.01,training
O=C(O)CCc1nc2ccccc2[nH]1,13.1,training
Cc1ccccc1[N+](C)(C)O,4.78,training
CCCCCCP(=O)(CCCCCC)CCCCCC,12.75,training
O=S(=O)(O)c1ccc(O)cc1,4.51,training
CCCCCCCC(O)=NO,9.19,training
COc1ncc2[nH]cnc2n1,9.2,training
O=C(O)c1cc[n+](O)cc1,-0.48,training
S=C(Nc1ccc(Cl)cc1)c1cccc(Br)c1,10.1,training
O=[N+]([O-])c1ccccc1O,7.15,training
COc1cccc(OC)c1O,10.09,training
Cc1ccc(C(=O)O)cc1,4.37,training
CCCC(C)c1c(O)[nH]c(=S)[nH]c1=O,11.41,training
CC(C#N)C(=O)O,2.37,training
N#Cc1cccc(C(=O)O)c1,3.6,training
Cc1cc(=O)[nH]c(-n2[nH]c(C)cc2=O)n1,5.23,training
O=C(O)C1CCCCC1,4.89,training
Sc1cccc2ncccc12,6.48,training
Oc1cccc(-c2ccccc2)c1,9.59,training
CC(C)C1CC(CC(=O)O)NC1C(=O)O,2.1,training
Nc1nc(=O)cc[nH]1,4.01,training
O=[N+]([O-])Nc1nn[nH]n1,1.77,training
O=c1c2ccccc2[nH]c2ccccc12,0.32,training
O=C(O)C(O)(c1ccccc1)c1ccccc1,3.05,training
N#CC(=NO)C(N)=O,5.12,training
CCOC(=O)C(=NO)C(C)=O,7.2,training
CCN(CC)Cc1c(O)cccc1Cl,7.5,training
CC(C)(C)C#CC(=O)O,2.66,training
C[N+](C)(C)CCc1cccc(O)c1,9.43,training
c1ccc(-c2nc3ccncc3[nH]2)cc1,10.3,training
CC(=O)c1cccc(C(=O)O)c1,3.84,training
CC=Cc1ccc2cccnc2c1O,11.34,training
CC(C(=O)O)c1cccc(C(=O)c2ccccc2)c1,4.2,training
COc1cc2ccccc2cc1C(=O)O,3.82,training
CCN[N+](=O)[O-],6.39,training
O=c1cccccc1S,5.9,training
CCC(C)CC(N)C(=O)O,3.25,training
Cc1cc(O)ccc1[SH](C)C,7.6,training
Oc1cccc2cccnc12,9.77,training
Cn1c(-c2ccccc2O)nc2ccccc21,5.76,training
Nc1c2ccccc2nc2cccc(O)c12,5.61,training
CCCCCCCCCCCCCC(=O)N(O)c1ccccc1,9.05,training
Clc1cccc(-c2nn[nH]n2)c1,3.61,training
Cn1c(=O)ccc2ccccc21,-0.71,training
CC(C)S(=O)O,2.3,training
CC(=O)CC(C)=O,7.64,training
O=C(O)c1cccc(S)c1,3.96,training
CC(=O)C(=O)CC(=O)C(C)=O,4.68,training
Oc1c(Cl)cccc1Cl,6.8,training
NC1=NC2CC(N1)C(C(=O)O)N2,1.3,training
OCc1cccc(O)c1,9.83,training
Cc1cccc(C(=O)O)c1I,2.92,training
CCOC(=S)S,1.79,training
OCC(Cl)Cl,13.18,training
CCC1(c2ccccc2)C(=O)NC(=S)N(C)C1=O,7.65,training
CC(=S)Nc1ccc([N+](=O)[O-])cc1,9.89,training
CC(=O)CC(=O)O,3.09,training
Nc1n[nH]c(N)c1N=Nc1ccccc1O,8.22,training
NCC(=O)NC(CC(N)=O)C(=O)O,2.93,training
CC(=O)c1ccc(O)c(=O)cc1,5.01,training
CCCCNCC(=O)O,2.32,training
C[N+](C)(C)CCCc1cccc(O)c1,9.64,training
CC(=O)NS(=O)(=O)c1ccc(C)cc1,4.8,training
CCCC=C(C)C(=O)O,4.785,training
CC(=O)C=C(C)C(C)(C)C,10.97,training
O=[N+]([O-])Cc1cccc(Cl)c1,6.63,training
C[N+](C)(C)Cc1cccc(O)c1O,8.1,training
O=C(O)c1ccc(Oc2ccccc2)cc1,4.52,training
COc1ccc(O)cc1,10.24,training
CC(O)C(C(=O)O)c1ccc(C2CCCCC2)cc1,4.21,training
O=[N+]([O-])c1ccc[nH]1,10.6,training
CCOC(=O)c1cc(C)[n+](O)c(C)c1,-0.13,training
NC(=S)C(N)=S,10.89,training
CCOC1CC1C(=O)O,4.645,training
Cc1ccc(O)c2ncccc12,9.93,training
Cc1cc(=O)oc2cc(O)c(Cl)cc12,6.1,training
Nn1cnnc1,11.75,training
CCN(CC)Cc1ccccc1O,10.82,training
C[n+]1ccncc1O,-0.04,training
CC(N)CCC(=O)O,4.13,training
CC(C)(C)C(=O)CC(=O)C(C)(C)C,11.77,training
CC(=O)c1ccc(O)c2ncccc12,7.75,training
O=C(O)C(CO)NCc1cc([N+](=O)[O-])ccc1O,2.15,training
O=c1ccc2cc(O)c(O)cc2o1,7.63,training
c1ccc(CNc2ncnc3[nH]ncc23)cc1,10.93,training
Cc1ccc(C(=O)O)cc1Cl,4.06,training
CC(=O)Nc1nnc(-c2ccccc2)s1,8.9,training
Oc1ccc2cc(Cl)ccc2c1,9.31,training
COc1ccc(O)c(CNC(CO)C(=O)O)c1,2.1,training
NCCNC(=O)c1ccccc1,9.13,training
O=S(=O)(Nc1ncccn1)c1ccc(O)cc1,6.37,training
COc1cccc(OC)c1-c1nc2cccnc2[nH]1,11.26,training
CCC1C(=O)c2ccccc2C1=O,6.5,training
Cc1cc(O)cc(C)c1C#N,8.21,training
Cc1ccnc2c(O)cccc12,8.44,training
O=NC(Cc1ccccc1)=NO,5.3,training
O=C(O)CCC(=O)c1cccc2ccccc12,4.48,training
NC1CCCCC1C(=O)O,3.59,training
S=CNCc1ccccc1,12.3,training
O=C(O)c1ccc(Br)s1,3.3,training
N#Cc1c(-c2nc3ccccc3o2)c(=O)oc2cc(O)ccc12,6.07,training
COc1ccc(O)c(=O)cc1,7.75,training
O=C(CC(=O)c1ccc([N+](=O)[O-])cc1)Nc1ccccc1,8.7,training
O=C1N=CCC=N1,2.24,training
O=C1CC(=O)CC2(CCCCC2)C1,5.2,training
CC(C)C(OC1OC(C(=O)O)C(O)C(O)C1O)C(C)C,3.89,training
O=C(NBr)c1ccccc1,7.3,training
CC1=NC(=O)C(c2ccccc2)=NC1,0.7,training
N#CC(C#N)N=Nc1ccc(CCCl)cc1,6.5,training
Cc1cc(=O)[nH]n1-c1ccccc1,12.14,training
S=C(Nc1ccc(Cl)c(Cl)c1)c1ccc(Cl)cc1,9.51,training
N#CCCC(=O)O,3.98,training
O=C(O)C(c1ccc(-c2ccccc2)cc1)C1(O)CCCCC1,3.59,training
CCC=CCC(=O)O,4.52,training
Cc1cc(=O)[nH]n1-c1ccccc1C(=O)N1CCCCC1,12.4,training
O=C(O)C1OC(Oc2cnc3ccccc3c2)C(O)C(O)C1O,3.0,training
O=[N+]([O-])c1n[nH]c(-n2cnc(Cl)n2)n1,1.59,training
Cc1cc(=O)oc2cccc(O)c12,8.26,training
O=C1CCON1,6.7,training
CCN=C(N=[N+]=[N-])c1ccccc1O,9.4,training
COc1c(C)cc2c(c1C(=O)O)COC2,3.13,training
O=S1(=O)N=CNc2cccnc21,6.94,training
COc1nc2cncnc2[nH]1,7.73,training
Cc1cc(N)c2ccccc2c1O,10.12,training
Cc1ccc(C(C)C)cc1O,10.35,training
O=C(O)CCCC(=O)NOCc1ccccc1,4.7,training
O=C(c1ccccc1)c1ccc(=O)n(O)c1,5.13,training
O=C1NC(C(=O)O)CC1O,3.8,training
CC1(C)CC(O)[N+](C)(C)C1,8.7,training
CC1CCCC(C(=O)O)c2nnnn21,3.3,training
O=C(CC(=O)c1ccccc1)Nc1ccc([N+](=O)[O-])cc1,8.91,training
Oc1cccc2scnc12,8.77,training
CC(C)(C)N(O)C(=O)c1ccccc1,10.1,training
Oc1coc(O)c1Cl,2.13,training
NCc1ccc(S(N)(=O)=O)cc1,10.15,training
Cc1cc(O)ccc1O,10.11,training
O=C(O)C1(C(=O)O)CC1,1.92,training
O=c1[nH]c(O)cs1,6.54,training
CCC=CCc1nccn1C(C(=O)O)C(C)(C)S,2.0,training
N#CC(C#N)N=Nc1ccccc1C(F)(F)F,5.0,training
O=[PH](O)C(NCc1ccncc1)c1ccccc1O,2.35,training
Cc1cccc2oc(=O)cc(O)c12,4.2,training
O=C(O)C=NO,10.23,training
Nc1ccc([N+](=O)[O-])c(B(O)O)c1,10.0,training
O=C(O)CCc1ccco1,4.36,training
NC(Cc1ccccc1)c1nn[nH]n1,1.93,training
CC1=NS(=O)(=O)c2cccnc2N1,7.64,training
CC(C)(C)c1ccccc1C(=O)O,3.53,training
CC1CCCC(C(=O)O)C1,4.88,training
COc1ccc(C(=CC(=O)c2ccc(S(=O)(=O)O)cc2)CC(=O)c2ccc(S(=O)(=O)O)cc2)cc1S(=O)(=O)O,10.71,training
Cc1ccc(C(=O)O)[nH]1,5.0,training
CC(O)C(=O)O,3.76,training
Cc1cccc(=O)c(O)c1,7.26,training
CN1C(=O)C(C)(C)NC1=S,10.8,training
CCCCOc1cccc(C(=O)O)c1,4.25,training
CC1OC([n+]2ccc(N)[nH]c2=O)CCC1OC1OC(C)C(N(C)C)C(O)C1O,3.9,training
CCCCNC(=O)NS(=O)(=O)c1ccc(C)cc1,5.3,training
Nc1ccc(S(=O)(=O)Nc2nccs2)cc1N=Nc1ccccc1,5.85,training
O=c1nc2[nH]cnc2c[nH]1,1.69,training
Oc1cccc2nccnc12,8.8,training
O=C(O)c1cc(=O)cco1,1.5,training
c1ccc2[nH]ncc2c1,13.86,training
CNc1nc(O)[n+](C2CC(O)C(CO)O2)cc1C,4.04,training
O=C(O)C1CC1(Br)Br,3.57,training
COC1=CC2CCC1(C(=O)O)CC2,4.45,training
C(CSCCc1nn[nH]n1)SCCc1nn[nH]n1,5.32,training
O=Nc1ccc2ccccc2c1O,7.52,training
NNC(=O)c1ccccc1,12.45,training
CCCCC(N)C(=O)O,2.34,training
N=C1NC(=O)N=C2N=CNC12,4.51,training
Cn1nnc(N[N+](=O)[O-])n1,1.7,training
O=C1CNC(=O)C(Cc2ccc(O)cc2)N1,9.47,training
O=c1o[nH]c2c1CCNCC2,3.3,training
CC1CCC(C)C1C(=O)O,4.94333333333333,training
N=C(N)NOCC(=O)O,2.69,training
OC(c1ccncc1)(c1ccncc1)c1ccccn1,12.44,training
COc1cc(C(C)=O)ccc1O,7.65,training
O=C(O)CSc1ccccc1,3.52,training
CC(C)CN[N+](=O)[O-],6.38,training
CCCC(=O)OO,8.2,training
O=C(O)C#CCN1CCOCC1,1.79,training
CN1C(=O)N=C(Cc2ccccc2)C1=O,9.6,training
Cc1cccc(CCCCCCCC(=O)O)n1,4.6,training
[O-][N+](O)=CSc1ccccc1,6.67,training
c1ncc2c[nH]nc2n1,9.54,training
O=C1CSc2ncnc(N3CCOCC3)c2N1,10.37,training
CNC(=S)OC(C)C,11.56,training
OCC1OC2NC(=S)OC2C1O,9.48,training
CC(=S)NCc1ccccc1,13.0,training
CN1CCC(=O)NC1=O,11.86,training
C[n+]1ccccc1C=NO,7.75,training
COc1cc2c(=O)cc(C)[nH]c2c2c(C)c(C)oc12,2.91,training
Nc1ncnc2c1ncn2C1OC(CO)C(O)C1O,12.5,training
Oc1cccc2c1-c1cccc(O)c1-2,8.35,training
Oc1ccc(-c2ccc(O)cc2)cc1,9.4,training
Cc1ccc(O)c(C(C)C)c1,10.73,training
O=C(O)C1CCCCC1O,4.74,training
Cc1cc(C)c([N+](=O)[O-])c(C)c1O,8.98,training
CC(C)=CCC1C(=O)C(C(=O)CC(C)C)C(=O)C(O)(CC=C(C)C)C1=O,4.22,training
C=CCN(C)CCCNC(=O)C=NO,8.48,training
Cc1cc(=O)n(C2CCN(C)CC2)[nH]1,6.63,training
O=C1CS(=O)(=O)NC(=O)N1,2.7,training
NC(CCc1ccc([N+](=O)[O-])cc1)C(=O)O,3.05,training
CSCC(=O)O,3.67,training
Oc1ccccc1-c1nn[nH]n1,4.36,training
COc1ccc(C=CC(=O)O)cc1,4.315,training
CC1(C)SC(=O)NC1=O,6.64,training
NC(=O)C(CC(=O)O)c1ccccc1,4.23,training
CC(C)(C)OC(=O)NC(CCC(N)=O)C(=O)O,3.66,training
O=C(O)c1cc2ccccc2s1,3.1,training
O=C(NOC(=O)c1ccccc1)c1ccccc1,6.0,training
CC(C)CC(N)C(N)=O,7.92,training
CCCSCC(=O)O,3.77,training
CN(C)C(=O)OCC(=O)O,3.01,training
O=c1[nH]c2ccccc2[nH]c1=O,9.67,training
O=C(O)c1ccccc1-n1[nH]c(=O)cc1-c1ccccc1,12.5,training
CC(C)N(CCS)C(C)C,8.08,training
Cc1ncnc2[nH]cnc12,9.21,training
COc1ccc(-c2nn[nH]n2)cc1,4.23,training
O=C1CCc2cc(Cl)c([N+](=O)[O-])cc2C1,11.34,training
CC(=O)C(C)C(C)=O,10.79,training
ON=C(NO)c1ccccc1,10.7,training
O=c1c(O)cocc1O,7.62,training
CC(=O)NC1CONC1=O,5.8,training
COc1ccccc1C=NO,10.89,training
ON=c1cc[nH]c2ccccc12,6.76,training
N#CC(C#N)C(=N)C(C#N)C#N,2.58,training
O=[N+]([O-])c1ccccc1B(O)O,8.52,training
Oc1ccc2cccc(-c3ccccc3)c2c1,9.38,training
S=c1[nH]cnc2[nH]cnc12,10.94,training
CCCCOc1ccc(C(=O)O)cc1,4.48,training
CC=CCCC(=O)O,4.72,training
Cc1ccc(=O)c(O)c(Br)c1,6.41,training
NC(Cc1c[nH]cn1)C(=O)O,1.53,training
O=C(O)c1ccccc1-c1ccccc1,3.46,training
CCCC([N+](=O)[O-])=[N+]([O-])O,5.2,training
CC=CC(=O)O,4.79,training
S=C(Nc1ccccc1)c1ccccc1,10.86,training
CC1(C)CC(=O)C(=NO)C(=O)C1,5.4,training
O=C1CCc2cc([N+](=O)[O-])ccc2C1,10.09,training
N#CC(C#N)N=Nc1ccccc1,6.55,training
O=C(O)c1csc(Br)c1,3.7,training
CCCc1ncnc2c(O)cccc12,8.82,training
C[Si](C)(CC(=O)O)c1ccccc1,5.27,training
