smiles_standarized,label,group
CC(=O)c1cc2c(cc1Nc1c3ccccc3nc3occ(Cl)c13)OCO2,0.0,training
Cc1occc1C(=S)Nc1ccc(Cl)c(COC(C)(C)C)c1,0.0,training
CC(=O)OC1=C2C(C)[C@@H](OC(=O)C(O)C(NC(=O)c3ccccc3)c3ccccc3)C[C@@](O)([C@@H](OC(=O)c3ccoc3)[C@@H]3[C@]4(OC(C)=O)CO[C@@H]4C[C@H](O)[C@@]3(C)C1=O)C2(C)C,1.0,training
COc1ccc(C(=O)NN=Cc2ccc(O)cc2O)cc1Nc1ccnc(C(F)(F)F)c1,1.0,training
Cc1ccc2oc(=O)c3c(O)c4cccc(OC5OC(C)C6O[C@@H](c7ccccc7)OC6C5OC5OC(C)C(O)C(O)C5O)c4c4oc(=O)c1c2c34,1.0,training
CCOc1cc2c(cc1O)C(=NO)C[C@@H]1[C@@H]2CC[C@]2(C)[C@@H](O)CC[C@@H]12,0.0,training
NC1=Nc2ccccc2Sc2nccn21,0.0,training
Clc1ccc(Cn2cc(/C=N/n3cnnc3)c3ccccc32)cc1,0.0,training
CCCCN1Cn2c(=O)c(C(=O)OCC)c(O)c3sc4nc(SC)nc1c4c32,0.0,training
Cc1cccc2c1C(=O)[C@](C)([C@]1(C)Nc3cccc(C)c3C1=O)N2,0.0,training
CC(=O)OC1=C2C(C)C(OC(=O)C(OC(=O)CCC(=O)O)C(NC(=O)c3ccccc3)c3ccccc3)C[C@@](O)(C(OC(=O)c3ccccc3)C3C4(OC(C)=O)COC4C[C@H](O)[C@@]3(C)C1=O)C2(C)C,1.0,training
COC(=O)n1c(=O)nc2c3c(ncn21)Oc1c(c(-c2ccccc2)nn1-c1ccccc1)C3c1ccc(Cl)cc1,0.0,training
N=C(NCc1ccccc1)c1ccc(N2CCN(c3ccc(C(=N)NCc4ccccc4)cc3)CC2)cc1,1.0,training
O=[N+]([O-])c1ccc(Oc2c(Cl)cc(S(=O)(=O)NC(=NO)Nc3ccc(Cl)cc3)cc2Cl)c(Cl)c1,0.0,training
BrC1(c2ccccc2)C[n+]2c(-c3ccccc3)cc(-c3ccccc3)cc2-c2ccccc21,1.0,training
C=C(C)C12OC3(c4ccccc4)OC1C1C4OC4(CO)C(O)C4(O)C(=O)C(C)=CC4C1(O3)C(C)C2OC(=O)/C=C/C=C/c1ccccc1,0.0,training
COc1ccc(/C=C2\CCCC(=Cc3ccc(O)c(CN4CCCCC4)c3)C2=O)cc1,0.0,training
Cn1c(-c2ccccc2)cc2c(C=C3C=CC(=[N+](C)C)C=C3)c3cc([N+](=O)[O-])ccc3n21,1.0,training
c1ccc2c(NCCCCCCNc3c4ccccc4nc4ccccc34)c3ccccc3nc2c1,1.0,training
COc1cc2c(cc1OCCCCCN1CCN(CCCCCOc3cc4c(cc3OC)C(=O)C3CCCC3C=N4)CC1)N=CC1CCCC1C2=O,1.0,training
O=C(c1ccc2ccccc2c1)c1c(C(F)(F)F)[n+]([O-])c2cc(Cl)c(Cl)cc2[n+]1[O-],0.0,training
C=C1C(=O)OC2CC1C(O)CC(C)=CCC/C(C)=C/C(O)CC2C,0.0,training
Brc1c2c(c(Br)c3nsnc13)NSN2,0.0,training
CC(=O)Nc1ccccc1C=C1c2ccccc2-c2ccccc21,0.0,training
O=C(c1cc(Br)ccc1O)c1cc(Br)ccc1O,0.0,training
[NH]C[Si]1(C[NH])CCCC1,0.0,training
CC1=CC(=O)c2c(O)cccc2C1=O,0.0,training
CN(C)CCCN=c1c2ccccc2n(C)c2[nH]c(=O)n(C)c(=O)c12,1.0,training
CCOP(=O)(OCC)OC1CC(n2cnc3c(N(CC)CC)ncnc32)OC1CO[Si](C)(C)C(C)(C)C,0.0,training
C[N+](C)([O-])CCCNc1c2ccccc2nc2cccc([N+](=O)[O-])c12,1.0,training
O=C1C=CC(=O)c2c1c(O)c1c(NCCNCCO)ccc(NCCNCCO)c1c2O,1.0,training
CN(C)CCOC(c1ccccc1)c1ccccc1,0.0,training
Cc1ccc(N2C=Nn3c(nc4sc5c(c4c3=O)CCCC5)C2)cc1,0.0,training
CC(=O)OC1=C2C(C)[C@@H](OC(=O)C(OC(=O)OCCC(O)CO)[C@@H](NC(=O)c3ccccc3)c3ccccc3)C[C@@](O)([C@@H](OC(=O)c3ccccc3)[C@@H]3[C@]4(OC(C)=O)CO[C@@H]4C[C@H](O)[C@@]3(C)C1=O)C2(C)C,1.0,training
CCCCCCCCCCCCCCCCOCC(O)CO,0.0,training
CC(C)CC1N=C(O)C(CCCN)NC(=O)C(C(C)C)NC(=O)C2CCCN2C(=O)C(Cc2ccccc2)NC(=O)C(CC(C)C)NC(=O)[C@H](CCCN)N=C(O)[C@H](C(C)C)N=C(O)[C@@H]2CCCN2C(=O)C(Cc2ccccc2)NC1=O,1.0,training
COc1cc2c(cc1OCCCN1CCN(c3cc(=O)oc4c(C)c(OC)ccc34)CC1)N=CC1CCCN1C2=O,1.0,training
COc1cc2c(c(O)c1OC)CC1CCC(=O)N1C2c1cccc2ccccc12,0.0,training
CN(C)CCNC(=O)c1ccc(NCCCN(C)CCCNc2ccc(C(=O)NCCN(C)C)c3[nH]c4ccccc4c(=O)c23)c2c(=O)c3ccccc3[nH]c12,1.0,training
CN(C)CCn1nc2c3ccccc3nc3c(=C(O)NCCCN(C)CCCNC(O)=c4ccc5c6c4nc4ccccc4c6nn5CCN(C)C)ccc1c32,1.0,training
C[C@]12CC[C@@H]3c4ccc(O)cc4CC[C@H]3[C@@H]1C[C@@H](O)[C@H]2O,1.0,training
CC1CCOC(=O)/C=C/C=C/C(=O)OC2CC3OC4C5OC5(C)C(O)CC4(COC(=O)C1O)C2(C)C31CO1,1.0,training
Cc1[nH]c2ncn(Nc3ccccc3)c(=N)c2c1Cc1ccccc1,0.0,training
CC1=C(C=CC(=O)CC(=O)C=CC2=C(C)CCCC2(C)C)C(C)(C)CCC1,0.0,training
CNC(=O)Oc1ccc(N(C)C)c(C)c1,0.0,training
Cc1c(O)cccc1C(=O)N[C@@H](CSc1ccccc1)[C@H](O)CN1C[C@H]2CCCC[C@H]2CC1C(=O)NC(C)(C)C,1.0,training
C[C@H]1O[C@@H](O[C@H]2[C@@H](O)C[C@H](O[C@H]3[C@@H](O)C[C@H](O[C@H]4CC[C@@]5(C)[C@H](CC[C@@H]6[C@@H]5CC[C@]5(C)[C@@H](C7=CC(=O)OC7)CC[C@]65O)C4)O[C@@H]3C)O[C@@H]2C)C[C@H](O)[C@@H]1O,1.0,training
N=C(N)N/N=C/c1nc2n(c1[N+](=O)[O-])CCS2,1.0,training
CC1OC(OC2C(O)CC(OC3C(O)CC(OC4CCC5(C)C(CCC6C5CCC5(C)C(C7=CC(=O)OC7)C(O)CC65O)C4)OC3C)OC2C)CC(O)C1O,0.0,training
OC(CC(c1ccccc1)c1ccc(Cl)cc1)c1ccc(Cl)cc1,0.0,training
O=C(NCCCNCCCCNCCCNC(=O)c1cc(-c2ccccc2)nc2ccccc12)c1cc(-c2ccccc2)nc2ccccc12,1.0,training
CCN(CC)CCN1C=Cc2c(C)c3c(c(C)c2=C1)-c1cc(O)ccc1[N+]=3,1.0,training
O=C(Nc1ccc2[nH]c(C(=O)N3CC(CCl)c4c3cc([N+](=O)[O-])c3ccccc43)cc2c1)c1cc2ccccc2o1,0.0,training
CC(=O)OCOC(=O)CN(CC(=O)OCOC(C)=O)Cc1cc2c(cc1OC(C)=O)Oc1cc(OC(C)=O)c(CN(CC(=O)OCOC(C)=O)CC(=O)OCOC(C)=O)cc1C21OC(=O)c2ccccc21,1.0,training
Cc1c2cccc(Sc3ccccc3)c2c2c3c(cccc13)[S+](c1ccccc1)C2,1.0,training
COc1cccc2c(O)c3c(c(O)c12)C(=O)C1=C(C[C@@](O)(C(=O)CO)C[C@@H]1OC1CC2C(OCN4CN2COC2C(C)OC(O[C@H]5C[C@](O)(C(=O)CO)CC6=C5C(=O)c5c(c(O)c7cccc(OC)c7c5O)C6=O)CC24)C(C)O1)C3=O,1.0,training
COc1cc([C@@H]2c3cc4c(cc3[C@H](N(C)C)[C@H]3COC(=O)C23)OCO4)cc(OC)c1OC,0.0,training
COC(=O)C(N)CCCC(N)C(=O)NC(C)C(=O)NC(CCC(=O)NCCNCCNc1c2ccccc2nc2cccc([N+](=O)[O-])c12)C(N)=O,1.0,training
OC1COC(n2c3ccc(Br)cc3c3ccc4c5ccccc5[nH]c4c32)C(O)C1O,0.0,training
CCN(CC)CCCCNc1c2ccccc2[n+](C)c2c1[nH]c1ccccc12,1.0,training
C/C=C(\N=C=S)C(=O)OC1C(COC(C)=O)OC([C@]2(O)CC(=O)C(=N)C(C(=O)O)C2=O)C(O)C1OC1CC(OC)C(O)([C@@H](C)OC(=O)C(C)CC)C(C)O1,1.0,training
O=c1ncccn1[C@@H]1O[C@H](CO)[C@@H](O)[C@H]1O,0.0,training
C[C@]12CC[C@@H]3c4ccc(O)cc4CC[C@H]3[C@@H]1CC[C@H]2O,1.0,training
COc1cc2c(cc1OC)CN(CCc1ccc(NC(=O)c3cc(OC)c(OC)cc3NC(=O)c3cnc4ccccc4c3)cc1)CC2,0.0,training
CNC(CCSC)C(=O)NC(=O)C(Cc1ccccc1)NC(=O)CNC(=O)C(C)NC(=O)C(N)Cc1ccc(O)cc1,1.0,training
COc1cc2c(cc1OCc1ccccc1)N=CC1C/C(=C/C(=O)NCCCN3C(=O)c4cccc5cccc(c45)C3=O)CN1C2=O,1.0,training
COc1cc([C@H]2c3cc4c(cc3C[C@@H]3COC(=O)C32)OCO4)cc(OC)c1OC,0.0,training
COC(=O)C1=C(C)N=C(C)C(C(=O)OCCCN2CCC(c3ccccc3)(c3ccccc3)CC2)[C@@H]1c1cccc([N+](=O)[O-])c1,1.0,training
COc1cc(CC2c3cc(OC)c(OC)cc3CCN2C)c(Oc2cc3c(cc2OC)-c2c(O)c(OC)cc4c2C(C3)N(C)CC4)cc1OC,0.0,training
COC1C(C)OC(OC2CC(C)(O)Cc3cc4c(c(O)c32)C(=O)c2c(O)cc3c(c2C4=O)OC2OC3(C)C(O)C(N(C)C)C2O)C(OC)C1(C)OC,1.0,training
CCCCCn1c(C)cc(C=Cc2ccc3cc(C)ccc3[n+]2C)c1C,1.0,training
CC(C)(C(=O)O)c1ccc(C(=O)CCCN2CCC(OC(c3ccccc3)c3ccccc3)CC2)cc1,1.0,training
COc1ccc(CCN(C)CCC[C@](C#N)(c2ccc(OC)c(OC)c2)C(C)C)cc1OC,1.0,training
CC(=O)C1=C(c2ccccc2)N(C2OC(CO)C(O)C(O)C2O)C(=S)C(C#N)C1c1ccc(Cl)cc1,0.0,training
Cc1c2oc3c(C)ccc(C(=O)NC4C(=O)NC(C(C)O)C(=O)N5CCCC5C(=O)N(C)CC(=O)N(C)C(C(C)C)C(=O)OC4C)c3nc-2c(C(=O)NC2C(O)=NC(C(C)O)C(=O)N3CCCC3C(=O)N(C)CC(=O)N(C)C(C(C)C)C(=O)OC2C)c(N)c1=O,1.0,training
COc1ccc(/C=C2/C(=N)Nc3ccccc3N(C3OC(COC(C)=O)C(OC(C)=O)C(OC(C)=O)C3OC(C)=O)C2=O)cc1,0.0,training
COc1ccc(CN(Cc2ccc(OC)cc2)C(=O)CC2(O)C=CCC2)cc1,0.0,training
CS(=O)(=O)N1CCN(C2CN(CC[C@@]3(c4ccc(Cl)c(Cl)c4)CCC(=O)N(CC4CC4)C3)C2)CC1,1.0,training
COC1CC(O[C@H]2CC[C@@]3(C)[C@@H](CC[C@]4(O)[C@@H]3CC[C@]3(C)C(C(C)=O)[C@H](OC(=O)CC(C)C)[C@@H](OC(=O)c5ccccc5)[C@@]34O)C2)OC(C)C1OC1CC(OC)C(OC2OC(C)C(O)C(OC)C2O)C(C)O1,0.0,training
Clc1ccc(C(c2ccccc2Cl)C(Cl)Cl)cc1,0.0,training
N=C(N)c1ccc(N=Nc2c(O)ccc3c2[nH]c2ccccc23)cc1,1.0,training
CCCCCCCCCCCC[N+]1(CCCCCCCCCCCC)CCCC(C)C1,1.0,training
c1ccc(C2C(=P(c3ccccc3)(c3ccccc3)c3ccccc3)P=PC2[P+](c2ccccc2)(c2ccccc2)c2ccccc2)cc1,1.0,training
Cc1ccc2c(ccc3c[n+]4ccccc4c(C)c32)c1,1.0,training
CC1CN=C(c2ccc(-c3nc(-c4ccc(C5=NCC(C)N5)cc4)nc(N(C)C)n3)cc2)N1,1.0,training
CCN(CCCl)c1cc(CN(C)C)cc(NC(=O)c2ccc(C(=O)Nc3cccc(N(CCCl)NN)c3)cc2)c1,1.0,training
Cc1ccc(N=Nc2ccc(O)c(CN(C)C)c2)cc1,0.0,training
CCCCS(=N)(=O)CCC(N)C(=O)O,0.0,training
Cc1cccc(Nc2nc3ccccc3nc2NS(=O)(=O)c2ccc(N)cc2)c1,0.0,training
CC(=O)[C@]1(O)C=C2C(=O)c3c(c(O)c4ccccc4c3O)C(=O)C2[C@@H](O[C@H]2C[C@H](N)[C@H](O)[C@H](C)O2)C1,1.0,training
COP(=S)(Oc1cc(Cl)c(Br)cc1Cl)c1ccccc1,0.0,training
C/C=C(\C)C(=O)OC1C(C)=C2C(C1OC(=O)CCCC)C(C)(OC(C)=O)CC(OC(=O)CCCC)C1(O)C2OC(=O)C1(C)O,1.0,training
O=c1cc2ccccc2nn1Cc1ccccc1Cl,0.0,training
c1ccc([P+](c2ccccc2)(c2ccccc2)c2ccccc2)cc1,1.0,training
CCC(C)=C1OC=c2c(O)c(C(=O)O)c(O)cc2=C1C,0.0,training
COc1ccc(CNCCN(C/C=C(/C)CC/C=C(/C)CC/C=C(/C)CC/C=C(/C)CC/C=C(/C)CC/C=C(/C)CC/C=C(\C)CC/C=C(\C)CCC=C(C)C)Cc2ccc(OC)c(OC)c2)cc1OC,1.0,training
COc1cc([C@@H]2c3cc4c(cc3[C@@H](N)[C@H]3COC(=O)C23)OCO4)cc(OC)c1OC,0.0,training
O=[N+]([O-])/C(C(Cl)=C(Cl)Cl)=C(\N1CCCCC1)n1cncn1,0.0,training
CON=C1CC(C)N2C(=O)C(C(C)C)N=C(O)C(NC(=O)c3c4[nH]c5c(C(=O)NC6C(=O)NC(C(C)C)C(=O)N7C(C)CC(O)C7C(=O)N(C)CC(=O)N(C)C(C(C)C)C(=O)OC6C)ccc(C)c5oc-4c(C)c(=O)c3=N)C(CO)OC(=O)C(C)N(C)C(=O)CN(C)C(=O)C12,1.0,training
COC1CC(O)=c2ccc3c(c2=C1O)CC[C@]1(C)C(=O)CCC31,0.0,training
C[C@@H](CCc1ccccc1)NC[C@H](O)c1ccc(O)c(C(N)=O)c1,1.0,training
O=C(CCCN1CCC(OC(=O)C(O)(c2ccccc2)C2CCCC2)CC1)c1ccccc1,0.0,training
N#CC12CC=C(c3ccccc3)N=C1NC(c1ccccc1)=CC2,0.0,training
CC(=C(C(=O)O)C(=O)O)c1cc(-c2cccs2)cc(-c2ccc(Cl)cc2)c1O,0.0,training
CSC1SCC2C(=O)N(C)C(C(C)C)C(=O)OCC(NC(=O)c3cnc4ccccc4n3)C(=O)NC(C)C(=O)N(C)C1C(=O)N(C)C(C(C)C)C(=O)OCC(NC(=O)c1cnc3ccccc3n1)C(=O)NC(C)C(=O)N2C,1.0,training
CN(CCCNC(=O)c1nn(-c2ccccc2)c2c1ccc1ccccc12)CCCNC(=O)c1nn(-c2ccccc2)c2c1ccc1ccccc12,0.0,training
CC(=O)Nc1ccc2c3c(cc(O)c2c1)N(C(=O)CCCC(=O)N1CC(CCl)c2c1cc(O)c1cc(NC(C)=O)ccc21)CC3CCl,1.0,training
CC(=O)C1CC[C@H]2[C@@H]3CC=C4CC(=O)CC[C@]4(C)[C@H]3CC[C@@]12C,0.0,training
CN=C(C[N+](=O)[O-])NCCSCc1ccc(CN(C)C)o1,0.0,training
O=[N+]([O-])c1ccc(Oc2c(Cl)cc(S(=O)(=O)NC(=NO)Nc3ccc(Cl)cc3)cc2Cl)cc1,0.0,training
CC[C@]1(c2ccc3c(c2)OCO3)C=[N+]([O-])O[C@H](OC2CCCC2(c2ccccc2)c2ccccc2)[C@@H]1OC(C)=O,0.0,training
CC1CN=C(c2cccc(-c3nc(-c4cccc(C5=NCC(C)N5)c4)nc(N(C)C)n3)c2)N1,1.0,training
O=C1NC(=O)C(=Cc2cn(Cc3ccccc3)c3ccccc23)C(=O)N1,0.0,training
COc1ccc(CC2C(=O)NC(C)C(=O)N(C)C3C(=O)N(C)C(Cc4ccc(O)c(c4)Oc4ccc(cc4)[C@H]3O)C(=O)NC(C)C(=O)NC(C)C(=O)N2C)cc1,1.0,training
CN(C)CCNC(=O)C(C)(C)Oc1ccc(C(=O)c2ccc(Cl)cc2)cc1Cl,0.0,training
Fc1ccc([C@@H]2CCNC[C@H]2COc2ccc3c(c2)OCO3)cc1,0.0,training
CN(C)CCNCCCNc1c2ccccc2nc2cccc([N+](=O)[O-])c12,1.0,training
Cc1c2c(c(C)n1-c1ccccc1)C(=O)N(CCSC(=N)N)C2=O,0.0,training
CCCNc1c(O)cc2c(O)c1C=C(C)CC(OC)[C@@H](O)[C@H](C)/C=C(\C)C(OC(N)=O)C(OC)C=CC=C(C)C(=O)N2,1.0,training
CC(=O)Nc1ccc2c3c(cc(O)c2c1)N(C(=O)CCCCCCC(=O)Nc1ccc2c4c(cc(O)c2c1)N(C(=O)OC(C)(C)C)CC4CCl)CC3CCl,1.0,training
COc1cc2c(cc1OCCCN1CCN(c3ncnc4ccccc34)CC1)N=CC1CCCN1C2=O,1.0,training
O=C(c1cc2c(c3ccccc13)NC1(CCCCC1)N=C2C(F)(F)F)C(F)(F)F,0.0,training
N#CSC#CCCC#CSC#N,0.0,training
CC(C)C(C/C=C1/CC(CO)(COC(=O)CC(C(C)C)C(C)C)OC1=O)C(C)C,0.0,training
Cc1nccn1CC1CCc2c(c3ccccc3n2C)C1=O,1.0,training
CC1OC(OC2C(O[C@H]3CC[C@@]4(C)[C@@H](CC[C@@H]5[C@@H]4CC[C@]4(C)[C@@H]6[C@H](C[C@@H]54)O[C@]4(CC[C@@H](C)CO4)[C@H]6C)C3)OC(CO)C(OC3OC(CO)C(O)C(OC4OCC(O)C(O)C4O)C3OC3OCC(O)C(O)C3O)C2O)C(O)C(O)C1O,0.0,training
COc1ccc2c(c1)[C@@H](NC(C)=O)CCc1cc(OC)c(OC)c(OC)c1-2,0.0,training
CC(C)NC[C@@H](O)COc1cccc2ccccc12,1.0,training
CC(C)C[C@H](NC(=O)C(Cc1cccc2ccccc12)NC(=O)N1CCOCC1)B(O)O,1.0,training
Cc1ccc2c(C=C3C=CC(=[N+](C)C)C=C3)c3cc(-c4ccccc4)n(C)n3c2c1,1.0,training
Cc1n(CC(C)C)c2c([n+]1C)C(=O)c1ccccc1C2=O,1.0,training
O=C(C=Cc1ccccc1)Oc1cccc(O)c1,0.0,training
O=S1OC[C@@H]2[C@H](CO1)[C@]1(Cl)C(Cl)=C(Cl)[C@@]2(Cl)C1(Cl)Cl,1.0,training
CC1(C)CC([P+](c2ccccc2)(c2ccccc2)c2ccccc2)=NN1,1.0,training
CC1(C)N=C(N)N=C(N)N1c1cccc(CCCCc2ccccc2)c1,1.0,training
COc1cc2c(cc1OCCCCCOc1cc3c(cc1OC)C(=O)N1CCCC1C(=O)N3)N=CC1CCCN1C2=O,1.0,training
O=c1[nH]c(=S)[nH]c(-c2ccccc2)c1Cc1c(O)ccc2ccccc12,0.0,training
CCCC(=O)Nc1cc(/C=C/C(=O)N2CC(CCl)c3c2cc(OCc2ccccc2)c2[nH]cc(C)c32)n(C)c1,0.0,training
COC(=O)C1=CN(CC2=CC(=O)C(C)=CC2=O)C=C(C(=O)OC)C1c1cccc(OC)c1OC,0.0,training
O=C(N[C@@H](Cc1ccccc1)B(O)O)C(Cc1cccc2ccccc12)NC(=O)N1CCOCC1,1.0,training
CCOC(=O)C1=C(C)C2C=C(c3cccs3)CC(c3ccc(Cl)cc3)=C2OC1=O,0.0,training
Cn1c2ccccc2c(=NNc2ccc(S(N)(=O)=O)cc2)c2ccccc21,0.0,training
COc1ccc2c(c1)/C(=C\c1c(-c3cc(OC)ccc3OC)nc3sc(C)cn13)C(=O)N2C,0.0,training
CC1=C[C@H]2O[C@@H]3C[C@H]4OC(=O)/C=C\C=C\[C@H]([C@@H](C)O)OC[C@H](O)[C@@]5(C)OC5C(=O)OC[C@@]2(C[C@H]1O)[C@]4(C)C31CO1,1.0,training
COc1c(O)c(C)c(C=CCCCCCCCC[P+](c2ccccc2)(c2ccccc2)c2ccccc2)c(O)c1OC,1.0,training
c1ccc(CN2CCN3CCN(CC2)CCN(Cc2ccccc2)CC3)cc1,1.0,training
OCC1OC(n2cnc3c(Cl)nc(Nc4ccc(Cl)c(Cl)c4)nc32)CC1O,0.0,training
COC(=O)C1=C(C)N=C(C)C(C(=O)OC)C1c1ccccc1[N+](=O)[O-],1.0,training
CC1=C2CC(=O)C=C[C@]2(C)[C@@H]2[C@@H](C1)[C@@H]1CC[C@](O)(C(=O)CO)[C@@]1(C)C[C@@H]2O,1.0,training
Nc1ccn([C@@H]2O[C@H](CO)[C@@H](O)[C@@H]2O)c(=O)n1,0.0,training
COc1ccc2c3c([nH]c2c1)[C@H]1C[C@@H]2C(C(=O)O)[C@@H](OC)[C@H](O)[C@@H]2CN1CC3,0.0,training
OCCN1CCN(CC/C=C2\c3ccccc3Sc3ccc(C(F)(F)F)cc32)CC1,1.0,training
CNC1C(=O)C(C)C(O)(C(CC(C)C(O)/C=C/C=C/CNC(=O)C(C)(C)C(O)C(C)=CC=C/C=C/Cc2cnc(C)o2)OC)C12C(=O)OC2COC,1.0,training
O=C(/C=C/c1cccnc1)/C=C/c1cccnc1,0.0,training
Cc1ccc2c(O)c(O)cc(NC(C)CCCN)c2n1,1.0,training
N[C@@H]1c2c(Br)sc(Br)c2C(=O)C1Br,0.0,training
Brc1cc(CCOC2CCCCO2)c(-c2sccc2CCOC2CCCCO2)s1,0.0,training
COc1cc2c(cc1Cc1c(F)cccc1F)nc(-c1c(F)cccc1F)n2Cc1c(F)cccc1F,0.0,training
CCC1=C[C@@H]2CN(C1)Cc1c([nH]c3ccccc13)[C@@](C(=O)OC)(c1cc3c(cc1OC)N(C)[C@H]1[C@@](O)(C(=O)OC)[C@H](OC(C)=O)[C@]4(CC)C=CCN5CC[C@]31[C@@H]54)C2,1.0,training
CC(=O)C(=Cc1ccc(C=C(C(C)=O)C(C)=O)cc1)C(C)=O,0.0,training
Cc1c2oc3c(C)ccc(C(=O)NC4C(=O)NC(C(C)C)C(=O)N5CCCC5C(=O)N(C)CC(=O)N(C)C(C(C)O)C(=O)OC4C)c3nc-2c(C(=O)NC2C(O)=NC(C(C)C)C(=O)N3CCCC3C(=O)N(C)CC(=O)N(C)C(C(C)O)C(=O)OC2C)c(N)c1=O,1.0,training
CC(C)n1c2c([n+](C)c1C=Cc1ccccc1)C(=O)c1ccccc1C2=O,1.0,training
CC[C@]1(O)C[C@H]2CN(CCc3c([nH]c4ccccc34)[C@@](C(=O)OC)(c3cc4c(cc3OC)N(C)[C@H]3[C@@](O)(C(=O)OC)[C@H](OC(C)=O)[C@]5(CC)C=CCN6CC[C@]43[C@@H]65)C2)C1,1.0,training
CCOC(=O)c1sc(NC(=O)COc2cccc(/C=C3\CCc4cc(OC)ccc4C3=O)c2)nc1C,0.0,training
COc1cc(NCCCCCN=C(N)N=C(N)NC(C)C)c2ncccc2c1,1.0,training
CC#C[C@]1(O)CC[C@H]2C3=C(C4=C(CC3)CC(=O)CC4)C(c3ccc(N(C)C)cc3)C[C@@]21C,0.0,training
CN(CCO)CC(=O)CC(O)(C(F)(F)F)C(F)(F)F,0.0,training
CC(=O)OC1=C2C(C)[C@@H](OC(=O)C(O)C(NC(=O)c3ccc(N(C)C)cc3)c3ccccc3)C[C@@](O)([C@@H](OC(=O)c3ccccc3)[C@@H]3[C@]4(OC(C)=O)CO[C@@H]4C[C@H](O)[C@@]3(C)C1=O)C2(C)C,1.0,training
CC(=O)OC1=C2C(C)[C@@H](OC(=O)C(OC(=O)CCCC(=O)NCCCN(C)C)C(NC(=O)c3ccccc3)c3ccccc3)C[C@@](O)(C(OC(=O)c3ccccc3)C3C4(OC(C)=O)COC4C[C@H](O)[C@@]3(C)C1=O)C2(C)C,1.0,training
Oc1ccccc1C=Nc1ccc(-c2nc3ccccc3s2)cc1,0.0,training
CC(=CC1CCC(CN2CCOCC2)C1=O)c1ccc(CC(C)C)cc1,0.0,training
c1ccc2c(c1)N=c1ccccc1=P21c2ccccc2Nc2ccccc21,1.0,training
CCOC(=O)/C=C(/C=C\COC1CCCCO1)c1ccccc1,0.0,training
CCCCCCCC(=O)OCC(=O)[C@]1(O)C=C2C(=O)c3c(c(O)c4c(OC)cccc4c3O)C(=O)C2[C@@H](OC2CC(N)C(O)C(C)O2)C1,1.0,training
CCC1=NC(=O)C2CSSCC/C=C/[C@H](CC(=O)NC(C(C)C)C(=O)N2)OC(=O)C(C(C)C)NC1=O,1.0,training
O=C(O)CN(CC(=O)O)Cc1cc2c(cc1O)Oc1cc(O)c(CN(CC(=O)O)CC(=O)O)cc1C21OC(=O)c2ccccc21,0.0,training
CCOP(=S)(OCC)S[C@@H](CCl)N1C(=O)c2ccccc2C1=O,0.0,training
OCC(CCc1c[nH]c2ccccc12)c1c[nH]c2ccccc12,0.0,training
COc1cc2c[n+](C)c3c4cc(OC)c(OCc5ccccc5)cc4c(OCc4ccccc4)cc3c2cc1OC,1.0,training
C=C[C@H](N)CCC(=O)O,0.0,training
CC(=NNC(=S)N(C)CCN(C)C(=S)NN=C(C)c1ccccn1)c1ccccn1,0.0,training
CCC(=O)N(c1ccccc1)C1(COC)CCN(CCn2nnn(CC)c2=O)CC1,0.0,training
O=C(Nc1ccc(Cl)cc1)c1cc(S(=O)(=O)Nc2n[nH]c(Nc3ccc4ccccc4c3)n2)c(SSc2cc(Cl)c(C(=O)Nc3ccc(Cl)cc3)cc2S(=O)(=O)Nc2n[nH]c(Nc3ccc4ccccc4c3)n2)cc1Cl,0.0,training
CC(=O)OC1=C2C(C)[C@@H](OC(=O)C(O)C(NC(=O)OC(C)(C)C)c3ccccc3)C[C@@](O)([C@@H](OC(=O)C3CCCCC3)[C@@H]3[C@]4(OC(C)=O)CO[C@@H]4C[C@H](O)[C@@]3(C)C1=O)C2(C)C,1.0,training
O=C(NCCN1CCN(c2cccc3c2OC[C@H](CO)O3)CC1)c1ccc(F)cc1,1.0,training
O=C(NCCNCCNCCNC(=O)c1cc(-c2ccccc2)nc2ccccc12)c1cc(-c2ccccc2)nc2ccccc12,1.0,training
O=[N+]([O-])c1cccc(-c2csc(N=Nc3c(O)[nH]c4ccccc34)n2)c1,0.0,training
O=C1Cc2cc3ccccc3nc2-c2ccccc2N1,0.0,training
CCc1c2c(nc3ccc(OC(=O)N4CCC(N5CCCCC5)CC4)cc13)-c1cc3c(c(=O)n1C2)COC(=O)[C@]3(O)CC,1.0,training
COc1cc2c(cc1OCCCCN1CCN(CCCCOc3cc4c(cc3OC)C(=O)N3CCCC3C=N4)CC1)N=CC1CCCN1C2=O,1.0,training
CC(C)(C)COC(=O)C(C)(C)NC(=O)C(CC(=O)OCc1ccccc1)NC(=O)OCc1ccccc1,0.0,training
O=C(c1ccc2ccccc2c1)c1c(C(F)(F)F)[n+]([O-])c2cc(C(F)(F)F)ccc2[n+]1[O-],0.0,training
CCCCCCCCCc1c(Cl)nc(Cl)nc1Cl,0.0,training
Cc1cc2c(C(C)C)c(O)c(O)c(C=O)c2c(O)c1-c1c(C)cc2c(C(C)C)c(O)c(O)c(C=O)c2c1O,0.0,training
O=C(O)c1cccc(F)c1F,0.0,training
Cn1c(-c2ccc(Cl)cc2)cc2c(C=C3C=CC(=[N+](C)C)C=C3)c3ccccc3n21,1.0,training
O=C(O)C1(C(=O)O)CCC1,0.0,training
CCCCCCCCCCCCCCCC[N+](C)(C)Cc1ccc(F)cc1,1.0,training
C/C(=N\Nc1nc2ccccc2s1)c1cccc[n+]1[O-],0.0,training
CCOC(=O)C1(Cc2ccccc2)C=CN(C(=O)c2ccccc2)C=C1,0.0,training
C=c1ccc2c(-c3c(=C)c(O)c(O)c4cc(=C)ccc34)c(=C)c(O)c(O)c2c1,0.0,training
CC(=O)O[C@@]12CO[C@@H]1CC(O)[C@@]1(C)C(=O)C(=O)C3C(C)C(O)C[C@@](O)(C(OC(=O)c4ccccc4)C12)C3(C)C,1.0,training
COc1c(C)c(OC)c2c(c1O)[C@@H]1[C@@H]3Cc4c(OC)c(C)c(OC)c(O)c4[C@H](CNC(=O)c4cnc5ccccc5n4)N3[C@@H](C#N)[C@H](C2)N1C,1.0,training
O=C1c2ccccc2C(=O)c2c(NCCNCCO)ccc(NCCNCCO)c21,1.0,training
CN1C=CC(=CC=C2C=CC(=[N+](C)C)C=C2)c2ccccc21,1.0,training
CC(C)(C)NC(=O)C1CN(Cc2cccnc2)CCN1C[C@@H](O)CC(Cc1ccccc1)C(=O)N[C@H]1c2ccccc2C[C@H]1O,1.0,training
N#Cc1c2c(c(-c3cccs3)n([C@H]3O[C@@H](CO)[C@@H](O)[C@@H](O)[C@H]3O)c1=S)CCc1ccccc1-2,0.0,training
CC(C)=CC(=O)OC1C2C(C)CC(=O)C(=O)C2(C)C2C3(O)OCC24C(CC(=O)OC14)C(C)C3O,1.0,training
CC(=O)NC(CC(C)C)C(=O)NC(CC(C)C)C(=O)NC(C=O)CCCN=C(N)N,1.0,training
COc1cccc2c(O)c3c(c(O)c12)C(=O)C1=C(C[C@@](O)(C(=O)CO)C[C@@H]1O[C@H]1C[C@H](N)[C@@H](O)[C@H](C)O1)C3=O,1.0,training
[O+]=c1c2c[c-](-[n+]3c(-c4ccccc4)cc(-c4ccccc4)cc3-c3ccccc3)cc1CO[C@@H](c1ccccc1)[C@H](c1ccccc1)OCCOCCO[C@@H](c1ccccc1)[C@H](c1ccccc1)OC2,1.0,training
CCCCN1C(=O)C(=C/C=C/C=C2\Oc3ccccc3N2CCCS(=O)(=O)O)C(=O)N(CCCC)C1=O,0.0,training
CCCCCCCCCCCC(c1ccccc1)[N+](C)(C)C,1.0,training
COc1cccc2c(O)c3c(c(O)c12)C(=O)C1=C(C[C@](O)(C(=O)CO)C[C@@H]1O)C3=O,1.0,training
CCCCCCCCCCCCCCCC[N+](C)(C)Cc1ccccc1,1.0,training
CC(C)CC(N=C(O)[C@H](Cc1c[nH]c2ccccc12)N=C(O)C(CC(C)C)N=C(O)[C@H](Cc1c[nH]c2ccccc12)N=C(O)C(CC(C)C)N=C(O)[C@H](Cc1c[nH]c2ccccc12)N=C(O)[C@H](N=C(O)[C@@H](N=C(O)[C@H](N=C(O)[C@H](C)N=C(O)[C@@H](CC(C)C)N=C(O)C(C)NC(=O)CNC(=O)C(NC=O)C(C)C)C(C)C)C(C)C)C(C)C)C(=O)NC(Cc1c[nH]c2ccccc12)C(=O)NCCO,1.0,training
O=c1cc(-c2cccnc2)[nH]c2cc3c(cc12)OCO3,0.0,training
Cc1cc(-c2nc3ccccc3s2)ccc1N,0.0,training
NC(=O)NC(=O)c1ccc(NC(=O)CBr)cc1,0.0,training
O=c1cc(NNc2cccc3ccccc23)[nH]c(=O)[nH]1,0.0,training
C=C(CN(C)C)C(=O)c1cc(C)ccc1C,0.0,training
CCC1N=C(O)[C@H](NC(=O)c2ncccc2O)[C@@H](C)OC(=O)C(c2ccccc2)NC(=O)C2CC(=O)CCN2C(=O)C(Cc2ccc(N(C)C)cc2)N(C)C(=O)C2CCCN2C1=O,1.0,training
Cc1coc2ccccc2c1=O,1.0,training
CCCCOc1cc(C(=O)NCCN(CC)CC)c2ccccc2n1,1.0,training
CCOC(=O)C1C(=O)C(C(=O)OCC)[C@@H](c2ccccc2)N(C)[C@@H]1c1ccccc1,0.0,training
COC1C(O)CC(OC2CC(Oc3cc4cc5c(c(O)c4c(O)c3C)C(=O)C(OC3CC(OC4CC(OC6CC(C)(O)C(OC(C)=O)C(C)O6)C(O)C(C)O4)C(O)C(C)O3)[C@H](C(OC)C(=O)C(O)C(C)O)C5)OC(C)C2OC(C)=O)OC1C,1.0,training
C/C=C/[P+](c1ccccc1)(c1ccccc1)c1ccccc1,1.0,training
COC(=O)NC1C(C)OC(OC2C/C=C(/C)C3C=CC4C(OC5CC(OC6CC(O)C(OC7CC(O)C(OC)C(C)O7)C(C)O6)C(O)C(C)O5)C(C)CC(C)C4C3(C)C(=O)C3C(=O)OC4(CC(C)C(CO)=CC4/C=C\2C)C3=O)CC1(C)[N+](=O)[O-],1.0,training
OCCO[P+]1(OCCO)n2c3ccc2C(c2ccccc2)=C2C=CC(=N2)C(c2ccccc2)=c2ccc(n21)=C(c1ccccc1)C1=NC(=C3c2ccccc2)C=C1,1.0,training
CC(C)(O)C1CC[C@]2(C)CC[C@]3(C)[C@H](CC[C@@H]4[C@@]5(C)CC[C@H](O)C(C)(C)[C@@H]5CC[C@]43C)[C@@H]12,0.0,training
CCc1nc(N)nc(N)c1-c1ccc(N2CCNCC2)c([N+](=O)[O-])c1,1.0,training
Clc1ccccc1C(c1ccccc1)(c1ccccc1)n1ccnc1,1.0,training
COc1cccc2c(O)c3c(c(O)c12)C(=O)C1=C(C[C@@](O)(C(C)=NO)C[C@@H]1OC1CC(N)C(O)C(C)O1)C3=O,1.0,training
COc1ccc(OC)c(-c2cc(=O)c3c(OC)c(OC)c(OC)c(OC)c3o2)c1,0.0,training
CC(C)[Si](OC1=CCCCCC12C(=O)N(C)c1ccccc12)(C(C)C)C(C)C,0.0,training
C=C1C(=O)O[C@H]2[C@H]3O[C@@H](C[C@@H]12)[C@@]1(C)CC[C@H](O1)[C@H](C)CCC[C@H]3C,0.0,training
COc1ccc(CCNc2nc(N3CCc4cc(OC)c(OC)cc4C3)c3cc(OC)c(OC)cc3n2)cc1OC,1.0,training
O=C1CS(=O)(=O)C(c2cccc(Oc3ccccc3)c2)N1c1ccc(Cl)cc1,0.0,training
CC(=O)OC1=C2C(C)[C@@H](OC(=O)C(O)C(NC(=O)c3ccoc3)c3ccccc3)C[C@@](O)([C@@H](OC(=O)c3ccccc3)[C@@H]3[C@]4(OC(C)=O)CO[C@@H]4C[C@H](O)[C@@]3(C)C1=O)C2(C)C,1.0,training
CCCCCCCCC/C=C1/CC(CO)(COC(=O)CC(C(C)C)C(C)C)OC1=O,0.0,training
CCCCC[C@@H]1OCO[C@@]2(C)/C=C(C)/C=C/C(=O)O[C@H]([C@@H](C)[C@@H](O)[C@H](C)[C@@]3(O)C[C@@H](O[C@H]4C[C@@H](O)[C@H](O)[C@@H](C)O4)[C@H](C)[C@@H](C)O3)[C@@H](OC)/C=C/C=C(\C)C[C@@H]1[C@@H]2O,1.0,training
COc1ccc2c(c1)c(C=C1C=CC(=[N+](C)C)C=C1)c1cc(-c3ccccc3)n(C)n12,1.0,training
CN=C(N)NN=C(C)c1ccc2c(c1)Cc1cc(C(C)=NN=C(N)NC)ccc1-2,1.0,training
C=CCc1[nH]c2c(OCc3ccccc3)cc(N(CC=C)C(C)=O)cc2c1C,0.0,training
COc1cc2c3c(n(CCNCCCNCCn4c5c(c6cc(OC)c(OC)cc6c4=O)C(=O)c4ccccc4-5)c(=O)c2cc1OC)-c1ccccc1C3=O,1.0,training
CC(=O)OC(CN1CCN(c2ccccn2)CC1)Cn1sc2nc(C)cc(C)c2c1=O,0.0,training
CCn1c2ccc(O)c(C(=O)OC)c2c2cc3ccccc3c(O)c21,0.0,training
CC1=CCC[C@@H]2[C@@](C)(Cc3cc(O)ccc3O)[C@H](C)CC[C@@]12C,0.0,training
COc1ccc(C(=O)c2c(C(C(=O)c3ccc(OC)cc3)C(=O)c3ccc(OC)cc3)n(C(=O)c3ccc(OC)cc3)c3ccccc23)cc1,0.0,training
CC(C)(C)CC(C)(C)c1ccc(OCCO)cc1,1.0,training
CC1=C[C@H]2O[C@@H]3C[C@H]4OC(=O)/C=C\C=C\C(C(C)O)OCC(O)C(C)CC(=O)OC[C@@]2(C[C@@H]1O)[C@]4(C)[C@@]31CO1,1.0,training
Nc1ccc(S(=O)(=O)Nc2nc3ccccc3nc2N2CCCCCC2)cc1,0.0,training
Cc1ccc2c(c1)-c1c(C)c3c(c(C)c1=[N+]2)C=CN(C)C=3,1.0,training
CC1=CC2O[C@@H]3CC4OC(=O)/C=C\C=C\C56OCCC7(OC7C(=O)OCC2(CC1)[C@]4(C)[C@]31CO1)C5OC(O)C6O,0.0,training
CC(=O)/C=C/c1cn(C(=O)OC(C)(C)C)c2ccc(Br)cc12,0.0,training
CNCC[C@H](Oc1ccc(C(F)(F)F)cc1)c1ccccc1,0.0,training
O=C(NCCN(CCNC(=O)c1cccc(O)c1O)CCNC(=O)c1cccc(O)c1O)c1cccc(O)c1O,1.0,training
O=[N+]([O-])c1cc([N+](=O)[O-])c(C(F)(F)F)cc1NN=C(c1ccc(O)cc1)c1ccc(O)cc1,0.0,training
O=C(c1ccc([N+](=O)[O-])cc1)C(Br)C(Br)c1ccnc2ccccc12,0.0,training
Cc1cc(C)[nH]c(=NC(=N)NCCc2ccccc2)n1,1.0,training
C=C1CC2C(C)C(=O)CCC2(C)C2=C1C1CCC(C(C)CCC(=C)C(C)C(=O)O)C1(C)CC2=O,0.0,training
CCCCCCCCCCCCCCCCCCOCC(COCCOCC[N+]1(CCCCCC(=O)O)CCCC1)Oc1ncccn1,1.0,training
S=c1[nH]c2ccc(Br)cc2c(=S)s1,0.0,training
COc1ccc(-c2cc(-c3ccccc3)[n+](-c3ccc(C)cc3)c(-c3ccccc3)c2)cc1,1.0,training
CCC1(c2ccccc2)C(=O)NC(=O)NC1=O,1.0,training
CC(C)C1=C2CCC3(C)C(CCC4C5C6OCC5(CCC6(C)C)CCC43C)C2(C)CC1,0.0,training
COC(=O)c1ccccc1-c1c2ccc(=N)cc-2oc2cc(N)ccc12,1.0,training
C[C@]12CCC(=O)C=C1CC[C@@H]1[C@@H]2CC[C@@]2(C)C(C(=O)CO)CC[C@@H]12,0.0,training
N#C/C(=C\c1ccccn1)c1nc2ccccc2o1,0.0,training
N=C(N)N/N=C/c1c(-c2ccc(Cl)c([N+](=O)[O-])c2)nc2ccccn12,1.0,training
CCC[n+]1cc2cc(OC)c(OC)cc2c2c1-c1cc3c(cc1C2)OCO3,1.0,training
COc1ccc(CCCCNCc2cccc(CNCCCCc3ccc(OC)cc3)c2)cc1,0.0,training
CC(Oc1ccccc1Cl)C(=O)Nn1c(=O)cc(O)n(-c2ccc(Cl)cc2)c1=S,0.0,training
Oc1cccc2cc(Cl)cnc12,0.0,training
O=C(O)CCCc1ccc(N(CCCl)CCCl)cc1,0.0,training
CCOC(=O)C(NC(=O)N(C1=NCC(C)S1)C1CCCCC1)(OC)C(F)(F)F,0.0,training
C[N+]1(C)C/C(=C\C=C\c2ccccc2)C(=O)/C(=C/C=C/c2ccccc2)C1,1.0,training
CCOc1ccc2nc3cc(N=Nc4ccc(N)nc4N)ccc3c(N)c2c1,1.0,training
CC[C@H]1CN2CCc3cc(OC)c(OC)cc3[C@@H]2C[C@H]1C[C@H]1NCCc2cc(O)c(OC)cc21,1.0,training
O=C(c1ccccc1)c1c2n(c3c1cc(O)c1ccccc13)CCN2,1.0,training
Nc1ccc(S(=O)(=O)Nc2ccccn2)cc1,0.0,training
C[C@]12CCC(=O)C=C1CC[C@@H]1[C@H]2[C@@H](O)C[C@@]2(C=O)C(C(=O)CO)CC[C@@H]12,1.0,training
COc1cc2c(cc1OC)CN(CCc1ccc(NC(=O)c3cccc4c(=O)c5cccc(OC)c5[nH]c34)cc1)CC2,1.0,training
COc1ccc2c(NCCCCCCCCNc3c4ccccc4nc4cc(OC)ccc34)c3ccccc3nc2c1,1.0,training
CN(C)c1ccc(C=Cc2cccc[n+]2C)cc1,1.0,training
CC(C)(C)c1ccc(C(=O)CCCN2CCC(OC(c3ccccc3)c3ccccc3)CC2)cc1,1.0,training
BrCCC[P+](c1ccccc1)(c1ccccc1)c1ccccc1,1.0,training
COc1cc2c3c(n(CCCNCCNCCN)c(=O)c2cc1OC)-c1cc2c(cc1C3=O)OCO2,1.0,training
Cc1cc(=[N+]Cc2ccccc2)c2ccccc2n1CCCCCCCCCCn1c(C)cc(=[N+]Cc2ccccc2)c2ccccc21,1.0,training
CC(C)(C)c1ccc([C@@H](O)CCCN2CCC(C(O)(c3ccccc3)c3ccccc3)CC2)cc1,1.0,training
CCOC(=O)C(=O)N=Nc1nc2c(O)c3ccccc3c(O)c2s1,0.0,training
NCC1(CC(=O)O)CCCCC1,0.0,training
CN(C)C1C(=O)C(C(N)=O)C(=O)[C@]2(O)C(=O)C3C(=O)c4c(O)cccc4[C@@](C)(O)[C@H]3C[C@@H]12,1.0,training
O=C(COc1ccc(OCC(=O)n2c(O)cn(-c3ccccc3)c2=S)cc1)n1c(O)cn(-c2ccccc2)c1=S,0.0,training
CCCCCCCCCC1CC(=O)NCC(=O)NC(C(C)C)C(=O)NC(CC(C)C)C(=O)NC(C)C(=O)NC(C(C)C)C(=O)O1,1.0,training
Cc1c2ccn(C)cc2c(C)c2c1[o+]c1ccccc12,1.0,training
CCC(C)SC1SCC2C(=O)N(C)C3(CC3C)C(=O)OCC(NC(=O)c3nc4ccccc4cc3O)C(=O)NC(C)C(=O)N(C)C1C(=O)N(C)C1(CC1C)C(=O)OCC(NC(=O)c1nc3ccccc3cc1O)C(=O)NC(C)C(=O)N2C,1.0,training
Cc1ccc(NC(=O)c2ccc(CN3CCN(C)CC3)cc2)cc1Nc1nccc(-c2cccnc2)n1,1.0,training
CCSC1=NC(=O)C(Cc2ccccc2O)=N1,0.0,training
CN(C(=O)C(c1ccccc1)c1ccccc1)[C@H](CN1CC[C@H](O)C1)c1ccccc1,1.0,training
Cc1ccc(C)c(NC(=O)CCC(=NNC(=O)c2c(O)ccc3ccccc23)C(C)C(=O)c2ccc(O)cc2)c1,0.0,training
CCC,0.0,training
CS(=O)(=O)c1c(N)c2nc(Cl)cn2c2nc3ccccc3nc12,0.0,training
CCc1nc(N)nc(N)c1-c1ccc(NCCN)c([N+](=O)[O-])c1,1.0,training
CCC(=O)C(C[C@H](C)N(C)C)(c1ccccc1)c1ccccc1,1.0,training
Cc1cc(C)n([C@@H]2O[C@@H](CO)[C@H](O)[C@H](O)[C@@H]2O)c(=S)c1C#N,0.0,training
COc1ccc2c[n+](C)c3c4cc(OC)c(OC)cc4ccc3c2c1,1.0,training
O=C(CCl)c1ccc([N+](=O)[O-])o1,0.0,training
CC1OC(=O)C(C(C)C)NC(=O)C(C(C)C)OC(=O)C(C(C)C)NC(=O)C(C)OC(=O)C(C(C)C)NC(=O)C(C(C)C)OC(=O)C(C(C)C)NC(=O)C(C)OC(=O)C(C(C)C)NC(=O)C(C(C)C)OC(=O)C(C(C)C)NC1=O,1.0,training
CN1CC[C@]23c4c5ccc(O)c4O[C@H]2[C@@H](O)C=C[C@H]3[C@H]1C5,1.0,training
COC(=O)C(N)CS,0.0,training
CSc1ccc(NC(=O)CCl)cc1,0.0,training
c1ccc2c(c1)Nc1ccccc1O2,1.0,training
NCCCN1CCN(CCCNc2ccc3ncn4c5ccccc5c(=O)c2c34)CC1,1.0,training
CN(C)CCCN1c2ccccc2CCc2cccc([N+](=O)[O-])c21,0.0,training
CC[C@@]1(O)C(=O)OCc2c1cc1n(c2=O)Cc2cc3cc4c(cc3nc2-1)OCO4,0.0,training
Cc1ccc(-c2cs/c(=N\c3ccccc3)n2NC(=O)c2ccncc2)cc1,0.0,training
CC(=O)O[C@H]1[C@@H](O)[C@@H](O[C@@H]2[C@H](OC(=O)C3CC[C@H]4[C@@H](C3)O[C@]3(C[C@H](OC(=O)/C=C/c5ccccc5)[C@H](C)CO3)[C@]43CO3)O[C@@H](C)[C@H](O)[C@@H]2OC(C)=O)O[C@@H](C)[C@H]1O,1.0,training
O=C(c1ccco1)c1nc2cc(Cl)ccc2[n+]([O-])c1C(F)(F)F,0.0,training
Clc1ccc(-c2cn(-c3ccccc3)c(-c3ccccc3)n2)c(Cl)c1,0.0,training
COc1c(C[C@H](C)OC(=O)Oc2ccc(O)cc2)c2c3c(C[C@H](C)OC(=O)c4ccccc4)c(OC)c(=O)c4c(O)cc(OC)c(c5c(OC)cc(O)c(c1=O)c52)c43,1.0,training
CCCCOC(=O)C(C)Oc1ccc(Oc2ccc(C(F)(F)F)cn2)cc1,0.0,training
CN(C)Cc1c[nH]c2c(NCCN)c3c(c(NCCN)c12)C(=O)c1ccccc1C3=O,1.0,training
Cc1cc(=O)oc2cc(O)ccc12,1.0,training
COc1cc([N+](=O)[O-])c(OC)cc1-c1nc2sc(Cl)cn2c1C(N)=NC(=N)N,1.0,training
CC(=NNC(=S)N1CCN(c2ccccn2)CC1)c1nccs1,0.0,training
COC(=O)[C@]12OC[C@@]34[C@@H](CC5=C(C)C(OC(C)=O)C(=O)C[C@]5(C)[C@H]3[C@@H](O)[C@@H]1O)OC(=O)C(OC(=O)C=C(C)C)[C@@H]24,1.0,training
CC(=O)O[C@H]1[C@H](O)C[C@@H](O[C@H]2[C@H](C)O[C@H](O[C@@H]3[C@H](C)O[C@@H](O[C@H]4CC[C@@]5(C)[C@H](CC[C@@H]6[C@H]5C[C@H](O)[C@@]5(C)[C@H](C7=CC(=O)OC7)CC[C@]65O)C4)C[C@@H]3O)C[C@@H]2O)O[C@@H]1C,1.0,training
CC(C)(C)NC[C@@H](O)COc1ccccc1C#N,1.0,training
CC(=O)OC1=C2C(C)[C@@H](OC(=O)C(O)C(NC(=O)c3ccccc3)c3cccc(N(C)C)c3)C[C@@](O)([C@@H](OC(=O)c3ccccc3)[C@@H]3[C@]4(OC(C)=O)CO[C@@H]4C[C@H](O)[C@@]3(C)C1=O)C2(C)C,1.0,training
CCCC[C@@H](C)/C=C1\CN2CCC[C@H]2[C@@](C)(O)[C@@H]1O,0.0,training
COc1cc2c3c(n(C)c(=O)c2cc1OC)-c1cc2c(cc1/C3=C\CNCCCN)OCO2,1.0,training
COc1cc2c(cc1OCCCOc1cc3c(cc1OC)C(=O)N1CC(F)(F)CC1C=N3)N=CC1CC(F)(F)CN1C2=O,1.0,training
CC(=O)OC1=C2C(C)[C@@H](OC(=O)C(O)C(NC(=O)c3ccccc3)c3ccccc3C)C[C@@](O)([C@@H](OC(=O)c3ccccc3)[C@@H]3[C@]4(OC(C)=O)CO[C@@H]4C[C@H](O)[C@@]3(C)C1=O)C2(C)C,1.0,training
O=c1[nH]c(=O)n(C2CC(O)C(CO)O2)cc1C(F)(F)F,0.0,training
O=C(CSCC(=O)N/N=C/c1cccs1)N/N=C/c1cccs1,0.0,training
CC1CC[P+](c2ccccc2)(c2ccccc2)c2c1ccc1ccccc21,1.0,training
COc1ccc2c(c1)C(=O)c1c-2n(CCCn2ccnc2)c(=O)c2ccccc12,0.0,training
CCN(CCCl)c1cc(CN(C)C)cc(NC(=O)c2ccc(C(=O)Nc3cc(CN(C)C)cc(N(CC)CCCl)c3)cc2)c1,1.0,training
Cc1nc(N)nc(N)c1-c1ccc(Cl)c(Cl)c1,0.0,training
Cc1cn([C@H]2C=C[C@@H](CO)O2)c(=O)[nH]c1=O,0.0,training
CCCCc1nc(Cl)c(CO)n1Cc1ccc(-c2ccccc2-c2nn[nH]n2)cc1,1.0,training
O=S(=O)(c1ccc(N=C2NC(c3ccc(O)cc3)(c3ccccc3O)c3ccccc32)cc1)c1ccc(N=C2NC(c3ccc(O)cc3)(c3ccccc3O)c3ccccc32)cc1,1.0,training
COc1cc2c(cc1OCCCCCN1CCN(c3cc(=O)oc4ccccc34)CC1)N=CC1CCCN1C2=O,1.0,training
CC[P+](C#Cc1ccccc1)(c1ccccc1)c1ccccc1,1.0,training
N#Cc1ccc(Oc2nc3ccc(C(F)(F)F)cc3nc2-c2ccccc2)cc1,0.0,training
O=CC(I)=C(c1ccccc1)c1ccccc1,0.0,training
COCCOC(=O)C1=C(C)N=C(C)C(C(=O)OC(C)C)[C@@H]1c1cccc([N+](=O)[O-])c1,1.0,training
CC[C@H](C)[C@H]1NC(=O)C(NC(=O)C(CC(C)C)N(C)C(=O)C2CCCN2C(=O)C(C)=O)[C@@H](C)OC(=O)C(Cc2ccc(OC)cc2)N(C)C(=O)C2CCCN2C(=O)C(CC(C)C)NC(=O)C(C(C)C)OC(=O)C[C@@H]1O,1.0,training
CCC(C)C(=O)O[C@H]1C[C@@H](C)C=C2C=C[C@H](C)[C@H](CC[C@@H]3C[C@@H](O)CC(=O)O3)[C@H]21,1.0,training
ClC1(Cl)C2(Cl)C3(Cl)C4(Cl)C(Cl)(Cl)C5(Cl)C3(Cl)C1(Cl)C5(Cl)C24Cl,0.0,training
COc1ccc(-c2c3c(n([C@H]4O[C@@H](COC(C)=O)[C@@H](OC(C)=O)[C@@H](OC(C)=O)[C@H]4OC(C)=O)c(=S)c2C#N)CC(C)(C)CC3=O)cc1,0.0,training
COc1cc([C@@H]2c3cc4c(cc3[C@H](NC(C)=O)[C@H]3COC(=O)C23)OCO4)cc(OC)c1OC,1.0,training
CN(CCNC(=O)c1[nH]nc2c1ccc1ccccc12)CCNC(=O)c1[nH]nc2c1ccc1ccccc12,1.0,training
CC1=C2Oc3c(C)cc(F)c(C(=O)NC4C(=O)NC(C(C)C)C(=O)N5CCCC5C(=O)N(C)CC(=O)N(C)C(C(C)C)C(=O)OC4C)c3N=C2C(C(=O)NC2C(O)=NC(C(C)C)C(=O)N3CCCC3C(=O)N(C)CC(=O)N(C)C(C(C)C)C(=O)OC2C)C(=N)C1=O,1.0,training
COc1ccc(C=CC(=NNC(=O)NN=C(C=Cc2ccc(OC)cc2)C(C)C)C(C)C)cc1,0.0,training
COc1ccc2nc(C)cc(NCCCCCCCCCNc3cc(C)nc4ccc(OC)cc34)c2c1,1.0,training
CCN1C(C=Cc2ccc(N(CCCl)CCCl)cc2)=CC=C2CC(=[N+]C(=O)C=Cc3ccccc3)C=CC21,1.0,training
CCCCCCNc1nc(NCCCCCC)c2[nH]c(NCCCCCC)nc2n1,1.0,training
N#Cc1cc(-c2nc3cc(F)ccc3s2)ccc1N,0.0,training
COc1cc([C@@H]2c3[nH]c4ccccc4c3C(Nc3ccc([N+](=O)[O-])cc3)[C@H]3COC(=O)N23)cc(OC)c1O,1.0,training
COc1cc(O)c(C(=O)/C=C/c2ccccc2)c(OC)c1,0.0,training
COC(=O)C1[C@@H](O)CC[C@H]2CN3CCc4c([nH]c5ccccc45)[C@@H]3C[C@@H]12,1.0,training
CCC1N=C(O)C2CCCN2C(=O)C(Cc2ccccc2)N=C(O)C(CC(C)C)N=C(O)C(CCCN)NC(=O)C(C(C)C)NC(=O)C2CCCN2C(=O)C(Cc2ccccc2)NC(=O)C(CC(C)C)NC(=O)C(CCCN)NC1=O,1.0,training
COc1cc2c(cc1OCCCCCn1c(-c3ccco3)nc3ccccc31)N=CC1CCCN1C2=O,1.0,training
CC(=O)OC1(C)CC(=O)OCC23CCC(C)=CC2OC2CC(OC(=O)/C=C/C=C/C(C(C)O)OCC1O)C3(C)C21CO1,1.0,training
CN[C@@H]1C[C@H]2O[C@](C)([C@@H]1OC)n1c3ccccc3c3c4c(c5c6ccccc6n2c5c31)C(=O)NC4,1.0,training
CC1(C)S[C@@H]2C(NC(=O)C(N)c3ccccc3)C(=O)N2C1C(=O)O,0.0,training
CSc1ccc(C2=NN(C(=O)c3ccc(N)cc3)C(c3ccc(F)cc3)C2)cc1,0.0,training
CCCC(=O)Nc1cc(/C=C/C(=O)N2CC(CCl)c3c2cc(OC(C)=O)c2[nH]cc(C)c32)n(C)c1,1.0,training
COc1ccc(CCn2cnc3cc(NC(=O)CN4CCN(C)CC4)c(Oc4cc(C)cc(C)c4)cc3c2=O)cc1OC,0.0,training
Cc1c2oc3c(C)ccc(C(=O)NC4C(=O)NC(Cc5ccc(O)cc5)C(=O)N5CCCC5C(=O)N(C)CC(=O)N(C)C(C(C)C)C(=O)OC4C)c3nc-2c(C(=O)NC2C(O)=NC(Cc3ccc(O)cc3)C(=O)N3CCCC3C(=O)N(C)CC(=O)N(C)C(C(C)C)C(=O)OC2C)c(N)c1=O,1.0,training
CC(=O)O[C@H]1CC2C(C3CC[C@H](C(C)CCC(=O)O)[C@]31C)[C@H](OC(C)=O)C[C@@H]1CC3(CC[C@]21C)OOC1(CCC(C)CC1)OO3,0.0,training
COc1cc2c(cc1OC)C(Cl)C(c1ccc(F)cc1)=C2Cl,0.0,training
C[O+]=C1C=C(N(C)C)C=CC1=Cc1c2ccccc2n2c1cc(-c1ccccc1)n2C,1.0,training
O=C1c2cccc(NCCCNCCO)c2C(=O)c2cccc(NCCCNCCO)c21,1.0,training
O=C1c2cccc3cc([N+](=O)[O-])cc(c23)C(=O)N1O,0.0,training
Clc1ccc(COc2ccccc2/C=N/c2c(-c3ccco3)nc3ccccn23)c(Cl)c1,0.0,training
Cn1cc(C(=O)C2CCc3[nH]cnc3C2)c2ccccc21,1.0,training
CC1(C)S[C@@H]2C(NC(=O)C(N)c3ccc(O)cc3)C(=O)N2C1C(=O)O,1.0,training
C=CC[C@H]1[C@@H](O[Si](C)(C)C(C)(C)C)[C@H](n2ccc(=O)[nH]c2=O)O[C@@H]1CO[Si](C)(C)C(C)(C)C,0.0,training
CC1(C)CCC[C@@]2(C)C1CC[C@@]1(CO)O[C@H](C3=CC(=O)OC3O)CC12,0.0,training
Cc1cc(-c2ccco2)c(C#N)c(=S)n1[C@@H]1O[C@@H](CO)[C@H](O)[C@H](O)[C@@H]1O,0.0,training
OCCN1CCN(CCCN2c3ccccc3Sc3ccc(C(F)(F)F)cc32)CC1,1.0,training
CN(C)CC1=Nc2cccc3cccc(c23)N1,0.0,training
CC(=O)OC1=C2C(C)[C@@H](OC(=O)C(O)C(NC(=O)c3ccccc3)c3ccccc3)C[C@@](O)([C@@H](OC(=O)c3ccco3)[C@@H]3[C@]4(OC(C)=O)CO[C@@H]4C[C@H](O)[C@@]3(C)C1=O)C2(C)C,1.0,training
CC1(C)N=C(N)N=C(N)N1c1cccc(CCCCc2ccc(Cl)c(S(=O)(=O)F)c2)c1,1.0,training
COc1ccc(Cc2c(-c3ccc(C)cc3)n[nH]c(=O)c2-c2c(-c3ccccc3)[nH]n(-c3ccccc3)c2=O)cc1,0.0,training
Nc1ccc(-c2nc3cc(F)ccc3s2)cc1I,0.0,training
C(=NNC1=NCCN1)c1c2ccccc2c(C=NNC2=NCCN2)c2ccccc12,1.0,training
CC12CC3OC(=O)C1COC14OC5(C2C1=O)C(O)(CCC1C4CC2OC24C=CCC(=O)C14C)C(=O)OC35C,0.0,training
CCN(CC)CCCNc1[nH]ncc2c(C)c3nc4ccc(OC)cc4c3cc12,1.0,training
CCC(=C(c1ccc(O)cc1)c1ccc(OCCNC)cc1)c1ccccc1,0.0,training
NC(Cc1ccc(N(CCCl)CCCl)cc1)C(=O)O,0.0,training
CCOc1ccc(-c2nc3cc(-c4nc5cc(N6CCN(C)CC6)ccc5[nH]4)ccc3[nH]2)cc1,1.0,training
CN(C)C(=O)c1cccc(COc2ccc(N3C(N)=NC(N)=NC3(C)C)cc2Cl)c1,1.0,training
COP(=S)(OC)SCN1C(=O)c2ccccc2C1=O,0.0,training
Cn1c(-c2ccccc2)cc2[n+]1-c1ccccc1/C2=C/c1ccccc1,1.0,training
CCCC[C@H](C)[C@@H](OC(=O)CC(CC(=O)O)C(=O)O)[C@@H](C[C@H](C)C[C@@H](O)CCCC[C@@H](O)C[C@H](O)[C@H](C)N)OC(=O)CC(CC(=O)O)C(=O)O,0.0,training
CC(C)(C)c1nc2c(o1)/C(=N\c1ccc(F)cc1)c1ccccc1C2=O,0.0,training
COc1cc2cc(C(=O)N3CC(CCl)c4ccc([N+](C)(C)Cc5ccc([N+](=O)[O-])cc5)cc43)[nH]c2c(OC)c1OC,0.0,training
COC(C(=O)C(O)C(C)O)[C@@H]1Cc2cc3cc(O[C@H]4C[C@@H](O[C@H]5C[C@@H](O)[C@H](O)[C@@H](C)O5)[C@H](O)[C@@H](C)O4)c(C)c(O)c3c(O)c2C(=O)C1O[C@H]1C[C@@H](O[C@H]2C[C@@H](O[C@H]3C[C@](C)(O)[C@H](O)[C@@H](C)O3)[C@@H](O)[C@@H](C)O2)[C@H](O)[C@@H](C)O1,1.0,training
OC(c1cc(-c2ccc(Cl)cc2)nc2ccccc12)C1CCCCN1,0.0,training
Cc1cc(-c2ccc(N=Nc3c(S(=O)(=O)O)cc4cc(S(=O)(=O)O)cc(N)c4c3O)c(C)c2)ccc1N=Nc1c(S(=O)(=O)O)cc2cc(S(=O)(=O)O)cc(N)c2c1O,0.0,training
CC(C)NC[C@H](O)COc1ccc(CCNC(=O)NC(C)C)cc1,1.0,training
C[C@]12CCC(=O)C=C1CC[C@@H]1[C@H]3CC[C@@](O)(C(=O)CO)[C@@]3(C)CC[C@@H]12,0.0,training
CC(=O)OC1=C2C(C)[C@@H](OC(=O)C(O)C(NC(=O)c3ccccc3)c3ccccc3)C[C@@](O)([C@@H](OC(=O)c3ccccc3)[C@@H]3[C@]4(OC(C)=O)CO[C@@H]4C[C@H](OC(=O)OCCC(O)CO)[C@@]3(C)C1=O)C2(C)C,1.0,training
N#Cc1c(-c2ccco2)c2c(n([C@H]3O[C@@H](CO)[C@@H](O)[C@@H](O)[C@H]3O)c1=S)CCCC2,0.0,training
CO[C@H]1/C=C/O[C@@]2(C)Oc3c(C)c(O)c4c(O)c(c(C=NN5CCN(C)CC5)c(O)c4c3C2=O)NC(=O)C(C)=CC=CC(C)[C@H](O)[C@@H](C)[C@@H](O)[C@@H](C)[C@H](OC(C)=O)[C@@H]1C,1.0,training
CN(C)CCCN1c2ccccc2CCc2ccccc21,0.0,training
NS(=O)(=O)c1ccc(-n2nc3c(c2-c2ccc(Cl)cc2)Cc2ccccc2-3)cc1,0.0,training
COc1ccc2nc3cc(Cl)ccc3c(NCCNC(=O)Cn3c(=O)n(C)c(=O)c4c3nc3c(c(=O)n(C)c(=O)n3C)[n+]4[O-])c2c1,1.0,training
c1ccc(COc2ccc(C[P+](c3ccccc3)(c3ccccc3)c3ccccc3)cc2)cc1,1.0,training
CC1=C2C(=O)OCC23C=COC3(C)O1,0.0,training
CC(=O)OC1=C2C(C)[C@@H](OC(=O)C(O)C(NC(=O)c3ccccc3)c3ccccc3)C[C@@](O)([C@@H](OC(=O)c3ccc(F)cc3)[C@@H]3[C@]4(OC(C)=O)CO[C@@H]4C[C@H](O)[C@@]3(C)C1=O)C2(C)C,1.0,training
CC(=O)N(C)c1ccc(Nc2cc(C)[nH]c3ccc4ncnc4c23)cc1,1.0,training
CN1CC=CCC1,1.0,training
CCCCCCCCCCC[N+]1(Cc2ccccc2)CC2CCN(Cc3ccccc3)CC2C1,1.0,training
CN(C)CCCCN1CCc2c(n(C)c3ccccc23)C1=O,0.0,training
NC(=S)NN=Cc1ccc(O)cn1,0.0,training
CCOC(=O)C(SCCO)C(C(=O)OCC)n1ccc(=O)[nH]c1=O,0.0,training
CO[C@H]1C[C@H](O[C@H]2[C@H](C)O[C@@H](O[C@@H]3C(C)=CC[C@@H]4C[C@@H](C[C@]5(CC[C@H](C)[C@H](C(C)C)O5)O4)OC(=O)C4C=C(C)[C@@H](O)[C@@H]5OC/C(=C\C=C\[C@@H]3C)[C@@H]45)C[C@@H]2OC)O[C@@H](C)[C@@H]1O,1.0,training
COc1cccc2c1c(C=C1C=CC(=[N+](C)C)C=C1)c1cc(-c3ccccc3)n(C)n12,1.0,training
CCOC(=O)C1=C(C)N=C(C)C(C(=O)OC)[C@@H]1c1cccc(Cl)c1Cl,1.0,training
Cc1nc2c(Br)cc(Br)cc2c(=O)n1-c1ccccc1NC1OCC(O)C(O)C1O,1.0,training
ClC1=C(Cl)[C@@]2(Cl)[C@H]3[C@H]4C[C@@H]([C@H]5O[C@H]45)[C@@H]3[C@@]1(Cl)C2(Cl)Cl,0.0,training
NS(=O)(=O)c1ccc(NC(=S)NC(=O)Nc2ccc(Cl)c(Cl)c2)cc1,0.0,training
CC(C)/N=c1\cc2n(-c3ccc(Cl)cc3)c3ccccc3nc-2cc1Nc1ccc(Cl)cc1,1.0,training
Cc1c2ccn(C)cc2c(C)c2c1[s+]c1ccccc12,1.0,training
COc1cc(/C=C/C(=O)N2CCN(C(=O)c3cc(OC)c(OC)c(OC)c3)CC2)ccc1OCCCOc1cc2c(cc1OC)C(=O)N1CCCC1C=N2,1.0,training
O=c1[nH]cc(F)c(=O)[nH]1,0.0,training
Cc1cc(Nc2ccc(N=Nc3ccc(O)c4ncccc34)cc2)nc(C)n1,0.0,training
O=[N+]([O-])c1cc(Cc2cc([N+](=O)[O-])c3cccnc3c2O)c(O)c2ncccc12,0.0,training
O=C1C2=C(C(=O)c3c(O)ccc(O)c31)[C@@H](O)[C@@H](O)[C@@H](O)C2,0.0,training
CN1CCN(c2ccc3[nH]c(-c4ccc5[nH]c(-c6ccc(N(C)CCCl)cc6)nc5c4)nc3c2)CC1,1.0,training
COC(=O)C1c2cc3c(cc2C(OC2OC(C)C(OC)C(C)(OC)C2OC)CC1(C)O)C(=O)c1c(O)cc2c(c1C3=O)OC1OC2(C)C(O)C([N+](C)(C)[O-])C1O,1.0,training
CCC(N=C(O)C1CCCN1C(=O)C(Cc1ccccc1)N=C(O)C(CC(C)C)N=C(O)C(CCCN)NC(=O)C(CC)NC(=O)C1CCCN1C(=O)C(Cc1ccccc1)NC(=O)C(N)CC(C)C)C(=O)NC(C=O)CCCN,1.0,training
CC(=O)Nc1ccc2c3c(cc(O)c2c1)N(C(=O)CCCCC(=O)N1CC(CCl)c2c1cc(O)c1cc(NC(C)=O)ccc21)CC3CCl,1.0,training
C=C1c2nc3ccccc3n2C=C(c2ccc(C)cc2)N1c1ccc(C)cc1,0.0,training
CN(C)CCNc1ccc2c(=O)n(CCN(C)C)c(=O)n3c4ccc([N+](=O)[O-])cc4c(=O)c1c23,0.0,training
CN=C(NC#N)NCCSCc1[nH]cnc1C,1.0,training
CCCNC[C@@H](O)COc1ccccc1C(=O)CCc1ccccc1,1.0,training
COc1cccc2c(O)c3c(c(O)c12)C(=O)C1=C(C[C@@](O)(C(=O)CO)C[C@@H]1OC1CC(N)C(O)C(C)O1)C3=O,1.0,training
O=P1(Cc2ccccc2)c2ccccc2-c2ccccc21,1.0,training
COc1cc([C@@H]2c3cc4c(cc3[C@@H](/N=C/c3ccc(C(=O)OC(C(=O)O[C@H]5C[C@@]6(O)[C@@H](OC(=O)c7ccccc7)[C@@H]7[C@]8(OC(C)=O)CO[C@@H]8C[C@H](O)[C@@]7(C)C(=O)C(OC(C)=O)=C(C5C)C6(C)C)[C@@H](NC(=O)c5ccccc5)c5ccccc5)cc3)[C@H]3COC(=O)C23)OCO4)cc(OC)c1O,1.0,training
Cc1c2oc3c(C)cnc(C(=O)NC4C(=O)NC(C(C)C)C(=O)N5CCCC5C(=O)N(C)CC(=O)N(C)C(C(C)C)C(=O)OC4C)c3nc-2c(C(=O)NC2C(O)=NC(C(C)C)C(=O)N3CCCC3C(=O)N(C)CC(=O)N(C)C(C(C)C)C(=O)OC2C)c(N)c1=O,1.0,training
Cc1ccc(C[P+](c2ccccc2)(c2ccccc2)c2ccccc2)cc1,1.0,training
COc1ccc2c(c1)CC[C@@H]1[C@@H]2CC[C@]2(C)C(=O)/C(=C/c3ccncc3)C[C@@H]12,0.0,training
CN(C)CCCN1c2ccccc2Sc2ccc(Cl)cc21,1.0,training
CC(C)(C)SC1=CCC[C@@H](P(=O)(c2ccccc2)c2ccccc2)[C@@H]2CCC[C@@H]12,0.0,training
CC[C@@H](C)[C@H]([C@@H](CC(=O)N1CCC[C@H]1[C@@H](OC)C(C)C(=O)N[C@H](Cc1ccccc1)c1nccs1)OC)N(C)C(=O)C(NC(=O)C(C(C)C)N(C)C)C(C)C,1.0,training
NCCNCCCCCCNC(=O)c1cccc2cc3ccccc3nc12,1.0,training
Cc1cc(C)nc(NS(=O)(=O)c2ccc(Nc3c4ccccc4nc4c(C(=O)NNCCO)cccc34)cc2)n1,0.0,training
Cc1cn([C@H]2C[C@H](N=[N+]=[N-])[C@@H](CO)O2)c(=O)[nH]c1=O,0.0,training
COc1ccc(C2=NN(C(N)=S)C(c3ccccc3)C2)cc1,0.0,training
COc1cc(C2=NOC(c3cc(OC)c(OC)c(OC)c3)C2)ccc1OCCCCOc1cc2c(cc1OC)C(=O)N1CCCC1C=N2,1.0,training
COC(=O)C1=C2C(C)[C@@H](OC(=O)C(O)C(NC(=O)c3ccc(F)cc3)c3ccccc3)C[C@@](O)([C@@H](OC(=O)c3ccccc3)[C@@H]3[C@]4(OC(C)=O)CO[C@@H]4C[C@H](O)[C@@]3(C)C1=O)C2(C)C,1.0,training
Cc1cc(I)cc(CN(C)CCCN2CCCCCCC2)c1O,0.0,training
COc1ccc(C(SCCO)(c2ccc(OC)cc2)c2ccc(OC)cc2)cc1,0.0,training
Cc1cc(NCCCCCCCCCCn2c(C)cc(=[N+])c3ccccc32)c2ccccc2n1,1.0,training
CC(=O)Oc1c(-c2ccccc2)oc2ccccc12,0.0,training
CC1=C(C(=O)Nc2ccc(Cl)c(C(=O)OC(C)C)c2)SCCO1,0.0,training
COc1ccc2c3c([nH]c2c1)[C@H]1C[C@@H]2C(C(=O)O)[C@@H](OC)[C@H](O)C[C@@H]2CN1CC3,0.0,training
CCC1=NC(=O)C2CSSCC/C=C\[C@H](CC(=O)NC(C(C)C)C(=O)N2)OC(=O)C(C(C)C)NC1=O,1.0,training
CN1CCN(CCCN2c3ccccc3Sc3ccc(C(F)(F)F)cc32)CC1,1.0,training
CNCCN[C@@H]1c2cc3c(cc2[C@@H](c2cc(OC)c(O)c(OC)c2)C2C(=O)OC[C@@H]21)OCO3,1.0,training
CCN(CCCl)c1cc(CN(C)C)cc(NC(=O)C23CCC(C(=O)Nc4cc(CN(C)C)cc(N(CC)CCCl)c4)(CC2)CC3)c1,1.0,training
C[C@]12CCC(=O)C=C1CC[C@@H]1[C@@H]2[C@@H](O)C[C@@]2(C)[C@H]1CC[C@]2(O)C(=O)CO,1.0,training
COc1cc([C@@H]2c3cc4c(cc3[C@@H](N(C)C(C)=O)[C@H]3COC(=O)C23)OCO4)cc(OC)c1OC,0.0,training
COc1cc2c(c(OC)c1)C(=O)O[C@H](C)CCCC/C=C/C2,0.0,training
C[C@@]12CC[C@H](O)C[C@H]1CC[C@H]1[C@@H]2C[C@@H](O)[C@@]2(C)[C@@H](C3=CC(=O)OC3)CC[C@@]12O,1.0,training
CC(C)[N+]([O-])(CCCNc1c2ccccc2nc2cccc([N+](=O)[O-])c12)C(C)C,1.0,training
Cc1ccc(S(=O)(=O)Nc2ccccc2C=O)cc1,0.0,training
C=CC(Br)(CBr)CCC(Br)C(C)(C)Cl,0.0,training
C[C@H](O)[C@H]1/C=C/C=C\C(=O)O[C@@H]2C[C@H]3O[C@@H]4[C@@H]5O[C@]5(C)CCC4(COC(=O)C4O[C@]4(C)[C@@H](O)CO1)[C@]2(C)[C@]31CO1,1.0,training
Cn1c(CC(O)c2nc3ccccc3n2C)nc2ccccc21,0.0,training
C=C/C=C/[C@@H](O)CC(=C)C[C@H]1OC2[C@H](C)[C@@H](OC(=O)C[C@H]3C[C@H](OC(C)=O)C[C@@]4(C[C@@](C)(O)C[C@H](CC(=C)[C@@H](C)[C@H](OC(C)=O)C(C)C(=O)C[C@@H]5C[C@H](OC)CC6(C[C@@H](O)C[C@H](/C=C\CCC[C@H]7O[C@](O)(C=C[C@H]7C)[C@H]2O)O6)O5)O4)O3)[C@@H]1O,1.0,training
Oc1c(O)c(Cl)c(Cl)c(Cl)c1Cl,0.0,training
COc1ccc(OC)c(C[P+](c2ccccc2)(c2ccccc2)c2ccccc2)c1,1.0,training
COc1cc2c3c(n(C)c(=O)c2cc1OC)-c1cc2c(cc1/C3=C\[C@@H](N)CCCCN)OCO2,1.0,training
Oc1ccc2ccccc2c1Cc1c(O)ccc2ccccc12,0.0,training
COC(=O)/C=C1/c2ccccc2-[n+]2c1c1ccccc1n2C,1.0,training
O=[N+]([O-])c1ccc2nc(NN=Cc3ccc(O)cc3)sc2c1,0.0,training
C=CCNc1c(O)cc2c(O)c1C=C(C)C[C@@H](OC)[C@H](OC(=O)CN)[C@H](C)/C=C(\C)[C@@H](OC(N)=O)[C@H](OC)C=CC=C(C)C(O)=N2,1.0,training
CC1OC(OC2C(O[C@@H]3C[C@@H]4CC[C@@H]5[C@H](CC[C@]6(C)[C@@H]7[C@H](C[C@@H]56)O[C@]5(CC[C@@H](C)CO5)[C@H]7C)[C@@]4(C)C[C@H]3O)OC(CO)C(OC3OC(CO)C(O)C(O)C3O)C2O)C(O)C(O)C1O,0.0,training
OCCOCCN1CCN([C@H](c2ccccc2)c2ccc(Cl)cc2)CC1,0.0,training
CCN(CC)C(=S)SSC(=S)N(CC)CC,1.0,training
CC(=O)NCCC1CN(C(=O)/C=C/I)c2ccccc21,0.0,training
N#Cc1cc2c(n([C@@H]3O[C@@H](CO)[C@H](O)[C@H](O)[C@@H]3O)c1=S)CCCC2,0.0,training
OCCN(CCO)c1nc(N2CCCCC2)c2nc(N(CCO)CCO)nc(N3CCCCC3)c2n1,1.0,training
CCN(CC)CC(=O)Nc1c(C)cccc1C,1.0,training
COc1ccc2o/c(=N/c3ccccc3)c(C(N)=O)cc2c1,0.0,training
CC(=O)OC1=C2C(C)C(OC(=O)C(O)C(NC(=O)C(C)(O)C(C)O)c3ccccc3)C[C@@](O)([C@@H](OC(=O)c3ccccc3)[C@@H]3[C@]4(OC(C)=O)CO[C@@H]4C[C@H](O)[C@@]3(C)C1=O)C2(C)C,1.0,training
CNC(=O)ON(C(C)=O)C(=O)NC,0.0,training
COC1C=CC=C(C)C(=O)Nc2cc(O)c(N)c(c2O)C=C(C)CC(OC)C(O)C(C)/C=C(\C)C1OC(N)=O,1.0,training
C=C1c2nc3ccccc3n2C=C(c2ccc(OC)cc2)N1c1ccc(OCCN2CCOCC2)cc1,0.0,training
O=c1[nH]c2cc([N+](=O)[O-])c(Nc3c4ccccc4nc4ccccc34)c([N+](=O)[O-])c2[nH]1,0.0,training
CCCCNP1(NCCCC)=NP(NCCCC)(NCCCC)=NP(NCCCC)(NCCCC)=NP(NCCCC)(NCCCC)=N1,1.0,training
O=C1c2ccccc2C(=O)c2c1c(NCCNCCO)c1cc[nH]c1c2NCCNCCO,1.0,training
CC(C)c1nc(CN(C)C(=O)NC(C(=O)N[C@@H](Cc2ccccc2)C[C@H](O)[C@H](Cc2ccccc2)NC(=O)OCc2cncs2)C(C)C)cs1,1.0,training
C=C1C(C(O)C[C@H](C)C2O[C@@]3(CCCCO3)CCC2C)O[C@@H]2CCC3(CCC(/C=C/[C@@H](C)C4CC(C)=CC5(O4)O[C@H](C[C@](C)(O)C(=O)O)CCC5O)O3)OC2[C@@H]1O,1.0,training
O=CN[C@@H](N1CCN([C@H](NC=O)C(Cl)(Cl)Cl)CC1)C(Cl)(Cl)Cl,0.0,training
COc1cc(C=CC(=O)CC(=O)C=Cc2cc(OC)c(O)c(OC)c2)cc(OC)c1O,1.0,training
COc1cc2c(cc1OCCCOc1c#cc(-c3ccc4c(c3)c3cc(-c5ccc(OCCCOc6cc7c(cc6OC)C(=O)N6CCCC6C=N7)cc5)ccc3n4S(=O)(=O)c3ccc(C)cc3)cc1)N=CC1CCCN1C2=O,1.0,training
Cc1cccc(CP(Cc2cccc(C)c2)CC2(CP3C4CCCCC4C4CCCCC43)COC2)c1,1.0,training
C[N+](C)(C)CC1CCCC1=O,0.0,training
Cc1c2cccc-2c(OCCO)cc2c3ccccc3n(C)c12,1.0,training
COC(=O)C1(Cc2ccc3c(c2)CCC3)Cc2cc3c(cc2C1)CCC3,0.0,training
Cn1cnc(SC2=CC(=O)C=C3SC4C[C@@]23c2c(c(O)c3c5c2=NCCC=5C=N3)N4)c1CC(N)C(=O)O,1.0,training
CCc1ccccc1NC(=O)C(C#N)=C1C(=O)c2ccccc2C(=O)C1Cl,0.0,training
COc1ccccc1N1C(=O)CSC1c1cccc(Oc2ccccc2)c1,0.0,training
CCC(CO)Nc1nc(NCc2ccccc2)c2ncn(C(C)C)c2n1,0.0,training
CN(CCCN)CCCNc1nc2ccccc2c2[nH]c3ccccc3c12,1.0,training
O=C(O)CN1CCNCCN(CC(=O)O)CC1,0.0,training
CC[C@@]1(O)C(=O)OCc2c1cc1n(c2=O)Cc2cc3c(CN(C)C)c(O)ccc3nc2-1,1.0,training
CC[C@H](C)[C@H]1O[C@]2(CC[C@@H]1C)C[C@H]1C[C@@H](C/C=C(/C)[C@H](O[C@H]3C[C@@H](OC)[C@@H](O[C@H]4C[C@H](OC)[C@@H](O)[C@H](C)O4)[C@H](C)O3)[C@@H](C)/C=C/C=C3\CO[C@@H]4[C@H](O)C(C)=CC(C(=O)O1)[C@]34O)O2,1.0,training
CCN(CC)CCNC(=O)C(Cl)=C1C(Cl)=C(Cl)C(Cl)=C1Cl,0.0,training
C/C(=C\c1csc(C)n1)[C@@H]1C[C@@H]2O[C@@H]2CCC[C@H](C)[C@H](O)C(C)C(=O)C(C)(C)[C@@H](O)CC(=O)O1,1.0,training
COc1ccc(-c2coc3c4c(ccc3c2=O)OCO4)cc1OC,0.0,training
O=C1C=CC=c2c1c(O)c1c(NCCNCCO)ccc3c1c2nn3CCNCCO,1.0,training
COC(=O)C12OCC34C(CC5C(C)CC(=O)C(=O)C5(C)C3C(O)C1O)OC(=O)C(OC(=O)CC(C)C)C24,1.0,training
c1ccc([P+](CCC[P+](c2ccccc2)c2ccccc2)c2ccccc2)cc1,1.0,training
O=C1NC(=O)C(c2ccccc2)(c2ccccc2)N1,1.0,training
C=CC(C)=c1cc(O)c2c(=C)cc3c(=O)c4c(C5CC(N(C)C)C(O)C(C)O5)cc(C5CC(C)(N(C)C)C(O)C(C)O5)c(O)c4c(O)c3c2o1,1.0,training
CCCCCCCCCCCCCCCCCCNc1ccn(C2OC(COP(=O)(O)OCC3OC(n4cc(C)c(=O)[nH]c4=O)CC3N=[N+]=[N-])C(O)C2O)c(=O)n1,0.0,training
CC1=C(SCCO)C(=O)c2ccccc2C1=O,0.0,training
COc1c(OC(C)=O)c(OC(C)=O)cc2c1-c1ccc(OC)c(=O)cc1C(NC(C)=O)CC2,1.0,training
COc1ccc(C=C2CCC(CN3CCOCC3)C2=O)cc1,0.0,training
COc1cc2c(c(OC)c1OC)-c1ccc(OC)c(=O)cc1[C@@H](NC(C)=O)CC2,1.0,training
CC1(C)N=C(N)N=C(N)N1c1cccc(CSc2ccccc2)c1,1.0,training
CCN(CC)CCCNc1[nH]ncc2cc3c(nc4ccc(OC)cc43)c(C)c12,1.0,training
CC(=O)O[C@]12CO[C@@H]1C[C@H](O)[C@@]1(C)C(=O)C(=O)C3C(C)[C@H](OC(=O)C(O)C(NC(=O)OC(C)(C)C)c4ccccc4)C[C@@](O)([C@@H](OC(=O)c4ccccc4)[C@H]21)C3(C)C,1.0,training
CCN(CC)CCC[C@@H](C)Nc1ccnc2cc(Cl)ccc12,1.0,training
C=CCc1ccccc1OC[C@@H](O)CNC(C)C,0.0,training
C=CCN(C(C)=O)c1cc(OCc2ccccc2)c2c(c1)c(C)cn2S(=O)(=O)c1ccccc1,0.0,training
COC(=O)C1c2cc3c(c(O)c2[C@@H](O[C@H]2O[C@@H](C)[C@H](OC)[C@@](C)(OC)[C@H]2OC)C[C@]1(C)O)C(=O)c1c(O)cc2c(c1C3=O)O[C@@H]1O[C@]2(C)[C@H](O)[C@@H](N(C)C)[C@@H]1O,1.0,training
N#CC(NNC(=O)c1ccccc1O)c1c(O)ccc2ccccc12,0.0,training
O=C(NC1CCCCC1)NS(=O)(=O)c1ccc(N2N=C3c4ccccc4CC3C2c2ccc(Cl)cc2)cc1,0.0,training
OCCCCC#Cc1ccccc1C#Cc1ccc(O)cc1,0.0,training
O=C1OC(OCC(Br)=C(Br)COC2OC(=O)C(Cl)=C2Cl)C(Cl)=C1Cl,0.0,training
CCCc1cc(=O)n2c(C(=O)Nc3ccccc3OC)c(C(=O)Nc3ccc(F)cc3)sc2n1,1.0,training
CN(C)CCOc1ccc(/C(=C(\CCCl)c2ccccc2)c2ccccc2)cc1,1.0,training
Clc1nc(Cl)c2ncn(CC3(Cn4cnc5c(Cl)nc(Cl)nc54)COC3)c2n1,0.0,training
CCOC(=O)C(C=Nc1ccc(N=C2NCC(C)S2)cc1)C(=O)OCC,0.0,training
Clc1cccc(Cl)c1NC1=NCCN1,0.0,training
Cc1c2c(c(C)c3c1=CN(C)C=C3)=[N+]c1ccc(O)cc1-2,1.0,training
COC1=CC(=O)c2c(O)c3c(c(O)c2C1=O)CC(C)(O)OC3,0.0,training
CCCCCCCCCCCCP(=O)(O)OCC(N)C(=O)O,0.0,training
CC1(C)CC[C@]2(C(=O)O)CC[C@]3(C)C(=CCC4=C5C[C@H](O)[C@H](O)[C@@](C)(CO)[C@@]5(C)CC[C@]43C)[C@@H]2C1,0.0,training
OCCN1CCN(CCCN2c3ccccc3Sc3ccc(Cl)cc32)CC1,1.0,training
OCCOCCO[P+]1(OCCOCCO)n2c3ccc2C(c2ccccc2)=C2C=CC(=N2)C(c2ccccc2)=c2ccc(n21)=C(c1ccccc1)C1=NC(=C3c2ccccc2)C=C1,1.0,training
COc1cc2c(cc1OCCCN1C(=O)c3cccc4cccc(c34)C1=O)N=CC1CCCN1C2=O,0.0,training
COc1ccc(-c2c(C(C)=O)c(-c3ccccc3)n([C@H]3O[C@@H](COC(C)=O)[C@H](OC(C)=O)[C@@H](OC(C)=O)[C@H]3OC(C)=O)c(=S)c2C#N)cc1,0.0,training
O=[N+]([O-])c1cccc2nc3ccccc3c(NCCN(CCO)CCO)c12,1.0,training
COC(C(=O)C(O)C(C)O)C1Cc2cc3cc(OC4CC(OC(C)=O)C(OC5CC(O)C(OC)C(C)O5)C(C)O4)cc(O)c3c(O)c2C(=O)C1OC1CC(OC2CC(OC3CC(C)(O)C(OC(=O)C(C)C)C(C)O3)C(O)C(C)O2)C(O)C(C)O1,1.0,training
CCOC(=O)c1c(-c2ccc(Cl)cc2)c(C#N)c(=S)n([C@@H]2O[C@@H](COC(C)=O)[C@H](OC(C)=O)[C@H](OC(C)=O)[C@@H]2OC(C)=O)c1C,0.0,training
COc1ccc2c(C=C3C=CC(=[N+](C)C)C=C3)c3cc(-c4ccccc4)n(C)n3c2c1,1.0,training
CC(C)(C(=O)O)c1ccc([C@@H](O)CCCN2CCC(C(O)(c3ccccc3)c3ccccc3)CC2)cc1,1.0,training
N=C(CCSCc1csc(N=C(N)N)n1)NS(N)(=O)=O,1.0,training
COc1ccc(C(=C2C=CC=C2)c2ccc(OC)cc2)cc1,0.0,training
O=C(O)CCSC(CC1(c2ccc(Cl)cc2)NC(=O)CCS1)c1ccccc1,0.0,training
C=C1CC[C@@]2(OC1)OC1C[C@H]3[C@@H]4CC=C5C[C@@H](O)CC(OC6OCC(OC(=O)C(O)C(C)CC)C(OC(C)=O)C6OC6OC(C)C(O)C(O)C6O)[C@]5(C)[C@H]4CC[C@]3(C)C1[C@@H]2C,0.0,training
N#CC(C#N)=C(C#N)c1[nH]c(N)c(C#N)c1C#N,0.0,training
C=c1[nH]c(=Cc2[nH]c(-c3ccc[nH]3)cc2OC)c(C)c1C(=O)CCCCC(=O)OC,0.0,training
CN(C)c1ccc(C(=C2C=CC(=[N+](C)C)C=C2)c2ccc(N(C)C)cc2)cc1,1.0,training
CC1(c2nc3cc(Cl)c(Cl)cc3[nH]2)CCC(CO)C(C)(C)O1,0.0,training
O=C1NC2CCCCC2N=C1CC(=O)c1ccc(Br)cc1,0.0,training
O=C1c2cccc3cccc(c23)C(=O)N1CCCNCCCCNCCCNCCCN1C(=O)c2cccc3cccc(c23)C1=O,1.0,training
O=C1NC2(CCCCC2)C(=O)N1CCN(CCCl)CCCl,0.0,training
Cc1c2oc3c(C)ccc(C(=O)NC4C(=O)NC(C(C)C)C(=O)N5CCCC5C(=O)N(C)CC(=O)N(C)C(C(C)C)C(=O)O[C@H]4C)c3nc-2c(C(=O)NC2C(O)=NC(C(C)C)C(=O)N3CCCC3C(=O)N(C)CC(=O)N(C)C(C(C)C)C(=O)O[C@H]2C)c(N)c1=O,1.0,training
CN(C)CCC=C1c2ccccc2CCc2ccccc21,1.0,training
C[Si](C)(C)C#Cc1cc(-c2nc3ccccc3s2)ccc1N,0.0,training
CSc1nc(-c2ccc(C)cc2)c(C#N)c(=O)[nH]1,0.0,training
CCCC(=O)Nc1cc(/C=C/C(=O)N2C[C@@H]3C[C@]34C2=CC(=O)c2[nH]cc(C)c24)n(C)c1,1.0,training
O=C1C(CN2CCCCC2)CCCC1CN1CCCCC1,0.0,training
CCCCCCC1N=C(N)N=C(N)N1c1cccc(Cl)c1,1.0,training
CC(C)c1c(C(=O)Nc2ccccc2)c(-c2ccccc2)c(-c2ccc(F)cc2)n1CC[C@@H](O)C[C@@H](O)CC(=O)O,1.0,training
CC(=O)O[C@@H]1C[C@]2(C(=O)c3ccccc3)C(=O)C(=O)S[C@]12c1ccccc1,0.0,training
COC(=O)[C@]12CCC(C)(C)C[C@H]1C1C(=O)C=C3[C@@]4(C)C=C(C#N)C(=O)C(C)(C)[C@@H]4CC[C@@]3(C)[C@]1(C)CC2,0.0,training
C[C@@]12CC[C@H]3[C@@H](CC=C4CC(=O)CC[C@@]43C)[C@@H]1CC[C@@H]2O,0.0,training
Cc1ccc(Nc2c(O)c3c(c4ccccc24)OC(C)(C)C=C3)cc1,0.0,training
CC(=NO)c1cccc(Nc2nc3ccccc3c3[nH]c4ccccc4c23)c1,0.0,training
COCOc1c(C(O[Si](C)(C)C(C)(C)C)c2cnc(Sc3ccccc3)n2C)ccc(OC)c1OC,0.0,training
O=C(O)c1ccccc1C1CCCc2c1[nH]c1ccccc21,0.0,training
O=C1N=C(N/N=C\C(O)C(O)C(O)C(O)CO)N=C1Cc1ccc(Cl)cc1,1.0,training
CCC(C)C1NC(=O)C(NC(=O)C(CC(C)C)N(C)C(=O)C2CCCN2)C(C)OC(=O)C(Cc2ccc(OC)cc2)N(C)C(=O)C2CCCN2C(=O)C(CC(C)C)NC(=O)C(C)C(=O)C(C(C)C)OC(=O)CC1O,1.0,training
CNC[C@H](O)c1ccc(O)c(O)c1,0.0,training
Cn1c2ccccc2c2[n+]1-c1ccccc1/C2=C/C#N,1.0,training
CC(=O)Nc1cc(C(=O)Nc2cc(C(=O)N3CC(CCl)c4c3cc(N)c3ccccc43)nn2C)nn1C,1.0,training
C=C1C(O)C2(O)OCC34C(CC5C(C)CC(=O)C(=O)C5(C)C23)OC(=O)C(OC(=O)C/C=C(\C)CCCCC)C14,1.0,training
COc1ccc(C2c3cc4c(cc3OC(NNC(N)=O)C2C)OCO4)cc1,0.0,training
c1ccc(C(=NNc2nc3ccccc3[nH]2)c2ccccn2)nc1,0.0,training
Cc1ncc2n1-c1ccc(Cl)cc1C(c1ccccc1F)=NC2,0.0,training
CC1OC2CC(=O)OC2C2=C1C(=O)c1c(O)c3c(c(O)c1C2=O)C1CC(O)C3(O)C(C)O1,0.0,training
CC(C)(C)NC(=O)C1C[C@@H]2CCCC[C@H]2CN1C[C@@H](O)[C@H](Cc1ccccc1)NC(=O)C(CC(N)=O)NC(=O)c1ccc2ccccc2n1,1.0,training
CC(=O)O[C@H]1CC2C(C3CC[C@H](C(C)CCC(N)=O)[C@]31C)[C@H](OC(C)=O)C[C@@H]1CC3(CC[C@]21C)OOC1(CCC(C)CC1)OO3,0.0,training
Cc1c2c(nn1C(=O)c1nn(-c3ccc(Cl)cc3)cc1O)-c1ccccc1CC2,0.0,training
CCC1(O)CC(OC2CC(N(C)C)C(OC3CC(O)C(OC4OC(C)C(=O)CC4=N)C(C)O3)C(C)O2)c2c(cc3c(c2O)C(=O)c2c(O)cccc2C3=O)C1C(=O)OC,1.0,training
c1ccc2c(c1)Nc1ccccc1[P+]21c2ccccc2Nc2ccccc21,1.0,training
Cc1nc2n(c(=O)c1CCN1CCC(c3noc4cc(F)ccc34)CC1)CCCC2,1.0,training
c1ccc([P+](CCCCCCCC[P+](c2ccccc2)(c2ccccc2)c2ccccc2)(c2ccccc2)c2ccccc2)cc1,1.0,training
CC(=O)OC[C@@H]1O[C@H](n2c3c(cc(C#N)c2=O)CCCCCC3)[C@H](OC(C)=O)[C@H](OC(C)=O)[C@@H]1OC(C)=O,0.0,training
Cc1ccc(C2(N3CCCC3)OC(C)(C)c3cccc4cccc2c34)cc1,0.0,training
Cc1n(Cc2ccccc2)c2c([n+]1C)C(=O)c1ccccc1C2=O,1.0,training
COC1=C(Cl)C(=O)c2ncccc2C1=O,0.0,training
N#CSc1ncnc2[nH]cnc12,0.0,training
CCN1CCN(C(=O)NC(C(=O)NC2C(=O)N3C(C(=O)O)=C(CSc4nnnn4C)CS[C@H]23)c2ccc(O)cc2)C(=O)C1=O,1.0,training
O=C(O)C=C(CC(=O)O)C(=O)O,0.0,training
CC(C)=CCC/C(C)=C/CC/C(C)=C/CO,0.0,training
COc1cc2c3c(n(CCCNCCCNCCCn4c5c(c6cc(OC)c(OC)cc6c4=O)C(=O)c4ccccc4-5)c(=O)c2cc1OC)-c1ccccc1C3=O,1.0,training
CC(O)CC(=O)CO[C@@H]1C2c3cc4c(c(O)c3C(=O)N[C@H]2[C@H](O)[C@H](O)[C@H]1O)OCO4,1.0,training
O=C(N[C@H](/C=C/S(=O)(=O)c1ccccc1)CCc1ccccc1)C(Cc1ccccc1)NC(=O)N1CCOCC1,1.0,training
CCOC(=O)C1=C(C)N=C(C)C(C(=O)OCCNC(=O)CCc2ccc(O)c(I)c2)[C@@H]1c1ccccc1C(F)(F)F,1.0,training
CSc1ccc2c(c1)N(CC[C@H]1CCCCN1C)c1ccccc1S2,1.0,training
CC[C@H](C)n1ncn(-c2ccc(N3CCN(c4ccc(OC[C@H]5CO[C@](Cn6cncn6)(c6ccc(Cl)cc6Cl)O5)cc4)CC3)cc2)c1=O,1.0,training
COC(=O)C1=CN(CC2=CC(=O)C(C)=CC2=O)C=C(C(=O)OC)C1c1ccccc1OC,0.0,training
COC1(CC[C@@H](C)COC2OC(CO)C(O)C(O)C2O)OC2C[C@H]3[C@@H]4CC[C@H]5C[C@@H](OC6OC(CO)C(OC7OC(CO)C(O)C(O)C7O)C(O)C6OC6OC(C)C(O)C(O)C6O)[C@H](O)C[C@]5(C)[C@H]4CC[C@]3(C)C2[C@@H]1C,1.0,training
Nc1ccn([C@@H]2O[C@H](CO)[C@@H](O)C2(F)F)c(=O)n1,0.0,training
CC(C)(C)[Si](C)(C)OCC1OC(n2cnc3c(=O)[nH]c(N)nc32)C(O[Si](C)(C)C(C)(C)C)C1O[Si](C)(C)C(C)(C)C,1.0,training
Cc1ccc(S[C@@](C=O)(NC(=O)OCc2ccccc2)C(F)(F)F)cc1,0.0,training
Cc1ccc2ccc(O)cc2c1,0.0,training
CCOC(=O)CCC(NC(=O)C(Cc1ccccc1)NC(=O)OCc1ccccc1)C(=O)OCC,0.0,training
CCN(CCCl)c1cc(CN(C)C)cc(NC(=O)c2cc(C(=O)Nc3cc(CN(C)C)cc(N(CC)CCCl)c3)n(C)n2)c1,1.0,training
Nc1ccccc1C#C/C=C\C#Cc1c(F)c(F)c(F)c(F)c1F,0.0,training
CC(=O)OC1=C2C(C)[C@@H](OC(=O)C(O)C(NC(=O)CC(C)C)c3ccccc3)C[C@@](O)([C@@H](OC(=O)c3ccccc3)[C@@H]3[C@@]4(OC(C)=O)CO[C@@H]4C[C@H](O)[C@@]3(C)C1=O)C2(C)C,1.0,training
C[C@@H](c1ccccc1)C(CC#N)[C@H]1CCC[C@]1(O)C#Cc1ccc2c(c1)OCO2,0.0,training
CC(=O)Nc1ccc2c3c(cc(O)c2c1)N(C(=O)CCCC(=O)Nc1ccc2c4c(cc(O)c2c1)N(C(=O)OC(C)(C)C)CC4CCl)CC3CCl,1.0,training
COc1ccc(Cl)cc1C(=O)NCCc1ccc(S(=O)(=O)NC(=O)NC2CCCCC2)cc1,1.0,training
CC12OC1(C)C1C(=O)OCC1C2=O,0.0,training
NCCNc1c2c(c(NCCN)c3[nH]ccc13)C(=O)c1ccccc1C2=O,1.0,training
CC[C@]1(O)C[C@H]2CN(CCc3c([nH]c4ccccc34)[C@@](C(=O)OC)(c3cc4c(cc3OC)N(C)[C@H]3[C@@](O)(C(N)=O)[C@H](O)[C@@]5(CC)C=CCN6CC[C@]43[C@@H]65)C2)C1,1.0,training
C/C=C(\C)C(=O)O[C@H]1C=CC(=O)O[C@H]1CCC(=O)C(C)O,0.0,training
Cc1cc(C)nc(NS(=O)(=O)c2ccc(NC(=O)COC(=O)c3cccc4c(=O)c5ccccc5[nH]c34)cc2)n1,0.0,training
O=C(Nc1ccncc1)C(=O)c1cn(Cc2ccc(Cl)cc2)c2ccccc12,0.0,training
O=C(O)c1c[nH]c2cc(OCc3ccccc3)ccc2c1=O,0.0,training
CC(=O)OC1=C2C(C)C(OC(=O)C(O)C(NC(=O)c3ccccc3)c3ccc4ccccc4c3)C[C@@](O)([C@@H](OC(=O)c3ccccc3)[C@@H]3[C@]4(OC(C)=O)CO[C@@H]4C[C@H](O)[C@@]3(C)C1=O)C2(C)C,1.0,training
c1ccc(CNC2CC(NCc3ccccn3)CC(NCc3ccccn3)C2)nc1,1.0,training
C=c1c(N)c(O)c2c(c1O)N1C[C@@H]3N[C@H]3[C@@]1(OC)C=2COC(N)=O,1.0,training
CCCCCCCCCCCCC(=O)OC(c1cnco1)c1nc(C(O)CC(O)C(O)C(C)O)co1,1.0,training
Cc1ccc2c(c1)C(=O)/C(=C\c1ccc(Cl)cc1)CCS2(=O)=O,0.0,training
Cc1nc2cc(N=Nc3c(C)noc3C)ccc2[nH]1,0.0,training
Oc1ccc(C=NNC(=S)Nc2cccnc2)nc1,0.0,training
CC(=O)OC1=C2C(C)[C@@H](OC(=O)C(O)C(NC(=O)c3ccccc3)c3ccccc3)C[C@@](O)([C@@H](OC(=O)c3cccc(C(F)(F)F)c3)[C@@H]3[C@]4(OC(C)=O)CO[C@@H]4C[C@H](O)[C@@]3(C)C1=O)C2(C)C,1.0,training
O=C(NCCCCCCNC(=O)n1cc(F)c(=O)[nH]c1=O)NCCCOCCOCCOCCOCCOCCOCCOCCOCCOCCOCCOCCOCCOCCOCCOCCOCCOCCOCCOCCOCCOCCCNC(=O)C(O)C(O)C(OC1OC(CO)C(O)C(O)C1O)C(O)CO,0.0,training
CC(C)=CCC=C(C)C=Cc1cc(CCc2cc(O)c(CC=C(C)C)c(O)c2)cc(O)c1O,0.0,training
COC1OC(C(=O)CP(=O)(OC)OC)C(OCc2ccccc2)C(OCc2ccccc2)C1OCc1ccccc1,0.0,training
CCOc1ccc2c(c1)C=CC(=CC=C1C=C(C)C3=CC=C[N+]=C3C1=O)N2C,1.0,training
COc1ccc(-c2cn3c(n2)sc2cc(C)ccc23)cc1,1.0,training
COc1cc2c(c3nc4ccccc4nc13)-c1ccc(SC)c(=O)cc1[C@@H](NC(C)=O)CC2,1.0,training
N#CC1C(=N)N(c2ccccc2)C(c2ccco2)C1(C#N)C#N,0.0,training
Cc1nnc(SCC2=C(C(=O)O)N3C(=O)C(NC(=O)Cn4cnnn4)[C@H]3SC2)s1,1.0,training
Fc1cccc(Cl)c1Cn1c(-c2c(F)cccc2Cl)nc2ccccc21,0.0,training
Cc1c2c(c(C)c3c1=CN(C)C=C3)=[O+]c1ccccc1O2,1.0,training
COc1ccc(/C=C2\C[C@H]3[C@@H]4CCC5=CC(=NO)CC[C@]5(C)[C@H]4CC[C@]3(C)C2=NO)cc1,0.0,training
COc1cc2c(cc1OCCCCCN1CCN(c3cc(=O)oc4c(C)c(OC)ccc34)CC1)N=CC1CCCN1C2=O,1.0,training
Oc1ccc(O)c(CNc2ccccc2)c1,0.0,training
O=CC1C(Cl)=Nc2nc3ccccc3n2C1c1ccccc1,0.0,training
O=[N+]([O-])C(Cl)=C(Sc1ccccc1)C(Cl)=C(Cl)Cl,0.0,training
CC(=O)Nc1ccc2c3c(cc(O)c2c1)N(C(=O)CCCCCC(=O)Nc1ccc2c4c(cc(O)c2c1)N(C(=O)OC(C)(C)C)CC4CCl)CC3CCl,1.0,training
CN(C)CCn1c(=O)c2ccc(NCCNCCO)c3c(=O)c4cc(O)ccc4n(c1=O)c23,1.0,training
O=Nc1ccc(O)c2ncccc12,0.0,training
CCn1c2cc(=N)ccc-2c2ccc([N+])cc2c1-c1ccccc1,1.0,training
COC1OC(COC(=O)c2cc(O)c(O)c(O)c2)C(OC(=O)c2cc(O)c(O)c(O)c2)C(OC(=O)c2cc(O)c(O)c(O)c2)C1OC(=O)c1cc(O)c(O)c(O)c1,0.0,training
Cc1ccc(N=C2CC(=O)C(=O)c3ccccc32)c(C)c1,0.0,training
CCCCCCNCCCNc1c2ccccc2nc2cccc([N+](=O)[O-])c12,1.0,training
C=C1[C@@H](O)[C@@H]2O[C@]3(CC[C@H](/C=C/[C@@H](C)[C@@H]4CC(C)=C[C@@]5(O[C@H](C[C@@](C)(O)C(=O)O)CC[C@H]5O)O4)O3)CC[C@H]2O[C@@H]1[C@@H](O)C[C@H](C)[C@H]1O[C@@]2(CCCCO2)CC[C@H]1C,1.0,training
COc1cc2c3c(n(CCCN)c(=O)c2cc1OC)-c1cc2c(cc1/C3=C\CCN)OCO2,1.0,training
NC1=Nc2cc(Cl)ccc2Sc2nc3ccccc3n21,1.0,training
CCN(CCCl)c1cccc(NC(=O)c2ccc(C(=O)Nc3cccc(CN(C)C)c3)cc2)c1,1.0,training
CC(=O)OC[C@@H]1O[C@@H](n2c(C)c(C(C)=O)c(-c3ccco3)c(C#N)c2=S)[C@@H](OC(C)=O)[C@@H](OC(C)=O)[C@H]1OC(C)=O,0.0,training
COC(=O)[C@]12CC[C@H]3CN(S(=O)(=O)c4ccc(C)cc4)[C@H]([C@H]31)[C@H](c1ccco1)N2S(=O)(=O)c1ccc(C)cc1,0.0,training
CC(CO)(CO)N=Cc1cc(I)cc(I)c1O,0.0,training
CC(=O)Nc1ccc2c3c(cc(O)c2c1)N(C(=O)CCCCCCC(=O)N1CC(CCl)c2c1cc(O)c1cc(NC(C)=O)ccc21)CC3CCl,1.0,training
N=C(N)NC(=O)c1nc(Cl)c(N)nc1N,1.0,training
O=C(C=P(c1ccccc1)(c1ccccc1)c1ccccc1)c1cccc(-c2cccc([N+](=O)[O-])c2)c1,0.0,training
C=C[C@@]1(C)OC(=O)N(c2cc(Cl)cc(Cl)c2)C1=O,0.0,training
C=C1c2ccccc2C(=O)c2c1c1c(C(=O)OC)c(O)ccc1n2Cc1ccccc1,0.0,training
CC[C@H]1CN2CCc3cc(OC)c(OC)cc3[C@@H]2C[C@@H]1C[C@H]1NCCc2cc(OC)c(OC)cc21,1.0,training
N=C(N)N1CCc2ccccc2C1,1.0,training
C[C@H]1COc2c(N3CCN(C)CC3)c(F)cc3c(=O)c(C(=O)O)cn1c23,1.0,training
CC1=CC(=C(c2ccc(N)cc2)c2ccc(N)cc2)C=CC1=N,1.0,training
Nc1c2c(=O)[nH]c(=O)c2c(N)c2c(=O)c3ccccc3c(=O)c12,0.0,training
COc1cc2c3c(c1)c1cc(OC)c(OC)cc1c[n+]3CC2,1.0,training
O=C1C(Cl)=C(N2CCN(C3=C(Cl)C(=O)c4ccccc4C3=O)CC2)C(=O)c2ccccc21,0.0,training
O=c1c2c3c(sc2nc2n1N=CN(c1ccc(Cl)cc1)C2)CCCC3,0.0,training
O=C1CC/C(=C/COc2cc(=O)oc3ccccc23)O1,0.0,training
O=C1C(F)=CC(COC(c2ccccc2)(c2ccccc2)c2ccccc2)OC1n1cc(F)c(=O)[nH]c1=O,0.0,training
CN1CCN(Cn2c(O)c3c(c2O)C2C=CC3C3c4c(c(O)n(CN5CCN(C)CC5)c4O)C23)CC1,0.0,training
CCC(C)C1N=C(O)C(N=C(O)C(CC(C)C)N(C)C(=O)C2C=CCN2C(=O)C(C)O)C(C)OC(=O)C(Cc2ccc(OC)cc2)N(C)C(=O)C2CCCN2C(=O)C(CC(C)C)NC(=O)C(C)C(=O)C(C(C)C)OC(=O)CC1O,1.0,training
COc1cccc2c(O)c3c(c(O)c12)C(=O)C1=C(C[C@@](O)(C(C)=O)C[C@@H]1O[C@H]1C[C@H](N)[C@H](O)[C@H](C)O1)C3=O,1.0,training
CN(C)c1ccc(C=CC2=[N+](C)c3ccccc3C2(C)C)cc1,1.0,training
O=C(CCC=C(S(=O)(=O)c1ccccc1)S(=O)(=O)c1ccccc1)c1ccccc1,0.0,training
COc1cc([C@@H]2c3cc4c(cc3[C@@H](O)[C@H]3COC(=O)C23)OCO4)cc(OC)c1OC,0.0,training
CN(C)CCOc1ccc2[nH]c(C(=O)N3CC(CCl)c4ccc(N)cc43)cc2c1,0.0,training
COc1cccc2c(O)c3c(c(O)c12)C(=O)C1=C(C[C@](O)(C(=O)CO)C[C@@H]1O[C@H]1C[C@H](O)[C@H](O)[C@H](C)O1)C3=O,1.0,training
CCCCc1oc2ccccc2c1C(=O)c1cc(I)c(OCCN(CC)CC)c(I)c1,1.0,training
C[N+]12C=CC=C1C(N1CCCC1)c1scc(-c3ccc(Br)cc3)c12,1.0,training
CCN1C=CC(=CC=Cc2cc[n+](CC)c3ccccc23)c2ccccc21,1.0,training
C[C@H](CCC(=O)NCCC[N+](C)(C)CCCS(=O)(=O)[O-])[C@H]1CC[C@H]2[C@@H]3[C@@H](O)C[C@@H]4C[C@H](O)CC[C@@]4(C)[C@H]3C[C@H](O)[C@@]12C,0.0,training
O=C(C1=NNCC1c1ccc([N+](=O)[O-])cc1)c1ccccc1,0.0,training
COc1ccc(/C=C2\CC3C4CC=C5C[C@@H](O)CC[C@]5(C)C4CC[C@]3(C)C2=O)cc1OC,0.0,training
CS(=O)(=O)c1ccc2c(c1)C(=O)c1c-2n(CCCBr)c(=O)c2cc([N+](=O)[O-])ccc12,0.0,training
C[C@@]12C(=O)OC(=O)[C@]1(C)[C@H]1CC[C@@H]2O1,0.0,training
CCN(CC)CCC(CNc1c2ccc([N+](=O)[O-])cc2nc2cc(OC)c(OC)cc12)c1ccccc1,1.0,training
CCOC(=O)c1sc(N=Nc2nc(O)c(Cc3ccc([N+](=O)[O-])cc3)s2)nc1C,0.0,training
COc1cc2c(cc1OC)C(OC)N(C)c1c-2ccc2cc3c(cc12)OCO3,1.0,training
Cc1ccc([S+](c2ccc(C)cc2)c2ccc(C)cc2)cc1,1.0,training
CS(=O)(=O)Nc1ccc(Nc2cc[nH]c3ccc4nccc4c23)cc1,1.0,training
C=CCNc1c(O)cc2c(O)c1C=C(C)C[C@H](OC)[C@H](O)[C@@H](C)/C=C(\C)[C@H](OC(N)=O)[C@@H](OC)C=CC=C(C)C(=O)N2,1.0,training
COc1cc(/C=C/C(=O)c2ccccc2O)ccc1OCCCOc1cc2c(cc1OC)C(=O)N1CCCC1C=N2,1.0,training
CNS(=O)(=O)Cc1ccc2[nH]cc(CCN(C)C)c2c1,0.0,training
O=c1c2cc(S(=O)(=O)O)ccc2nc(COc2ccc(Oc3ccc(Cl)cc3Cl)cc2)n1-c1ccc(Oc2ccc(Cl)cc2)cc1Cl,0.0,training
CC(O)c1cc2c(s1)C(=O)c1scc(C(C)O)c1C2=O,0.0,training
CC(C)C1CCC(=O)CC1CCCCC1CC(=O)CC1O[Si](C)(C)C(C)(C)C,0.0,training
CCOC(=O)C(C#N)=C1CC(=O)C(=O)c2ccc(OC)cc21,0.0,training
C[C@]12CC[C@H](O)C[C@H]1CC[C@H]1[C@@H]2CC[C@]2(C)[C@@H](C3=CC(=O)OC3)CC[C@]12O,1.0,training
Cc1cccnc1CNC1CC(NCc2ncccc2C)CC(NCc2ncccc2C)C1,1.0,training
COc1cccc2c(O)c3c(c(O)c12)C(=O)C1=C(C[C@@](O)(C(=O)CO)CC1OC1CC(N)C(OC2CCCCO2)C(C)O1)C3=O,1.0,training
NS(=O)(=O)c1ccc(NC(=O)N/N=C/c2ccccc2[N+](=O)[O-])cc1,0.0,training
O=C1c2cccc(NCCNCCO)c2C(=O)c2cccc(NCCNCCO)c21,1.0,training
COc1cc2c(cc1OC)C(Cl)C(c1ccc(Br)cc1)=C2Cl,0.0,training
COC(=O)[C@]12OC[C@@]34[C@@H](CC5C(C)C(=O)C(=O)C[C@]5(C)[C@H]3[C@@H](O)[C@@H]1O)OC(=O)C(OC(=O)/C=C(\C)C(C)C)[C@@H]24,1.0,training
C[C@]12CC[C@H](O)C=C1CC[C@@H]1[C@@H]2CC[C@]2(C)C(=NO)C(=Cc3ccncc3)C[C@@H]12,0.0,training
CC(=O)C1(Cc2cccc3ccccc23)S(=O)(=O)OCCOS1(=O)=O,0.0,training
C[n+]1c(-c2ccccc2)c2cc(N)ccc2c2ccccc21,1.0,training
Cc1ccc(C(=O)NC2C(=O)NC(C(C)C)C(=O)N3CCCC3C(=O)N(C)CC(=O)N(C)C(C(C)C)C(=O)OC2C)c2c1Oc1c(c(C(=O)NC3C(=O)NC(C(C)C)C(=O)N4CCCC4C(=O)N(C)CC(=O)N(C)C(C(C)C)C(=O)OC3C)c3nc(-c4ccccc4)c(=O)oc3c1C)N2,1.0,training
COC1C(CO)OC(n2c3ccccc3c3c4c(c5c6ccccc6[nH]c5c32)C(=O)NC4=O)C(O)C1OC(=O)C(N)CCCCN,1.0,training
Cc1cc(=[N+](C)C)c2ccccc2n1CCCCCCCCCCn1c(C)cc(=[N+](C)C)c2ccccc21,1.0,training
CCC1(NC(=O)c2cc(F)c(F)c(F)c2F)C(=O)NC(=O)N(C(C)C)C1=O,0.0,training
C/C=C/c1ccc2c(c1)OCO2,1.0,training
C/C=C(\C)C(=O)O[C@H]1C=CC(=O)O[C@H]1COC(=O)C(C)O,0.0,training
CCCCCCCCC[n+]1cccc(C2C(C(=O)OCC)=C(C)N=C(C)C2=C([O])OCC)c1,1.0,training
COc1cc([C@H]2c3cc4c(cc3[C@@H](O[C@@H]3O[C@@H]5CO[C@@H](C)O[C@H]5[C@H](O)[C@H]3O)[C@H]3COC(=O)C23)OCO4)cc(OC)c1O,1.0,training
COC(=O)C1[C@@H](OC)[C@H](O)C[C@@H]2CN3CCc4c([nH]c5cc(OC)ccc45)[C@H]3C[C@@H]12,1.0,training
CC1(C)CC(OCCCC[P+](c2ccccc2)(c2ccccc2)c2ccccc2)CC(C)(C)N1O,1.0,training
CCCCCCCCCCCCCCCC[n+]1ccn(Cc2ccccc2)c1C,1.0,training
O=C1OCC(c2ccc(Cl)cc2)=C1Cl,0.0,training
COc1ccc(-c2nnc(Nc3nc(O)c(C4=c5cc(OC(F)(F)F)ccc5=NC4=O)s3)o2)cc1,0.0,training
COc1ccc(CC2C(=O)NC(C)C(=O)N(C)C3C(=O)N(C)C(Cc4ccc(O)c(c4)Oc4ccc(cc4)C3O)C(=O)NC(C)C(=O)NC(C)C(=O)N2C)cc1,1.0,training
Cn1c(-c2ccccc2)cc2[n+]1-c1ccccc1/C2=C/c1ccc([N+](=O)[O-])cc1,1.0,training
CN1CCC[C@@H]1Cc1c[nH]c2ccc(CCS(=O)(=O)c3ccccc3)cc12,1.0,training
O=C(O)C1CCC2C(=O)C3CCCCC3C3NCNC1C23,0.0,training
CCOC(=O)CCC(NC(=O)c1ccc(Nc2nc3ccccc3nc2-c2cccs2)cc1)C(=O)OCC,0.0,training
Cc1cc2c3ccccc3ccc2[n+]2ccccc12,1.0,training
Cc1cc2c(C=C3C=CC(=[N+](C)C)C=C3)c3ccccc3n2n1C,1.0,training
COc1cccc2c(O)c3c(c(O)c12)C(=O)C1=C(C[C@@](O)(C(C)=NNC(=O)c2ccccc2)C[C@@H]1OC1CC(N)C(O)C(C)O1)C3=O,1.0,training
O=C1C(Cl)=C(N2CCN(c3ccccn3)CC2)C(=O)c2c(O)ccc(O)c21,0.0,training
CC1=C[C@@H](C)[C@@H](C)N(CC2=NCCN2)c2ccccc21,0.0,training
CCCCCCCCCCCCCC/C(=C/OCC[N+](C)(C)C)OC(C)=O,1.0,training
O=[N+]([O-])c1cc([N+](=O)[O-])c(NN=C(c2ccc(O)cc2)c2ccc(O)cc2)cc1Cl,0.0,training
Nc1ccc(-c2nc3ccccc3s2)cc1C(F)(F)F,0.0,training
CC(=O)OC1=C2C(C)C(OC(=O)C(OC(=O)CCC(=O)O)C(NC(=O)c3ccccc3)c3ccccc3)C[C@@](O)(C(OC(=O)c3ccccc3)C3C4(OC(C)=O)COC4C[C@H](OC(=O)CCC(=O)O)[C@@]3(C)C1=O)C2(C)C,1.0,training
CCOC(=O)c1sc(=S)c2c(C(=O)OCC)c(C(=O)OCC)sc2c1C(=O)OCC,0.0,training
Oc1cccc2cc(Br)cnc12,0.0,training
Nc1cccc(OCC2CCCN3CCCCC23)c1,0.0,training
CC(=O)OC1=C2C(C)[C@@H](OC(=O)C(O)C(NC(=O)c3cccc(N=[N+]=[N-])c3)c3ccccc3)C[C@@](O)([C@@H](OC(=O)c3ccccc3)[C@@H]3[C@]4(OC(C)=O)CO[C@@H]4C[C@H](O)[C@@]3(C)C1=O)C2(C)C,1.0,training
C=C(C)[C@@]12CC(OC(=O)C(O)C(NC(=O)c3ccccc3)c3ccccc3)C(C)=C1C(OC(C)=O)C(=O)[C@@]1(C)C(C2OC(=O)c2cc(F)cc(F)c2)[C@]2(OC(C)=O)CO[C@@H]2C[C@@H]1O,1.0,training
CC(=O)OCOC(=O)CN(CC(=O)OCOC(C)=O)Cc1c(OC(C)=O)ccc2c1Oc1c(ccc(OC(C)=O)c1CN(CC(=O)OCOC(C)=O)CC(=O)OCOC(C)=O)C21OC(=O)c2ccccc21,1.0,training
OCCN1CCN(CC/C=C2/c3ccccc3Sc3ccc(C(F)(F)F)cc32)CC1,1.0,training
COc1cc2c3c(n(CCCN4CCCNCC4)c(=O)c2cc1OC)-c1cc2c(cc1C3=O)OCO2,0.0,training
CN(C)c1ccc(-c2cc(-c3ccc(Nc4nc(Nc5ccc(Cl)cc5)nc(Nc5ccc(Cl)cc5)n4)cc3)no2)cc1,0.0,training
CN[C@@H]1c2cc3c(cc2[C@@H](c2cc(OC)c(OC)c(OC)c2)C2C(=O)OC[C@@H]21)OCO3,0.0,training
O=C(Nc1ccc(Cl)c(Cl)c1)NS(=O)(=O)c1cnccc1Oc1ccc(F)cc1,0.0,training
C=C(CN(C)C)C(=O)c1ccccc1[N+](=O)[O-],0.0,training
COC1C(=O)C(C)C[C@H](C)/C=C\C=C\C=C(\C)[C@@H](OC)C[C@H]2CC[C@@H](C)[C@](O)(O2)C(=O)C(=O)N2CCCCC2C(=O)O[C@H]([C@H](C)C[C@H]2CC[C@@H](O)[C@H](OC)C2)CC(=O)C(C)=CC(C)[C@H]1O,1.0,training
O=[N+]([O-])c1cccc2nc3ccccc3c(NCCC[N+]3([O-])CCCCC3)c12,1.0,training
COc1ccc2nc3c(=C(O)NCCCN(C)CCCNC(O)=c4ccc5c6c4nc4ccc(OC)cc4c6nn5CCN(C)C)ccc4c3c(nn4CCN(C)C)c2c1,1.0,training
O=C(NN=Cc1cc(Br)cc(Br)c1O)NN=Cc1cc(Br)cc(Br)c1O,0.0,training
Cn1c2ccccc2n2c3ccccc3c3nnc(N)c-3c12,1.0,training
COC(=O)[C@]1(C)CCC[C@@]2(C)[C@@H]3C[C@@H]4[C@H]5C[C@@]3(CC[C@@H]21)C[C@@]45C,0.0,training
CCCCCCCCCCCCCC[P+](CCCCCC)(CCCCCC)CCCCCC,1.0,training
CC(C)CCCCCCCCCCCCC(=O)NCC(=O)N[C@@H]1[C@@H](O)[C@@H](O)[C@@H](Nc2ncnc3[nH]cnc23)O[C@@H]1C,0.0,training
COc1ccc(NC(=O)n2nc(N)c3ccccc32)cc1OC,0.0,training
CCN(CC)c1ccc(C=C2C[N+](C)(C)CC(=Cc3ccc(N(CC)CC)cc3)C2=O)cc1,1.0,training
C[n+]1ccc(-c2cc[n+](C)cc2)cc1,0.0,training
[B-][P+](CC[P+]1([B-])[C@@H](C)[C@@H](O)[C@H](O)[C@@H]1C)(c1ccccc1)c1ccccc1OC,0.0,training
CC[C@]12CN3CCc4c([nH]c5ccccc45)[C@@](C(=O)OC)(c4cc5c(cc4OC)N(C)[C@H]4[C@@](O)(C(=O)OC)[C@H](OC(C)=O)[C@]6(CC)C=CCN7CC[C@]54[C@@H]76)C[C@@H](C3)[C@H]1O2,1.0,training
O=[N+]([O-])c1ccccc1N=Nc1c(O)[nH]c2c(Cl)cccc12,0.0,training
CCOC(=O)c1cn2c(n1)sc1cc(C)c(C)cc12,0.0,training
CCC(C)C1N=C(O)C(N=C(O)c2ccc(C)c3oc4c(C)c(=O)c(N)c(C(=O)NC5C(=O)NC(C(C)CC)C(=O)N6CCCC6C(=O)N(C)CC(=O)N(C)C(C(C)C)C(=O)OC5C)c-4nc23)C(C)OC(=O)C(C(C)C)N(C)C(=O)CN(C)C(=O)C2CCCN2C1=O,1.0,training
CC(C)C[C@H](NC(=O)C(Cc1cccc2ccccc12)NS(=O)(=O)c1cccc2cccnc12)B(O)O,1.0,training
Nc1ccn([C@@H]2CO[C@@H](CO)O2)c(=O)n1,0.0,training
COc1cc2nc(N3CCN(C(=O)c4ccco4)CC3)nc(N)c2cc1OC,1.0,training
COc1ccc(C(CC2OC(=O)c3ccccc32)=NN=C([O])C[N+](C)(C)C)cc1,0.0,training
C[C@]12CCC(=O)C[C@@H]1CC[C@@H]1[C@@H]2CC[C@]2(C)[C@@H](OC(=O)N(CCCl)N=O)CC[C@@H]12,0.0,training
S=C1/C(=N/c2ccccc2)N(c2ccccc2)C(=Nc2cccc[n+]2Cc2ccccc2)N1c1ccccc1,0.0,training
CCN(CC)CCCC(C)Nc1ccnc(/C=C/c2ccc(Cl)cc2)c1,0.0,training
Nc1nc(N)c2nc(-c3ccccc3)c(N)nc2n1,0.0,training
COc1cc(C=CC=C2CCCC(=CC=Cc3ccc(O)c(OC)c3)C2=O)ccc1O,0.0,training
O=P1(N(CCCl)CCCl)NCCCO1,0.0,training
Cc1cnc(NCCCN(C)C)c2c1[nH]c1ccc3cc(O)ccc3c12,1.0,training
COc1c(OC(C)=O)c(OC(C)=O)cc2c1-c1ccc(SC)c(=O)cc1C(NC(C)=O)CC2,1.0,training
CN(C)CCN1C(=O)Nc2c3cc(O)ccc3nc3c([N+](=O)[O-])ccc1c23,1.0,training
COc1ccc2c(c1)-c1nn(CCCN(C)C)c3ccc([N+](=O)[O-])c(c13)N2,0.0,training
COc1cc(/C=C/C(=O)c2c(C)nc3ccccc3c2C)ccc1OCCCOc1cc2c(cc1OC)C(=O)N1CCCC1C=N2,1.0,training
CC(C)CN(C[C@@H](O)[C@H](Cc1ccccc1)NC(=O)O[C@H]1CCOC1)S(=O)(=O)c1ccc(N)cc1,1.0,training
Nc1nc(=S)c2[nH]cnc2[nH]1,0.0,training
Cc1c(S(=O)(=O)N=C(NN)Nc2ccc(Cl)cc2)sc2ccc(Cl)cc12,0.0,training
CC(C)C[C@H](NC(=O)CCc1ccccc1)B(O)O,0.0,training
COc1cc(O)c2c(c1)C(O)C(O)CC1OC1C(=O)C=CCC(C)OC2=O,0.0,training
CCCCCCCCCCCCCCCC[N+](C)(C)CCl,1.0,training
COC(=O)C1=C(C)N=C(C)C(C(=O)OCCN(C)Cc2ccccc2)[C@H]1c1cccc([N+](=O)[O-])c1,1.0,training
O=C(CSc1ncccn1)N/N=C/c1ccccc1OCc1ccccc1,0.0,training
COC(C)(C)OCCN1CCN(CCN2C3=C(C=C(C(C)=O)C3)Sc3ccccc32)CC1,0.0,training
CCN(CC)CCN1C(=O)c2c(c3c4cccc(Cl)c4n(C4OC(CO)C(OC)C(O)C4O)c3c3[nH]c4c(Cl)cccc4c23)C1=O,1.0,training
CC1(C)CC[C@]2(C(=O)O)CC[C@]3(C)C(=CC[C@@H]4[C@@]5(C)CC[C@H](OC6OC(CO)C(O)C(O)C6OC6OC(CO)C(O)C(O)C6O)C(C)(C)[C@@H]5CC[C@]43C)[C@@H]2C1,0.0,training
CN(C)CCNC(=O)c1cccc2nc3c(C(=O)NCCN(C)C)cccc3nc12,1.0,training
O=C1CSC(c2ccc([N+](=O)[O-])cc2)N1c1ccc(-c2ccc(-n3c(-c4ccccc4)nc4ccccc4c3=O)cc2)cc1,0.0,training
COc1ccc2c(-c3ccc(OCCN(C)C)cc3)c(Oc3ccc(Cl)cc3)c(=O)oc2c1,0.0,training
Cn1nnnc1SCC1=C(C(=O)O)N2C(=O)C(NC(O)=c3sc(=C(C(N)=O)C(=O)O)s3)[C@H]2SC1,1.0,training
CC(=O)c1cc2c(s1)C(=O)c1ccsc1C2=O,0.0,training
CCCCCCCCCCCCCCCCCCNc1ccn(C2OC(COP(=O)(O)OCC3OC(n4cc(F)c(=O)[nH]c4=O)CC3O)C(O)C2O)c(=O)n1,0.0,training
CC1=c2cc3c(c(C)c2C=CN1C)=[N+]c1ccccc1-3,1.0,training
CO[C@@H]1C[C@@H](C[C@H]2CC[C@H](C)[C@H](C(C)C(=O)O)O2)O[C@]2(O[C@@](C)([C@H]3CC[C@@](C)([C@@H]4O[C@@H]([C@H]5O[C@@](O)(CO)[C@H](C)C[C@@H]5C)C[C@@H]4C)O3)C[C@H]2C)[C@@H]1C,0.0,training
O=c1c2c3c(sc2[nH]c(=S)n1-c1ccccc1)CCCc1ccc([N+](=O)[O-])cc1-3,0.0,training
CO[C@@H]1C=CC=C(C)C(=O)Nc2cc(O)c(NCCN(C)C)c(c2O)C=C(C)C[C@@H](OC)[C@@H](O)[C@H](C)/C=C(\C)[C@H]1OC(N)=O,1.0,training
COc1cc(C=Cc2cc(C=Cc3ccc(O)c(OC)c3)oc(=O)c2)ccc1O,0.0,training
c1ccc(P(c2ccccc2)c2ccccc2)cc1,1.0,training
O=c1oc2ccccc2cc1-c1cn2ccccc2n1,0.0,training
COc1cc2c3c(n(CCCN)c(=O)c2cc1OC)-c1ccc(N)cc1C3=O,1.0,training
CCN1C(=CC=CC=Cc2sc3ccccc3[n+]2CC)Sc2ccccc21,1.0,training
CCCCC1CC2=CC(=[O+]C)C=CC2=C2N(C)c3cc(OC)ccc3N21,1.0,training
CC(=O)OC1=C2C(C)[C@@H](OC(=O)C(O)C(NC(=O)C3CCCCC3)C3CCCCC3)C[C@@](O)([C@@H](OC(=O)C3CCCCC3)[C@@H]3[C@]4(OC(C)=O)CO[C@@H]4C[C@H](O)[C@@]3(C)C1=O)C2(C)C,1.0,training
C=CCSc1nnc2cc(CN3CCCC3)c(-c3ccc(Cl)cc3)nn12,0.0,training
CC(C)Cc1cc2c(cc1O)CCC1C2CC[C@@]2(C)C1CC[C@@H]2O,0.0,training
Cn1c2c(c3c(C=C4C=CC(=[N+](C)C)C=C4)c4ccccc4n31)CCCC2,1.0,training
Cc1nc2cc(N=Nc3c(O)ccc4ccccc34)ccc2[nH]1,0.0,training
O=C(c1ccco1)N(C(=S)OC12CC3CC(CC(C3)C1)C2)c1ccccc1,0.0,training
COc1cc(C=CC(=O)c2c(O)[o+]nn2-c2ccccc2)ccc1O,0.0,training
CN1C(=CC=CC2=[N+](C)c3ccccc3C2(C)C)C(C)(C)c2ccccc21,1.0,training
N#CC(C#N)[C@@H]1CCC=C(Sc2ccccc2)[C@H]1Sc1ccccc1,0.0,training
COc1ccc(C2CC(c3c(C)nn(-c4ccccc4)c3-c3ccc(C)cc3O)=NN2c2ccccc2)cc1,0.0,training
CC[C@H]1OC(=O)C(C)[C@@H](O[C@@H]2C[C@](C)(OC)[C@@H](O)[C@H](C)O2)[C@H](C)[C@@H](O[C@H]2O[C@@H](C)C[C@@H](N(C)C)[C@H]2O)[C@](C)(OC)CC(C)C(=O)C(C)[C@@H](O)[C@]1(C)O,1.0,training
COc1cc(C=C(C#N)c2nc3ccccc3o2)ccc1O,0.0,training
Cc1c2cc(Cl)c3ccccc3c2c[n+]2ccccc12,1.0,training
O=C(O)c1cn(C2CC2)c2cc(N3CCNCC3)c(F)cc2c1=O,1.0,training
CC1N=C(O)[C@@H](NC(=O)c2ncccc2O)[C@@H](C)OC(=O)C(c2ccccc2)NC(=O)C2CC(=O)CCN2C(=O)C(Cc2ccc(N(C)C)cc2)N(C)C(=O)C2CCCN2C1=O,1.0,training
COc1ccc(CC(N)C(=O)N[C@@H]2[C@@H](O)[C@H](n3cnc4c(N(C)C)ncnc43)O[C@@H]2CO)cc1,1.0,training
CCN(CC)CCCNc1nnc(C)c2[nH]c3ccccc3c12,1.0,training
O=C(N/N=C/c1ccc([N+](=O)[O-])cc1)Nc1ccc(C(=O)O)cc1,0.0,training
Clc1ccc(C2=NN=C3C(c4ccccc4)=Nc4ccccc4N3C2)cc1,0.0,training
CC[C@]1(O)C[C@H]2CN(CCc3c([nH]c4ccccc34)[C@@](C(=O)OC)(c3cc4c(cc3OC)N(C=O)[C@H]3[C@@](O)(C(=O)OC)[C@H](OC(C)=O)[C@@]5(CC)C=CCN6CC[C@]43[C@@H]65)C2)C1,1.0,training
OC(Cn1cncn1)(Cn1cncn1)c1ccc(F)cc1F,0.0,training
CCN(CC)CCN1C=Cc2c(C)c3c(c(C)c2=C1)-c1ccccc1[N+]=3,1.0,training
CC(N)C(=O)N[C@@H]1[C@H]2C(C(=O)C[C@@H](O)[C@@H]2O)C(=O)O[C@]1(C)C(Cl)Cl,1.0,training
COc1ccc(C(NCCNC(c2ccc(OC)c(OC)c2)c2cc3c(cc2O)OCO3)c2cc3c(cc2O)OCO3)cc1OC,0.0,training
NC1=Nc2cc(C(F)(F)F)ccc2Sc2nc3ccccc3n21,1.0,training
COc1cc2c(cc1OCCCN1CCN(CCCOc3cc4c(cc3OC)C(=O)N3C[C@H](F)CC3C=N4)CC1)N=CC1C[C@@H](F)CN1C2=O,1.0,training
COC(=O)C(N)CSC/C=C(\C)CC/C=C(\C)CCC=C(C)C,1.0,training
O=NN(CCCl)C(=O)NCCCl,0.0,training
CC[C@H]1OC(=O)C(C)[C@@H](O[C@H]2C[C@@](C)(OC)[C@@H](O)[C@H](C)O2)[C@H](C)[C@@H](O[C@H]2O[C@@H](C)C[C@@H](N(C)C)[C@@H]2O)[C@](C)(O)CC(C)C(=O)C(C)[C@@H](O)[C@]1(C)O,1.0,training
COC(=O)c1cncc(C(=O)OC)c1-c1cc(O)c(C)cc1O,0.0,training
CCCCCCCCCCCCCCCC[N+](C)(CCO)Cc1c[nH]cn1,1.0,training
O=C(c1ccco1)c1c(C(F)(F)F)[n+]([O-])c2cc(C(F)(F)F)ccc2[n+]1[O-],0.0,training
Nc1cc(CO)cc(Nc2c3ccccc3nc3ccccc23)c1,0.0,training
C[C@]12CCC(=O)C=C1CC[C@@H]1[C@@H]2[C@@H](O)C[C@@]2(C)C(C(=O)CO)CC[C@@H]12,1.0,training
OCc1ccc(-c2ccc(-c3ccc(CO)s3)o2)s1,0.0,training
Cc1ccc([S+](c2ccccc2)c2cc(C)ccc2C)cc1,1.0,training
CC/C(=C(/c1ccccc1)c1ccc(OCCN(C)C)cc1)c1ccccc1,0.0,training
COc1cccc(Nc2nc(N)nc(N)c2N=O)c1,0.0,training
O=C(CCN1CCCN(c2cnc3ccccc3n2)CC1)c1csc2ccccc12,0.0,training
CN1CCN(c2c(F)cc3c(=O)c(C(=O)O)cn(CCF)c3c2F)CC1,1.0,training
O=c1c2ccccc2nc(-c2cccc([N+](=O)[O-])c2)n1O,0.0,training
C=CC(=O)N1C/C(=C\c2ccc(OC)cc2)C(=O)/C(=C/c2ccc(OC)cc2)C1,0.0,training
O=[N+]([O-])c1cccc2nc3ccccc3c(NCCC[N+]3([O-])CCOCC3)c12,1.0,training
C=CCC1=CC(C)C[C@H](C)C[C@H](OC)[C@H]2O[C@@](O)(C(=O)C(=O)N3CCCCC3C(=O)O[C@H](/C(C)=C/[C@H]3CC[C@@H](O)[C@H](OC)C3)[C@H](C)[C@H](O)CC1=O)[C@H](C)C[C@@H]2OC,1.0,training
Cc1ccc([N+](=O)[O-])c2c(NCCC[N+](C)(C)[O-])c3ccccc3nc12,1.0,training
CCN1C(=O)NC(=O)C(C)(N2C(=O)c3c(F)c(F)c(F)c(F)c3C2=O)C1=O,0.0,training
CC(C)C(Cl)=NOC(=O)Nc1ccc(C#N)cc1,0.0,training
CC(=O)OC1=C2C(C)[C@@H](OC(=O)C(O)C(NC(=O)c3ccccc3)c3ccccc3)C[C@](O)([C@@H](OC(=O)c3ccccc3)[C@@H]3[C@]4(OC(C)=O)CO[C@H]4C[C@H](O)[C@@]3(C)C1=O)C2(C)C,1.0,training
CO[C@@H]1C[C@H](O[C@@H]2[C@@H](O)C[C@H](O[C@@H]3[C@@H](O)C[C@H](O[C@@H]4CC[C@@]5(C)[C@@H](CC[C@@H]6[C@@H]5C[C@@H](O)[C@@]5(C)[C@H](C7=CC(=O)OC7)CC[C@@]65O)C4)O[C@@H]3C)O[C@@H]2C)O[C@@H](C)[C@@H]1O,1.0,training
Cc1c(-c2ccccc2)c(-c2ccc(OCCN(C)C)cc2)n2ccccc12,0.0,training
CC(C)CC1C(=O)N2CCC[C@H]2[C@@]2(O)O[C@@](NC(=O)C3C=C4c5cccc6[nH]c(Br)c(c56)C[C@H]4N(C)C3)(C(C)C)C(=O)N12,0.0,training
C/C=C/[C@H]1O[C@@H]2C(=C[C@H]1O)C(=O)O[C@H]2C,0.0,training
Clc1ccc(Cc2nc3cc(Cl)ccc3o2)cc1,0.0,training
CC1(C)SC2C(C(=O)O)N=C(Cc3ccccc3)N2C1C(=O)O,0.0,training
CCC(C)C1N=C(O)C(N=C(O)C(CC(C)C)N(C)C(=O)C2CC(O)CN2C(=O)C(C)O)C(C)OC(=O)C(Cc2ccc(OC)cc2)N(C)C(=O)C2CCCN2C(=O)C(CC(C)C)NC(=O)C(C)C(=O)C(C(C)C)OC(=O)CC1O,1.0,training
O=C1C(CO)=C(CO)C(=O)c2c(O)ccc(O)c21,0.0,training
COc1ccc(OC)c(NC(=O)c2cccc(N=C3C(=O)N(Cc4ccccc4)C(=O)C3Cl)c2)c1,0.0,training
Cc1cc(C(C)(C)C)cc(CNC2CCCCC2)c1O,0.0,training
COc1ccc(C(c2ccc(OC)cc2)C(Cl)(Cl)Cl)cc1,0.0,training
O=C1c2cccc(NCCN=Cc3ccccc3O)c2C(=O)c2c(NCCN=Cc3ccccc3O)cccc21,1.0,training
Cc1nc2ccccc2n1CCc1nc2ccccc2s1,0.0,training
CCOC(=O)NC(NNc1ccc([N+](=O)[O-])cc1[N+](=O)[O-])(C(F)(F)F)C(F)(F)F,0.0,training
CCn1cc(C(=O)O)c(=O)c2cc(F)c(N3CCNCC3)nc21,1.0,training
CCSC(=O)C=C1CN(C(=O)OC(C)(C)C)C1C(=O)OC(C)(C)C,0.0,training
CN1C(=CC=CC=[N+]2CCCCC2)Sc2ccccc21,1.0,training
Cc1ccccc1N1C(=N)C(C#N)C(C#N)(C#N)C1c1ccccc1,0.0,training
N=C(N)SCCN1CCCCC1,0.0,training
COc1cc([N+](=O)[O-])c(OC)cc1-c1nc2sc(Cl)cn2c1/C=N/NC1=NCCN1,1.0,training
c1cc2c(cn1)Nc1ccncc1S2,0.0,training
CC(C)(C)NC[C@@H](O)COc1cccc2c1C[C@H](O)[C@H](O)C2,1.0,training
Cc1c(O)[nH]c(CC(C)C)c(O)n(C)c(Cc2ccccc2)c(O)ncc(=O)n1C,1.0,training
COC(=O)/C=C(\C)OP(=O)(OC)OC,0.0,training
CC(C)(C)NC[C@H](O)COc1ccc(NC(=O)NC2CCCCC2)cc1,1.0,training
CC1OC(OC2C(OC(=O)[C@]34CCC(C)(C)C[C@H]3C3=CC[C@@H]5[C@@]6(C)CC[C@H](OC7OC(C(=O)O)C(O)C(O)C7O)C(C)(C)[C@@H]6CC[C@@]5(C)[C@]3(C)C[C@H]4O)OCC(O)C2O)C(O)C(O)C1OC1OCC(O)C(O)C1O,0.0,training
Cc1c2c(c(C)c3c1=CN(C)C=C3)=[N+]c1ccccc1-2,1.0,training
COC(=O)[C@]1(Cc2ccc3ccccc3c2)CCCCCCN1C(=O)c1ccccc1,0.0,training
CCCCCCCCCCCCn1c(C)cc(=[N+])c2ccccc21,1.0,training
CCC(C)C(=O)O[C@H]1C[C@@H](O)C=C2C=C[C@H](C)[C@H](CC[C@@H](O)C[C@@H](O)CC(=O)O)[C@H]21,1.0,training
O=C1C=CC(=C[C@H]2SSC=C[C@]23C=CC(=O)C3)C1,0.0,training
COc1cc(CCN=C2CC(=O)c3cccnc3C2=O)ccc1O,0.0,training
Oc1ccc(Br)cc1C=Nc1cccc(C(F)(F)F)c1,0.0,training
NCCCc1ccc2oc3ccccc3c2c1,0.0,training
CC(=O)OC1=C2C(C)C(OC(=O)C(O)C(NC(=O)C(C)(C)C)c3ccccc3)C[C@@](O)(C(OC(=O)c3ccccc3)[C@@H]3[C@]4(OC(C)=O)CO[C@@H]4C[C@H](O)[C@@]3(C)C1=O)C2(C)C,1.0,training
COc1ccc2c(c1)Cc1c(NCCN(C)C)ccc(C(=O)NCCCN(C)CCCNC(=O)c3ccc(NCCN(C)C)c4c3Nc3ccc(OC)cc3C4)c1N2,1.0,training
COc1cc([C@@H]2c3cc4c(cc3[C@@H](Nc3ccccc3C(=O)c3ccccc3)[C@H]3COC(=O)C23)OCO4)cc(OC)c1OC,0.0,training
CC1(C)CC2C=C(C=O)C3(C=O)CC3(C)C2C1,0.0,training
COc1cc2c(cc1C[N+](C)(C)CSc1ccccc1)-c1ccccc1CC2,1.0,training
CC1(C)OC(=C(C#N)C#N)C(C#N)=C1/C=C/c1ccncc1,0.0,training
O=C(NN=Cc1cccc2c([N+](=O)[O-])cccc12)Nc1ccccc1,0.0,training
CCOC(=O)Oc1cc2c(c(OC)c1OC)-c1ccc(OC)c(=O)cc1C(NC(C)=O)CC2,1.0,training
COC1CC(C)C(OC)c2cc(O)cc(c2O)NC(=O)C(C)=CC=CC(C)C(OC(N)=O)/C(C)=C\C(C)C1OC,1.0,training
Cc1cc(=O)oc2cc(OC/C=C3\CCC(=O)O3)ccc12,0.0,training
COc1cc2c(cc1OCCCCCN1CCN(c3ncnc4ccccc34)CC1)N=CC1CCCN1C2=O,1.0,training
CCCC(=O)NC1CCc2cc(OC)c(OC)c(OC)c2-c2ccc(OC)c(=O)cc21,1.0,training
O=C(Nc1ccc(Cl)cc1Cl)C1C(=O)OC2(CCCCC2)OC1=O,0.0,training
Oc1ccc(Cl)cc1C=Nc1cnc2ccccc2c1,0.0,training
COc1ccc2cc3[n+](cc2c1OC)CCc1cc2c(cc1-3)OCO2,1.0,training
c1ccc(-c2c(-c3[nH]c4ccccc4c3-c3ccccc3)[nH]c3ccccc23)cc1,0.0,training
CC1C(=O)C(C)[C@@H](c2ccccc2)N(C)[C@@H]1c1ccccc1,0.0,training
COc1ccc([C@H]2C(C(C)=O)=C(c3ccccc3)N([C@H]3O[C@@H](COC(C)=O)[C@@H](OC(C)=O)[C@@H](OC(C)=O)[C@H]3OC(C)=O)C(=S)C2C#N)cc1,0.0,training
CCOC(=O)C1(c2ccccc2)CCN(C)CC1,0.0,training
O=C(Nc1sccc1S(=O)(=O)c1ccc(Cl)cc1)c1ccc(F)cc1F,0.0,training
NC(=S)NN=Cc1ccc(N)cn1,0.0,training
Nc1cc(C2CCCc3c2[nH]c2ccccc32)ccc1O,0.0,training
O=C(CC(=Nc1ccccc1O)c1ccc(Br)cc1)C(Cl)(Cl)Cl,0.0,training
CCN(CC)CCC(=O)c1ccc(Oc2ccc(Cl)cc2)cc1,0.0,training
CC1(C)C(N(O)C(=O)Nc2ccc(Cl)cc2)N(c2ccc(Cl)cc2)C(=O)N1CC(=O)NN=CC=Cc1ccc([N+](=O)[O-])o1,1.0,training
COc1ccc2oc(=N)c(C(=O)NCc3ccccc3)cc2c1,0.0,training
CCN(CC)CC(=O)Nc1c(C(N)=O)nnn1Cc1cc(Cl)c(C(=O)c2ccc(Cl)cc2)c(Cl)c1,0.0,training
C/C=C/CC(C)C(=O)C1C(=O)NC(C(C)C)C(=O)N(C)CC(=O)N(C)C(CC(C)C)C(=O)NC(C(C)C)C(=O)N(C)C(CC(C)C)C(=O)NC(C)C(O)=NC(C)C(=O)N(C)C(CC(C)C)C(=O)N(C)C(CC(C)C)C(=O)N(C)C(C(C)C)C(=O)N1C,0.0,training
COc1cc(C(=O)NC2CCc3cc(OC)c(OC)c(OC)c3-c3ccc(OC)c(=O)cc32)cc(OC)c1OC,1.0,training
C1=CN2C=C3CCCCC3=CC2c2[nH]c3ccccc3c21,1.0,training
CCCCCCCCCCCC1N=C(N)N=C(CCCO)C1C(=O)OC,1.0,training
CCN(CC)c1ccc(C=CC2=[N+](C)c3ccccc3C2(C)C)cc1,1.0,training
Cc1cccc(NC(=O)CCc2ccc(N3C(N)=NC(N)=NC3(C)C)cc2)c1,1.0,training
CNC(=O)O/N=C/C(C)(C)SC,0.0,training
Cc1cc(I)cc(CN(C)CCCN2CCN(C)CC2)c1O,0.0,training
Cc1ccccc1OC(C)C(=O)Nn1c(=O)cc(O)n(-c2ccccc2)c1=S,0.0,training
CN1CC[C@]23c4c5ccc(O)c4O[C@H]2[C@@H](O[C@@H]2OC(C(=O)O)[C@@H](O)[C@H](O)[C@H]2O)C=C[C@H]3[C@H]1C5,1.0,training
c1ccc(-c2ccnc3c2ccc2c(-c4ccccc4)ccnc23)cc1,1.0,training
C=C[C@@H]1CN2CC[C@@H]1C[C@@H]2[C@H](O)c1ccnc2ccccc12,1.0,training
COc1cccc2c1Cc1cc(-c3ccccc3)[n+](C)n1-2,1.0,training
O=[N+]([O-])C1=Cc2c(O)ccc(O)c2C2OC=CC12,0.0,training
COC(C(=O)C(O)C(C)O)[C@@H]1Cc2cc3cc(O[C@H]4C[C@@H](O[C@@H]5C[C@@H](O)[C@@H](OC)[C@@H](C)O5)[C@@H](OC(C)=O)[C@@H](C)O4)cc(O)c3c(O)c2C(=O)C1O[C@H]1C[C@@H](O[C@H]2C[C@@H](O[C@H]3C[C@](C)(O)[C@@H](OC(=O)C(C)C)[C@H](C)O3)[C@H](O)[C@@H](C)O2)[C@H](O)[C@@H](C)O1,1.0,training
CN(C)CC1CCCCCC(Br)C1=O,0.0,training
CN1CCCC(OC(=O)c2cc3cc(CCl)ccc3oc2=O)C1,0.0,training
Brc1ccc2[nH]cc(-c3csc(-c4c[nH]c5ccc(Br)cc45)n3)c2c1,0.0,training
CC1C(=O)O[C@@H](C)C[C@@H]2CC[C@@H](O2)C(C)C(=O)O[C@H](C)C[C@H]2CC[C@H](O2)C(C)C(=O)O[C@@H](C)C[C@@H]2CC[C@@H](O2)C(C)C(=O)O[C@H](C)C[C@H]2CC[C@@H]1O2,1.0,training
CC(=O)c1c(C(F)(F)F)[n+]([O-])c2ccc(C)cc2[n+]1[O-],0.0,training
C[C@@H]1C[C@H]2[C@@H]3CC=C4CC(=O)C=C[C@]4(C)[C@@]3(F)[C@@H](O)C[C@]2(C)[C@@]1(O)C(=O)CO,1.0,training
C=CCC1NCCC2=C1C(S(=O)(=O)c1ccc(C)cc1)c1ccccc12,0.0,training
C/C=C1/CN2CCc3c([nH]c4ccccc34)[C@@H]2C[C@@H]1Cc1[nH]ccc2c1[nH]c1cc(=O)ccc12,0.0,training
Cc1nn(C(=O)c2ccccc2O)c2c1C(c1ccc([N+](=O)[O-])cc1)SC(=N)N2,0.0,training
C[C@H]1O[C@@H](O[C@H]2[C@@H](O)C[C@H](O[C@H]3[C@@H](O)C[C@H](O[C@H]4CC[C@@]5(C)[C@H](CC[C@@H]6[C@@H]5C[C@@H](O)[C@]5(C)[C@@H](C7=CC(=O)OC7)CC[C@@]65O)C4)O[C@@H]3C)O[C@@H]2C)C[C@H](O)[C@@H]1O,1.0,training
CCCC(=O)Oc1cc2c(c(OC)c1OC)-c1ccc(SC)c(=O)cc1C(NC(C)=O)CC2,1.0,training
CCCCCCCCCC(=O)NC(c1ccco1)C(O)C(=O)O[C@H]1C[C@@]2(O)[C@@H](OC(=O)c3ccccc3)[C@@H]3[C@]4(OC(C)=O)CO[C@@H]4C[C@H](O)[C@@]3(C)C(=O)C(OC(C)=O)=C(C1C)C2(C)C,1.0,training
COC(=O)[C@]12CCC(C)(C)C[C@H]1C1=CC[C@@H]3[C@@]4(C)CC[C@H](OC5OC(CO)C(O)C(O)C5OC5OC(CO)C(O)C(O)C5O)C(C)(C)[C@@H]4CC[C@@]3(C)[C@]1(C)CC2,0.0,training
COc1cc2c[n+](C)c3c4cc5c(cc4ccc3c2cc1OC)OCO5,1.0,training
Cc1ccc(/C(=C/CN2CCCC2)c2ccccn2)cc1,0.0,training
CC[C@]12C=CCN3CCC4(c5cc([C@@]6(C(=O)OC)CC7CN(CCc8c6[nH]c6ccccc86)CC6CCCCC67)c(OC)cc5N(C)C4[C@](O)(C(=O)OC)C1OC(C)=O)[C@@H]32,1.0,training
CCCCN=C(N)c1ccc(N2CCN(c3ccc(C(=N)NCCCC)cc3)CC2)cc1,1.0,training
COc1cc(/C=C2\Sc3scc(-c4cccc([N+](=O)[O-])c4)[n+]3C2=O)cc(OC)c1OC,0.0,training
CC[C@@]1([C@H]2O[C@H]([C@H]3O[C@@](O)(CO)[C@H](C)C[C@@H]3C)C[C@H]2C)CC[C@H]([C@@]2(C)CC[C@]3(C[C@H](O)[C@@H](C)[C@@H]([C@H](C)[C@H](OC)C(C)C(=O)O)O3)O2)O1,1.0,training
CC(C)CC(N)C(=O)NC(CCCN)C(=O)NC(C(=O)NC(CCCN)C(=O)N1CCCC1C(=O)NC(C=O)Cc1ccccc1)C(C)C,1.0,training
CC(=O)O[C@H]1CC[C@H]2[C@@H]3CCC4=C/C(=N/OCCN(C)C)CC[C@]4(C)[C@H]3CC[C@]12C,0.0,training
CCCCCCCCCCCCCCCCCCNC(=O)OCC(CNS(=O)(=O)CCC[n+]1cccc2ccccc21)COC,1.0,training
O=[N+]([O-])c1cc(CCl)ccc1CCl,0.0,training
COC(=O)c1c(C)nc(C)c(N=O)c1-c1ccccc1C(F)(F)F,0.0,training
Nc1nnc2oc3ccc4ccccc4c3cc1-2,0.0,training
NCCCN=c1ccc2c3c1c(O)c1c(O)ccc(=O)c1c3[nH]n2CCNCCO,1.0,training
CN(C)CCNc1ccc(C(=O)NCCCN(C)CCCNC(=O)c2ccc(NCCN(C)C)c3c(=O)c4ccccc4[nH]c23)c2[nH]c3ccccc3c(=O)c12,1.0,training
Cc1cc(N)c2cc(NC(=O)C=Cc3ccccc3Cl)ccc2n1,1.0,training
NC(Cc1cc(I)c(Oc2cc(I)c(O)c(I)c2)c(I)c1)C(=O)O,0.0,training
NCCCCCCCCn1c2c(c3ccccc3c1=O)C(=O)c1ccccc1-2,0.0,training
N#Cc1cc2c(n([C@H]3O[C@@H](CO)[C@@H](O)[C@@H](O)[C@H]3O)c1=S)CCCCCC2,0.0,training
CCN(CC)C(=O)Nc1ccc(OC[C@H](O)CNC(C)(C)C)c(C(C)=O)c1,1.0,training
O=C1Nc2ccccc2SC1c1sc(=S)n(Cc2ccccc2)c1O,0.0,training
COC(=O)[C@]12OC[C@@]34[C@@H](CC5C(C)CC(=O)C(=O)[C@]5(C)[C@H]3[C@@H](O)[C@@H]1O)OC(=O)C(OC(C)=O)[C@@H]24,1.0,training
CCCCCCCCCCNC(=O)CCC(NC(=O)c1ccc(N(C)Cc2cnc3nc(N)nc(N)c3n2)cc1)C(=O)NCCCCCCCCCC,1.0,training
CNC(=O)O/N=C/C(C)(C)S(C)(=O)=O,0.0,training
CCN(CC)c1ccc2nc3c4ccccc4c(=NC(=O)c4ccccc4-c4c5ccc(N(CC)CC)cc5[o+]c5cc(N(CC)CC)ccc45)cc-3oc2c1,0.0,training
C=CCN1C(=O)/C(=C/c2cccs2)N=C1SC/C=C/C,0.0,training
O=C1NC([C@H]2CC[C@H](Cl)CN2)C(=O)NC1[C@H]1CC[C@H](Cl)CN1,0.0,training
CCOC(=O)/C(C#N)=C\C=C(/Cl)c1ccc(Cl)cc1,0.0,training
O=C(COc1cccc(/C=C2\CSc3ccccc3C2=O)c1)c1ccc(Cl)cc1,0.0,training
O=C(OCC(F)([N+](=O)[O-])[N+](=O)[O-])OCC(F)([N+](=O)[O-])[N+](=O)[O-],0.0,training
S=c1[nH]cnc2[nH]cnc12,0.0,training
Cc1ccc(S(=O)(=O)N(CCOc2ccc(C(=N)NCl)cc2)CCOc2ccc(C(=N)NCl)cc2)cc1,1.0,training
COc1ccc([C@@H]2Sc3ccccc3N(CCN(C)C)C(=O)C2OC(C)=O)cc1,1.0,training
NC(=O)C(Cc1ccc(O)cc1)=Nc1c(Cl)c(O)c2c(O)ccc(O)c2c1O,0.0,training
COCC(C#N)NC1CC(OC2CC(O)(C(=O)CO)C=C3C(=O)c4c(c(O)c5c(OC)cccc5c4O)C(=O)C32)OC(C)C1O,1.0,training
