smiles_standarized,label,group
BrC/C=C/CBr,4.9250002,training
Cc1ccoc1C,2.49,training
O=C(O)c1cc(Cl)ccc1Cl,2.54,training
c1cn[nH]c1,1.29,training
NC(=O)C(Cl)Cl,2.023,training
OCc1cccc2ccccc12,3.1300001,training
CCC(=O)CBr,5.6020002,training
CC(=O)c1cccn1C,2.3099999,training
CC(Cl)C(N)=O,1.558,training
CNC(N)=S,1.63,training
C[C@H](N=C=S)c1ccccc1,5.6989999000000005,training
CCCCc1ccco1,3.4400001,training
CC1=CC(=O)c2ccccc2C1=O,4.54,training
ClCCc1ccccc1,3.1700001,training
C=C(C)C(=O)OCC(CC)CCCC,4.5700002,training
CCOC(=O)c1ccccc1C(=O)OCC,3.23,training
Brc1ccc(I)cc1,3.3499999,training
CC(C)COC(=O)c1ccccc1,3.98,training
NC(=O)C(Cl)(Cl)Cl,2.7119999,training
CC(N)CN,2.4400001,training
CC(C)(C)C(N)=O,1.5190001,training
CCC(=O)Cc1ccccc1,2.79,training
c1ccc2scnc2c1,2.97,training
CC1(C)OCC(CO)O1,1.21,training
CCCCC(C)O,2.0699999,training
COc1ccc([N+](=O)[O-])cn1,2.99,training
C/C=C/CC#N,2.0469999,training
C=CC(=O)Nc1ccccc1,3.1159999,training
Cc1cc(C)oc(=O)c1,2.0699999,training
CCc1ccccn1,2.1300001,training
COc1ccc([N+](=O)[O-])c(Cl)n1,4.3600001,training
O=Cc1ccc[nH]1,2.52,training
N#Cc1c(O)ccc(O)c1C#N,2.5599999,training
CC1CCCC1=O,1.8,training
CNC(=S)NC,1.89,training
CCCCCCCCC(C)O,3.99,training
OCCc1ccc2ccccc2c1,3.49,training
O=C(O)c1ccccc1Cl,2.55,training
O=Cc1ccc(Br)o1,3.1300001,training
CCCCCC#CC=O,4.7199998,training
O=C1C=CC(=O)c2c(O)ccc(O)c21,5.8299999000000025,training
S=C=N/C=C/CN=C=S,5.7399998,training
Nc1c([N+](=O)[O-])ccc2ncccc12,3.9200001,training
Brc1nc(Br)c(Br)[nH]1,4.4299998,training
Cc1ccc(C)o1,2.52,training
CCNC(=S)NCC,2.24,training
OCC(O)CBr,1.79,training
CCCCOC(=O)c1ccccc1C(=O)OCCCC,4.5999999,training
CC(C)(C)C(=O)CCl,4.2680001,training
Oc1ccc(Cl)cc1Cc1cc(Cl)ccc1O,6.0900002,training
NCCN1CCNCC1,2.21,training
c1ccc2nc3ccccc3nc2c1,4.4000001,training
Clc1ccccn1,2.1600001,training
Fc1cccc2ccccc12,3.3900001000000004,training
CCCCCC[N+](=O)[O-],3.04,training
C=C(C)C(=O)OCCO,1.92,training
CCOC(=O)/C=C/c1ccccc1,3.99,training
O=c1ccc(Cl)c[nH]1,2.25,training
ClCCCc1ccccc1,3.5,training
CCCNC(C)=O,1.5019999999999998,training
O=[N+]([O-])c1cc(O)cc([N+](=O)[O-])c1,4.4099998,training
Cc1ccccc1C(N)=O,2.05,training
Cc1ncc[nH]1,2.0899999,training
O=C(O)c1ccc(Cl)cc1Cl,2.6099999,training
O=C(CBr)c1cc2ccccc2oc1=O,5.658,training
O=[N+]([O-])c1ccc(Br)nc1,4.0700002,training
COC(=O)CC#N,1.66,training
Cc1cccc(C)c1O,2.9200001,training
CC1CCCCC1=O,2.1900001,training
C#CC(=O)OCC,4.6999998,training
Brc1ccncc1,2.4400001,training
O=C/C=C/c1ccco1,3.3699999,training
CC(C)CC=O,2.6700001,training
CCCCCCCCNC(N)=S,4.5100002,training
Cc1ccc(Br)s1,3.6500001,training
O=P(c1ccccc1)(c1ccccc1)c1ccccc1,3.77,training
Cc1ccc2nc(C)ccc2c1,3.6800001,training
O=C(CBr)Oc1ccccc1,5.0760002,training
CC(=O)c1ccc(C)[nH]1,2.1700001,training
Nc1ccc(F)cc1,3.5899999,training
OC/C=C\CO,0.85100001,training
CCNC(N)=S,1.87,training
c1ccncc1,1.6799999,training
O=[N+]([O-])c1ccc(Br)s1,4.4099998,training
O=[N+]([O-])c1cccc2cccnc12,3.0799999,training
Oc1cccnc1Cl,2.99,training
COC(=O)c1ccccc1,3.23,training
CCC(Cl)C(N)=O,1.783,training
Cc1ccncc1,2.1199999,training
C=CC(=O)NC(C)C,1.693,training
CCCNC(N)=S,2.3099999,training
c1ccc2occc2c1,2.8900001,training
CC(Br)C(N)=O,3.0039999,training
CCC(=O)c1ccco1,2.23,training
CC/C=C(\C)C(=O)OC,2.6240001,training
CCCOC(=O)/C=C/c1ccccc1,4.23,training
CCCCCC/C=C/C=O,4.5999999,training
CCCCOC(=O)c1ccccc1,3.9200001,training
BrCCSc1ccccc1,3.3900001000000004,training
CCCCCCCCCCCCCCO,4.670000099999998,training
COC(=O)Cc1ccccc1,2.5999999,training
CC(=O)c1ccc[nH]1,2.0899999,training
C#CC(=O)OC,4.77,training
C=CCSCC=C,2.6900001,training
OCc1ccc2ccccc2c1,3.3900001000000004,training
CC/C=C\CC/C=C/C=O,4.3400002,training
COC(=O)c1ccc(Cl)cc1,3.4200001,training
Clc1cccc2ccccc12,3.8099999,training
Cc1cnccn1,1.91,training
Cc1cc(N)c([N+](=O)[O-])cc1C,3.45,training
NC(=O)c1ccco1,1.5599999,training
O=C(O)c1ccccc1,2.7,training
c1cncnc1,1.25,training
Brc1ccccn1,2.46,training
NC(=O)C(Br)CBr,4.921,training
Cc1ccnc(Cl)c1[N+](=O)[O-],3.29,training
CCCCCCl,3.1700001,training
CC(=O)c1ccc(-c2ccccc2)cc1,3.9200001,training
CCCC(=O)C(C)=O,2.79,training
[O-][N+](O)=CBr,4.638,training
CCCC[N+](=O)[O-],2.3099999,training
CC(C)C[C@H](N)CO,2.381,training
C=Cn1c2ccccc2c2ccccc21,5.2399998,training
Clc1cccc(Br)c1Cl,4.3000002,training
COC(=O)CCl,3.8859999,training
CCOC(=O)c1ccccn1,2.0799999,training
CCCCCOC(=O)CC#N,2.6900001,training
N#Cc1ccc[nH]1,2.4200001,training
CCCCCCC#CC(=O)OCC,4.380000099999998,training
O=Cc1cccnc1,2.8699999,training
CCCC/C=C/C=O,4.0500002,training
C=COC(=O)CCCCCCC,2.7,training
C1=CCCCC1,2.99,training
O=C(CBr)c1ccccc1,5.8239999000000005,training
COC(=O)/C=C/c1ccccc1,3.5799999,training
Cc1c[nH]c2ccccc12,3.3699999,training
ClC/C=C/CCl,3.77,training
Oc1ccc(N=Nc2ccccc2)cc1,4.6599998,training
CCOC(=O)c1ccccc1,2.99,training
CC(C)(C)c1cc(C(C)(C)C)c(O)c(C(C)(C)C)c1,3.3599999,training
N#CCC#N,3.22,training
COc1ccc(C(C)=O)cc1,2.8699999,training
OCCC(c1ccccc1)c1ccccc1,4.04,training
COc1ccc(Cl)c(Cl)c1Cl,4.6399999,training
C=COC(=O)C=C,4.420000099999998,training
CCCCCl,2.0899999,training
CC(C)CCBr,3.25,training
COc1ccc(Br)cc1,3.4000001,training
CCCCCCCCc1ccc(N)cc1,5.4299998,training
OCC#Cc1ccccc1,3.0699999,training
CN(C)c1ccc(/C=C/C=O)cc1,3.52,training
CCN(CC)C(=O)CCl,3.5209999,training
Cc1ccc2ccccc2c1[N+](=O)[O-],4.04,training
O=C(/C=C/c1ccccc1)N=C=S,3.2920001000000005,training
CCCCc1ccsc1,3.96,training
ClCc1cccc2ccccc12,3.4300001000000004,training
CC(C)OC(=O)CC#N,2.05,training
O=Cc1ccoc1,3.0,training
CCOC(=O)c1ccc(Cl)cc1,3.75,training
CCC/C=C/C=O,3.77,training
ClC1CCCC1,2.6500001,training
OCC(O)CCl,1.37,training
O=C1C(Cl)=C(Cl)C(=O)c2ccccc21,6.3600001,training
c1ccc2cnncc2c1,2.6600001,training
Cc1ccc(C)c2ccccc12,4.4299998,training
C#CCCCCl,2.51,training
COC(=O)c1ccccc1C(=O)OC,2.5599999,training
c1ccc2nccnc2c1,2.7,training
O=C(O)c1ccc(Cl)cc1,3.1099999,training
O=Cc1ccc(I)o1,3.3299999,training
CC(=NO)C(=O)c1ccccc1,2.96,training
Cc1ccnc(C)c1,2.3499999,training
CC(=O)OC/C=C/c1ccccc1,3.5899999,training
CC(=O)C(C)Br,4.8540001,training
COP(=O)(OC)OC,1.1799999,training
O=C(c1ccccc1)c1ccccc1F,3.96,training
c1ccc2c(c1)ccc1cccnc12,4.3099999,training
Cc1cccc(Cl)n1,2.52,training
COC(=O)c1ccco1,2.1500001,training
COC(=O)c1ccc(O)cc1O,3.6099999,training
CN1CCNCC1,2.04,training
CCCCOC(=O)/C=C/C(=O)OCCCC,4.4899998,training
CC(=O)C(C)=O,2.77,training
O=CCc1ccccc1,3.8699999,training
O=Cc1ccc(Cl)o1,3.0699999,training
C=CCOC(C)=O,3.48,training
CCCCCCCCC/C=C\CO,5.092,training
CCCCC[N+](=O)[O-],2.5899999,training
C=Cc1ccc2ccccc2c1,4.2399998,training
c1cc[nH]c1,1.91,training
CC/C=C\CO,1.895,training
N#CCCCCCCC#N,2.23,training
O=Cc1ccco1,2.98,training
O=[N+]([O-])c1ccco1,3.74,training
O=P(Oc1ccccc1)(Oc1ccccc1)Oc1ccccc1,4.8099999,training
CC(C)(C)c1ccncc1,3.2,training
CC(=O)c1ccc(Cl)cc1Cl,3.6199999,training
O=[N+]([O-])c1cccc2ccccc12,4.0,training
OC1CCc2ccccc21,2.4200001,training
CCCCCCCCOC(=O)CC#N,3.9000001,training
CCOC(=O)c1ccc(F)cc1,3.01,training
N#Cc1ccco1,2.29,training
CC(C)CC(N)=O,1.34,training
CCCCCOCCCCC,4.0900002,training
Clc1ccc(Br)cc1,3.5599999,training
O=C1C=CC(=O)c2ccccc21,5.0,training
O=C(O)c1c(Cl)cccc1Cl,2.3299999,training
C=CC(=O)OCCO,3.6900001,training
CC(C)(C)OC(=O)CCl,3.8540001,training
O=C(O)c1ccccc1Br,2.53,training
c1cnccn1,1.1799999,training
c1ccc(-c2ccncc2)cc1,3.6600001,training
CCCCC(CC)COC(=O)CC#N,3.8900001,training
CC(C)C(N)=O,1.12,training
C=COC(=O)CCCCC,3.0799999,training
CCC(=O)C(=O)CC,2.99,training
CCCCCCC(O)CC,3.3599999,training
CC/C=C(\C)C=O,2.98,training
Fc1nc(F)c(F)c(Br)c1F,2.8699999,training
O=[N+]([O-])c1cc(N=C=S)ccc1Cl,5.1100001,training
CCC(C)c1ccc(O)cc1,3.98,training
Clc1ccc(Br)s1,3.75,training
CC(=O)c1cccs1,2.4100001,training
CCOC(=O)C(Br)C(=O)OCC,5.2150002,training
CCCCC/C=C/C=O,4.1999998,training
Cc1ccc2ccccc2c1,4.0799999,training
OCc1ccccc1Cl,2.9000001,training
COC(=O)CBr,4.9590001,training
N#CCC(=O)c1ccco1,3.3,training
Fc1cc(F)c(F)nc1F,2.3900001,training
Oc1cccc2ccccc12,3.75,training
C=CCC(O)C=C,3.25,training
CCOC(=O)CC(O)CC#N,1.36,training
Cc1ccc(O)c([N+](=O)[O-])n1,3.3900001000000004,training
Nc1ccc([N+](=O)[O-])cc1N,3.52,training
Cc1ccc(C(=O)c2ccccc2)cc1,4.4000001,training
C=CC(=O)N(C)C,1.7640001,training
CCCCC(=O)C(C)=O,3.04,training
N#CC(C#N)=Cc1ccco1,3.9400001,training
Nc1ccc(Cl)c(Cl)c1,4.369999900000002,training
C=CCc1ccccc1,3.1900001,training
CCCCCCCCCCNC(N)=S,4.9400001,training
CCOC(=O)c1ccc(N)cc1,3.7,training
Cc1ccncc1C,2.5,training
O=C(c1ccccc1)c1ccncc1,2.9100001,training
CCC(Cl)C(=O)O,2.648,training
O=C(CBr)c1ccc2ccc3cccc4ccc1c2c34,5.3870001,training
CCOC(=O)CC(C)O,1.47,training
CCCC(O)CC,2.1500001,training
CCCCCCCl,3.78,training
O=C(c1cccs1)C(F)(F)F,2.9000001,training
c1ccsc1,1.5599999,training
CN(C)c1ccccc1,3.28,training
CCCCOC(=O)CC#N,2.3900001,training
O=Cc1cccs1,2.95,training
CCc1ccc(C)nc1,2.8199999,training
Nc1ccc(C(=O)Oc2ccccc2)c(O)c1,4.4099998,training
c1ccc(-c2cccc3ccccc23)cc1,5.04,training
COc1cccc(Cl)c1,3.29,training
CCCCCC,3.72,training
Fc1ccccn1,1.8,training
CC(=O)OC(C)(C)C,1.51,training
O=C(O)c1cc(Cl)ccc1O,2.5999999,training
Clc1ccc(Cl)cc1,3.53,training
CCOC(=O)Cc1cccs1,3.27,training
C=CCI,3.796,training
CCCCNC(N)=S,2.8099999,training
CCCCC,2.8,training
ClC(Cl)c1ccccc1,3.1099999,training
Nc1ccc([N+](=O)[O-])cc1,4.1199999,training
O=[N+]([O-])c1ccc2ncccc2c1,3.46,training
Fc1ccc(Br)cc1,3.1099999,training
c1ccc2[nH]ccc2c1,3.21,training
CCC(=O)NC,1.474,training
CCCCCCNC(N)=S,3.8599999,training
c1ccc2c(c1)oc1ccccc12,4.420000099999998,training
CN(C)c1ccccn1,2.45,training
CCC(=O)N(C)C,1.426,training
CC#Cc1ccccc1,3.1900001,training
CCOC(=O)CI,5.921,training
Cc1[nH]cnc1C=O,2.0699999,training
Cc1ccccc1C(=O)c1ccccc1,4.369999900000002,training
Cc1ccc(N)cc1N,2.3399999,training
NC(=O)CI,4.8540001,training
CCCOC(=O)CBr,5.3099999,training
c1ccnnc1,1.59,training
C#CC(C)(O)CCC,2.0999999,training
CCc1cccs1,2.5699999,training
C=CC(=O)OCC(C)O,3.6500001,training
Cc1cc[nH]c(=O)c1[N+](=O)[O-],2.5,training
O=Cc1ccsc1,3.4000001,training
CCOC(=O)CC#N,1.77,training
OC(CBr)CBr,3.5699999,training
c1c[nH]cn1,2.0,training
Brc1ccsc1,2.96,training
CCCCC/C=C/CCC=O,4.2080002,training
O=[N+]([O-])/C=C/c1ccco1,5.04,training
CCC(N)=O,0.91000003,training
O=C/C(Cl)=C/c1ccccc1,4.73,training
Cc1ccsc1Br,3.6199999,training
CCOC(=O)CCl,4.0560002,training
C/C=C(\C)C(=O)OC,2.3800001,training
CCSCC,2.02,training
Oc1cccnc1Br,3.1500001,training
Cc1nccnc1C,2.1300001,training
ClC(Cl)(Cl)c1ccccc1,2.73,training
O=[N+]([O-])c1c(Cl)ncnc1Cl,5.119999900000002,training
C/C=C/C(=O)O,2.4549999,training
O=c1cc(-c2ccccc2)oc2ccccc12,4.4099998,training
CCCCOC(=O)/C=C/c1ccccc1,4.5300002,training
N#CCCBr,2.5,training
C=CCc1ccc(OC)cc1,3.6400001,training
Ic1cccc2ccccc12,5.170000099999998,training
CC(C)(C)c1ccc(Br)cc1,3.75,training
Cc1cccc(C)n1,2.1900001,training
c1ccc2ncccc2c1,3.0899999,training
C=CC(=O)OCCC(C)OC(=O)C=C,4.1440001,training
Cc1cccc2ccccc12,3.74,training
O=C(O)c1cc(Br)cc(Br)c1,3.46,training
c1ccc2nc3ccccc3cc2c1,4.4000001,training
CCCCc1ccc(N=C=S)cc1,5.77,training
Cc1ccc2ccccc2n1,3.47,training
OC12CC3CC(CC(C3)C1)C2,2.9200001,training
CCOC(=O)CBr,5.678,training
CC(C)c1ccc(Br)cc1,3.8499999,training
O=[N+]([O-])c1cccnc1Cl,3.8699999,training
CCCCI,3.3,training
Cc1cccc(Cl)c1C#N,3.46,training
C/C=C/C(C)O,1.599,training
CCC/C=C/C(=O)O,2.872,training
O=C(O)c1cccc(Cl)c1Cl,2.5899999,training
CC(C)CC(=O)OCCc1ccccc1,4.099999899999999,training
C/C=C/CO,1.528,training
CCc1ccncc1,2.54,training
CC(=O)c1cccc(N)c1,2.1800001,training
Cc1cc(N)ncc1[N+](=O)[O-],3.3699999,training
Cc1nc(C)c(C)o1,1.99,training
CCOC(=O)C=C(OCC)OCC,2.3499999,training
Cc1ccccn1,1.99,training
COc1cc(Cl)cc(Cl)c1,3.9300001,training
Cc1cc2ccccc2o1,3.6199999,training
CC(C)/C=C/C=O,3.8199999,training
CCOC(=O)c1ccc(C(C)(C)C)cc1,4.420000099999998,training
C=CC(=O)NCNC(=O)C=C,2.4849999,training
Cc1cc2ccccc2n1C,3.8399999,training
C/C=C/C=O,4.059999899999998,training
CCC(=O)C(C)=O,2.8399999,training
C#CCOC(=O)C=C,4.059999899999998,training
O=[N+]([O-])c1ncccc1O,3.8699999,training
O=[N+]([O-])c1cc([N+](=O)[O-])c2ccccc2c1O,4.8899999,training
C=CCOC(=O)CC#N,2.21,training
OCc1ccc(F)cc1,2.3800001,training
Oc1c(Cl)cc(Cl)c(Cl)c1Cc1c(O)c(Cl)cc(Cl)c1Cl,6.04,training
CCCOC(=O)c1ccccc1,3.4200001,training
CC(=O)c1ccc(C)o1,2.1700001,training
CC(=O)c1ccncc1,2.1300001,training
CCCCCCCCCCCC(C)O,5.170000099999998,training
N#Cc1ccc(Cl)s1,2.9200001,training
COC(=O)CCBr,4.027,training
COc1cccc2ccccc12,3.8,training
CCN(CC)C(C)=O,1.4579999,training
O=Cc1ccc(Cl)s1,3.6199999,training
OCCCc1cccnc1,2.1600001,training
CC(Br)c1ccccc1,2.3310001,training
OC1Cc2ccccc2C1,2.3099999,training
BrCc1ccccc1,3.638,training
O=C/C=C/c1ccccc1,3.6800001,training
O=C(O)c1cccc(Cl)c1,2.8699999,training
NC(N)=S,1.6799999,training
c1ccoc1,1.35,training
Nc1cccc(OCc2ccccc2)c1,3.8800001,training
CCCCCCCCCl,3.6700001,training
CCCCC/C=C/C(=O)O,3.2090001,training
COC(=O)c1ccc(OC)cc1,3.3099999,training
CC(=O)OC1=CCCCC1,2.5999999,training
CCCCCCOC(=O)c1ccccc1,4.9400001,training
CCc1ccco1,2.48,training
Oc1ccc2ccccc2c1,3.79,training
NCCCN1CCN(CCCN)CC1,2.3399999,training
CCOc1cccc2ccccc12,4.25,training
C=Cc1ccccc1,2.98,training
ClC/C=C\CCl,4.0219998,training
O=C1CC(=O)c2ccccc2C1=O,3.8,training
CCCCC(O)CC,2.51,training
O=C1C=CC(=O)c2c(O)cccc21,6.3299999000000025,training
O=C(O)c1cc(Br)ccc1Br,2.6900001,training
ClC(Cl)(Cl)Cl,2.98,training
N#C/C=C/c1ccccc1,3.1600001,training
Cc1cc(=O)[nH]cc1[N+](=O)[O-],2.8299999,training
Clc1sccc1Br,3.73,training
N#Cc1cccs1,2.24,training
CCCC(C)Br,3.21,training
CCNC(C)=O,1.2990000000000002,training
Cc1cc(Cl)ncc1[N+](=O)[O-],3.4200001,training
OCc1cccc(Br)c1,3.3699999,training
CC(=O)c1ccco1,1.96,training
CC(C)COC(=O)c1ccccc1C(=O)OCC(C)C,4.4400001,training
CCCC(N)=O,1.215,training
CCCCCCCC(O)CCCCC,5.2399998,training
N#CCI,5.4689999,training
CC(=O)c1ccn(C)c1,2.0,training
O=C(O)c1ccc(Cl)c(Cl)c1,3.3099999,training
Cc1c(N)ccc(O)c1C,4.4400001,training
Clc1cccc(Cl)c1Cl,4.21,training
CCCCCc1ccc(O)cc1,4.579999900000002,training
Fc1ccc(-c2ccccc2)cc1,3.53,training
CC(N)=O,0.67799997,training
Cc1ccc2ccccc2c1C,4.3099999,training
CC=CC(=O)CCCC,4.0100002,training
Cc1cc(Cl)nc(N)n1,2.53,training
COC(=O)c1ccc(Br)cc1,3.5999999,training
CC(=O)NC(C)(C)C,1.842,training
N#C/C=C/c1ccco1,2.6900001,training
C=COC(=O)/C=C/C,2.8499999,training
O=C(/C=C/c1ccccc1)c1ccccc1,4.5100002,training
O=C(O)c1c(Cl)cc(Cl)cc1Cl,2.5899999,training
C#CC(C)(O)CC(C)C,2.447,training
CCc1cccc2ccccc12,3.8900001,training
CC/C=C/CBr,3.77,training
COC(=O)C(C)(C)C,1.72,training
c1cnc2ccc3ncccc3c2c1,4.139999899999999,training
Cc1cnc2ccccc2n1,3.02,training
CCCCC(CC)COC(=O)c1ccc(O)cc1,5.5100002,training
Clc1cccc(Cl)c1,3.5599999,training
C/C=C/COC(C)=O,2.1300001,training
CCCCCc1cccs1,4.1999998,training
NCCc1ccccn1,2.26,training
CCCCCC(C)O,2.53,training
COC(=O)c1ccc(C)cc1,3.23,training
C=CCBr,3.569,training
C=C(C)C=O,3.6700001,training
Oc1c(I)cc(I)cc1I,5.6700000999999975,training
CCOC(=O)Cc1cccnc1,2.0599999,training
BrC(Br)c1ccccc1,3.6400001,training
CC(=O)c1c(C)c[nH]c1C,2.6800001,training
CNC(C)=O,1.02,training
CCCCCc1ccco1,3.9200001,training
O=C1C=CC(=O)C(c2ccccc2)=C1,0.85,training
CC(C)[C@H](C)O,-0.996,training
CC/C=C(/C)C=O,-0.022,training
Cc1cc(O)ccc1N,1.31,training
C#C[C@H](O)CCCC,-0.265,training
C[C@@H](O)c1ccccc1,-0.66,training
CCCC#CC[C@H](O)CC,-0.043,training
C#C[C@@](C)(O)CC(C)C,-0.5529999999999999,training
C[C@](O)(Cc1ccccc1)c1ccccc1,0.8,training
C[C@@H]1CC(=O)O1,1.44,training
CC[C@H](C)CC(=O)O,-0.233,training
C#C[C@H](O)C(C)C,-0.027,training
CCCC[C@@H]1CCC(=O)O1,-0.38,training
C=C[C@@H](O)CCC,-0.8109999999999999,training
Nc1c(Cl)cc(Cl)cc1Br,1.44,training
C=C(C)C(=O)OC[C@H](CC)CCCC,1.569,training
C#C[C@H](O)CC,-1.178,training
CCCCC[C@@H]1CCC(=O)O1,0.0139999999999999,training
Nc1ccc(N)cc1,-0.15,training
CCCCCCC[C@H](C)O,0.618,training
Cc1cc(SC#N)c(C)cc1NC(=O)Oc1c(C)c(Br)c(Br)c(Br)c1Br,2.57,training
C=CC(=O)OC[C@H](C)O,0.65,training
OC[C@H](Br)CBr,-0.486,training
CCC[C@H](C)O,-1.1596,training
O=C(O)c1ccc(-c2ccccc2)cc1,0.84,training
CC[C@@H](Br)[C@H](Br)CC,0.99,training
CCCC[C@@H](Br)CBr,1.146,training
O=C1C=CC(=O)c2cc3ccccc3cc21,2.31,training
Oc1ccc(CCl)cc1,0.8,training
CCC[C@H](C)N,-0.685,training
C#C[C@@H](O)[C@H](C)CCC,0.7426,training
CCOC(=O)c1ccccc1N,0.15,training
C[C@H](Br)C#N,0.626,training
CC/C=C(/C)C(=O)OC,-0.376,training
CCCCC/C=C\C(=O)OC,0.764,training
CCC[C@H](O)CO,-1.6269999999999998,training
C[C@H](O)C#C[C@@H](C)O,-0.46,training
CCOC(=O)C(Br)[C@H](C)Br,1.4380000000000002,training
CCCC[C@H](O)CO,-1.267,training
CC(C)[C@@H](N)CO,-0.585,training
CC(C)(C)c1ccccc1,0.76,training
CC[C@H](C)c1ccccc1O,0.98,training
C=CC[C@H](C)O,-1.517,training
C/C=C\CC#N,-0.953,training
CC[C@H](C)c1ccc(O)cc1,0.98,training
C/C=C\CO,-1.472,training
C#CC[C@H](C)O,-1.632,training
CC[C@H](C)[C@H](N)CO,-0.659,training
CCCC[C@@H](CC)CO,0.1669999999999999,training
CC#C[C@](C)(O)CCC,-0.482,training
CC[C@H](C)O,-1.5419999999999998,training
C[C@@H](CCO)c1ccccc1,0.01,training
C#C[C@H](O)CC(C)C,0.617,training
C[C@H](O)CC[C@@H](C)O,-1.96,training
CCC#C[C@@H](O)CC,-0.034,training
CCCCCCCC[C@H](O)CO,0.764,training
C#C[C@H](C)O,-0.4024,training
C[C@@H](O)C(c1ccccc1)c1ccccc1,1.0,training
C=CC[C@@H](C)/C=C(/C)C=O,0.083,training
C[C@H](O)CBr,-1.189,training
CCCCCCCCC/C=C/CO,2.092,training
C[C@H](Cl)C#N,-0.863,training
CC[C@H](O)Cc1ccccc1,-0.16,training
CNC(=S)NN=C(C)c1cc(C)c(C)cc1O,0.71,training
CCCCCC/C=C/CO,0.752,training
CC[C@H](O)CO,-2.048,training
CCCCC/C=C\CCC=O,1.208,training
CCCCCC[C@@H]1CCC(=O)O1,0.493,training
C#C[C@@](C)(O)CC,-1.3230000000000002,training
CC[C@@H](C)CN,-0.477,training
C=C[C@H](C)O,-1.053,training
OCCOCCOCCCl,0.4878,training
CC[C@H](C)N,-0.6709999999999999,training
C/C=C\C(=O)O,-0.545,training
CCCC[C@H](CC)COC(=O)c1ccc(O)cc1,2.51,training
CCCCCC[C@H](C)O,0.001,training
CC(=O)Oc1cccc2ccccc12,1.04,training
C[C@@H](CN)c1ccccc1,-0.05,training
CCCCC/C=C\C(=O)O,0.209,training
C/C=C(/C)C(=O)OC,-0.617,training
C#C[C@](C)(O)c1ccccc1,-0.18,training
CC[C@H](C)OC(C)=O,-0.679,training
CNC[C@H](O)CO,-1.5341,training
CC(C)/C=C\C=O,0.8190000000000001,training
C=CC(=O)OCC[C@H](C)OC(=O)C=C,1.144,training
C=C[C@@H](O)CC,-1.348,training
CCC[C@H](N)CO,-0.6718,training
O=C(O)c1ccc([N+](=O)[O-])cc1,-0.86,training
C/C=C/C(=O)O[C@@H](C)CC,-0.417,training
C/C=C\C=O,0.7,training
CC(=O)Nc1ccccc1,0.4,training
OCC=Cc1ccccc1,-0.08,training
CC=CCC#N,-0.95,training
CC=CCC(=O)OC,-0.28,training
O=C(C=Cc1ccccc1)N=C=S,0.29,training
O=[N+]([O-])c1cc(CN=C=S)ccc1Cl,2.11,training
O=C(C=Cc1ccccc1)c1ccccc1,1.51,training
CCC=CCO,-1.11,training
COC(=O)C=Cc1ccccc1,0.58,training
O=Cc1ccc(O)c(Br)c1,0.61,training
CC=CCO,-1.47,training
O=CC(Cl)=Cc1ccccc1,1.73,training
CCCCCCCC=CCO,1.13,training
CC=CCCCO,-0.75,training
CCC=CC(=O)O,-0.28,training
C#CC=CCO,-0.55,training
CCCCCC=CCO,0.37,training
O=CC=Cc1ccccc1,0.68,training
CC=CC(C)O,-1.4,training
C#CC(C)(O)CCCC,-0.55,training
CCCCCCC=CC(=O)O,0.6,training
COc1cc(CN)ccc1O,-0.97,training
OCC=CCO,-2.15,training
CCCCOC(=O)C=Cc1ccccc1,1.53,training
CCCCC=CCO,0.05,training
CCC=CCC(=O)O,-0.22,training
CC=CC(=O)O,-0.54,training
CCCCCC=CC(=O)O,0.21,training
CCCC(O)c1ccccc1,-0.01,training
CC(C)CC(N)CO,-0.62,training
O=Cc1c(Cl)cccc1[N+](=O)[O-],0.16,training
CCCCCCC=CCO,0.77,training
CC(C)(C)C(N)CO,-0.72,training
CCOC(=O)CC(=O)C(C)(C)C(=O)OCC,-0.38,training
CCCCCC=CCCC=O,1.21,training
CCCOC(=O)C=Cc1ccccc1,1.23,training
CCCCCCCCC=CCO,1.61,training
CCCCc1cccc(N=C=S)c1,2.76,training
CC(N=C=S)c1ccccc1,2.71,training
CCC=CCCCCCC=O,0.95,training
C=C(C)C#N,1.347,training
C=CS(=O)(=O)C=C,4.4099998,training
CCCCCC(=O)c1ccccc1,4.190000100000002,training
OCCc1ccc(O)cc1,2.1700001,training
NC(=S)c1ccccc1,3.0899999,training
CN(C)c1ccc(C=O)cc1,3.23,training
Cc1ccccc1O,2.71,training
C#CC(C)O,2.5980000000000003,training
Nc1cccc(I)c1,3.6500001,training
O=[N+]([O-])c1ccc(Cl)cc1Cl,3.99,training
CC(O)CC(C)(C)O,1.0470001,training
O=C(CBr)Nc1cc([N+](=O)[O-])ccc1O,3.8699999,training
O=Cc1cccc(Cl)c1,3.4059998999999994,training
Cc1ccc(Cl)c(Cl)c1,4.0700002,training
C=C(C)CCC(C)=O,2.125,training
Cc1ccc(O)c(Br)c1,3.5999999,training
Brc1ccc(Br)cc1,3.6800001,training
CCCCBr,2.8199999,training
CC(C)c1ccc(N)cc1,3.22,training
N#Cc1ccc(C(N)=O)cc1,2.6199999,training
O=[N+]([O-])c1ccccc1CO,2.8499999,training
c1ccc(Cc2cccnc2)cc1,3.6800001,training
CCC#CCC(O)CC,2.6240001,training
CCCCCCBr,3.937,training
C=CSc1ccccc1,3.4200001,training
O=Nc1ccc(O)cc1,3.6500001,training
CCCCCCC(=O)CCCCCC,4.5209999000000005,training
O=[N+]([O-])c1ccc(Cl)c(Cl)c1,4.1599998,training
CCCCN=C=S,4.7210002,training
CCC(C)(C)N=C=S,3.3529998999999995,training
CCCCCCCCCC(=O)OC,4.3779998,training
CC(C)C(Br)C(=O)O,2.451,training
C=CCCCO,1.785,training
CCCC(Br)C(=O)OCC,3.6989999,training
N#CC(Cl)Cl,3.973,training
Cc1c(C)c(O)c(C)c(C)c1O,4.2800002,training
CCOC(=O)C#Cc1ccccc1,4.670000099999998,training
Oc1c(Br)c(Br)c(Br)c(Br)c1Br,5.6599998,training
CC(O)CCl,1.508,training
Nc1c(Cl)cc([N+](=O)[O-])cc1[N+](=O)[O-],4.1199999,training
CCN=C=S,4.6269999,training
C=CC(C)O,1.947,training
COc1ccc(C=O)c(Cl)c1O,3.204,training
S=C=NCc1cccc2ccccc12,6.0560002,training
CCCC[S+]([O-])CCCC,2.7430000000000003,training
OCc1ccc(-c2ccccc2)cc1,3.9200001,training
O=Cc1cc(Cl)ccc1O,4.0089998,training
NNC=O,2.1289999,training
CCCCC(=O)CC(C)=O,3.1300001,training
CCOC(=O)c1ccc(C#N)cc1,3.3699999,training
Nc1ccc(F)c(C(F)(F)F)c1,3.77,training
C#CC(C)(O)c1ccccc1,2.8199999,training
COC(C)=O,1.405,training
S=C=Nc1ccc(N=C=S)cc1,6.3470001,training
c1csc(-c2cccs2)c1,4.04,training
SCCCCCCCCS,4.191,training
CCCCCCCCCCC#CCO,5.367000099999999,training
CCN(C)CC,2.244,training
C=CC(=O)OCc1ccccc1,4.3499999,training
CCCCCc1ccccc1,4.79,training
O=[N+]([O-])c1ccc(Oc2ccccc2)cc1,4.579999900000002,training
COC(N)=O,1.025,training
CC(C)(N)CO,1.069,training
O=Cc1ccc(Br)cc1,3.5869998999999995,training
CC(=S)Nc1ccccc1,2.99,training
NC(=O)c1ccc(O)cc1,2.22,training
CCCCOC(N)=O,2.0339999,training
CC(C)C(N)CO,2.415,training
O=[N+]([O-])c1cc(Cl)c(Cl)c(Cl)c1Cl,4.7800002,training
Oc1ccc(Cl)cc1O,4.059999899999998,training
CCCCC(Br)C(=O)OCC,3.8599999,training
CCCCCCCCCCCC(C)=O,5.119,training
Oc1c(F)c(F)c(O)c(F)c1F,4.8400002,training
NC(=O)Oc1ccccc1,2.6099999,training
Nc1cc(F)c([N+](=O)[O-])cc1[N+](=O)[O-],4.6900001,training
O=C(Cc1ccccc1)c1ccc(O)cc1,4.0700002,training
CCCCCCCC=O,3.483,training
Oc1ccc(O)c(Br)c1,4.6799998,training
O=[N+]([O-])c1c(Cl)c(Cl)c([N+](=O)[O-])c(Cl)c1Cl,5.8200002,training
O=Cc1ccccc1Cl,3.49,training
Cc1cccc(O)c1[N+](=O)[O-],3.6099999,training
CCCCCC(C)=NO,3.1029999,training
Sc1ccccc1,4.6599998,training
CC(O)Cc1ccccc1,2.3800001,training
O=C(O)CCCBr,2.2290001,training
CCCCCOC=O,2.217,training
CC(C)(Br)C(=O)O,2.4159999,training
C#CC(O)CC,1.822,training
Cc1cccc([N+](=O)[O-])c1C,3.5599999,training
S=C=NC(c1ccccc1)c1ccccc1,6.0510001,training
CNCCc1ccccc1,2.5899999,training
Nc1c(Br)cc(Br)cc1[N+](=O)[O-],4.619999900000002,training
CCCCCC1CCC(=O)O1,3.0139999,training
C#CCN(C)C,1.855,training
CCOC(=O)C(Br)C(C)Br,4.4380002,training
CCS(=O)(=O)c1ccccc1,2.21,training
COc1ccc(C=O)cc1O,2.8599999,training
NC(=O)c1cc(Cl)ccc1[N+](=O)[O-],2.6800001,training
COC=O,1.5019999999999998,training
CC(C)(CC(=O)O)CC(=O)O,2.336,training
O=[N+]([O-])c1cccc(-c2ccccc2)c1,4.5700002,training
CCCCC(=O)OCC,2.642,training
C=CCc1ccccc1O,3.3299999,training
O=C(c1ccccc1)c1ccccc1,3.8699999,training
CCOc1ccc([N+](=O)[O-])cc1,3.8299999,training
Cc1ccc([N+](=O)[O-])cc1,3.6500001,training
CC(C)=NO,1.7519999999999998,training
CCCCCC(C)=O,2.513,training
CCCCN,2.427,training
CCC(C)=NO,1.9299999,training
CCCCCCC(Br)C(=O)OCC,4.5,training
CC(Br)C#N,3.6259999,training
CCC(=O)OCC(C)C,2.3069999,training
CCC(Br)C(=O)OC,4.0240002,training
CCCCCCCCC(C)=O,3.582,training
N#CC(Cl)(Cl)Cl,4.8829999000000015,training
Nc1ccc(Cl)cc1,3.05,training
O=C(O)CCCl,2.668,training
CCCCCCCC(C)O,3.618,training
O=[N+]([O-])c1ccc(O)c([N+](=O)[O-])c1,4.059999899999998,training
OCC(Cl)(Cl)Cl,2.5350001,training
CC(=O)c1ccc(Cl)c(Cl)c1Cl,4.3400002,training
CCCCCCC(=O)c1ccccc1,4.5599999,training
CCCC(O)CO,1.3730000000000002,training
CCCCCCCCCN,4.7010002,training
CC(C)CCCO,2.3629999,training
O=Cc1cccc(C=O)c1,3.1800001,training
CCCCCCCCN,3.3510001000000003,training
O=Cc1cc(O)c(O)c(O)c1,2.8039999,training
CCCCCCC(=O)O,2.8870001,training
C#CC(O)CCCC,2.7349999,training
N#CCCCC#N,1.3630000000000002,training
Nc1c(Cl)c(Cl)cc(Cl)c1Cl,4.7600002,training
OCc1c(F)c(F)c(F)c(F)c1F,2.8,training
C#CCCCO,1.58,training
CCOCCCN,1.2970001,training
O=Cc1ccc(O)c2ccccc12,4.0500002,training
CCCCCOc1ccc(C=O)cc1,4.1799998,training
Nc1c(Br)cccc1Br,3.9000001,training
CCC#CC(C)O,3.5109998999999994,training
C=CCSc1ccccc1,3.6900001,training
Cc1ccc(Cl)cc1N,3.5,training
CCOC(=O)CCCCCCCCC(=O)OCC,4.3540001,training
ON=Cc1ccccc1O,3.25,training
O=[N+]([O-])c1ccc(F)cc1O,4.1199999,training
Cc1ccc(Cl)c(N)c1Cl,3.6900001,training
CCC1CCC(=O)O1,1.76,training
CCS(=O)(=O)CC,1.16,training
C=CS(C)(=O)=O,3.99,training
CC(C)O,1.118,training
SC1CCCCC1,2.9960001,training
CCOC(=O)CC,2.0550001,training
COC(=O)c1cc(O)cc(O)c1,2.8599999,training
Cc1cccc(N)c1,2.72,training
CCc1ccccc1N,2.78,training
C#CC(C)(C)O,1.689,training
CCCCCCCCCCCC#N,4.9029999,training
O=Cc1ccc([N+](=O)[O-])cc1,3.2,training
CCCCCC=O,2.8269999,training
O=C(OCc1ccccc1)c1ccccc1,4.4499998,training
Oc1ccc(Cl)cc1,3.54,training
C#CCO,1.926,training
CC(C)(C)c1ccc(N)cc1,3.3599999,training
CCC(Br)C(Br)CC,3.9979999,training
Cc1cc(O)cc(C)c1Cl,4.1999998,training
Cc1ccc(O)cc1C,3.1199999,training
Oc1cc(O)c(Cl)cc1Cl,3.97,training
N#Cc1cccc([N+](=O)[O-])c1,3.45,training
C=CCC(=O)O,2.358,training
NC(=O)c1ccc(Cl)cc1,3.0899999,training
CCCCCCC(=O)OC,3.1040001,training
CCC(C)(O)c1ccccc1,3.0599999,training
O=C1CCCCC1,1.767,training
CCCCCCC#CCCO,4.1269999,training
O=Cc1ccc(C=O)cc1,2.914,training
O=C(O)CCCCBr,2.3069999,training
N#Cc1ccc(Cl)c([N+](=O)[O-])c1,4.71,training
Cc1ccc(Cl)c(N)c1,3.2,training
Cc1cccc(O)c1O,3.28,training
COc1cc(C#N)ccc1O,2.97,training
CC(CCO)c1ccccc1,3.01,training
OCCCCCCCCCCO,3.224,training
CCCCCCCCCCC=O,4.6900001,training
c1ccc2sccc2c1,3.26,training
CCCCCCCCC(=O)OC,4.04,training
O=[N+]([O-])c1c(O)cccc1O,3.6600001,training
c1ccc(Cc2ccncc2)cc1,3.6300001,training
CCCCCC(=O)CC(C)=O,3.506,training
NC(=O)c1ccccc1[N+](=O)[O-],2.28,training
C#CCSc1ccccc1,3.54,training
Cc1ccc([N+](=O)[O-])c(O)c1,3.5899999,training
CCCCCCCC(=O)c1ccccc1,4.8899999,training
CCCCCCCO,3.105,training
O=[N+]([O-])c1cc(Cl)ccc1O,5.119999900000002,training
OCCCCO,0.764,training
COc1ccc(C=O)c(OC)c1,2.944,training
NC(=O)c1ccc(N)cc1,2.0899999,training
CCCC(CO)CCC,3.1340001,training
N#CSCc1ccccc1,4.0500002,training
CCC(C)CC(=O)O,2.767,training
c1ccc2c(c1)Oc1ccccc1S2,5.04,training
Nc1cc(Cl)cc(Cl)c1,3.71,training
S=C=NCCCN=C=S,5.7199998,training
CCCCOc1ccc(C=O)cc1,3.716000100000002,training
ON=C(O)c1ccccc1,3.3800001,training
CCOC(=O)C(Br)CBr,5.2080002,training
CCCCOC(=O)CCC,3.516,training
CCOC(=O)C(C#N)c1ccccc1,2.98,training
CCC(=O)CC,1.544,training
CCCCC(=O)OCCC,3.0090001,training
CC(C)(C)c1cccc(O)c1,3.74,training
CCC(=O)OC,1.391,training
O=[N+]([O-])c1ccc(O)c(Cl)c1,4.1799998,training
CCC(O)CO,0.95200002,training
CCCCC(=O)CCCC,3.0739999,training
OCCCBr,2.0669999,training
O=[N+]([O-])c1ccc(F)c(Cl)c1,3.8,training
O=[N+]([O-])c1cc(Cl)c(Cl)cc1Cl,4.5300002,training
OCc1ccccc1,2.1700001,training
BrCCc1ccccc1,3.4200001,training
O=Cc1cccc2ccccc12,3.4230001000000003,training
CC(C)(C)C(=O)O,2.7460001,training
O=C(O)CCCCC(=O)O,2.3940001,training
O=[N+]([O-])c1ccc(I)c([N+](=O)[O-])c1,5.119999900000002,training
Cc1cc(C)c(O)c(C(C)(C)C)c1,4.1599998,training
CCOC(=O)CCCCCC(=O)OCC,3.4070001000000003,training
OCc1ccccc1I,3.3299999,training
O=[N+]([O-])c1ccc(F)c(F)c1F,4.8899999,training
CCCCCCCN,3.2110000000000003,training
CC(C)COC(=O)C(C)C,2.4089999,training
CC(C)C(C)N,2.2909999,training
Nc1c(Br)cc([N+](=O)[O-])cc1[N+](=O)[O-],4.2399998,training
O=[N+]([O-])c1cccc(CO)c1,2.78,training
C=CCO,1.082,training
CCCCCCc1ccc(O)cc1O,4.8000002,training
CC(=O)CC(=O)c1ccccc1,3.5699999,training
CCC(C)CO,2.0469999,training
Oc1ccccc1Br,3.3299999,training
O=[N+]([O-])c1cc([N+](=O)[O-])c(F)cc1F,5.079999900000002,training
O=Cc1cccc(Br)c1,3.506,training
CC(=O)OCCCCCBr,3.293,training
O=Cc1ccc(Cl)c([N+](=O)[O-])c1,4.190000100000002,training
OCCCCCCO,1.505,training
O=C(c1ccccc1)c1ccc(O)c(O)c1O,3.8800001,training
CC(=O)c1ccccc1,2.54,training
CCCCCOC(=O)CC,2.957,training
OCCCCCCBr,3.007,training
O=Cc1ccccc1F,3.079,training
CCc1cccc(CC)c1N,3.3099999,training
O=C1CCCO1,1.283,training
CCCCSCCCC,4.04,training
CCCCOC(=O)CCC(=O)OCCCC,3.5120001000000003,training
CCCCOC(C)=O,2.5139999,training
Nc1cc([N+](=O)[O-])ccc1Cl,3.5999999,training
O=C(O)CCCCCCCCCCC(=O)O,2.914,training
O=C(c1ccccc1)c1cccc(Cl)c1,4.5500002,training
CCCCCCCCCCO,4.335,training
Cc1cc([N+](=O)[O-])c(O)c([N+](=O)[O-])c1,4.23,training
COC(=O)CCCCCCCCC(=O)OC,4.0110002,training
C#CC(C)(O)CC,1.6769999999999998,training
CCOC(=O)C(NC(C)=O)C(=O)OCC,1.796,training
CCOC(=O)CCBr,3.1259999,training
CCc1ccc(Br)cc1,3.6700001,training
Nc1ccccc1[N+](=O)[O-],3.0799999,training
Nc1c([N+](=O)[O-])cccc1[N+](=O)[O-],3.8399999,training
Nc1ccccc1,2.77,training
CCCCCCC#CCO,3.6489999,training
NC(=O)c1cc([N+](=O)[O-])c(N)c([N+](=O)[O-])c1,3.51,training
OCC(Br)CBr,2.5139999,training
OCCCc1ccccc1,2.79,training
CCC(C)(C)N,2.302,training
c1ccc(-c2ccccn2)cc1,3.27,training
CCCNC,2.191,training
C=CCOC(=O)CC,2.1210001,training
Oc1ccc(Cl)c(O)c1,3.1300001,training
CCN(CC)CCO,1.505,training
Cc1c(O)c(Br)c(Br)c(Br)c1Br,5.5700002,training
CCCCCN=C=S,4.7059999,training
O=C(O)CCCC(=O)O,2.3610001,training
CCCCCCOC=O,2.6180000000000003,training
O=[N+]([O-])c1cccnc1SCc1ccccc1,4.7199998,training
C=COC(=O)c1ccc(C(C)(C)C)cc1,4.5700002,training
CCOC(=O)CCCCl,2.7190001,training
C=CCOC(=O)CCCCCC,3.7279999,training
O=Cc1ccc(Cl)cc1Cl,4.04,training
CCCCC(CC)CO,3.1670001,training
CC(C)(CO)CCl,2.2179999,training
CCC(O)(CC)C(C)(C)C,2.8310001,training
CCCC(C(=O)OCC)C(=O)OCC,3.1340001,training
O=[N+]([O-])c1cccc(O)c1,3.51,training
CCCCCCCCCC(C)=O,4.5349998,training
CCCCCCC1CCC(=O)O1,3.4930000000000003,training
OCCCCCc1ccccc1,3.4200001,training
CC(C)C=O,2.5669999,training
O=Cc1cc2ccccc2c2ccccc12,4.7080002,training
O=Cc1ccc(O)c(O)c1,3.1070001,training
CC#CCO,2.132,training
OCCCl,1.5829999,training
CCOC(=O)c1ccc(Br)cc1,4.329999900000002,training
CCOS(=O)(=O)OCC,2.302,training
CCOC(=O)CCC(=O)OCC,2.1489999,training
O=Cc1ccccc1[N+](=O)[O-],3.1700001,training
Nc1ccccc1I,3.3499999,training
CCCCC(N)CO,2.415,training
O=[N+]([O-])c1ccccc1Cl,3.6800001,training
CCCCCCOc1ccc(N)cc1,4.380000099999998,training
N#CCCCl,2.0009999,training
CCC(=O)c1ccc(O)cc1,3.1199999,training
CC(C)(C)CO,2.1300001,training
CC(C)CCO,1.964,training
CCCCCCCCCCCO,4.954999900000002,training
COc1cccc(C=O)c1,3.23,training
CC(C)(CN)CO,2.075,training
O=C1C=C(c2ccccc2)C(=O)C=C1c1ccccc1,4.48,training
O=C1CCC(=O)CC1,1.332,training
CCCC(C)N,2.3150001,training
CCCN=C=S,4.6929998,training
O=Cc1ccc([N+](=O)[O-])c(O)c1,3.27,training
O=[N+]([O-])c1c(F)cc(F)c(F)c1F,4.869999900000002,training
CCCC#N,1.5590000000000002,training
O=[N+]([O-])c1cc([N+](=O)[O-])c(Cl)cc1Cl,5.7199998,training
CCOC(=O)c1ccc(OC)cc1,3.77,training
OCC#CCO,1.1160001,training
C=CCC#N,1.521,training
O=[N+]([O-])c1c(F)c(F)c(F)c(F)c1F,5.4299998,training
CCCCCCN,2.78,training
Nc1cc(Cl)c(Cl)c(Cl)c1Cl,4.96,training
O=[N+]([O-])c1cccc(O)c1[N+](=O)[O-],3.46,training
CC(C)CCC#N,2.214,training
Oc1ccc(F)cc1,3.02,training
C#CCN,2.174,training
Cc1cc(O)cc(C)c1C,3.9300001,training
S=C=NCCCc1ccccc1,5.5380001,training
O=C(O)CCCCCC(=O)O,2.4159999,training
Nc1cccc([N+](=O)[O-])c1,3.03,training
CC(=O)C(C)Cl,3.2690001,training
CCCCCCO,2.6210001,training
CCC(C)CN,2.523,training
N#CCCCBr,2.5350001,training
CCCCC(CC)C(=O)O,3.076,training
Nc1ccc(Cl)cc1Cl,3.5599999,training
O=C(CBr)C(=O)CBr,4.7620001,training
O=Cc1ccc(Oc2ccccc2)cc1,4.2600002,training
COC(=O)CC(=O)OC,1.7130001,training
CCCC(=O)OCC,2.51,training
O=[N+]([O-])c1ccc(CCl)cc1,4.1799998,training
COc1ccccc1N,2.3099999,training
CCC(C)O,1.4579999,training
CCc1ccc(CO)cc1,3.0699999,training
Cc1ccccc1N,2.8399999,training
CCOC(=O)C(Cc1ccccc1)C(=O)OCC,3.71,training
Nc1ccccc1CO,1.9299999,training
CCCCC(Br)CBr,4.1459999,training
O=[N+]([O-])c1c(Cl)c(Cl)cc(Cl)c1Cl,4.8200002,training
CC(O)(Cc1ccccc1)c1ccccc1,3.8,training
COc1cc(C=O)cc(Br)c1O,3.6199999,training
CCCCOC=O,2.066,training
CCC(N)CC,2.187,training
COc1ccccc1,2.9000001,training
C=C(C)OC(C)=O,2.5109999,training
CCCCOC(=O)CCCCC(=O)OCCCC,3.792000100000001,training
C=CCN=C=S,5.0609999000000006,training
C#CCC(C)O,1.368,training
CCCCCCCCCCCN,5.3280001,training
Cc1cccc(O)c1,2.9200001,training
Cc1cc(O)c(Cl)cc1C,3.6900001,training
Cc1c(Cl)cccc1[N+](=O)[O-],3.6800001,training
CCCCOc1ccc(O)cc1,3.7,training
CCOC(C)=O,1.7029999,training
Cc1ccc(N)cc1Cl,3.3900001000000004,training
CCCCC1CCC(=O)O1,2.6199999,training
CCN(C)C,2.092,training
NCCCCc1ccccc1,3.6199999,training
Cc1c(N)cccc1O,2.45,training
CC1CCC(=O)O1,1.431,training
C#CCC(O)CC,1.596,training
CC(C)CO,1.628,training
OC(c1ccccc1)c1ccccc1,3.5,training
Cc1ccc(CO)cc1,2.51,training
Cc1ccccc1C=O,3.0109999,training
C#CCOC(C)=O,1.834,training
Cc1ccc(CCN)cc1,2.96,training
O=Cc1ccccc1Br,3.477,training
CC(C)(C)c1cc([N+](=O)[O-])c(O)c([N+](=O)[O-])c1,4.8000002,training
O=[N+]([O-])c1cccc(Br)c1,4.0300002,training
CC(C)COC=O,1.692,training
CC#CCOC(C)=O,2.1170001,training
CC(C)(C)c1ccc(CO)cc1,3.48,training
Cc1cccc(C=O)c1,3.0810001,training
Clc1ccccc1Cl,3.53,training
CC(N)c1ccccc1,2.8199999,training
O=Cc1ccc(F)cc1,2.8729999,training
CCC(CO)c1ccccc1,2.8900001,training
N#Cc1ccccc1C#N,2.6600001,training
Oc1cc(O)cc(O)c1,1.74,training
CC(C)CC#N,2.1240001,training
O=[N+]([O-])c1cc(O)ccc1Cl,4.27,training
Oc1cccc(O)c1,2.3499999,training
O=[N+]([O-])c1ccc(O)c(O)c1,4.1700001,training
Nc1cc([N+](=O)[O-])cc([N+](=O)[O-])c1,3.9400001,training
O=C(Oc1cccc(O)c1)c1ccccc1,4.1100001000000015,training
CCCCCCN=C=S,4.75,training
O=Cc1cc(Br)cc(Br)c1O,4.6500001,training
CCC#CCCO,1.976,training
COc1ccc(Cl)cc1,3.5999999,training
O=[N+]([O-])c1cc(Cl)c(Cl)c([N+](=O)[O-])c1Cl,5.5999999,training
COC(=O)c1ccc(C#N)cc1,2.95,training
NCc1ccc(Cl)cc1,3.1600001,training
Oc1c(O)c(Br)c(Br)c(Br)c1Br,3.98,training
COc1cccc([N+](=O)[O-])c1,3.72,training
CC(C)(C)c1cc(N)cc(C(C)(C)C)c1,4.4400001,training
CCCc1ccccc1N,3.0799999,training
COc1cccc(C=O)c1O,3.3770001000000005,training
CCC(CC)C(=O)O,2.8480000000000003,training
N#CCCl,3.845,training
O=[N+]([O-])c1cc(Cl)cc(Cl)c1[N+](=O)[O-],5.4200000999999975,training
COc1cc(O)c(C=O)c(OC)c1,3.6170001,training
C#CCOC(=O)CC,2.345,training
CCCCC(=O)O,2.733,training
CCc1ccc(-c2ccccc2)cc1,4.9699998,training
O=C(O)CCCCCCC(=O)O,2.4879999,training
Cc1cc([N+](=O)[O-])ccc1N,3.49,training
NNC(=O)CCCCC(=O)NN,1.626,training
N#Cc1cccc(O)c1,2.9400001,training
OCCCCCCCl,2.727,training
NCCO,1.115,training
COC(=O)CCC(=O)OC,1.943,training
CCCCCOC(=O)c1ccccc1,4.369999900000002,training
OCCCCCO,1.0659999999999998,training
CS(C)(=O)=O,0.80000001,training
COc1cccc(C#N)c1,3.01,training
Oc1c(F)c(F)c(F)c(F)c1F,4.630000099999998,training
CCOC(=O)C(C)(C)Br,3.152,training
CCOC(=O)C(C)CC,2.1110001,training
Cc1ccccc1[N+](=O)[O-],3.26,training
CC(C)CC(=O)O,2.6589999,training
CCCCCCCCCc1ccc(O)cc1,5.4699998,training
OCCc1ccc(Cl)cc1,3.3199999,training
O=C(O)CCCCCCCCC(=O)O,2.7320001,training
Oc1ccc(Cl)cc1Cl,4.04,training
CCCCCCCCBr,4.869999900000002,training
CCCCCCCS,4.02,training
CCCCCC1CCCC(=O)O1,2.9230001,training
N#CCCCCC#N,1.462,training
CCOC(=O)CCCBr,2.971,training
CCCCC(C=O)CC,3.161,training
CC(C)(C)c1cc(O)cc(C(C)(C)C)c1,4.6399999,training
CC(CO)c1ccccc1,2.5999999,training
CCC(O)CC,1.756,training
O=C(c1ccccc1)c1ccc(Cl)cc1,4.5,training
CCC(O)c1ccccc1,2.5699999,training
O=Cc1ccc2c(c1)Cc1ccccc1-2,4.4990001,training
CCN(C)c1ccccc1,3.29,training
CCCC(=O)NN,2.0280001,training
CC(C)C(O)C(C)C,2.2950001,training
CC(C)(C)CC=O,2.6259999,training
NC(=S)Nc1ccccc1,3.6099999,training
Nc1cc(Cl)c(Cl)cc1Cl,4.3000002,training
CCCCCCCC(=O)CC,3.6270001000000014,training
CCCC=O,2.6199999,training
CC#CCCO,1.825,training
Oc1ccccc1F,3.1900001,training
COc1cccc(O)c1,2.6700001,training
N#CCCCCBr,2.7850001,training
CO,0.33399999,training
Oc1ccc(C2CCCCC2)cc1,4.5599999,training
O=C(CBr)Oc1ccc([N+](=O)[O-])cc1,4.8099999,training
C=COC(=O)CCC,2.6180000000000003,training
Oc1ccc(O)c(O)c1,3.4400001,training
N#Cc1cc([N+](=O)[O-])cc([N+](=O)[O-])c1,4.2199998,training
CCC(O)Cc1ccccc1,2.8399999,training
CC(=O)CCC(C)C,2.3540001,training
O=[N+]([O-])c1ccccc1,3.1400001,training
Cc1ccc(Br)cc1,3.47,training
CC(=O)CCC(C)=O,1.597,training
CCCCOS(=O)(=O)OCCCC,3.6210001,training
COC(=O)c1ccc(Cl)cc1[N+](=O)[O-],3.8199999,training
O=[N+]([O-])c1cc(Cl)c(Cl)c(Cl)c1,4.5500002,training
CCCCc1ccc(N)cc1,4.0700002,training
O=C(CCl)CCl,5.046,training
CCOC(=O)CCCCC(=O)OCC,2.8740001,training
CCO,1.0089999,training
Clc1ccccc1,2.8699999,training
N#CCCCCl,2.0699999,training
ON=Cc1ccccc1,2.8900001,training
C=CCCC(C)=O,1.86,training
C=CCCO,1.3049999,training
CC(C)(C)NCCO,1.327,training
CC(O)CCO,0.6990000000000001,training
CCOC(=O)C(C(=O)OCC)=C(C)C,2.927,training
CCC#CCO,2.428,training
CCCCCCC=O,2.9979999,training
Oc1cccc(Cl)c1,3.8699999,training
CC(O)CBr,1.812,training
Cc1cc(O)ccc1Cl,3.8,training
Cc1ccc(N)c(C)c1,2.71,training
CCCCCCC(C)O,3.0,training
CCCC(=O)OC,1.7539999,training
C#CC(O)C(C)CCC,3.743,training
Oc1ccc(C(F)(F)F)cc1,3.6199999,training
CC(C)c1ccc(CO)cc1,3.1800001,training
O=[N+]([O-])c1ccc(O)c(CCl)c1,3.75,training
CC(C)(C)OC=O,1.628,training
N#Cc1ccc(C=O)cc1,3.04,training
Cc1ccc([N+](=O)[O-])cc1[N+](=O)[O-],3.8699999,training
Cc1ccc([N+](=O)[O-])c([N+](=O)[O-])c1,4.52,training
C=CC(O)CCC,2.1889999,training
C=C(C)C(=O)OCc1ccccc1,3.6500001,training
CC(C)(Br)C(=O)C(C)(C)Br,3.513,training
S=C=NCc1ccccc1,5.7399998,training
O=[N+]([O-])c1ccccc1F,3.23,training
COc1cc(CO)ccc1O,2.3,training
CCCCCCCC(=O)O,3.0810001,training
N=C(N)N=C(N)Nc1ccccc1,2.6099999,training
COC(=O)CCCCCCCCCCCC(=O)OC,4.6539998,training
O=[N+]([O-])c1c(Cl)cc(Cl)cc1Cl,4.4299998,training
COC(=O)c1ccc(C=O)cc1,3.3,training
O=Cc1ccc(Cl)cc1,3.4000001,training
CCCCC(=O)OC,2.155,training
O=C(O)CCCCCCCBr,4.323,training
O=[N+]([O-])c1ccc(Cl)c([N+](=O)[O-])c1,5.1599998,training
O=[N+]([O-])c1ccccc1-c1ccccc1,4.3000002,training
CCC[S+]([O-])CCC,1.78,training
CCCCCCOC(C)=O,2.9909999,training
Cc1cc(C)cc(N)c1,2.6400001,training
O=[N+]([O-])c1c(Cl)cc(Cl)c([N+](=O)[O-])c1Cl,5.1900001,training
CCCC#CCC(O)CC,2.9579999,training
O=Cc1cccc(O)c1,3.0799999,training
O=[N+]([O-])c1ccc([N+](=O)[O-])c(O)c1,4.04,training
O=[N+]([O-])c1cccc([N+](=O)[O-])c1O,3.8299999,training
CCCCCCCCCC(=O)O,3.506,training
Cc1cc(C)cc(O)c1,3.1099999,training
O=[N+]([O-])c1cc(C(F)(F)F)ccc1Cl,3.8499999,training
Cc1ccc(C)c(O)c1,3.1400001,training
CCCCCCCCCCC(C)=O,4.670000099999998,training
CCCCCCCCCCOC(C)=O,4.880000099999998,training
CCCCCCC(Br)C(=O)O,3.4909999,training
O=Cc1cc(Br)ccc1O,4.1069999,training
COc1c(F)cc(Br)cc1[N+](=O)[O-],3.97,training
CCOc1cccc(C=O)c1O,3.8499999,training
Cc1cc(Br)cc(C)c1O,4.1599998,training
O=[N+]([O-])c1ccccc1O,3.6700001,training
O=[N+]([O-])c1cc(Cl)ccc1Cl,4.1300001,training
O=Cc1c(O)ccc2ccccc12,4.3200002,training
O=[N+]([O-])c1cc(Cl)c(O)c(Cl)c1,3.6099999,training
CCNc1ccccc1,3.0699999,training
Nc1c(F)c(F)c(F)c(F)c1F,3.26,training
OCc1cccc(F)c1,2.6099999,training
OCc1cccc(Cl)c1,3.1500001,training
CCOC(=O)CC(C)C,2.277,training
CC(=O)NN,1.62,training
CN(C)Cc1ccccc1,3.1199999,training
O=[N+]([O-])c1cccc(Cl)c1,3.73,training
C=CCCCCO,2.1589999,training
CCCCCCCCCC=O,4.282000099999999,training
O=C(O)CCCCCBr,3.0309999,training
N#CCCCc1ccccc1,3.1500001,training
CC(=O)Oc1ccccc1,2.77,training
O=[N+]([O-])c1cc(Cl)c(Cl)cc1[N+](=O)[O-],5.21,training
Cc1cc(Cl)ccc1O,3.7,training
CCCC(Br)C(=O)O,2.9579999,training
CCCCCCCCCCCC=O,4.7600002,training
CCCCCc1cc(O)cc(O)c1,4.3099999,training
COCC(C)N,2.1670001,training
CCCCCCCC(C)=O,3.6600001,training
O=Cc1ccc(O)cc1O,3.5150001000000004,training
Nc1ccccc1Cl,2.8299999,training
C#CCNC,2.0179999,training
CC(C)(C)C#N,1.675,training
C=CC(C)(C)O,1.6109999,training
NC(=O)COc1ccccc1,2.27,training
Cc1ccc(N)c([N+](=O)[O-])c1,3.3699999,training
CCCC(C)C=O,2.526,training
O=C(c1ccccc1)c1ccc(O)cc1,4.02,training
CC(=O)c1cccc([N+](=O)[O-])c1,3.3199999,training
CCCCCCCCCCC(=O)O,3.898,training
CC(CN)c1ccccc1,2.72,training
CCOC(=O)C(Cl)C(=O)OCC,3.635,training
OCCOc1cccc(O)c1,2.1300001,training
Cc1cc(Cl)ccc1N,3.3499999,training
COc1ccccc1[N+](=O)[O-],2.9300001,training
CCC#CC(O)CC,2.9660001,training
O=C(c1ccc(O)cc1O)c1ccc(O)cc1O,3.96,training
COC(=O)c1cc(Cl)ccc1Cl,3.8099999,training
Oc1ccc(O)cc1,3.47,training
C=CCC(C(=O)OCC)C(=O)OCC,2.944,training
CC(=O)CC(C)=O,2.7279999,training
Oc1c(Cl)cccc1Cl,3.73,training
CCOC(=O)CCCCBr,3.2179999,training
Oc1cc(Cl)c(Cl)cc1Cl,5.0999999,training
Cc1ccccc1CO,2.5699999,training
O=Cc1cccc([N+](=O)[O-])c1,3.1099999,training
CCSc1ccccc1,3.3,training
CCCCCCCCCOC(=O)c1ccc(O)cc1,5.6300000999999975,training
CCCCCC(O)CC,2.9400001,training
CCCOC(=O)CC,2.1849999,training
Cc1ccc(O)c(O)c1,3.3699999,training
Cc1cc(O)c([N+](=O)[O-])cc1Cl,4.630000099999998,training
O=CC#Cc1ccccc1,5.02,training
Cc1cc(C)c(N)c(C)c1,2.95,training
OCc1cccc(O)c1,1.98,training
CC(C)c1ccccc1,3.6900001,training
COc1ccc(C=O)cc1,2.9530001,training
CCOc1ccccc1,2.8599999,training
Oc1c(Cl)c(Cl)c(O)c(Cl)c1Cl,5.1100001,training
OCCc1ccccc1,2.4100001,training
O=Cc1cccc(F)c1,3.154,training
CCCCOC(=O)CC,3.1700001,training
CCCCCC(=O)OCC,3.0639999,training
CCCC(N)CO,2.3280001,training
N#CC(C#N)=Cc1ccccc1,3.6400001,training
Oc1ccccc1,2.6500001,training
Ic1ccccc1,3.3599999,training
N#CCc1ccccc1,2.6400001,training
CCCOC(=O)CCC,2.5860000000000003,training
CC(C)(C)O,1.209,training
COc1ccc([N+](=O)[O-])cc1,3.54,training
Oc1c(Cl)c(Cl)c(Cl)c(Cl)c1Cl,5.0700002,training
COc1ccc(O)cc1,2.8599999,training
O=C(Oc1ccccc1)c1ccccc1,4.3499999,training
O=Cc1cc([N+](=O)[O-])ccc1Cl,3.53,training
C=COC(=O)C(CC)CCCC,4.046,training
COC(=O)CCCCCCC(=O)OC,3.2960000000000003,training
CCCCCCCBr,4.487,training
CCC(CC)COC(C)=O,2.8800001,training
O=Cc1ccccc1O,3.4200001,training
CCC(=O)OC(C)(C)C,2.5910001,training
CNCC(O)CO,1.466,training
N#Cc1cc([N+](=O)[O-])c(Cl)c([N+](=O)[O-])c1,5.6599998,training
CCCSc1ccccc1,3.8599999,training
CCC(C=O)CC,2.9460001,training
NCCCCO,2.0250001,training
NCCCN,2.296,training
NCCCCCCO,2.0420001,training
CC(C)(O)Cc1ccccc1,2.5899999,training
O=[N+]([O-])c1cc(Br)cc(F)c1O,4.619999900000002,training
CCCCCC#CCCO,3.3399999,training
NCCc1ccc(Cl)cc1,3.1400001,training
C[S+](C)[O-],0.54799998,training
O=[N+]([O-])c1ccc(O)cc1[N+](=O)[O-],3.27,training
NCC(O)CN,1.5730000000000002,training
CCCCC(Br)C(=O)O,3.4549999,training
CCC#CC(O)CC(C)C,3.401,training
CC(=O)OCCCCBr,3.392,training
NNC(=O)Cc1ccccc1,2.52,training
CCNCCO,1.351,training
CC(=O)CC(C)C,1.7920001,training
CCCCCCCCCCC#N,4.6500001,training
CCC(C)=O,1.2539999,training
Nc1cccc(Cl)c1,3.22,training
CC(C)c1ccc(C=O)cc1,3.6700001,training
Cc1c(O)cccc1[N+](=O)[O-],3.78,training
Cc1c(N)cccc1Cl,3.3800001,training
COCCN,1.21,training
CCCCCCC(=O)Cl,3.4590001000000004,training
COc1cc(C=O)ccc1O,2.97,training
Cc1cc(C)c(C)c(O)c1,3.3599999,training
CCOC(=O)CC(=O)OCC,2.003,training
CC(C)c1ccc(O)cc1,3.47,training
Cc1cc(C)c([N+](=O)[O-])c(C)c1,3.8599999,training
Cc1ccc(CCO)cc1,2.74,training
CC(C)CCOC(=O)c1ccc(O)cc1,4.48,training
CCOC(=O)C(C)Br,4.0570002,training
CCCCC(=O)Cl,2.655,training
OC1CCCCC1,2.234,training
CN(CCO)CCO,1.166,training
COc1ccc(C(C)=O)c(O)c1,3.55,training
O=[N+]([O-])c1ccc(Cl)c(Cl)c1Cl,4.5100002,training
CCC(C)C(=O)OC,1.835,training
N#Cc1ccc([N+](=O)[O-])cc1,3.5699999,training
CC(O)C#CC(C)O,2.54,training
CCCCO,1.569,training
CCCCCCC#N,2.763,training
CCCCC(C)=O,1.6569999,training
O=[N+]([O-])c1ccccc1Br,3.75,training
O=C(c1ccccc1)c1ccc(Br)cc1,4.2600002,training
CC(C)(C)N,2.1029999,training
CCCCCOc1ccc(N)cc1,3.97,training
O=Cc1cc(O)ccc1[N+](=O)[O-],3.3299999,training
Nc1cc(F)c(F)cc1[N+](=O)[O-],3.75,training
CCCCCC#N,2.6240001,training
CC(=O)C(Cl)Cl,3.641,training
O=[N+]([O-])c1cc(Cl)cc(Cl)c1O,4.75,training
Brc1ccccc1,3.0799999,training
C=CCOC(=O)CCCCC,3.2130001,training
CSc1ccccc1,3.1800001,training
NCCCO,1.308,training
Oc1c(Cl)cc(Br)cc1Cl,4.7800002,training
CCCNCCO,1.3159999999999998,training
CCc1cccc(N)c1,2.97,training
O=Cc1cccc(O)c1O,3.1110001,training
CCCCCCCC#CCO,3.9860001000000014,training
CCCCS(=O)(=O)CCCC,2.744,training
NC(CO)CO,1.324,training
C#CC(=O)O,2.7060001,training
OCCCCCCCCBr,4.0419998,training
CC(C)c1cccc(C(C)C)c1N,3.76,training
Cc1cc(O)ccc1O,4.8600001,training
CCOS(=O)OCC,2.01,training
O=[N+]([O-])c1ccccc1[N+](=O)[O-],4.25,training
Oc1cccc(O)c1O,3.8499999,training
Cc1cc(Cl)c([N+](=O)[O-])cc1[N+](=O)[O-],5.329999900000002,training
O=[N+]([O-])c1cccc(Cl)c1Cl,4.0700002,training
CCCC(O)Cc1ccccc1,3.1600001,training
Nc1ccc(F)cc1C(F)(F)F,2.98,training
Cc1ccc(O)cc1[N+](=O)[O-],3.74,training
C=CCS(=O)(=O)c1ccccc1,3.3099999,training
CCOc1ccc(C=O)cc1,3.073,training
CC=Cc1ccc(O)c(OC)c1,3.75,training
CCCCCCCCCCC#CCCO,5.3769999,training
CC(C)(O)c1ccccc1,2.4300001,training
OCC(Br)(Br)Br,3.1129999,training
Cc1ccc(N)cc1C,2.8399999,training
O=[N+]([O-])c1cc(F)cc(I)c1,4.0900002,training
CCc1cc(O)ccc1Cl,4.0799999,training
BrCCCCCCBr,4.046,training
CCCCCO,1.97,training
CC#CC(C)(O)CCC,2.52,training
CNCCO,1.1799999,training
COc1cc(OC)c(OC)cc1C=O,2.9000001,training
Cc1cccc([N+](=O)[O-])c1,3.4200001,training
N#Cc1cc(Br)c(O)c(Br)c1,4.1599998,training
CCC(C)(C)O,1.827,training
OCc1ccc(Cl)cc1,3.25,training
O=[N+]([O-])c1cc(CO)cc([N+](=O)[O-])c1,3.53,training
CCCCCC(=O)Cl,3.3399999,training
O=Cc1cc(I)cc(I)c1O,5.3400002,training
SCCCCCCS,3.6259999,training
Oc1c(Br)cc(Br)cc1-c1ccccc1,5.21,training
O=C(O)CCCCl,2.323,training
Cc1ccc(-c2ccccc2)cc1,4.6599998,training
Cc1ccc(C)cc1,3.25,training
CC(C)N,2.1370001,training
CCCCCC#CC(=O)O,2.9430001,training
Cc1cccc(C)c1N,2.5699999,training
Oc1cc(Cl)cc(Cl)c1,4.5599999,training
N#Cc1cccc(N)c1,2.53,training
OCCCCCl,2.2409999,training
O=[N+]([O-])c1ccc(O)cc1F,3.9300001,training
Cc1cc(Br)cc(Cl)c1O,4.2800002,training
Cc1ccc(O)cc1,2.8399999,training
Cc1cc(C)c(O)c(C)c1,3.4200001,training
N#CCc1ccc(O)cc1,2.6199999,training
CCCCCCCCC#N,3.625,training
O=[N+]([O-])c1ccc(Br)cc1,3.3800001,training
OCCCCl,1.601,training
COC(=O)CCCCBr,2.9200001,training
CCCCCCCCO,3.5829998999999995,training
Oc1ccccc1O,3.75,training
OCc1ccccc1Br,3.0999999,training
OCCCCCCCCCl,3.4879999,training
Cc1ccc(O)c([N+](=O)[O-])c1,3.5699999,training
CC(O)CCC(C)O,1.04,training
S=C=Nc1ccc2c(c1)CCC2,5.4809999000000005,training
S=C=Nc1ccccc1,4.4099998,training
C=CCC(C)O,1.483,training
CC(C)(CO)CBr,2.54,training
Cc1cc(O)cc(O)c1,2.6099999,training
Nc1c(Br)cc(Cl)cc1Br,4.52,training
Clc1cc(Cl)c(Cl)cc1Cl,5.0,training
O=Cc1c(F)c(F)c(F)c(F)c1F,3.8199999,training
CCOc1ccc(O)cc1,3.01,training
Clc1cc(Cl)cc(Cl)c1,3.8699999,training
N#Cc1c(F)c(F)c(C#N)c(F)c1F,5.5500002,training
O=c1c([NH+]([O-])O)cc(=[N+]([O-])O)c(=O)c1=O,4.1799998,training
CC(C)c1ccccc1O,3.6099999,training
O=C(O)CCCCCl,2.714,training
O=Cc1cc(O)ccc1O,3.277,training
S=C=Nc1cccc2ccccc12,5.1370001,training
C#CC(O)CCC,3.6570001,training
Oc1c(O)c(Cl)c(Cl)c(Cl)c1Cl,4.6999998,training
CC(C#N)c1ccccc1,3.01,training
CC(C)CN,2.7379999,training
CC(C)C(C)O,2.0039999,training
CC(C)(O)C#CC(C)(C)O,1.415,training
CC#N,0.72299999,training
ClCc1ccccc1,3.0599999,training
CCc1cccc(O)c1,3.29,training
Oc1c(Cl)cc(Cl)c(Cl)c1Cl,5.1799998,training
CC(C)C(=O)O,2.6670001,training
CCCCCN,2.5150001,training
CCCOS(=O)OCCC,3.0860000000000003,training
Nc1cccc(CO)c1,1.87,training
Cc1ccc(Cl)cc1[N+](=O)[O-],3.8199999,training
CCCC(CCC)C(=O)O,3.026,training
CCCCCCC(C)=O,2.855,training
CCOC(=O)c1ccc(I)cc1,4.5300002,training
CCCCC(C(=O)OCC)C(=O)OCC,3.5569999,training
CNc1ccccc1,3.0599999,training
OCCCCCCc1ccccc1,3.8699999,training
Cc1cc(C)cc(N=C=S)c1,4.8860002,training
Cc1ccc([N+](=O)[O-])cc1C,3.5899999,training
ON=C1CCCCC1,2.204,training
O=Cc1ccccc1,2.8,training
CC(=O)C(C)C,1.831,training
C=C[S+]([O-])c1ccccc1,3.1600001,training
CCOC(=O)C(Br)C(C)C,3.0209999,training
S=C=NCCc1ccccc1,5.5380001,training
CC(C)(C)c1ccc(O)cc1,3.9100001,training
CCC(=O)c1ccccc1,2.9300001,training
Cc1ccc2ccccc2c1C=O,4.2309999000000005,training
CCOC(=O)C(Br)CC,3.7639999,training
CCCCCCCCOC(C)=O,4.0570002,training
O=[N+]([O-])c1ccc([N+](=O)[O-])cc1,4.3000002,training
CCCCCCCCC(O)CO,3.7639999,training
Oc1ccc(I)cc1,3.8499999,training
O=[N+]([O-])c1cccc([N+](=O)[O-])c1,3.76,training
CCC(C)(C)c1ccc(O)cc1,4.23,training
N#Cc1cccc(C=O)c1,2.98,training
N#CC(=O)c1ccccc1,3.3099999,training
O=C1CCC(c2ccccc2)O1,2.95,training
COc1cc(C=O)cc(O)c1OC,2.6099999,training
C=CCOC(=O)CCC,2.365,training
Cc1cc(C(C)(C)C)c(O)c(C(C)(C)C)c1,4.79,training
CCOc1ccc(C(=O)OC)cc1,3.5799999,training
Cc1ccccc1C#N,2.76,training
CC(C)=CCO,1.761,training
CCCO,1.2539999,training
CC(Br)C(=O)C(=O)C(C)Br,5.1680002,training
OCCCCc1ccccc1,3.1199999,training
Oc1ccc(O)c(Cl)c1,4.2600002,training
N#CCCC#N,1.176,training
O=[N+]([O-])c1cc(I)c(O)c(I)c1,4.8099999,training
O=[N+]([O-])c1ccc(CBr)cc1,5.3099999,training
COc1cc(O)cc(OC)c1,2.9100001,training
Nc1cc([N+](=O)[O-])cc(Cl)c1O,4.1999998,training
CC(=O)C(C)(C)C,1.558,training
Nc1ccccc1F,2.6300001,training
CC(O)c1ccccc1,2.3399999,training
