smiles_standarized,label,group
O=[N+]([O-])OCC(CO[N+](=O)[O-])(CO[N+](=O)[O-])CO[N+](=O)[O-],0.0,training
O=C(O)c1cc(=O)[nH]c(=O)[nH]1,0.0,training
Cc1cccc(C)c1N=C1NCCCS1,0.0,training
CC(N)Cc1ccccc1,0.0,training
C[C@@H]1O[C@@]2(CS1)CN1CCC2CC1,0.0,training
NC(=O)N/N=C/c1ccco1,0.0,training
S=C=NCCCCCCc1ccccc1,0.0,training
C[N+](C)(C)CCO,0.0,training
CCN(CC)CCOc1ccc(C(O)(Cc2ccc(OC)cc2)c2ccccc2)cc1,0.0,training
CS(=O)(=O)c1ccc([C@@H](O)[C@@H](CO)NC(=O)C(Cl)Cl)cc1,0.0,training
Cc1ccc(S(=O)(=O)OCCN(C)N=O)cc1,1.0,training
CCOC(=O)c1ccccc1C(=O)OCC,0.0,training
O=C1NCCN1/N=C/c1ccc([N+](=O)[O-])o1,1.0,training
O=S1OCC2C(CO1)C1(Cl)C(Cl)=C(Cl)C2(Cl)C1(Cl)Cl,0.0,training
CC(O)CN(CC(C)O)CC(C)O,0.0,training
CC(=O)Nc1ccc(CC(=O)O)cc1,0.0,training
CN1C(=O)OC(C)(C)C1=O,0.0,training
NS(=O)(=O)c1cc2c(cc1Cl)NCNS2(=O)=O,0.0,training
O=C1N=S(=O)(O)c2ccccc21,1.0,training
CCOc1ccc(NC(N)=O)cc1,1.0,training
ClC1(Cl)C2(Cl)C3C4(Cl)C1(Cl)C1(Cl)C4(Cl)C(Cl)(Cl)C3(Cl)C21Cl,1.0,training
OCC(O)c1oc(O)c(O)c1O,0.0,training
CNC(=S)NC,0.0,training
O=C(O)c1cc(O)c(O)c(O)c1,0.0,training
C[C@]12C=CC(=O)C=C1CC[C@@H]1[C@@H]2[C@@H](O)C[C@@]2(C)[C@H]1CC[C@]2(O)C(=O)COC(=O)CCCc1ccc(N(CCCl)CCCl)cc1,1.0,training
Cc1ccc(OP(=O)(Oc2ccc(C)cc2)Oc2ccc(C)cc2)cc1,0.0,training
CC(C)N=[N+]([O-])C(C)C,1.0,training
CCCCCCCC/C=C\CCCCCCCC(=O)O,0.0,training
COC(=O)C1[C@H]2C[C@@H]3c4[nH]c5ccccc5c4CCN3C[C@H]2C[C@@H](OC(=O)c2cc(OC)c(OC)c(OC)c2)[C@@H]1OC,0.0,training
CC1=NC(C)=C(P2(=O)OCC(C)(C)CO2)C(c2cccc([N+](=O)[O-])c2)C1C(=O)OCCN(Cc1ccccc1)c1ccccc1,0.0,training
Cc1ccc(Cc2c[nH]c(NCCSCc3ccc(CN(C)C)o3)nc2=O)cn1,1.0,training
CC1(C)OC(=O)NC1=O,0.0,training
CCC(C)=NO,1.0,training
CC(=O)Nc1ccc(O)cc1,1.0,training
Cc1ccc(N=C=O)cc1N=C=O,1.0,training
O=NN(CC(=O)O)CC(=O)O,0.0,training
COC(=O)c1ccc(C(=O)OC)cc1,0.0,training
Cc1cc(C)c(S(=O)(=O)O)cc1N=Nc1cc(S(=O)(=O)O)c2ccccc2c1O,1.0,training
CC(C)(CO)CCCCCCC(C)(C)CO,0.0,training
C[C@]12CC[C@@H]3c4ccc(OC(=O)Cc5ccc(N(CCCl)CCCl)cc5)cc4CC[C@H]3[C@@H]1CC[C@@H]2OC(=O)Cc1ccc(N(CCCl)CCCl)cc1,0.0,training
Clc1cc(Cl)cc(-c2cc(Cl)cc(Cl)c2)c1,0.0,training
C=C1C[C@@]23CC[C@H]4[C@@](C)(CCC[C@@]4(C)C(=O)O[C@@H]4O[C@H](CO)[C@@H](O)[C@H](O)[C@H]4O)[C@@H]2CC[C@]1(O[C@@H]1O[C@H](CO)[C@@H](O)[C@H](O)[C@H]1O[C@@H]1O[C@H](CO)[C@@H](O)[C@H](O)[C@H]1O)C3,0.0,training
C1OC1C1CO1,0.0,training
Cc1c(C)c(O)c(C(=CCCCCC(=O)O)c2ccccc2)c(C)c1O,0.0,training
CCN(CC)C(=O)c1cccc(C)c1,0.0,training
CCCCCC(/C=C/C=C\CCCCCCCC(=O)OC)OO,0.0,training
O=C(N[C@H](CO)[C@H](O)c1ccc([N+](=O)[O-])cc1)C(Cl)Cl,0.0,training
CCC1(CC)C(=O)NC(=O)NC1=O,1.0,training
O=C1CCCCC1,0.0,training
N=C(N)N=c1[nH]c(CSCCNc2nsnc2N)cs1,1.0,training
CC(=O)OC/C=C(\C)CCC=C(C)C,0.0,training
NC(CS)C(=O)O,0.0,training
N#CSCc1ccccc1,0.0,training
CCCCCCCCCCC(C)c1ccc(S(=O)(=O)O)cc1,0.0,training
CC(C)CCCCCCOC(=O)c1ccccc1C(=O)OCCCCCCC(C)C,1.0,training
O=P(OC(CCl)CCl)(OC(CCl)CCl)OC(CCl)CCl,1.0,training
CC[C@H]1OC(=O)C(C)[C@@H](O[C@H]2C[C@@](C)(OC)[C@@H](O)[C@H](C)O2)[C@H](C)[C@@H](O[C@@H]2O[C@H](C)C[C@H]([N+](C)C)[C@H]2O)[C@](C)(O)CC(C)C(=O)C(C)[C@@H](O)[C@]1(C)O,0.0,training
Oc1cc2c(cc1O)C1c3ccc(O)c(O)c3OC[C@@]1(O)C2,1.0,training
CCCCCCCN,0.0,training
CCCCCCc1ccc(O)cc1O,0.0,training
N#Cc1ccc(C2CCCc3cncn32)cc1,0.0,training
COP(=O)(OC)C(O)C(Cl)(Cl)Cl,0.0,training
CN(C)C1C(=O)C(C(N)=O)C(=O)[C@@]2(O)C(=O)C3C(=O)c4c(O)cccc4[C@@](C)(O)[C@H]3C[C@@H]12,0.0,training
Nc1ccc(N(CCO)CCO)cc1,0.0,training
O=C(OOC(=O)c1ccccc1)c1ccccc1,0.0,training
CCCC[N+](=O)[O-],0.0,training
Nc1ncn([C@@H]2O[C@H](CO)[C@@H](O)[C@H]2O)c(=O)n1,1.0,training
O=C1CCCO1,0.0,training
O=NN1CCCC1c1cccnc1,1.0,training
CN(N=O)C(=O)c1ccccc1C(=O)N(C)N=O,0.0,training
CC(=O)OC[C@H]1O[C@H](O[C@]2(COC(C)=O)O[C@H](COC(=O)C(C)C)[C@@H](OC(=O)C(C)C)[C@@H]2OC(=O)C(C)C)[C@H](OC(=O)C(C)C)[C@@H](OC(=O)C(C)C)[C@@H]1OC(=O)C(C)C,0.0,training
ON=C1CCCC1,1.0,training
CCC(C)[N+](=O)[O-],1.0,training
Clc1ccc(-c2ccc(Cl)c(Cl)c2Cl)c(Cl)c1Cl,1.0,training
COc1ccc(N)cc1,0.0,training
CN1C2CC[C@@H]1CC(NC(=O)c1cc(Cl)cc3c1OC(C)(C)C3)C2,0.0,training
NC(=O)Cc1c([O-])on[n+]1Cc1ccccc1,1.0,training
NC(=O)N(CCF)N=O,1.0,training
CC(O)CN(CCO)N=O,1.0,training
CN(C)N=Nc1ccccc1,1.0,training
CCC(CC)[N+](=O)[O-],1.0,training
O=[N+]([O-])/C=C/c1ccccc1,0.0,training
CCCCC(CC)CO,0.0,training
Clc1cccc(-c2cc(Cl)cc(Cl)c2)c1,1.0,training
CCOC1C(=O)C(=O)O[C@@H]1[C@@H](O)CO,0.0,training
CC(C)(C)c1cc(C(C)(C)C)c(O)c(C(C)(C)C)c1,0.0,training
Cc1nnc2n1-c1sc(CCc3ccc(CC(C)C)cc3)cc1C(c1ccccc1Cl)=NC2C,0.0,training
C[C@@H]1O[C@@H](OC[C@H]2O[C@@H](Oc3c(-c4ccc(O)c(O)c4)oc4cc(O)cc(O)c4c3=O)[C@H](O)[C@@H](O)[C@@H]2O)[C@H](O)[C@H](O)[C@H]1O,0.0,training
O=NN1CCCCC1c1cccnc1,1.0,training
Nc1c(Cl)c(Cl)nc(C(=O)O)c1Cl,0.0,training
CCOP(=S)(OCC)Oc1ccc([N+](=O)[O-])cc1,0.0,training
C=CC(OC(C)=O)c1ccc2c(c1)OCO2,1.0,training
ClC1=C(Cl)[C@]2(Cl)[C@@H]3[C@@H]4C[C@@H]([C@H]5O[C@@H]45)[C@@H]3[C@@]1(Cl)C2(Cl)Cl,0.0,training
S=C=NCCCc1ccccc1,0.0,training
C/C=C1/C[C@@H](C)[C@@](C)(O)C(=O)OCC2=CCN(C)CCC(OC1=O)C2=O,1.0,training
C[C@]12C=CC(=O)C=C1CC[C@@H]1[C@@H]2[C@@H](O)C[C@@]2(C)[C@H]1CC[C@]2(O)C(=O)CO,1.0,training
CC(O)CN(C)N=O,1.0,training
COC(=O)C(Cc1ccccc1)NC(=O)C(N)CC(=O)O,0.0,training
NCCCC(N)(C(=O)O)C(F)F,0.0,training
CCC1C(=O)OC[C@@H]1Cc1cncn1C,0.0,training
NCCCCCC(=O)O,0.0,training
OCC(CO)N[C@H]1C[C@](O)(CO)[C@@H](O)[C@H](O)[C@H]1O,0.0,training
CC(=O)Oc1c(C)c(C)c2c(c1C)CCC(C)(CCCC(C)CCCC(C)CCCC(C)C)O2,0.0,training
C=CCCl,0.0,training
O=C(O)c1ccc(O)c(O)c1,0.0,training
CCCCCCCCCCCCCCCC(=O)OC/C=C(C)/C=C/C=C(C)/C=C/C1=C(C)CCCC1(C)C,0.0,training
O=[N+]([O-])c1ccc(-c2nc(N(CCO)CCO)c3ccccc3n2)s1,1.0,training
O=C1NC(c2ccc([N+](=O)[O-])s2)Nc2ccccc21,1.0,training
CSCCC(N)C(=O)O,0.0,training
OC[C@@H](O)[C@@H](O)[C@H](O)[C@H](O)CO,0.0,training
Clc1cccc(-c2cccc(Cl)c2)c1,1.0,training
C#C[C@]1(OC(C)=O)CC[C@H]2[C@@H]3CCC4=C[C@@H](OC(C)=O)CC[C@@H]4[C@H]3CC[C@@]21C,0.0,training
ClC1(Cl)C2(Cl)C3(Cl)C4(Cl)C(Cl)(Cl)C5(Cl)C3(Cl)C1(Cl)C5(Cl)C24Cl,1.0,training
O=C(O)c1cc(N=Nc2ccc(-c3ccc(NN=c4c(=O)ccc(=NNc5cc(S(=O)(=O)O)ccc5O)c4=O)cc3)cc2)ccc1O,1.0,training
Clc1cccc(-c2ccc(Cl)c(Cl)c2Cl)c1Cl,1.0,training
Clc1ccc2c(c1)Oc1ccc(Cl)cc1O2,0.0,training
CN(C)N=Nc1[nH]cnc1C(N)=O,1.0,training
CN1C(=O)CC(C(=O)NC(Cc2c[nH]cn2)C(=O)N2CCCC2C(N)=O)NC1=O,0.0,training
O=C(O)CC[N+](=O)[O-],0.0,training
CCCCN(N=O)C(=N)N[N+](=O)[O-],0.0,training
CN1C(C(=O)Nc2ccccn2)C(=O)c2sc(Cl)cc2S1(=O)=O,0.0,training
O=C1CCN([C@@H]2O[C@H](CO)[C@@H](O)[C@H]2O)C(=O)N1,0.0,training
COc1cccc2c(O)c3c(c(O)c12)C(=O)C1=C(C[C@@](O)(C(=O)CO)C[C@@H]1O[C@H]1C[C@H](N)[C@H](O)[C@H](C)O1)C3=O,1.0,training
ClC1=C(Cl)[C@@]2(Cl)[C@@H]3[C@@H](Cl)[C@H](Cl)C[C@@H]3C1(Cl)C2(Cl)Cl,0.0,training
Cc1ccc(N=Nc2c(O)c(S(=O)(=O)O)cc3ccc(S(=O)(=O)O)cc23)c(C)c1,1.0,training
N#[N+]c1cc(CCN)ccc1[O-],1.0,training
C=C/C1=C/[C@H](C)[C@](C)(OC(C)=O)C(=O)OCC2=CC[N+]3(C)CC[C@@H](OC1=O)C23[O-],1.0,training
Cn1nc(CO)nc1NCCCOc1cccc(CN2CCCCC2)c1,1.0,training
CCCCCCCCCC[N+](C)(C)[O-],0.0,training
CCOP(=S)(OCC)SC1OCCOC1SP(=S)(OCC)OCC,0.0,training
CC(=O)CN(N=O)C(=O)NCCCl,0.0,training
CC(C)=CCC/C(C)=C/C=O,0.0,training
Brc1cc(Br)c(-c2cc(Br)c(Br)cc2Br)cc1Br,1.0,training
CC[N+]C(=O)N(CCN(C)C)N=O,1.0,training
CCOC(=O)C(CCc1ccccc1)NC(C)C(=O)N1Cc2ccccc2CC1C(=O)O,0.0,training
CCN(CC)c1ccc(N=Nc2cc[n+]([O-])cc2)cc1,1.0,training
O=c1[nH]c(=O)n(C2CCCO2)cc1F,0.0,training
CCN(CC)CC#CC(C)(C)OC(=O)C(O)(c1ccccc1)C1CCCCC1,0.0,training
O=CCCCC=O,0.0,training
CCN(Cc1cccc(S(=O)(=O)[O-])c1)c1ccc(C(=C2C=CC(=[N+](C)C)C=C2)c2ccc(N(CC)Cc3cccc(S(=O)(=O)O)c3)cc2)cc1,1.0,training
NC(=O)/C(=C\c1ccc([N+](=O)[O-])o1)c1ccco1,1.0,training
CC1(C)S[C@@H]2C(NC(=O)C(N)c3ccccc3)C(=O)N2C1C(=O)O,0.0,training
COC(=O)C1[C@H]2C[C@@H]3c4[nH]c5cc(OC)ccc5c4CCN3C[C@H]2C[C@@H](OC(=O)c2cc(OC)c(OC)c(OC)c2)[C@@H]1OC,1.0,training
CCC1(CCC(C)C)C(=O)NC(=O)NC1=O,0.0,training
N=c1ccn2c(n1)O[C@H]1[C@H](O)[C@@H](CO)O[C@H]12,0.0,training
CC1(C)[C@@H](O)CC[C@]2(C)C3C(=O)C=C4C5C[C@@](C)(C(=O)O)CC[C@]5(C)CC[C@@]4(C)[C@]3(C)CC[C@@H]12,0.0,training
COC(=O)C1=C(C)N=C(C)C(C(=O)OCCc2ccc(N3CCN(C(c4ccccc4)c4ccccc4)CC3)cc2)C1c1cccc([N+](=O)[O-])c1,0.0,training
O=C1CC(=O)c2c(c(O)c3ccccc3c2O)C1=O,1.0,training
COc1cc(C=CC(=O)O[C@H]2CC[C@]34C[C@]35CC[C@]3(C)[C@@H]([C@H](C)CCC=C(C)C)CC[C@@]3(C)[C@@H]5CC[C@H]4C2(C)C)ccc1O,0.0,training
Clc1ccccc1,1.0,training
O=NN1C[C@H](O)CC1C(=O)O,0.0,training
O=NN1CN2CN(C1)CN(N=O)C2,0.0,training
CNC(=O)O/N=C(\SC)C(=O)N(C)C,0.0,training
Cc1cc(N=Nc2c(O)ccc3ccccc23)c(S(=O)(=O)O)cc1Cl,1.0,training
C[N+](C)CCC(c1ccc(Cl)cc1)c1ccccn1,0.0,training
Cc1cc2c(nc1[N+])[nH]c1ccccc12,1.0,training
C[C@]12CC[C@H]3C(=CCc4cc(OS(=O)(=O)O)ccc43)[C@@H]1CCC2=O,0.0,training
Cn1cc(C(=O)C2CCc3[nH]cnc3C2)c2ccccc21,0.0,training
CCC(C(=O)NC(N)=O)c1ccccc1,0.0,training
Cc1ccc(-c2cc(C(F)(F)F)nn2-c2ccc(S(N)(=O)=O)cc2)cc1,0.0,training
CC(C)(c1ccc(O)cc1)c1ccc(O)cc1,0.0,training
CC(=O)NC(CS)C(=O)O,0.0,training
CN(C)CNc1nnc(C=Cc2ccc([N+](=O)[O-])o2)o1,1.0,training
C=C1C/C(=C/C)C(=O)O[C@@H]2CCN3CC=C(COC(=O)[C@@]1(O)CO)[C@H]23,1.0,training
CCCOC(=O)c1cc(O)c(O)c(O)c1,0.0,training
CCOC(=O)/C=C\C(=O)OCC,0.0,training
COC(=O)C1=C(C)N=C(C)C(C(=O)OCC(C)(C)CN(C)Cc2ccccc2)C1c1cc([N+](=O)[O-])ccc1F,0.0,training
CC(O)COC(C)(C)C,0.0,training
O=c1cc(O)[nH]c(=O)[nH]1,0.0,training
CCCCCC,0.0,training
O=[N+]([O-])c1cc([N+](=O)[O-])cc([N+](=O)[O-])c1,0.0,training
C=C1C(CCl)(CCl)C2(Cl)C(Cl)C(Cl)C1(Cl)C2(Cl)Cl,0.0,training
Nc1ccc2c(c1)oc1ccccc12,1.0,training
CCC(CC)C(=O)NC(N)=O,0.0,training
ClC1C2(Cl)C3C4C5OC5C5C4C1(Cl)C(Cl)(C53)C2(Cl)Cl,0.0,training
CC1(C)C(=O)NC(=O)NC1=O,0.0,training
Nc1ccc([N+](=O)[O-])cc1,0.0,training
C=C(C)[C@H]1Cc2c(ccc3c2O[C@@H]2COc4cc(OC)c(OC)cc4C2C3=O)O1,0.0,training
Nc1ccc(NCCO)c([N+](=O)[O-])c1,0.0,training
ClC1=C(Cl)[C@]2(Cl)[C@@H]3[C@H]4C=CC(C4)[C@@H]3C1(Cl)C2(Cl)Cl,0.0,training
CC(O)CNCC(C)O,0.0,training
COP(=S)(OC)SCn1nnc2ccccc2c1=O,0.0,training
CCCN=[N+]([O-])CCC,1.0,training
C/C=C1/C[C@@H](C)[C@](O)(CO)C(=O)OCC2=CC[N+]3([O-])CC[C@@H](OC1=O)[C@@H]23,1.0,training
CN1[C@@H]2CC(OC(=O)C(CO)c3ccccc3)C[C@H]1[C@@H]1O[C@@H]12,0.0,training
O[C@@H]([C@H](O)[C@@H](O)CBr)[C@@H](O)CBr,1.0,training
CC(C)CC1C(=O)N2CCC[C@H]2[C@]2(O)O[C@](NC(=O)C3C=C4c5cccc6[nH]c(Br)c(c56)C[C@H]4N(C)C3)(C(C)C)C(=O)N12,1.0,training
CCCCC1(COC(=O)CCC(=O)O)C(=O)N(c2ccccc2)N(c2ccccc2)C1=O,0.0,training
CS(=O)(=O)OCCCNCCCOS(C)(=O)=O,0.0,training
CC[C@]1(O)C[C@H]2CN(CCc3c([nH]c4ccccc34)[C@@](C(=O)OC)(c3cc4c(cc3OC)N(C)[C@H]3[C@@](O)(C(=O)OC)[C@H](OC(C)=O)[C@]5(CC)C=CCN6CC[C@]43[C@@H]65)C2)C1,0.0,training
Clc1ccc(Sc2cc(Cl)c(Cl)cc2Cl)cc1,0.0,training
CO[C@H]1/C=C/O[C@@]2(C)Oc3c(C)c(O)c4c(O)c(c(C=NN5CCN(C)CC5)c(O)c4c3C2=O)NC(=O)C(C)=CC=CC(C)[C@H](O)[C@@H](C)[C@@H](O)[C@@H](C)[C@H](OC(C)=O)[C@@H]1C,0.0,training
O=P(O)(OCC(Br)CBr)OCC(Br)CBr,1.0,training
CN(C)C(=O)Nc1cccc(C(F)(F)F)c1,0.0,training
CCCCCCCCCCCCCCCC(=O)CC(=O)CCCCCCCCCCCCCCC,0.0,training
CCCCCCCC/C=C/CCCCCCCC(=O)OCCOCC(OCCO)C1OC(OCCO)CC1OCCO,0.0,training
COc1cc(OC)c2c3c(c(=O)oc2c1)C(=O)CC3,0.0,training
CCCCCc1cc(O)c2c(c1)OC(C)(C)[C@@H]1CCC(C)=C[C@@H]21,0.0,training
CNC(=O)Oc1cccc2ccccc12,1.0,training
CCN=[N+](C)[O-],1.0,training
COP(=S)(OC)Oc1ccc(SC)c(C)c1,0.0,training
CC(C)(OCc1ccc(-c2ccc(Cl)cc2)cc1)C(=O)O,0.0,training
Clc1cnc(Oc2ccc(Oc3ncc(Cl)cc3Cl)cc2)c(Cl)c1,0.0,training
CN1[C@@H]2CC[C@H]1CC(OC(=O)C(CO)c1ccccc1)C2,0.0,training
CC(C)NCC(O)COc1ccc(CC(N)=O)cc1,0.0,training
O=c1[nH]cnc2c1ncn2[C@@H]1O[C@H](COP(=O)(O)O)[C@@H](O)[C@H]1O,0.0,training
NC1=NC(=O)N([C@@H]2O[C@H](CO)[C@@H](O)[C@H]2O)CN1,0.0,training
CCCC(Cl)CCC(Cl)CCC(Cl)CCC(Cl)CCC(Cl)CCC(Cl)CCC(C)Cl,0.0,training
N#[N+]/C=C(\[O-])OCC(N)C(=O)O,1.0,training
CC(=O)Nc1ccc(OCC(O)CNC(C)C)cc1,0.0,training
c1ccc(Nc2ccc3ccccc3c2)cc1,0.0,training
C/C=C(\C)C(=O)O[C@@H]1CCN2CC=C(COC(=O)C(O)(C(C)C)C(C)O)[C@H]12,1.0,training
N=C(N=c1ccn(CCCCC(N)=O)[nH]1)NCC(F)(F)F,1.0,training
CCCCC(CC)COS(=O)(=O)O,0.0,training
CC(=O)Nc1ccc(-c2ccccc2)cc1O,0.0,training
CC(C)Cc1ccc(C(C)C(=O)O)cc1,0.0,training
C=Cc1c(C)c2[nH]c1=Cc1[nH]c(c(=CC)c1C)=Cc1[nH]c(c(C(=O)O)c1C)C(CC(=O)O)=C1N=C(C=2)[C@@H](C)C1CCC(=O)O,0.0,training
O=C(O)CCCC/C=C(\c1ccccc1)c1cccnc1,0.0,training
Nc1nc(O)c(-c2ccccc2)o1,0.0,training
C[C@@H]1C/C=C/C=C/C=C/C=C/[C@H](O[C@@H]2O[C@H](C)[C@@H](O)[C@H](N)[C@@H]2O)C[C@@H]2O[C@](O)(C[C@@H](O)C[C@H]3O[C@@H]3/C=C/C(=O)O1)C[C@H](O)C2C(=O)O,0.0,training
COP(=S)(OC)SCCNC(C)=O,0.0,training
C/C=C(/C)C(=O)O[C@H]1CCN2CC=C(COC(=O)[C@](O)([C@H](C)OC)C(C)(C)O)[C@H]12,1.0,training
Nc1cnn([C@@H]2O[C@H](CO)[C@@H](O)[C@H]2O)c(=O)n1,0.0,training
Cc1cc2c(nc1N)[nH]c1ccccc12,1.0,training
C=Cc1cccc(C)c1,0.0,training
C=CC(=O)c1ccc2c(c1)OCO2,0.0,training
CCN(Cc1cccc(S(=O)(=O)O)c1)c1ccc(C(=C2C=CC(=[N+](CC)Cc3cccc(S(=O)(=O)O)c3)C=C2)c2ccc(O)cc2S(=O)(=O)[O-])cc1,0.0,training
O=C(CCl)c1ccccc1,0.0,training
CCN(CC)C(=O)Nc1ccc(OCC(O)CNC(C)(C)C)c(C(C)=O)c1,0.0,training
CC1=C(CC(=O)O)c2cc(F)ccc2C1=Cc1ccc(S(C)(=O)=O)cc1,0.0,training
Cc1cc(O)c2c(c1)C(=O)c1cc(O)cc(O)c1C2=O,0.0,training
CCCCC/C=C\C/C=C\CCCCCCCC(=O)OC,0.0,training
O=c1c(O)cc2c(O)oc3c(=O)c(O)cc4c(O)oc1c2c43,0.0,training
CNC(=O)O/N=C/C(C)(C)SC,0.0,training
NCCc1ccc(O)c(O)c1,0.0,training
NC(CC(=O)O)C(=O)O,0.0,training
CC(=O)OC/C=C(C)/C=C/C=C(C)/C=C/C1=C(C)CCCC1(C)C,1.0,training
Cc1cc(O)ccc1O,0.0,training
COC(=O)C1=CCCN(N=O)C1,0.0,training
CN(N=O)c1ccc(/C=C/c2ccnc3ccccc23)cc1,1.0,training
C[C@@H]1C[C@H]2[C@@H]3CC=C4CC(=O)C=C[C@]4(C)[C@@]3(F)[C@@H](O)C[C@]2(C)[C@@]1(O)C(=O)CO,0.0,training
Cc1c(C)c2c(c(C)c1O)CCC(C)(CCCC(C)CCCC(C)CCCC(C)C)O2,0.0,training
CCN(C=O)CC,0.0,training
C[C@]12CCC(=O)C=C1CC[C@@H]1[C@@H]2[C@@H](O)C[C@@]2(C)[C@H]1CC[C@]2(O)C(=O)CO,0.0,training
O=NN(CCCl)C(=O)N[C@@H]1[C@@H](O)[C@H](O)[C@@H](CO)O[C@@H]1O,1.0,training
O=C/C=C/c1ccccc1,0.0,training
O=C1C(O)N=C(c2ccccc2F)c2cc(Cl)ccc2N1CCO,0.0,training
O=P(OCC(Br)CBr)(OCC(Br)CBr)OCC(Br)CBr,1.0,training
CCCCNC(N)=O,0.0,training
CC[C@H](OC(C)=O)C(C[C@H](C)N(C)C)(c1ccccc1)c1ccccc1,1.0,training
O=[N+]([O-])c1ccc(Cl)cc1,0.0,training
CN(C)C(=O)COC(=O)Cc1ccc(OC(=O)c2ccc(N=C(N)N)cc2)cc1,0.0,training
COc1ccc(CCN2CCC(Nc3nc4ccccc4n3Cc3ccc(F)cc3)CC2)cc1,0.0,training
CC1=NC(=N)C(C(=O)OC2CN(C(c3ccccc3)c3ccccc3)C2)C(c2cccc([N+](=O)[O-])c2)C1C(=O)OC(C)C,0.0,training
CCCCCCOc1cc(C)c(O)c(C)c1C,0.0,training
CC(C)(C)NC[C@H](O)COc1cccc2c1CCCC2=O,0.0,training
CN(C)C1C(=O)C(C(N)=O)C(=O)[C@@]2(O)C(=O)C3C(=O)c4c(O)cccc4[C@@](C)(O)[C@H]3[C@H](O)[C@@H]12,0.0,training
O=C1O[C@@H](CN2CCOCC2)CN1/N=C/c1ccc([N+](=O)[O-])o1,1.0,training
C/C(=C(\CCOC(=O)c1ccccc1)SC(=O)c1ccccc1)N(C=O)Cc1cnc(C)nc1N,0.0,training
Cn1cc(OCC(O)CNC(C)(C)C)c2ccccc2c1=O,0.0,training
C[C@@H]1CC2(O[C@@H]2C)C(=O)OC2CCN(C)CC=C(COC(=O)[C@]1(C)O)C2=O,1.0,training
CCC(Cl)CCC(Cl)C(Cl)CC(Cl)C(Cl)C(Cl)CCl,1.0,training
CCNc1nc(Cl)nc(NC(C)(C)C#N)n1,1.0,training
CCC[C@@H]1O[C@@H]2C[C@H]3[C@@H]4CC=C5CC(=O)C=C[C@]5(C)[C@H]4[C@@H](O)C[C@]3(C)[C@]2(C(=O)CO)O1,1.0,training
Cc1ccc(O)c(C(C)(C)C)c1,0.0,training
C[C@@H]1CCC[C@H](C)N1CCCC(O)(c1ccccc1)c1ccccn1,0.0,training
COc1cccc2c1cc([N+](=O)[O-])c1c(C(=O)O)cc3c(c12)OCO3,1.0,training
CC/C(=C(\c1ccccc1)c1ccc(OCCN(C)C)cc1)c1ccccc1,1.0,training
C=c1c(N)c(O)c2c(c1O)N1C[C@@H]3N[C@@H]3[C@]1(OC)C=2COC(N)=O,1.0,training
C=CN1CCCC1=O,1.0,training
COc1cc(NC(=O)C(=NNc2ccc(-c3ccc(NN=C(C(C)=O)C(=O)Nc4cc(OC)c(Cl)cc4OC)c(Cl)c3)cc2Cl)C(C)=O)c(OC)cc1Cl,0.0,training
CC(I)C1OCC(CO)O1,1.0,training
CCCCCN(N=O)C(=N)N[N+](=O)[O-],0.0,training
S=C=NCCc1ccccc1,0.0,training
CC(C)(C)c1ccc(O)cc1,0.0,training
c1ccc2[nH]nnc2c1,0.0,training
NC(Cc1c[nH]cn1)C(=O)O,0.0,training
CC(=O)N(C)C,0.0,training
CC1(C)C(C(=O)O[C@H](C#N)c2cccc(Oc3ccccc3)c2)[C@@H]1C=C(Br)Br,0.0,training
CC[N+]([O-])=NC,1.0,training
O=C(O)c1ccccc1-c1c2cc(I)c(=O)c(I)c-2oc2c(I)c(O)c(I)cc12,0.0,training
CC(COc1ccc(C(C)(C)C)cc1)OS(=O)OCCCl,1.0,training
CC(C)CN(N=O)C(=N)N[N+](=O)[O-],0.0,training
C[C@]12CC[C@H](O)CC1=CC[C@@H]1[C@@H]2CC[C@]2(C)C(=O)CC[C@@H]12,1.0,training
COc1cc2c(c3oc(=O)c4c(c13)CCOC4=O)C1C=COC1O2,1.0,training
CC(O)c1ccccc1,1.0,training
O=C1OC(O)C(C(Cl)Cl)=C1Cl,1.0,training
NC(=O)NNc1ccccc1,1.0,training
CCN(N)C=O,1.0,training
CC(C)Oc1ccc(Nc2ccccc2)cc1,0.0,training
ClCOCC(COCCl)OCCl,1.0,training
CC(C)N(C(=O)SCC(Cl)=CCl)C(C)C,1.0,training
CC(Oc1cc(Cl)c(Cl)cc1Cl)C(=O)O,0.0,training
COc1ccc2cc(CCC(C)=O)ccc2c1,0.0,training
O=NN1CC(O)CC1C(=O)O,0.0,training
CN(C)c1ccc(/N=N/S(=O)(=O)O)cc1,0.0,training
CC(C)[C@H]1CC[C@@H](C)C[C@H]1O,0.0,training
CN[N+](=O)[O-],1.0,training
CC/N=[N+](/[O-])CC,1.0,training
ClC1=C(Cl)C2(Cl)C3C4C=CC(C4)C3C1(Cl)C2(Cl)Cl,1.0,training
COC(=O)Nc1nc2cc(C(=O)c3ccccc3)ccc2[nH]1,0.0,training
ClC[C@@H](Br)CBr,1.0,training
C[C@@H](COc1ccccc1)N(CCCl)Cc1ccccc1,1.0,training
ClCCSCCCl,1.0,training
CN(N=O)C(=O)N[C@@H]1[C@@H](O)[C@H](O)[C@@H](CO)O[C@H]1O,1.0,training
C=CC1CC=CCC1,1.0,training
OCCBr,1.0,training
COC(=O)C1=CCCN(C)C1,1.0,training
NNC=O,1.0,training
CCS(=O)(=O)c1ccc(S(N)(=O)=O)c2ccccc12,1.0,training
O=C1C=CC(=O)C=C1,1.0,training
O=C(O)c1cc(N=Nc2ccc(O)c(C(=O)O)c2)ccc1O,0.0,training
OC[C@H](O)[C@H](O)[C@@H](O)[C@@H](O)CO,0.0,training
COC(N)=O,1.0,training
COc1c(C)c2c(c(O)c1C/C=C(\C)CCC(=O)O)C(=O)OC2,0.0,training
NC(N)=O,0.0,training
C=C1C(C)(C)C2(Cl)C(Cl)C1(Cl)C(Cl)(Cl)C2(Cl)Cl,1.0,training
C1CO1,1.0,training
CBr,0.0,training
O=c1[nH]cnc2[nH]ncc12,0.0,training
Cc1ccc(/C(=C/CN2CCCC2)c2cccc(/C=C/C(=O)O)n2)cc1,0.0,training
CCCC/C=N/N(C)C=O,1.0,training
CC1C(=O)O[C@@H]2CCN3CC=C(COC(=O)[C@](C)(O)[C@@]1(C)O)C23,1.0,training
Cc1ccc2c(-c3ccccc3)nc(=O)n(C(C)C)c2c1,0.0,training
NCCC(O)(P(=O)(O)O)P(=O)(O)O,1.0,training
C=COC(N)=O,1.0,training
Nc1nc(=S)c2ncn([C@H]3C[C@@H](O)[C@@H](CO)O3)c2[nH]1,1.0,training
CCOC(=O)C1(c2ccccc2)CCC=CC1N(C)C,0.0,training
COC(=O)C(c1ccccc1)[C@H]1CCCCN1,1.0,training
NNC(N)=O,1.0,training
C[C@@H](CCC(=O)O)[C@@H]1CC[C@H]2[C@H]3CC[C@@H]4C[C@@H](O)CC[C@@]4(C)[C@@H]3CC[C@@]21C,0.0,training
[N-]=[N+]=CC(=O)OCC(N)C(=O)O,1.0,training
Nc1ccc(Cl)cc1,1.0,training
O=[N+]([O-])c1ccc(O)c([N+](=O)[O-])c1,0.0,training
CCNNC(=O)C1C(c2cc(OC)c(OC)c(OC)c2)c2cc3c(cc2C(O)C1CO)OCO3,0.0,training
ClCOCCl,1.0,training
Nc1ccc(NC(=O)c2ccc(N)cc2)cc1,0.0,training
CC(C)(C)c1ccc([C@@H](O)CCCN2CCC(C(O)(c3ccccc3)c3ccccc3)CC2)cc1,0.0,training
CC1(C)O[C@H]2C[C@H]3[C@@H]4C[C@@H](F)C5=CC(=O)C=C[C@]5(C)[C@H]4[C@@H](O)C[C@]3(C)[C@@]2(C(=O)CO)O1,1.0,training
Cc1cn(C2CC(N=[N+]=[N-])C(CO)O2)c(=O)[nH]c1=O,1.0,training
ClC1=C(Cl)[C@]2(Cl)[C@@H]3[C@H](Cl)C=C[C@@H]3[C@@]1(Cl)C2(Cl)Cl,1.0,training
Cl[C@H]1[C@H](Cl)[C@@H](Cl)[C@@H](Cl)[C@H](Cl)[C@H]1Cl,1.0,training
CN1CCN(C2=Nc3cc(Cl)ccc3Nc3ccccc32)CC1,0.0,training
CC(C)(C)NC[C@@H](O)COc1ccccc1C1CCCC1,0.0,training
NC(=O)c1ccncc1,0.0,training
O=C(O)COCCN1CCN([C@@H](c2ccccc2)c2ccc(Cl)cc2)CC1,0.0,training
CC(C)NC[C@@H](O)COc1ccccc1C(=O)CN,1.0,training
COC(=O)C1=C(C)N=C(C)C(C(=O)OCCN(C)Cc2ccccc2)[C@H]1c1cccc([N+](=O)[O-])c1,1.0,training
CC(=O)OC=CCc1ccc2c(c1)COC2,1.0,training
CC(C)NC[C@@H](O)COc1cccc2c1CCC(=O)N2,0.0,training
CNC(=O)ON=C(SC)C(=O)N(C)C,0.0,training
ClC(Cl)(Cl)C(Cl)(Cl)Cl,1.0,training
CC=NN(C)C=O,1.0,training
COc1ccc([C@H]2Sc3ccccc3N(CCN(C)C)C(=O)C2OC(C)=O)cc1,1.0,training
ClC(Br)Br,1.0,training
CN(N=O)c1ncnc2c1ncn2[C@@H]1O[C@H](CO)[C@@H](O)[C@H]1O,1.0,training
CCOC(=O)C1C(OCCN)=NC(C)=C(C(=O)OC)[C@H]1c1ccccc1Cl,0.0,training
O=CNNC=O,1.0,training
C=C/C1=C/C(C)(C)[C@](C)(OC(C)=O)C(=O)OC/C2=C/CN(C)CCC(OC1=O)C2=O,1.0,training
C=c1c(N)c(O)c2c(c1O)N1CC3NC3C1(OC)C=2COC(N)=O,1.0,training
C=C(Cl)Cl,0.0,training
CC(C=CC1=C(C)CCCC1(C)C)=CC=CC(C)=CC(=O)O,0.0,training
NC(=O)c1ncn([C@H]2O[C@@H](CO)[C@@H](O)[C@H]2O)n1,1.0,training
CCC/N=[N+](/[O-])CCC,1.0,training
CCCC[C@H](CC)COC(=O)c1ccccc1C(=O)OC[C@@H](CC)CCCC,1.0,training
CNS(=O)(=O)c1ccc2[nH]cc(CCN(C)C)c2c1,0.0,training
C[C@@H](CCC(=O)O)[C@H]1CC[C@H]2[C@@H]3[C@@H](O)C[C@H]4C[C@@H](O)CC[C@]4(C)[C@H]3CC[C@]12C,1.0,training
CC1(C)O[C@@H]2CC3C4CC=C5CC(=O)C=C[C@]5(C)[C@@]4(F)[C@@H](O)C[C@]3(C)[C@@]2(C(=O)CO)O1,1.0,training
CC(=O)NNC(=O)c1ccncc1,1.0,training
CN(C)C1C(=O)C(C(N)=O)C(=O)[C@@]2(O)C(=O)C3C(=O)c4c(O)cccc4[C@](C)(O)[C@H]3C[C@H]12,0.0,training
Cc1cccc(-c2cc(Cl)nc(CC(=S)NCCO)n2)c1C,1.0,training
O=C(Oc1ccccc1)Oc1ccccc1,0.0,training
C=C1CC(=CC)C(=O)OC2CCN3CC=C(COC(=O)C1(O)CO)C23,1.0,training
O[C@H](c1cc(C(F)(F)F)nc2c(C(F)(F)F)cccc12)[C@H]1CCCCN1,0.0,training
Cc1ccccc1N1C(=O)C2=CC(S(N)(=O)=O)=C(Cl)C[C@H]2N[C@@H]1C,0.0,training
CC(Cl)(Cl)Cl,0.0,training
CCC(C)(C)C(=O)O[C@H]1C[C@@H](C)C=C2C=C[C@@H](C)[C@@H](CC[C@H]3C[C@@H](O)CC(=O)O3)[C@H]21,1.0,training
O=c1c(O)c(-c2ccc(O)c(O)c2)oc2cc(O)cc(O)c12,1.0,training
C#C[C@@]1(O)CC[C@@H]2[C@@H]3CCC4=CCCC[C@H]4[C@H]3C(=C)C[C@]21CC,1.0,training
ClC1C(Cl)C(Cl)C(Cl)C(Cl)C1Cl,1.0,training
COCCc1ccc(OC[C@@H](O)CNC(C)C)cc1,0.0,training
CN(C)c1ccc(C(=C2C=CC(=[N+](C)C)C=C2)c2ccc(N(C)C)cc2)cc1,1.0,training
C[C@]12C=CC(=O)C=C1CCC1C2C(=O)C[C@@]2(C)C1CC[C@]2(O)C(=O)CO,0.0,training
O=C1c2ccccc2CN2C(=O)c3ccccc3CN12,1.0,training
Clc1cc(Cl)c(-c2c(Cl)cc(Cl)c(Cl)c2Cl)c(Cl)c1,1.0,training
C[N+](=O)[O-],1.0,training
NC(=O)Cc1cccc2ccccc12,0.0,training
CC(Cl)C=O,1.0,training
FC(F)Cl,0.0,training
Nc1ccccc1,1.0,training
NC(CCC(=O)NNc1ccc(C(=O)O)cc1)C(=O)O,1.0,training
CN(C)c1ccc(O)c2c1C[C@@H]1C[C@@H]3C(N(C)C)C(=O)C(C(N)=O)C(=O)[C@@]3(O)C(=O)C1C2=O,1.0,training
O=[N+]([O-])C(Cl)(Cl)Cl,0.0,training
O=S(=O)(c1ccc(Cl)cc1)c1cc(Cl)c(Cl)cc1Cl,0.0,training
ClC(Cl)C(Cl)(Cl)Cl,1.0,training
CC/N=[N+](\C)[O-],1.0,training
CC=C1CC(C)C(C)(O)C(=O)OCC2=CCN(C)CCC(OC1=O)C2=O,1.0,training
CC1(C)C(C(=O)OCc2cccc(Oc3ccccc3)c2)[C@@H]1C=C(Cl)Cl,1.0,training
ClCOCCOCCl,1.0,training
O=NN1CCCC[C@H]1c1cccnc1,1.0,training
CCCOC(=O)C1c2cc3c(cc2CC(C)C1C(=O)OCCC)OCO3,0.0,training
Cc1ccc(C(=O)Oc2ccc([C@@H](O)CNC(C)(C)C)cc2OC(=O)c2ccc(C)cc2)cc1,0.0,training
Nc1ncn([C@H]2O[C@H](CO)[C@H](O)[C@@H]2O)c(=O)n1,1.0,training
C/C=C/C(=O)Oc1c(C(C)CCCCCC)cc([N+](=O)[O-])cc1[N+](=O)[O-],0.0,training
FC(F)OC(F)(F)C(F)Cl,0.0,training
CCOC(=O)C(CCc1ccccc1)NC1CCc2ccccc2N(CC(=O)O)C1=O,0.0,training
c1ccc2c(c1)Nc1ccccc1S2,0.0,training
Fc1ccc([C@H]2CCNC[C@H]2COc2ccc3c(c2)OCO3)cc1,0.0,training
CN1[C@@H]2CCC[C@H]1C[C@@H](NC(=O)c1nn(C)c3ccccc13)C2,1.0,training
OCCCl,0.0,training
Cc1ccccc1OP(=O)(Oc1ccccc1C)Oc1ccccc1C,0.0,training
CC1CC(C)CN(S(=O)(=O)c2ccc(Cl)c(C(=O)O)c2)C1,1.0,training
CCCNN(C=O)CCC,1.0,training
O=C(O)Cc1cccc2ccccc12,0.0,training
C=C(C)[C@H]1C=CC(C)C(=O)C1,0.0,training
COCCl,1.0,training
CC/C(=C(/c1ccccc1)c1cccc(OCCN(C)C)c1)c1ccccc1,1.0,training
c1ccc2cc(Nc3ccc(Nc4ccc5ccccc5c4)cc3)ccc2c1,0.0,training
C[C@H](CCC(=O)O)[C@@H]1CC[C@H]2[C@@H]3CC[C@@H]4C[C@H](O)CC[C@]4(C)[C@H]3CC[C@]21C,0.0,training
CCOC(=O)C(CCc1ccccc1)NC(C)C(=O)N1CCc2ccccc2C1C(=O)O,1.0,training
ClC=CCCl,1.0,training
CCOC(=O)N1CCC(=C2c3ccc(Cl)cc3CCc3cccnc32)CC1,1.0,training
CC(C)C(N)C(=O)OCCOCn1cnc2c(=O)[nH]c(N)nc21,0.0,training
O=C1C(Cl)=C(Cl)C(=O)c2ccccc21,0.0,training
CCOC(=O)/C=C(C)/C=C/C=C(C)/C=C/c1c(C)cc(OC)c(C)c1C,1.0,training
CCOP(=S)(OCC)SC1OCCO[C@H]1SP(=S)(OCC)OCC,0.0,training
C[C@@H](I)[C@H]1CO[C@@H](CO)O1,1.0,training
C=CC(=C)Cl,1.0,training
CC(C)(C)NC[C@@H](O)Oc1ccc2c(c1)C[C@H](O)[C@H](O)C2,0.0,training
O=S(=O)(Oc1ccc(Cl)cc1)c1ccc(Cl)cc1,0.0,training
Cc1ncc2n1-c1ccc(Cl)cc1C(c1ccccc1F)=NC2,1.0,training
CCc1cccc2c3c([nH]c12)[C@](CC)(CC(=O)O)OCC3,0.0,training
CCCC(=O)Nc1ccc(OC[C@@H](O)NC(C)C)c(C(C)=O)c1,0.0,training
CN1CCC[C@H]1CCO[C@@](C)(c1ccccc1)c1ccc(Cl)cc1,0.0,training
COc1cc2nc(N3CCN(C(=O)C4COc5ccccc5O4)CC3)nc(N)c2cc1OC,0.0,training
CN(C)C(=O)Cl,1.0,training
CCC(C)c1cc([N+](=O)[O-])cc([N+](=O)[O-])c1O,0.0,training
CC1=CC2[C@@]3(O)[C@H](C)[C@@H](O)[C@]4(O)[C@H]([C@@H]3C=C(CO)C[C@]2(O)C1=O)C4(C)C,1.0,training
O=C(O)P(=O)(O)O,0.0,training
CCN(CC)CCN1C(=O)CN=C(c2ccccc2F)c2cc(Cl)ccc21,0.0,training
O=[N+]([O-])c1ccc(O)cc1,0.0,training
O=S(=O)(Oc1ccc(Cl)cc1Cl)c1ccccc1,0.0,training
CCBr,1.0,training
CN(N=O)C(=O)NC(CCCN)C(=O)O,1.0,training
C[C@H](O)CN(CCO)N=O,1.0,training
OC(O)C(Cl)(Cl)Cl,1.0,training
O=C1NCCN1,0.0,training
C1CN1,1.0,training
ClC(Cl)=C(Cl)Cl,1.0,training
O=C1NCCN1N=Cc1ccc([N+](=O)[O-])o1,1.0,training
Nc1nnc(-c2cccc(Cl)c2Cl)c(N)n1,0.0,training
O=C(O)c1ccncc1,0.0,training
C[C@@]12CCC3c4ccc(O)cc4CCC3C1CC[C@H]2O,1.0,training
Cc1cccc(C)c1OC[C@@H](C)N,0.0,training
NC(=S)NNC=O,0.0,training
CC(C)Nc1nc(Cl)nc(NC(C)C)n1,0.0,training
O=CC(Cl)=C(Cl)C(=O)O,0.0,training
CC/C(=C(/c1ccccc1)c1ccc(OCCN(C)C)cc1)c1ccccc1,1.0,training
CC(C)COC(=O)c1ccc(O)cc1,0.0,training
C[C@H]([C@H](O)CCC(C)(C)O)[C@@H]1CC[C@@]2(O)C3=C(CC[C@@]12C)[C@@]1(C)C[C@H](O)[C@@H](O)CC1C(=O)C3,1.0,training
CC(=O)c1c(O)cc(C)oc1=O,0.0,training
IC(I)I,0.0,training
CC(C)OC(=O)Nc1ccccc1,0.0,training
Cl[C@@H]1[C@@]2(Cl)[C@H]3[C@H]4C5[C@H]([C@@H]6O[C@@H]64)[C@H]3[C@](Cl)(C2(Cl)Cl)[C@@]51Cl,0.0,training
NC(=O)c1cccnc1,0.0,training
CC(C)(C)NC(=O)C1CCC2C3CCC4NC(=O)C=C[C@]4(C)C3CC[C@]12C,1.0,training
Nc1nc(=O)c2ncn(COCCO)c2[nH]1,0.0,training
Cc1c([N+](=O)[O-])c(C)c([N+](=O)[O-])c(C(C)(C)C)c1[N+](=O)[O-],1.0,training
O=C(N[C@@H](CO)[C@@H](O)c1ccc([N+](=O)[O-])cc1)C(Cl)Cl,0.0,training
CCCCOC(=O)c1ccccc1C(=O)OCc1ccccc1,1.0,training
Cc1nccn1C[C@H]1CC(=O)c2c(n(C)c3ccccc23)C1,0.0,training
CCC1C(=O)OC[C@H]1Cc1cncn1C,0.0,training
CN[C@@H](C)[C@@H](O)c1ccccc1,0.0,training
CN(C)C(=O)NC1CC2CC1C1CCCC21,0.0,training
CN(C)C(=O)Nc1ccc(Cl)c(Cl)c1,0.0,training
CC(C)(C)NC[C@@H](O)c1ccc(O)c(CO)n1,0.0,training
Oc1cc2c(cc1O)C1c3ccc(O)c(O)c3OC[C@]1(O)C2,1.0,training
c1ccc2sc(SSc3nc4ccccc4s3)nc2c1,0.0,training
N=C(N)NC(=O)Cc1c(Cl)cccc1Cl,0.0,training
Cc1[nH]c(=O)c(C#N)cc1-c1ccncc1,0.0,training
OCC(CO)(CO)CO,0.0,training
CCO,1.0,training
CN(C)/C=N/c1nnc(/C=C/c2ccc([N+](=O)[O-])o2)o1,1.0,training
CCCC[C@H](CC)COC(=O)CCCCC(=O)OC[C@@H](CC)CCCC,1.0,training
COc1cc(N)c(Cl)cc1C(=O)NC1CCN(CCCOc2ccc(F)cc2)CC1,0.0,training
OC[C@H](O)[C@@H](O)[C@H](O)[C@@H](O)CO,0.0,training
CCOC(=O)C(CCc1ccccc1)NC(C)C(=O)N1C[C@H]2CCC[C@H]2C1C(=O)O,1.0,training
CO[PH](=O)OC,1.0,training
ClCOCc1ccc(COCCl)cc1,1.0,training
Cc1ccc([N+](=O)[O-])cc1[N+](=O)[O-],1.0,training
COc1ccc(Cl)cc1C(=O)NCCc1ccc(S(=O)(=O)NC(=O)NC2CCCCC2)cc1,0.0,training
CCOC(=O)C(CCc1ccccc1)NC(C)C(=O)N1CCCC1C(=O)O,0.0,training
FC(F)(Cl)Cl,0.0,training
CCC(=O)C(C[C@@H](C)N(C)C)(c1ccccc1)c1ccccc1,0.0,training
C[C@H](CN1CC(=O)NC(=O)C1)N1CC(=O)NC(=O)C1,1.0,training
CC(C)[N@+]1(C)[C@@H]2CC[C@H]1C[C@@H](OC(=O)C(CO)c1ccccc1)C2,0.0,training
CCCCCCCC[S@+]([O-])[C@H](C)Cc1ccc2c(c1)OCO2,1.0,training
ClCC(Cl)(Cl)Cl,1.0,training
CN(N=O)C(N)=O,1.0,training
CNN,1.0,training
COc1ccc([C@@H](CN(C)C)C2(O)CCCCC2)cc1,0.0,training
CN(N=O)C1=Nc2ccc(Cl)cc2C(c2ccccc2)=[N+](O)C1,0.0,training
O=[N+]([O-])C([N+](=O)[O-])([N+](=O)[O-])[N+](=O)[O-],1.0,training
c1ccc2sc(SNC3CCCCC3)nc2c1,0.0,training
C=CCN(N)CC=C,1.0,training
C=CBr,1.0,training
CC(C(=O)O)c1ccc(-c2ccccc2)c(F)c1,0.0,training
CC(C)OS(C)(=O)=O,1.0,training
CCCCC/C=N/N(C)C=O,1.0,training
S=C(SSSSSSC(=S)N1CCCCC1)N1CCCCC1,0.0,training
CCN[C@@H](C)Cc1ccc(C(F)(F)F)cc1,0.0,training
NC1=NC(=O)N(C2OC(CO)C(O)C2O)CN1,0.0,training
CC(=O)NNc1ccccc1,1.0,training
C/C=C(\C)C(=O)OC1CCN2CC=C(COC(=O)C(O)(C(C)C)C(C)O)C12,1.0,training
CN(C)CCO,0.0,training
CC(NC(C)(C)C)C(=O)c1cccc(Cl)c1,0.0,training
ClC1=C(Cl)[C@]2(Cl)[C@H]3[C@@H]4C[C@@H]([C@@H]5O[C@H]45)[C@H]3[C@@]1(Cl)C2(Cl)Cl,0.0,training
O=C1CC2(CCCC2)CC(=O)N1CCCN1CCN(c2ncccn2)CC1,0.0,training
O=C1N=C(c2ccccc2Cl)c2cc(Cl)ccc2NC1O,0.0,training
CN(C)N,1.0,training
OCCO,0.0,training
CC(=O)NNc1ccc(CO)cc1,1.0,training
ClCCl,1.0,training
CCC[C@H]1O[C@H]2C[C@H]3[C@@H]4CC=C5CC(=O)C=C[C@]5(C)[C@H]4[C@@H](O)C[C@]3(C)[C@@]2(C(=O)CO)O1,1.0,training
CN(C)CCC=C1c2ccccc2C=Cc2ccccc21,0.0,training
CCCC(NC(C)C(=O)N1C(C(=O)O)C[C@@H]2CCCC[C@H]21)C(=O)OCC,1.0,training
CCN[C@H]1C[C@@H](CSC)C[C@@H]2c3cccc4[nH]cc(c34)C[C@@H]12,1.0,training
CCOc1ccc(NC(=O)CC(C)O)cc1,1.0,training
COc1ccc(C(=O)/C(Br)=C/C(=O)O)cc1,1.0,training
NC(=O)CI,0.0,training
CC(C)NC[C@@H](O)COc1ccc(CCOCCOC(C)C)cc1,0.0,training
CNC[C@@H](O)c1cccc(O)c1,0.0,training
CN(C/C=C/C#CC(C)(C)C)Cc1cccc2ccccc12,1.0,training
O=C(O)c1cccnc1,0.0,training
c1ccc(/N=N/c2ccccc2)cc1,1.0,training
CCCCCCC(=O)C=CCCCCCCCCC(=O)OC,0.0,training
Nc1nc(/C=C/c2ccc([N+](=O)[O-])o2)no1,1.0,training
CC=CC=O,1.0,training
CN(C)C1C(=O)C(C(N)=O)C(=O)[C@@]2(O)C(=O)C3C(=O)c4c(O)cccc4[C@](C)(O)[C@H]3[C@H](O)[C@H]12,0.0,training
CC1CC(C)(C)CC(OOC(C)(C)C)(OOC(C)(C)C)C1,0.0,training
CC=CCl,1.0,training
BrC(Br)Br,1.0,training
COc1ccc2c3c1OC1[C@@H](O)C=CC4C(C2)N(C)CC[C@]341,0.0,training
CC[N+](=O)[O-],0.0,training
COS(C)(=O)=O,1.0,training
Nc1cc(-c2ccncc2)c[nH]c1=O,0.0,training
CN(C)C(=S)SC(=S)N(C)C,0.0,training
BrCCBr,1.0,training
CN(C)C1C(=O)C(C(N)=O)C(=O)[C@@]2(O)C(=O)C3C(=O)c4c(O)cccc4[C@@](C)(O)C3CC12,0.0,training
C/C=C(\C)C(=O)O[C@@H]1CCN2CC=C(COC(=O)[C@@](O)([C@@H](C)OC)C(C)(C)O)[C@H]12,1.0,training
C=CC(O)c1ccc(OC)cc1,1.0,training
CN(N=O)C(=N)N[N+](=O)[O-],1.0,training
C=CCc1ccc(OC)cc1,1.0,training
Nc1ccc(-c2ccc(F)cc2)cc1,1.0,training
CCCCN(N)CCCC,1.0,training
OC(CBr)C(O)C(O)C(O)CBr,1.0,training
Oc1c(Cl)c(Cl)c(Cl)c(Cl)c1Cl,1.0,training
N=C(N)NC(=O)c1nc(Cl)c(N)nc1N,0.0,training
Cc1cccc2ccccc12,1.0,training
CCN(CC)C(=O)c1cccnc1,0.0,training
CC(=O)OCC=C(C)CCC=C(C)C,0.0,training
ClCC(Cl)Cl,1.0,training
O=S1OC[C@@H]2[C@@H](CO1)[C@@]1(Cl)C(Cl)=C(Cl)[C@]2(Cl)C1(Cl)Cl,0.0,training
ClC(Cl)Cl,1.0,training
CCOc1ccccc1C(N)=O,1.0,training
C[C@]12CC[C@@H](O)CC1=CCC1C2CC[C@]2(C)C(=O)CCC12,1.0,training
N#CC(c1ccccc1)c1ccccc1,0.0,training
CC(C)(C)NC[C@@H](O)Oc1cccc2c1C(=O)CCC2,1.0,training
CCOC(=O)CBr,0.0,training
ClC(Cl)Br,1.0,training
CCCNC[C@@H](O)COc1ccccc1C(=O)CCc1ccccc1,0.0,training
ClCC1(C(Cl)Cl)C2CC(Cl)(Cl)C1(CCl)C(Cl)C2Cl,1.0,training
NNCc1ccccc1,1.0,training
O=C(O)c1cc(-c2cc(F)cc(F)c2)ccc1O,0.0,training
CC(Oc1cc(Cl)ccc1Cl)C(=O)O,0.0,training
Cl[C@H]1[C@@]2(Cl)[C@H]3[C@@H]4[C@@H]5O[C@@H]5[C@H]5[C@@H]4[C@]1(Cl)[C@](Cl)([C@H]53)C2(Cl)Cl,0.0,training
O=NN1CCN(N=O)CC1,1.0,training
O=NN1CCC=C(C(=O)O)C1,1.0,training
CC(C)/N=[N+](\[O-])C(C)C,1.0,training
O=CCCl,1.0,training
CCc1nn(CCCN2CCN(c3cccc(Cl)c3)CC2)c(=O)n1CCOc1ccccc1,0.0,training
CC(C)COC[C@@H]([C@@H](Nc1ccccc1)c1ccccc1)N1CCCC1,1.0,training
C[C@@H](COc1ccc(C(C)(C)C)cc1)OS(=O)OCCCl,1.0,training
O=c1[nH]cnc2c1ncn2[C@H]1CC[C@H](CO)O1,0.0,training
CN(C#N)N=O,1.0,training
O=CC(NC(=O)N(CCCl)N=O)C(O)C(O)C(O)CO,1.0,training
C[C@@](N)(Cc1ccc(O)c(O)c1)C(=O)O,0.0,training
CC(C)NC[C@@H](O)COc1ccc(CCOCC2CC2)cc1,0.0,training
CC(C)(C)NC(=O)C1CC[C@H]2[C@@H]3CC[C@H]4NC(=O)C=C[C@]4(C)[C@H]3CC[C@]12C,1.0,training
C[C@]12C=CC(=O)C=C1CCC1C2[C@@H](O)C[C@@]2(C)C1CC[C@]2(O)C(=O)CO,1.0,training
COc1nn(CSP(=S)(OC)OC)c(=O)s1,1.0,training
CN(C)/N=N/c1ccccc1,1.0,training
CC1(C)S[C@H]2C(NC(=O)C(N)c3ccccc3)C(=O)N2C1C(=O)O,0.0,training
CCCCOC(=O)COc1ccc(Cl)cc1Cl,0.0,training
O=C(O)CCl,0.0,training
CC(C=O)CCCCn1c(=O)c2c(ncn2C)n(C)c1=O,0.0,training
CCCl,1.0,training
CC/[N+]([O-])=N\C,1.0,training
Cc1ccc(/C(=C/CN2CCCC2)c2ccccn2)cc1,0.0,training
CC=O,1.0,training
CCCCN(N)C=O,1.0,training
CNNC,1.0,training
O=C1C(O)N=C(c2ccccc2F)c2ccccc2N1CCO,0.0,training
COc1ccc2[nH]c([S@@+]([O-])Cc3ncc(C)c(OC)c3C)nc2c1,1.0,training
C[C@@H](N)Cc1ccccc1,0.0,training
NC(N)=S,1.0,training
C[C@]12CCC(=O)C=C1CCC1C2[C@@H](O)C[C@@]2(C)C1CC[C@]2(O)C(=O)CO,0.0,training
CN(N=O)c1ccc(C=Cc2ccnc3ccccc23)cc1,1.0,training
N=C(N)NC[C@H]1COC2(CCCCC2)O1,1.0,training
O=C(O)Cc1c[nH]c2ccccc12,0.0,training
NC(=S)Nc1cccc2ccccc12,0.0,training
NNC(=O)c1ccccc1,1.0,training
NNCCc1ccccc1,1.0,training
CC1(C)S[C@H]2C(NC(=O)CCc3ccccc3)C(=O)N2C1C(=O)O,0.0,training
CCC(C)C(=O)O[C@H]1C[C@@H](C)C=C2C=C[C@@H](C)[C@@H](CC[C@H]3C[C@@H](O)CC(=O)O3)[C@H]21,1.0,training
O=C(c1ccccc1)c1ccc2n1CCC2C(=O)O,0.0,training
O=CN1CN2CN(C1)CN(N=O)C2,0.0,training
CC(=O)OCC(CCn1cnc2cnc(N)nc21)COC(C)=O,1.0,training
ClC(Cl)(Cl)Cl,1.0,training
CCCC1O[C@@H]2CC3C4CC=C5CC(=O)C=C[C@]5(C)C4[C@@H](O)C[C@]3(C)[C@@]2(C(=O)CO)O1,1.0,training
O=NN1CCCCCC1,1.0,training
ClCCCl,1.0,training
O[C@H]1CO[C@@H]2[C@H]1OC[C@@H]2O,0.0,training
S=C=Nc1ccccc1,0.0,training
CN(N)C=O,1.0,training
C[C@@H]1CCCC(=O)CCC=CCc2cc(O)cc(O)c2C(=O)O1,1.0,training
NC(=O)/C(=C/c1ccc([N+](=O)[O-])o1)c1ccco1,1.0,training
CC(N)=O,1.0,training
CC(C)OC(=O)COc1ccc(Cl)cc1Cl,0.0,training
O=[N+]([O-])c1cc([N+](=O)[O-])c(Cl)c(Cl)c1Cl,0.0,training
COCCOC(=O)C1=C(C)N=C(C)C(C(=O)OC(C)C)[C@H]1c1cccc([N+](=O)[O-])c1,1.0,training
Nc1ccc(S(=O)(=O)Nc2ncccn2)cc1,0.0,training
FC(F)OC(Cl)C(F)(F)F,0.0,training
CCN(N=O)C(=N)N[N+](=O)[O-],1.0,training
CCN[C@H]1C[C@@H](N)[C@@H](O[C@H]2OC(CN)=CC[C@H]2N)[C@@H](O)[C@H]1O[C@H]1OC[C@@](C)(O)[C@@H](NC)[C@H]1O,0.0,training
OC[C@@H]1O[C@@H](O[C@@]2(CO)O[C@H](CO)[C@@H](O)[C@@H]2O)[C@@H](O)[C@H](O)[C@@H]1O,0.0,training
COP(=O)(OC)O/C(=C/Cl)c1cc(Cl)c(Cl)cc1Cl,1.0,training
Cc1cccc([N+](=O)[O-])c1N,1.0,training
CC=NO,0.0,training
CC(C)NC[C@@H](O)COc1ccc2[nH]ccc2c1,0.0,training
CN=[N+](C)[O-],1.0,training
COc1cc2c(c3oc(=O)c4c(c13)CCC4=O)[C@@H]1C=CO[C@@H]1O2,1.0,training
CN1[C@@H]2C[C@@H](OC(=O)C(CO)c3ccccc3)C[C@H]1[C@@H]1O[C@@H]12,0.0,training
CNc1ncnc2c1ncn2[C@@H]1O[C@@H](CO)[C@H](O)[C@@H]1O,0.0,training
ClC=C(Cl)Cl,1.0,training
Cc1ccc(-c2nc3ccccn3c2CC(=O)N(C)C)cc1,1.0,training
O=CC=Cc1ccccc1,0.0,training
Cc1cccc(/N=N/c2ccc(N(C)C)cc2)c1,1.0,training
NNC(=O)c1cccnc1,1.0,training
COC(C(=O)O)c1ccccc1,0.0,training
Clc1ccc(-c2ccc(Cl)c(Cl)c2Cl)cc1Cl,1.0,training
Oc1ccc(OCc2ccccc2)cc1,0.0,training
COc1cc(N)ccc1N=Nc1ccccc1,0.0,training
O=C(O)Cc1ccccc1Nc1c(Cl)cccc1Cl,0.0,training
Nc1c(Cl)cc([N+](=O)[O-])cc1Cl,0.0,training
Nc1ccc(Cc2ccc(N)c(Cl)c2)cc1Cl,1.0,training
ClC1=C(Cl)[C@]2(Cl)[C@@H]3[C@H](Cl)[C@H](Cl)C[C@@H]3[C@@]1(Cl)C2(Cl)Cl,1.0,training
Cc1cnc(C(=O)NCCc2ccc(S(=O)(=O)NC(=O)NC3CCCCC3)cc2)cn1,0.0,training
C=C1C/C(=C/C)C(=O)O[C@@H]2CCN3CC=C(COC(=O)[C@]1(C)O)[C@H]23,0.0,training
O=c1[nH]c(O)cn1/N=C/c1ccc(-c2ccc([N+](=O)[O-])cc2)o1,0.0,training
C=C(NC(=O)C(=C)NC(=O)c1csc(C2=N[C@H]3c4csc(n4)[C@H]4NC(=O)c5csc(n5)[C@H]([C@@](C)(O)[C@@H](C)O)NC(=O)C5CSC(=N5)C(=CC)NC(=O)C([C@@H](C)O)NC(=O)c5csc(n5)[C@]3(CC2)NC(=O)C(C)NC(=O)C(C)=NC(=O)C(C)NC(=O)C(C(C)CC)N[C@@H]2C=Cc3c([C@H](C)O)cc(nc3[C@H]2O)C(=O)O[C@@H]4C)n1)C(N)=O,0.0,training
S=C(NC1CCCCC1)N1CCC(C2C=NC=N2)CC1,0.0,training
CN1C2CCCC1CC(=O)C2,0.0,training
CC1(C)[C@@H](OC(=O)CCC(=O)O)CC[C@]2(C)C3C(=O)C=C4C5C[C@@](C)(C(=O)O)CC[C@]5(C)CC[C@@]4(C)[C@]3(C)CC[C@@H]12,0.0,training
CN1CCC(=C2c3ccccc3Sc3ccccc32)CC1,0.0,training
COc1ccc(C(=O)OC2C[C@H]3CC[C@H](C2)N3C)cc1OC,0.0,training
CN[C@H]1[C@@H](O)[C@H](O[C@H]2[C@@H](O)[C@@H](OC3OC(CN)=CCC3N)[C@H](N)C[C@@H]2N)OC[C@@]1(C)O,0.0,training
N=C(CCSCc1csc(N=C(N)N)n1)NS(N)(=O)=O,0.0,training
CN[C@@H]1[C@H](O[C@H]2[C@H](O[C@@H]3[C@@H](O)[C@H](O)[C@@H](N=C(N)N)[C@H](O)[C@H]3N=C(N)N)O[C@@H](C)[C@]2(O)CO)O[C@@H](CO)[C@H](O)[C@H]1O,0.0,training
O=C(O)C1[C@H]2C[C@H]3c4[nH]c5ccccc5c4CCN3C[C@@H]2CC[C@@H]1O,0.0,training
COc1ccc2[nH]c3c(c2c1)CCN=C3C,0.0,training
CNCCC[C@]12CC[C@H](c3ccccc31)c1ccccc12,0.0,training
CC(C)=CCC=C(C)C=Cc1c(C)c(O)c2ccccc2c1O,0.0,training
Cn1nnnc1SCC1=C(C(=O)O)N2C(=O)C(NC(=O)C(O)c3ccccc3)[C@H]2SC1,0.0,training
Cc1c(O)c(=O)n(-c2ccccc2)n1C,0.0,training
C=C(C)[C@@H]1CC[C@]2(CO)CC[C@]3(C)[C@H](CC[C@@H]4[C@@]5(C)CC[C@H](O)C(C)(C)[C@@H]5CC[C@]43C)[C@@H]12,0.0,training
CN(C)Cc1c[nH]c2ccccc12,0.0,training
C=C1C[C@]23C[C@@]1(O)CC[C@H]2[C@@]12C=C[C@H](O)[C@@](C)(C(=O)O1)[C@H]2C3C(=O)O,0.0,training
CN(C)CCCSC(=N)N,0.0,training
CC(C)[C@@]1(NC(=O)C2C[C@@H]3c4cccc5[nH]cc(c45)C[C@H]3N(C)C2)O[C@@]2(O)[C@@H]3CCCN3C(=O)C(Cc3ccccc3)N2C1=O,0.0,training
CS(=N)(=O)CCC(N)C(=O)O,0.0,training
CC1=NCCc2c1[nH]c1cc(O)ccc21,0.0,training
CC(=O)OCC1=C(C(=O)O)N2C(=O)C(NC(=O)Cc3cccs3)[C@H]2SC1,0.0,training
COc1cc(/C=C/C(=O)N2CCC=CC2=O)cc(OC)c1OC,0.0,training
C[C@@H]1CC[C@@]2(OC1)O[C@H]1C[C@H]3[C@@H]4CC[C@H]5C[C@@H](O)CC[C@]5(C)[C@H]4CC(=O)[C@]3(C)[C@H]1[C@@H]2C,0.0,training
COc1c2ccoc2nc2c(OC)c(OC[C@@H](O)C(C)(C)O)ccc12,0.0,training
C=C[C@H]1CN2CC[C@H]1C[C@@H]2[C@@H](O)c1ccnc2ccccc12,0.0,training
CCN1C[C@]2(COC)CC[C@H](O)[C@]34C1[C@H](C[C@H]23)[C@@]1(O)C[C@H](OC)[C@H]2C[C@@H]4[C@@H]1[C@H]2OC(C)=O,0.0,training
c1cncc(C2=NCCC2)c1,0.0,training
Cc1c(N)c(=O)n(-c2ccccc2)n1C,0.0,training
CCN(Cc1cccc(S(=O)(=O)O)c1)c1ccc(C(=C2C=CC(=[N+](CC)Cc3cccc(S(=O)(=O)[O-])c3)C=C2)c2ccccc2S(=O)(=O)O)cc1,1.0,training
Cn1c(-c2ccc3c(c2)OCO3)cc(=O)c2ccccc21,0.0,training
Nc1nc(=S)c2ncn([C@H]3CC(O)[C@@H](CO)O3)c2[nH]1,1.0,training
C[N+]1(C)C[C@@H](O)CC1C(=O)[O-],0.0,training
CCN1C[C@]2(COC)CC[C@H](OC)[C@@]34C1[C@]1(OCO[C@@]15C[C@H](OC)[C@H]1C[C@@H]3[C@@H]5[C@H]1OC)[C@@H](O)[C@H]24,0.0,training
CC(C)CCCCC(=O)NC(CCN)C(=O)NC(C(=O)NC(CCN)C(=O)NC1CCNC(=O)C([C@@H](C)O)NC(=O)C(CCN)NC(=O)C(CCN)NC(=O)C(C(C)C)CNC(=O)C(CC(C)C)NC(=O)C(CCN)NC1=O)[C@@H](C)O,0.0,training
CNC(C)(C)Cc1ccccc1,0.0,training
CCC(=O)O[C@@H]1CC(=O)O[C@H](C)C/C=C/C=C/[C@@H](O)[C@H](C)C[C@H](CC=O)[C@H](O[C@@H]2O[C@H](C)[C@@H](O[C@H]3C[C@@](C)(O)[C@@H](OC(=O)CC)[C@H](C)O3)[C@H](N(C)C)[C@H]2O)[C@H]1OC,0.0,training
COc1cc(-c2ccc(N=Nc3ccc4c(S(=O)(=O)O)cc(S(=O)(=O)O)c(N)c4c3O)c(OC)c2)ccc1N=Nc1ccc2c(S(=O)(=O)O)cc(S(=O)(=O)O)c(N)c2c1O,0.0,training
CN1C2CCC1CC(O)C2,0.0,training
COc1ccc(C[C@](C)(N)C(=O)O)cc1OC,0.0,training
CC[C@H](CC[C@@H](C)[C@H]1CC[C@H]2[C@@H]3CC=C4C[C@@H](O)CC[C@]4(C)[C@H]3CC[C@]12C)C(C)C,0.0,training
CO[C@H]1C[C@H](O[C@@H]2C(C)C(=O)O[C@H](C)[C@H](C)[C@H](O)C(C)C(=O)[C@]3(CO3)C[C@H](C)[C@H](O[C@@H]3O[C@H](C)C[C@H](N(C)C)[C@H]3O)[C@H]2C)O[C@@H](C)[C@@H]1O,0.0,training
CC(=O)NC(CC(=O)O)C(=O)O,0.0,training
C[C@]12N[C@H](Cc3ccccc31)c1ccccc12,0.0,training
Clc1cnccn1,0.0,training
C[C@]12CCC(=O)C=C1CC[C@@H]1C2C(=O)C[C@]2(C)C(=O)CC[C@@H]12,0.0,training
C=C/C1=C/C(C)(C)[C@](C)(OC(C)=O)C(=O)OCC2=CCN(C)CCC(OC1=O)C2=O,1.0,training
CCN(Cc1cccc(S(=O)(=O)O)c1)c1ccc(C(=C2C=CC(=[N+](CC)Cc3cccc(S(=O)(=O)[O-])c3)C=C2)c2ccc(O)cc2S(=O)(=O)O)cc1,1.0,training
CN1C(C)(C)CCCC1(C)C,0.0,training
C=C1[C@@H](O)[C@]23C[C@@H]1[C@@H](O)C[C@H]2[C@@]12C4[C@@H]3C[C@@H]1[C@@](C)(CC[C@@H]2O)CN4CC,0.0,training
CC[C@@]1([C@@H]2O[C@@H]([C@H]3O[C@@](O)(CO)[C@H](C)C[C@@H]3C)C[C@@H]2C)CC[C@H]([C@]2(C)CC[C@]3(C[C@H](O)[C@@H](C)[C@@H]([C@@H](C)[C@@H](OC)C(C)C(=O)O)O3)O2)O1,0.0,training
CN(C)C1C(=O)C(C(=O)NCNC(CCCCN)C(=O)O)C(=O)[C@@]2(O)C(=O)C3C(=O)c4c(O)cccc4[C@@](C)(O)[C@H]3C[C@@H]12,0.0,training
CCCOc1ccccc1-c1nc(=O)c2[nH]nnc2[nH]1,0.0,training
C[C@H](CCC(=O)NCC(=O)O)[C@H]1CC[C@H]2[C@@H]3[C@H](O)C[C@@H]4C[C@H](O)CC[C@]4(C)[C@H]3C[C@H](O)[C@]12C,0.0,training
CN1CC(C(=O)N[C@]2(C)O[C@@]3(O)[C@@H]4CCCN4C(=O)C(Cc4ccccc4)N3C2=O)CC2c3cccc4[nH]cc(c34)C[C@H]21,0.0,training
CN(C)C1C(=O)C(C(N)=O)C(=O)[C@@]2(O)C(=O)C3C(=O)c4c(O)ccc(Cl)c4[C@@](C)(O)C3C[C@@H]12,0.0,training
CN(C)[C@@H]1CCCCC(OC2c3ccccc3CCc3ccccc32)C1,0.0,training
CNCCC=C1c2ccccc2C=Cc2ccccc21,0.0,training
CSc1ccc2c(c1)C(N1CCN(C)CC1)Cc1ccccc1S2,0.0,training
CC(=O)OCC(=O)[C@@]1(O)CC[C@H]2[C@@H]3CC=C4CC(=O)CC[C@]4(C)C3(F)C(=O)C[C@@]21C,0.0,training
COc1cc2ccc(=O)oc2cc1O,0.0,training
COC(=O)C1[C@H]2C[C@H]3c4[nH]c5ccccc5c4CCN3C[C@@H]2CC[C@@H]1O,0.0,training
CC[C@]12CCCN3CCc4c(n(c5ccccc45)[C@](O)(C(=O)OC)C1)[C@@H]32,0.0,training
O=C(O)CNC(=O)C(CS)Cc1ccccc1,0.0,training
C=C(C)[C@@H]1CC[C@]2(C(=O)O)CC[C@]3(C)[C@H](CC[C@@H]4[C@@]5(C)CC[C@H](O)C(C)(C)[C@@H]5CC[C@]43C)[C@@H]12,0.0,training
CO[C@H](C)C(O)(C(=O)OCC1=CCN2CC[C@H](O)[C@@H]12)C(C)C,0.0,training
COc1ccc2c(c1)N(C[C@H](C)CN(C)C)c1ccccc1S2,0.0,training
Cc1ccsc1C=CC1=NCCCN1C,0.0,training
CN1C(CC(O)c2ccccc2)CCCC1CC(O)c1ccccc1,0.0,training
COc1cc2c(c(OC)c1OC)-c1ccc(=O)c(O)cc1[C@@H](N)CC2,0.0,training
Cc1nccc2c1[nH]c1ccccc12,0.0,training
c1ccc2nc(N3CCNCC3)ccc2c1,0.0,training
CCN(CC)C(=O)N1CCN(C)CC1,0.0,training
C[N+]1([O-])[C@@H]2C[C@@H](OC(=O)C(CO)c3ccccc3)C[C@H]1[C@@H]1O[C@@H]12,0.0,training
CNC(=O)Oc1ccc2c(c1)[C@]1(C)CCN(C)[C@@H]1N2C,0.0,training
COC(=O)Nc1nc2cc(SC(C)C)ccc2[nH]1,0.0,training
O=c1cc(-c2ccccc2)oc2cc(O)cc(O)c12,0.0,training
C[C@H]1CC[C@@H]2[C@@H](C)[C@H]3[C@H](C[C@H]4[C@@H]5CC=C6C[C@@H](O[C@@H]7O[C@H](CO)[C@H](O)[C@H](O[C@@H]8O[C@H](CO)[C@@H](O)[C@H](O)[C@H]8O)[C@H]7O[C@@H]7O[C@@H](C)[C@H](O)[C@@H](O)[C@H]7O)CC[C@]6(C)[C@H]5CC[C@]34C)N2C1,0.0,training
CC(=O)N[C@@H]1[C@@H](OC(C)C(=O)O)[C@H](O)[C@@H](CO)O[C@@H]1O,0.0,training
C[C@H]1[C@H](C)CC[C@]2(C(=O)O)CC[C@]3(C)C(=CC[C@@H]4[C@@]5(C)CC[C@H](O)C(C)(C)[C@@H]5CC[C@]43C)[C@H]12,0.0,training
CNCCc1ccccn1,0.0,training
O=C1C=CC(=O)c2c1ccc1c2ccc2ccccc21,0.0,training
CC1/C=C/C=C/CC/C=C/C=C/C=C/C=C/C(O[C@@H]2O[C@H](C)[C@@H](O)[C@H](N)[C@@H]2O)CC(O)C(C(=O)O)C(O)CC(=O)CC(O)C(O)CCC(O)CC(O)CC(O)CC(=O)OC(C)C(C)C1O,0.0,training
COc1ccc2cc1Oc1ccc(cc1)C[C@H]1c3cc(c(OC)cc3CCN1C)Oc1c(OC)c(OC)cc3c1[C@H](C2)N(C)CC3,0.0,training
Cc1c(C)c2c(c(C)c1O)CCC(C)(C(=O)O)O2,0.0,training
CCC(C(=O)C(C)[C@@H](O)[C@H](C)CCc1ccc(C)c(O)c1C(=O)O)[C@H]1O[C@](CC)([C@H]2CC[C@](O)(CC)[C@H](C)O2)C[C@@H]1C,0.0,training
NC[C@@H]1O[C@H](O[C@H]2[C@@H](O)[C@H](O[C@@H]3[C@@H](O)[C@H](N)C[C@H](N)[C@H]3O[C@H]3O[C@H](CN)[C@@H](O)[C@H](O)[C@H]3N)O[C@@H]2CO)[C@H](N)[C@@H](O)[C@@H]1O,0.0,training
CCC(C)N1CCC2(CC1)N=c1c(c3c4c5c(C)c(O)c3c(O)c1=NC(=O)C(C)=CC=CC(C)[C@H](O)[C@@H](C)[C@@H](O)[C@@H](C)[C@H](OC(C)=O)[C@H](C)[C@@H](OC)/C=C/O[C@@](C)(O5)C4=O)N2,0.0,training
CCN1C[C@]2(COC)CC[C@H](O)[C@]34C1[C@](O)([C@@H](OC)[C@H]23)[C@@]1(O)C[C@H](OC)[C@H]2C[C@@H]4[C@@H]1[C@H]2OC,0.0,training
CN1Cc2c(N)cccc2C(c2ccccc2)C1,0.0,training
Nc1c(O)cccc1C(=O)CC(N)C(=O)O,0.0,training
C=C[C@@]12CN(C)[C@H]3[C@H]1[C@@]1(C(=O)Nc4ccccc41)C1CC2[C@@H]3CO1,0.0,training
CC1(C)SC2C(NC(=O)C(N)c3ccccc3)C(=O)N2C1C(=O)O,1.0,training
COc1ccc2c(c1O)-c1c(OC)c(OC)cc3c1[C@H](C2)N(C)CC3,0.0,training
c1ccc(CNc2ncnc3[nH]cnc23)cc1,0.0,training
COC(=O)C1[C@H]2C[C@@H]3c4[nH]c5cc(OC)ccc5c4CCN3C[C@H]2C[C@@H](OC(=O)/C=C/c2cc(OC)c(OC)c(OC)c2)[C@@H]1OC,0.0,training
CC(=O)NS(=O)(=O)c1ccc(N)cc1,0.0,training
CC(=O)Nc1cc2ccccc2oc1=O,0.0,training
CCCC(=O)Nc1ncnc2c1ncn2[C@@H]1O[C@@H]2OP(=O)(O)OC[C@H]2[C@H]1OC(=O)CCC,0.0,training
COc1cc(C(=O)OCCCN2CCCN(CCCOC(=O)c3cc(OC)c(OC)c(OC)c3)CC2)cc(OC)c1OC,0.0,training
CC(=O)c1ccc2c(c1)N(CCCN(C)C)c1ccccc1S2,0.0,training
CN1[C@@H]2CC(=O)C[C@H]1[C@H](O)C2,0.0,training
O=C(c1ccc(F)cc1)C1CCN(CCn2c(=O)[nH]c3ccccc3c2=O)CC1,0.0,training
CC(N=C(N=c1cc[nH]cc1)NC#N)C(C)(C)C,0.0,training
COc1ccc2c(c1OC)C(=O)O[C@@H]2[C@H]1c2cc3c(cc2CCN1C)OCO3,0.0,training
N=C(N)NCCCCN=C(N)N,0.0,training
O=c1c(O)c(-c2cc(O)c(O)c(O)c2)oc2cc(O)cc(O)c12,0.0,training
CO[C@@]1(NC(=O)C(C(=O)O)c2ccc(O)cc2)C(=O)N2C(C(=O)O)=C(CSc3nnnn3C)CO[C@@H]21,0.0,training
CC(C)NC[C@@H](O)c1ccc(O)c(O)c1,0.0,training
COc1ccc([C@@H]2CC(=O)c3c(O)cc(O)cc3O2)cc1O,0.0,training
COc1cc(N)c(Cl)cc1C(=O)NC1CCN(Cc2ccccc2)CC1,0.0,training
COc1ccc(CC2c3cc(OC)c(OC)cc3CCN2C)cc1OC,0.0,training
CC(Cc1ccccc1)NCCC(c1ccccc1)c1ccccc1,0.0,training
CCN1C[C@@]2(COC)C3[C@@H](OC)[C@H]4[C@@H]1[C@@]3(C1C[C@@]3(O)[C@H](OC(=O)c5ccccc5)C1[C@]4(OC(C)=O)[C@@H](O)[C@H]3OC)[C@@H](OC)C[C@H]2O,0.0,training
CCN1C[C@]2(C)CC[C@H](OC)[C@@]34C1[C@]1(OCO[C@@]15C[C@H](OC)[C@H]1C[C@]3(O)[C@@H]5[C@H]1OC)[C@@H](OC(C)=O)[C@H]24,0.0,training
c1cncc([C@H]2CCCCN2)c1,0.0,training
C[C@@H]1NCCc2cc(O)c(O)cc21,0.0,training
CCN(Cc1cccc(S(=O)(=O)O)c1)c1ccc(C(=C2C=CC(=[N+](CC)Cc3cccc(S(=O)(=O)[O-])c3)C=C2)c2ccc(N(C)C)cc2)cc1,1.0,training
CC1C(=O)O[C@H]2CC34[C@H]5C[C@@H](C(C)(C)C)[C@@]36C(O)C(=O)O[C@H]6O[C@@]4(C(=O)O5)[C@@]12O,0.0,training
O=C(O)[C@]1(O)C[C@H](O)[C@@H](O)[C@@H](O)C1,0.0,training
CCC(C)C(=O)O[C@H]1[C@H](O)[C@H]2[C@@H](CN3C[C@@H](C)CC[C@H]3[C@@]2(C)O)C2C[C@]34O[C@@]5(O)[C@@H](OC(=O)[C@](C)(O)CC)CC[C@@]3(C)[C@@H]5[C@@H](OC(C)=O)[C@@H](OC(C)=O)[C@H]4[C@@]21O,0.0,training
CC(C)CC1C(=O)N2CCC[C@H]2[C@]2(O)O[C@](NC(=O)C3C=C4c5cccc6[nH]cc(c56)C[C@H]4N(C)C3)(C(C)C)C(=O)N12,0.0,training
CO[C@H]1C=C2CCN(C)[C@H]2C2c3cc4c(cc3C(=O)O[C@@H]21)OCO4,0.0,training
C[C@]12CC[C@H]3[C@@H](CC[C@]4(O)C[C@@H](O)CC[C@]34C=O)[C@@]1(O)CC[C@@H]2C1=CC(=O)OC1,0.0,training
COc1c2c(cc3c1OCO3)CCN(C)C2,0.0,training
C[C@]12CC[C@H](O)C[C@H]1CC[C@@H]1[C@@H]2C[C@@H](O)[C@]2(C)[C@@H](C3=CC(=O)OC3)CC[C@]12O,0.0,training
CN[C@@H]1[C@@H](O)[C@@H](O[C@@H]2[C@@H](O)[C@H](O[C@H]3O[C@H]([C@@H](C)NC)CC[C@H]3N)[C@@H](N)C[C@H]2N)OC[C@]1(C)O,0.0,training
CCCCCN(CCCCC)C(=O)C(CCC(=O)O)NC(=O)c1ccc(Cl)c(Cl)c1,0.0,training
C[C@H]1CC[C@]2(NC1)O[C@H]1C[C@H]3[C@@H]4CC[C@H]5C[C@@H](O)CC[C@]5(C)[C@H]4CC[C@]3(C)[C@H]1[C@@H]2C,0.0,training
COC1=CC2=C(C1=O)C1C2c2c(cc(OC)c(OC)c2OC)CC[C@@H]1NC(C)=O,0.0,training
CCN1C[C@]2(C)CC[C@H](O)[C@]34C1[C@H](C[C@H]23)[C@@]1(O)C[C@H](OC)[C@H]2C[C@@H]4[C@@H]1C2O,0.0,training
COCCc1ccc(OCC(O)CNC(C)C)cc1,0.0,training
Nc1ncnc2c1ncn2C1O[C@H](CO)[C@@H](O)[C@@H]1O,0.0,training
CN1[C@@H](CC(=O)c2ccccc2)CCC[C@H]1C[C@H](O)c1ccccc1,0.0,training
CN1CCC(=C2c3ccccc3CCc3sccc32)CC1,0.0,training
CC(=O)OCC1=C(C(=O)O)N2C(=O)C(N)C2SC1,0.0,training
COc1ccc2[nH]cc(CCNC(C)=O)c2c1,0.0,training
COC(=O)C1[C@H]2C[C@H]3c4[nH]c5ccccc5c4CCN3C[C@H]2CC[C@@H]1O,0.0,training
O[C@@H]1CCCC[C@H]1N1CCC(c2ccccc2)CC1,0.0,training
CN[C@@H]1[C@H](O[C@H]2[C@H](O[C@@H]3[C@@H](O)[C@H](O)[C@@H](N=C(N)N)[C@H](O)[C@H]3N=C(N)N)O[C@@H](C)[C@]2(O)C=O)O[C@@H](CO)[C@H](O)[C@H]1O,0.0,training
c1ccc2c3c([nH]c2c1)[C@H]1C2CCC([C@@H]4CCCN[C@H]24)N1CC3,0.0,training
Cc1[nH]ccc2c1[nH]c1cc(=O)ccc12,0.0,training
O=c1cc(-c2ccc(O)cc2)oc2c(C3O[C@H](CO)[C@@H](O)[C@H](O)[C@H]3O)c(O)cc(O)c12,0.0,training
C[N+]1(C)CCCC1C(=O)[O-],0.0,training
C(#CCN1CCCC1)CN1CCCC1,0.0,training
O=C(O)C(O)C(O)C(O[C@@H]1O[C@H](CO)[C@H](O)[C@H](O)[C@H]1O)[C@H](O)CO,0.0,training
C=C[C@H]1CN2CC[C@H]1C[C@H]2[C@H](O)c1ccnc2ccccc12,0.0,training
COc1cc(C(=O)O[C@H]2C[C@H]3CC[C@@H](C2)N3C)ccc1O,0.0,training
Nc1ccccc1S(N)(=O)=O,0.0,training
COc1ccn(C)c(=O)c1C#N,0.0,training
CN(C)C1C(=O)C(C(N)=O)C(=O)[C@@]2(O)C(=O)C3C(=O)c4c(O)ccc(Cl)c4[C@@H](O)[C@H]3C[C@@H]12,0.0,training
CN1CC[C@@]2(C)c3cc(O)ccc3N(C)[C@H]12,0.0,training
C[C@]12CC[C@H](O)C[C@@H]1CC[C@@H]1[C@@H]2CC[C@]2(C)C(=O)CC[C@@H]12,0.0,training
COc1cc(=O)n(C)c2c(OCC(O)C(C)(C)O)cccc12,0.0,training
CC(=O)c1cc2ccccc2oc1=O,0.0,training
CN1CC[C@]23c4ccccc4N[C@H]1[C@]21CCN(C)[C@H]3Nc2ccccc21,0.0,training
Cc1[nH]c(=O)[nH]c1O,0.0,training
NCCC(=O)NCCc1c[nH]cn1,0.0,training
CC1(O)CCOC(=O)C1,0.0,training
CCC[C@@H]1CC(C(=O)N[C@@H]([C@H]2O[C@H](SC)[C@H](O)[C@@H](O)[C@@H]2O)[C@@H](C)O)N(C)C1,0.0,training
Nc1nc(=O)c2[nH]nnc2[nH]1,0.0,training
CN1C[C@H](CO)C=C2c3cccc4[nH]cc(c34)C[C@H]21,0.0,training
CCCCc1c(O)n(-c2ccccc2)n(-c2ccccc2)c1=O,1.0,training
CNc1ccc(N(CCO)CCO)cc1[N+](=O)[O-],1.0,training
C=CCc1ccc(OC)c(OC)c1,1.0,training
C[N+]([O-])(CCCl)CCCl,1.0,training
O=NN1CCOC1,1.0,training
Nc1ccc(-c2ccc(N)c(N)c2)cc1N,1.0,training
Nc1cccc(N)c1,0.0,training
OCCOCCOCCO,0.0,training
CCCCC(C)(O)C/C=C/[C@@H]1C(CCCCCCC(=O)OC)C(=O)C[C@H]1O,0.0,training
CNCCC(Oc1ccc(C(F)(F)F)cc1)c1ccccc1,0.0,training
CC(=O)N(C(C)=O)c1cccc2c1Cc1ccccc1-2,1.0,training
NNc1nc(-c2ccc([N+](=O)[O-])o2)cs1,1.0,training
Oc1ccccc1-c1ccccc1,1.0,training
Cn1c(=O)c2c(ncn2C)n(C)c1=O,0.0,training
CCN(N=O)C(=O)NCC(C)=O,1.0,training
Nc1nc(-c2ccc([N+](=O)[O-])o2)cs1,1.0,training
O=NN1CCOC1=O,1.0,training
CC(C)(Oc1ccc(C2CCCc3ccccc32)cc1)C(=O)O,1.0,training
CC1(C)C(=O)Nc2ccc(C3=NNC(=O)CC3)cc21,1.0,training
ClC(Cl)=C(Cl)C(Cl)=C(Cl)Cl,1.0,training
C=CC(O)c1ccc2c(c1)OCO2,1.0,training
CC(O)CCl,0.0,training
CC(C)(C)c1cc(CO)cc(C(C)(C)C)c1O,0.0,training
Nc1ccc(N)cc1,0.0,training
O=C(NCC1CCCCN1)c1cc(OCC(F)(F)F)ccc1OCC(F)(F)F,0.0,training
CN(C)CCN(Cc1ccco1)c1ccccn1,0.0,training
CCNC(=O)Nc1ncc([N+](=O)[O-])s1,1.0,training
CN(N=O)c1ccccc1,1.0,training
CCc1nc(N)nc(N)c1-c1ccc(Cl)cc1,0.0,training
C#C[C@@]1(O)CC[C@]2(C)[C@]1(C)CC[C@]1(C)c3ccc(OC)cc3CC[C@@]21C,1.0,training
CC(O)CN(CC(O)CO)N=O,1.0,training
N#Cc1c(Cl)c(Cl)c(Cl)c(C#N)c1Cl,1.0,training
CCn1cc(C(=O)O)c(=O)c2cc3c(cc21)OCO3,1.0,training
CC1CCC(C(C)C)C(O)C1,0.0,training
CC1CC(=O)O1,1.0,training
CN(C)c1ccc(C(=O)c2ccc(N(C)C)cc2)cc1,1.0,training
Nc1ccc(Oc2ccc(Cl)cc2)cc1,1.0,training
CC(C)Oc1ccccc1OC(=O)N(C)N=O,1.0,training
O=[N+]([O-])OCC(CO[N+](=O)[O-])O[N+](=O)[O-],1.0,training
CN(C)C(=S)SSC(=S)N(C)C,0.0,training
OCC(CO)(CBr)CBr,1.0,training
Clc1ccc2c(c1)C(c1ccccc1)=NCc1nncn1-2,0.0,training
CC(C)[N+](=O)[O-],0.0,training
Clc1cc2c(cc1Cl)Oc1cc(Cl)c(Cl)cc1O2,1.0,training
CCNC(=S)NCC,1.0,training
CN(C)CCOC(c1ccccc1)c1ccccc1,0.0,training
Cc1ccc(S(=O)(=O)NC(=O)NN2CCCCCC2)cc1,0.0,training
O=[N+]([O-])c1ccc(-c2cnc3ccccn23)o1,1.0,training
Cc1cnc2ccc3c(nc(N)n3C)c2n1,1.0,training
C=CC=NO,0.0,training
CCCN(CCC)N=O,1.0,training
CCC[N+](=O)[O-],0.0,training
O=NN1CCCCC1,1.0,training
O=C(O)CCC(=O)O,0.0,training
CC(=O)OCN=[N+](C)[O-],1.0,training
Nc1ccc(-c2ccccc2)cc1,1.0,training
Nc1nnc(-c2ccc([N+](=O)[O-])o2)o1,1.0,training
CC(C)CN(N=O)C(N)=O,1.0,training
Cc1ccc([N+](=O)[O-])cc1,1.0,training
CC(C)=NO,1.0,training
COc1c2occc2cc2ccc(=O)oc12,1.0,training
CN(C)P(=O)(N(C)C)N(C)C,1.0,training
COc1cccc(O)c1O,1.0,training
CC(=O)CN(CC(O)CO)N=O,1.0,training
CCOC(=O)CC(SP(=O)(OC)OC)C(=O)OCC,0.0,training
O=NN1CCCC1C(=O)O,0.0,training
COc1ccc(C)cc1N,1.0,training
CCCCCCCCCCCC[N+](C)(C)[O-],0.0,training
Cc1nc(N)cc2[nH]c3ccccc3c12,1.0,training
Nc1ccccc1C(=O)O,0.0,training
O=S1(=O)CC=CC1,0.0,training
C1CCOC1,1.0,training
O=NN(CC(F)(F)F)CC(F)(F)F,0.0,training
CC(O)CN(CC(C)O)N=O,1.0,training
O=P1(N(CCCl)CCCl)NCCCO1,1.0,training
CC(=O)CN(CCO)N=O,1.0,training
Cc1cc(=O)n(-c2ccccc2)n1C,1.0,training
c1ccc2c(c1)Oc1ccccc1O2,0.0,training
C=CCN(CC=C)N=O,1.0,training
CCOC(=O)C1OC1(C)c1ccccc1,0.0,training
O=[N+]([O-])c1cc[n+]([O-])c2ccccc12,1.0,training
Clc1c(Cl)c(Cl)c(Cl)c(Cl)c1Cl,1.0,training
c1ccncc1,1.0,training
CCCc1ccc2c(c1)OCO2,1.0,training
O=[N+]([O-])c1cccc2cccnc12,1.0,training
COc1cc(O)c2c(=O)c3c(OC)cc4c(c3oc2c1OC)C1C=COC1O4,1.0,training
c1ccc2[nH]c(-c3cscn3)nc2c1,0.0,training
NC(=O)Nc1[nH]c(=O)[nH]c1O,0.0,training
Oc1c2c(c(O)n1SC(Cl)(Cl)Cl)CC=CC2,1.0,training
C=CC#N,1.0,training
CN(Cc1cnc2nc(N)nc(N)c2n1)c1ccc(C(=O)NC(CCC(=O)O)C(=O)O)cc1,0.0,training
CN(CC(O)CO)N=O,1.0,training
CCC(Br)(CC)C(=O)NC(N)=O,0.0,training
Cc1ccccc1S(N)(=O)=O,1.0,training
c1ccc2occc2c1,1.0,training
CCNc1nc(Cl)nc(NC(C)C)n1,1.0,training
CCOP(=S)(OCC)Oc1nc(Cl)c(Cl)cc1Cl,0.0,training
O=C1C=C(N2CC2)C(=O)C(N2CC2)=C1N1CC1,1.0,training
O=NN(CCCC(F)(F)F)CCCC(F)(F)F,1.0,training
NC(=O)c1ccccc1C(N)=O,0.0,training
O=[N+]([O-])c1cc(N(CCO)CCO)ccc1NCCO,0.0,training
CCCCCCN(N=O)C(N)=O,1.0,training
Cc1cc(=O)n(-c2ccccc2)[nH]1,0.0,training
O=NN1CCC(=O)NC1=O,1.0,training
CCC1CO1,1.0,training
O=C(O)c1ccccc1,0.0,training
CC(C)(C)NCC(O)c1ccc(O)c(CO)c1,1.0,training
O=NN1CCCN(N=O)C1,1.0,training
OCc1ccccc1,0.0,training
NC1CCCCC1,0.0,training
NNc1nc(-c2ccc(N)cc2)cs1,1.0,training
CCn1cc(C(=O)O)c(=O)c2ccc(C)nc21,1.0,training
O=S1(=O)CCCO1,1.0,training
C=CCN(CCO)N=O,1.0,training
Nc1nc(N)nc(-c2ccc([N+](=O)[O-])o2)n1,1.0,training
CC(=O)Nc1ccc(S(=O)(=O)c2ccc(NC(C)=O)cc2)cc1,1.0,training
S=P(N1CC1)(N1CC1)N1CC1,1.0,training
C=CCO,0.0,training
CCOP(=S)(OCC)Oc1ccc2c(C)c(Cl)c(=O)oc2c1,0.0,training
Oc1c(Cl)cc(Cl)cc1Cl,1.0,training
CCCN(CCC)c1ccc(N=Nc2cc[n+]([O-])cc2)cc1,0.0,training
O=NN1CCCCC1C(=O)O,0.0,training
Cc1c(-c2cnccn2)ssc1=S,0.0,training
ClC1=C(Cl)C(Cl)(Cl)C(Cl)=C1Cl,0.0,training
CCCCN(CCCCO)N=O,1.0,training
Oc1ccc(O)o1,0.0,training
O=C(O)c1ccc(N=Nc2ccc(O)c(C(=O)O)c2)cc1,0.0,training
Nc1ccc(Cl)c(N)c1,1.0,training
C=CCN(CC(O)CO)N=O,1.0,training
C#CC(OC(N)=O)(c1ccccc1)c1ccc(Cl)cc1,1.0,training
CC(C)(Oc1ccc(C2CC2(Cl)Cl)cc1)C(=O)O,1.0,training
Nc1ccc(S(=O)(=O)c2ccc(N)cc2)cc1,1.0,training
O=C1c2ccccc2C(=O)c2ccccc21,1.0,training
O=C(O)c1nn(Cc2ccc(Cl)cc2Cl)c2ccccc12,0.0,training
O=C(Nc1nc(-c2ccc([N+](=O)[O-])o2)cs1)C(F)(F)F,1.0,training
CCc1cc(C(N)=S)ccn1,0.0,training
CN(C)c1ccc(N=Nc2ccccc2)cc1,1.0,training
CN(N=O)c1ccc(N=O)cc1,1.0,training
NCCCCCCCCCCC(=O)O,1.0,training
OCC(Br)CBr,1.0,training
O=C(Nc1ccc2c(c1)Cc1ccccc1-2)C(F)(F)F,1.0,training
CCN(N=O)C(=O)NCCO,1.0,training
C=CCN(CC(C)O)N=O,1.0,training
O=c1ccc(=O)[nH][nH]1,0.0,training
Brc1cc(Br)c2cccnc2c1,0.0,training
CN(N=O)C(=O)Nc1nc2ccccc2s1,1.0,training
CN(C)NC(=O)CCC(=O)O,1.0,training
Nc1ccc(N)c2c1C(=O)c1c(N)ccc(N)c1C2=O,1.0,training
NNc1nc(-c2ccccc2)cs1,0.0,training
COc1ccc2[nH]c([S+]([O-])Cc3ncc(C)c(OC)c3C)nc2c1,1.0,training
C=CCOC(=O)CC(C)C,1.0,training
CCOS(=O)(=O)OCC,1.0,training
CN(N=O)C(=O)c1ccccc1,1.0,training
C=Cc1ccc(C)cc1,0.0,training
O=C1c2cccc(O)c2C(=O)c2c(O)cccc21,1.0,training
NC(=O)N(CCO)N=O,1.0,training
COc1ccc(C(Cl)=C(c2ccc(OC)cc2)c2ccc(OC)cc2)cc1,0.0,training
CC(C)=NNc1ncc(-c2ccc([N+](=O)[O-])o2)s1,1.0,training
CC=CC=CC(=O)O,0.0,training
Nc1ccccc1N,1.0,training
Nc1c(Br)cc(Br)c2c1C(=O)c1ccccc1C2=O,1.0,training
C=CC(=C)C,1.0,training
COc1ccc(N)c(OC)c1,0.0,training
O=C1C=C2C(=CCOC2O)O1,0.0,training
C=CCN(CC(C)=O)N=O,1.0,training
CC(C)(C)c1cc([N+](=O)[O-])cc([N+](=O)[O-])c1OS(C)(=O)=O,0.0,training
CCOC(N)=O,1.0,training
OC(Cn1cncn1)(Cn1cncn1)c1ccc(F)cc1F,1.0,training
O=NN(c1ccccc1)c1ccccc1,1.0,training
OCC(O)CCl,0.0,training
S=C1NCCN1,1.0,training
O=c1ccc2ccccc2o1,1.0,training
CCN(C#N)N=O,1.0,training
O=CNc1nc(-c2ccc([N+](=O)[O-])o2)cs1,1.0,training
COc1ccccc1N,1.0,training
C=C(C)C(=O)OC,0.0,training
Cc1ccccc1N,1.0,training
CC1=c2c(C)c(O)c(C(=O)O)c(O)c2=CO[C@H]1C,1.0,training
COc1cc([S+](C)[O-])ccc1-c1nc2ccncc2[nH]1,1.0,training
c1ccc2c(c1)cc1ccc3cccc4ccc2c1c34,1.0,training
Nc1ccc(Sc2ccc(N)cc2)cc1,1.0,training
c1ccc(C2CO2)cc1,1.0,training
Nc1cc([N+](=O)[O-])ccc1C(=O)O,0.0,training
Cc1ccc(C)c(N)c1,1.0,training
C=CCN=C=S,1.0,training
CC1CN(/N=C/c2ccc([N+](=O)[O-])o2)C(=O)N1,1.0,training
Clc1nc(Cl)nc(Nc2ccccc2Cl)n1,0.0,training
Cc1ccc(N)cc1Cl,0.0,training
O=C(O)CN(CCN(CC(=O)O)CC(=O)O)CC(=O)O,0.0,training
ClCC(Br)CBr,1.0,training
Cc1ncc([N+](=O)[O-])n1C,1.0,training
CC1=CC(C)(C)Nc2ccccc21,1.0,training
O=NN1CCCN(N=O)CC1,1.0,training
O=Cc1ccco1,1.0,training
Nc1ncc([N+](=O)[O-])s1,1.0,training
O=[N+]([O-])c1cccc2ccccc12,0.0,training
CN(C)c1ccc(Cc2ccc(N(C)C)cc2)cc1,1.0,training
Clc1ccccc1Cl,0.0,training
Nc1ccc2c(c1)C(=O)c1ccccc1C2=O,1.0,training
CNC(=S)N(C)C,1.0,training
Oc1ccc2c(c1)OCO2,1.0,training
O=NN1CC=CCC1,1.0,training
Oc1cccc(O)c1,0.0,training
Cc1cc(Cc2ccc(N)c(C)c2)ccc1N,1.0,training
C=CC=O,0.0,training
CC1CO1,1.0,training
COc1c(Cl)c(Cl)c([N+](=O)[O-])c(Cl)c1Cl,0.0,training
CN(C)CCN(C)N=O,1.0,training
Nc1ccc(N=Nc2ccccc2)c(N)n1,1.0,training
Nc1ccc(Oc2ccc(N)cc2)cc1,1.0,training
O=C(O)c1ccc([N+](=O)[O-])cc1,1.0,training
CN1CCC[C@H]1c1cccnc1,0.0,training
NC(=O)CCCCC(N)=O,0.0,training
COC(C)(C)C,1.0,training
CN(C)CCN(Cc1cccs1)c1ccccn1,1.0,training
Cc1c(N)nc(C)c2c1[nH]c1ccccc12,1.0,training
Nc1nc(N)nc(N)n1,1.0,training
CC1(C)COC1=O,1.0,training
Cc1ccccc1[N+](=O)[O-],1.0,training
CCNC(=O)N(CCO)N=O,1.0,training
CCN(C)N=O,1.0,training
O=NN1CC=CCO1,1.0,training
CC(C)=CCl,1.0,training
CCCCCCCC(=O)OCC(COC(=O)CCCCCCC)OC(=O)CCCCCCC,1.0,training
NC(=S)Nc1ccccc1,0.0,training
O=NN1CCCCCCCCCCCC1,1.0,training
O=C1OC(=O)c2ccccc21,0.0,training
CC(=O)OC(OC(C)=O)c1ccc([N+](=O)[O-])o1,0.0,training
CN(CCO)N=O,1.0,training
O=[N+]([O-])c1ccc(-c2cscn2)o1,1.0,training
O=NN1CCOCC1,1.0,training
Nc1nc(=S)c2ncn([C@H]3C[C@H](O)[C@@H](CO)O3)c2[nH]1,1.0,training
O=[N+]([O-])c1ccc(-c2nc(NCCO)c3ccccc3n2)s1,1.0,training
C=CCOc1ccccc1OCC(O)CNC(C)C,0.0,training
COc1ccc(N)c(C)c1,1.0,training
O=S(=O)(c1ccc(Cl)cc1)c1ccc(Cl)cc1,0.0,training
CN(CCCC(=O)c1cccnc1)N=O,1.0,training
Nc1ccccc1C(=O)OC/C=C/c1ccccc1,1.0,training
Nc1ccc(C=Cc2ccc(N)cc2S(=O)(=O)O)c(S(=O)(=O)O)c1,0.0,training
CC(C)NCC(O)c1ccc(NS(C)(=O)=O)cc1,0.0,training
CC(C)CON=O,1.0,training
C[C@@H]1Cc2c(Cl)cc(C(=O)NC(Cc3ccccc3)C(=O)O)c(O)c2C(=O)O1,1.0,training
c1ccc(Nc2ccc(Nc3ccccc3)cc2)cc1,0.0,training
CCCCCN(N=O)C(=O)OCC,1.0,training
CC(C)C(C(=O)OC(C#N)c1cccc(Oc2ccccc2)c1)c1ccc(Cl)cc1,0.0,training
O=CNNc1nc(-c2ccco2)cs1,0.0,training
COc1ccc([N+](=O)[O-])cc1N,1.0,training
CCCNC(=O)NS(=O)(=O)c1ccc(Cl)cc1,0.0,training
CCNc1nc(Cl)nc(NCC)n1,0.0,training
O=NN(O)c1ccccc1,1.0,training
OC[C@H](O)c1oc(O)c(O)c1O,0.0,training
CN(C)c1ccccc1,1.0,training
CC1(C)S[C@@H]2C(NC(=O)COc3ccccc3)C(=O)N2C1C(=O)O,0.0,training
OCc1ccco1,1.0,training
Cc1[nH]cnc1CSCCN=C(NC#N)N(C)N=O,0.0,training
CCCN(N=O)C(=N)N[N+](=O)[O-],1.0,training
Oc1c2c(c(O)n1SC(Cl)(Cl)C(Cl)Cl)CC=CC2,1.0,training
CC(=O)N(O)c1ccc2c(c1)Cc1ccccc1-2,1.0,training
c1ccc(NNc2ccccc2)cc1,1.0,training
Cc1noc(NS(=O)(=O)c2ccc(N)cc2)c1C,0.0,training
CC1CN(N=O)C(=O)NC1=O,0.0,training
Nc1ccc([N+](=O)[O-])cc1O,1.0,training
CCOP(=S)(OCC)Oc1cc(C)nc(C(C)C)n1,0.0,training
O=C(O)CN(CC(=O)O)CC(=O)O,1.0,training
O=c1[nH]c(O)cn1/N=C/c1ccc([N+](=O)[O-])o1,1.0,training
Clc1ccc(Cl)cc1,1.0,training
O=NN1CCCCO1,1.0,training
NC(Cc1ccc(N(CCCl)CCCl)cc1)C(=O)O,1.0,training
CC(=O)CN(CC(C)=O)N=O,1.0,training
NC(=O)N(CC(=O)O)N=O,1.0,training
Cn1c(N)nc2ncc(-c3ccccc3)cc21,1.0,training
COc1cc2c(c3oc4cccc(O)c4c(=O)c13)C1C=COC1O2,1.0,training
C=CCc1ccc2c(c1)OCO2,1.0,training
Nc1ccc(Nc2ccccc2)cc1,0.0,training
C=CC(=O)OCC,1.0,training
CCCCN(CCCC)N=O,1.0,training
C1COCCO1,1.0,training
CC(=O)CN(C)N=O,1.0,training
Oc1ccc2ccccc2c1N=Nc1ccccc1,1.0,training
Cc1cccc(Nc2cc(Cl)nc(SCC(=O)O)n2)c1C,1.0,training
Cc1cc(N)ccc1N,0.0,training
ClC(Cl)=C(Cl)c1c(Cl)c(Cl)c(Cl)c(Cl)c1Cl,0.0,training
Cc1ccc(N)cc1N,1.0,training
OCC1CO1,1.0,training
COc1ccc(N)cc1N,1.0,training
Oc1cccc2cccnc12,0.0,training
ClCC(Cl)CCl,1.0,training
NC(=O)N(CCCO)N=O,1.0,training
Nc1ccc(-c2ccc(N)c(Cl)c2)cc1Cl,1.0,training
O=P1(NCCCl)OCCCN1CCCl,1.0,training
O=C(c1ccccc1)C(O)c1ccccc1,0.0,training
COP(=O)(OC)OC=C(Cl)Cl,1.0,training
Cc1cccc2cccnc12,0.0,training
Cc1cc(O)c(C(C)(C)C)cc1Sc1cc(C(C)(C)C)c(O)cc1C,0.0,training
CCSCCC(N)C(=O)O,1.0,training
C1CNCCN1,0.0,training
COc1ccccc1[N+](=O)[O-],1.0,training
O=[N+]([O-])c1ccc(Nc2ccc(Nc3ccccc3)c(S(=O)(=O)O)c2)c([N+](=O)[O-])c1,1.0,training
S=C(SN1CCOCC1)N1CCOCC1,1.0,training
CNC[C@H](O)c1cccc(O)c1,0.0,training
O=C1OC(c2ccc(O)cc2)(c2ccc(O)cc2)c2ccccc21,1.0,training
O=C(O)CNCC(=O)O,0.0,training
O=[N+]([O-])c1ccc2ccc3cccc4ccc1c2c34,1.0,training
Cc1ccc(O)c(O)c1,1.0,training
CN(CCCO)N=O,1.0,training
Cc1cc(C)c(N)c(C)c1,1.0,training
CCOC(=O)N(CC)N=O,1.0,training
CC(C(O)c1ccccc1)N(C)N=O,1.0,training
OCN(CO)c1nc(N(CO)CO)nc(N(CO)CO)n1,1.0,training
c1ccc(-c2ccccc2)cc1,1.0,training
C#C[C@@]1(O)CCC2C3CC=C4CC(=O)CCC4C3CC[C@@]21C,1.0,training
Cc1ncc([N+](=O)[O-])n1CCO,1.0,training
Cc1ccccc1N=O,1.0,training
CC(C)(C)CC(C)(C)c1ccc(OCCOCC[N+](C)(C)Cc2ccccc2)cc1,0.0,training
O=C1CN=C(c2ccccc2)c2cc(Cl)ccc2N1CC1CC1,0.0,training
O=NN1CCCC1c1ccc[n+]([O-])c1,1.0,training
O=C(O)COc1cc(Cl)c(Cl)cc1Cl,0.0,training
Oc1ccccc1,0.0,training
CN(N=O)c1ccccn1,1.0,training
CC(C)(C)O,1.0,training
C=C(C)CCl,1.0,training
CC/C=C(/CC)[N+](=O)[O-],1.0,training
COc1ccc(O)cc1,1.0,training
CN(C)c1ccc(C(=N)c2ccc(N(C)C)cc2)cc1,1.0,training
C=C(C)[C@H]1CC=C(C)CC1,1.0,training
CN1C(=O)C(O)N=C(c2ccccc2)c2cc(Cl)ccc21,0.0,training
c1ccc2ccccc2c1,1.0,training
CC(=O)c1ccc(S(=O)(=O)NC(=O)NC2CCCCC2)cc1,0.0,training
OC[C@@H](O)[C@@H](O)[C@H](O)[C@H](O)CO[C@H]1O[C@H](CO)[C@@H](O)[C@H](O)[C@H]1O,0.0,training
C[N+](C)(C)CCCl,0.0,training
CCc1ccccc1,1.0,training
CC(=O)Nc1ccc(C(=O)CCl)cc1,0.0,training
CC(=O)Nc1ccc(-c2ccccc2)cc1,1.0,training
Nc1ccc2nc3ccccn3c2n1,1.0,training
CCn1c2ccccc2c2cc(N)ccc21,1.0,training
Nc1nnc(-c2ccc([N+](=O)[O-])o2)s1,1.0,training
CC1=CC(=O)CC(C)(C)C1,1.0,training
COc1ccc(O)c(C(C)(C)C)c1,1.0,training
CC1=CC(=C(c2ccc(N)cc2)c2ccc(N)cc2)C=CC1=N,0.0,training
CCCc1cc(=O)[nH]c(=S)[nH]1,1.0,training
c1cc(OCC2CO2)cc(OCC2CO2)c1,1.0,training
CN=C(NC#N)NCCSCc1[nH]cnc1C,0.0,training
CN(CCc1ccccc1)N=O,1.0,training
COP(=S)(OC)Oc1ccc([N+](=O)[O-])cc1,0.0,training
CCCCN(N=O)C(N)=O,1.0,training
Nc1ccc(N)c(Cl)c1,0.0,training
CCN(N=O)C(N)=O,1.0,training
c1ccc2c(c1)[nH]c1cnccc12,0.0,training
O=NN1CCCC1,1.0,training
CNNCc1ccc(C(=O)NC(C)C)cc1,1.0,training
COc1cc(-c2ccc(N)c(OC)c2)ccc1N,1.0,training
O=NN1CCC(O)C1,1.0,training
CN(C)CCN(Cc1ccsc1)c1ccccn1,0.0,training
ClCC1CO1,1.0,training
NNc1nc(-c2ccc([N+](=O)[O-])cc2)cs1,1.0,training
O=C(O)C1C(C(=O)O)[C@@]2(Cl)C(Cl)=C(Cl)[C@]1(Cl)C2(Cl)Cl,1.0,training
CC(=O)Nc1ccc(N=Nc2cc(C)ccc2O)cc1,1.0,training
CN(N=O)c1cccnc1,0.0,training
C=C(Cl)CSC(=S)N(CC)CC,1.0,training
O=C1CCc2ccccc2O1,1.0,training
COP(C)(=O)OC,1.0,training
C=CC(OCC)OCC,0.0,training
CC(=O)NCc1nc(-c2ccc([N+](=O)[O-])o2)no1,1.0,training
Cc1c([N+](=O)[O-])cccc1[N+](=O)[O-],1.0,training
CCCCCN(N=O)C(N)=O,1.0,training
OC[P+](CO)(CO)CO,0.0,training
CCSCC(N)C(=O)O,0.0,training
Nc1ccc(Cl)cc1N,1.0,training
COc1ccc(OC)c(C=Cc2ccc(N)cc2)c1,1.0,training
CC(C)OC(=O)Nc1cccc(Cl)c1,0.0,training
O=P(OCCCl)(OCCCl)OCCCl,1.0,training
CN(C)C=O,0.0,training
Cc1ccc2c(c1[N+](=O)[O-])C(=O)c1ccccc1C2=O,1.0,training
O=C1c2ccccc2C(=O)C1c1ccc2ccccc2n1,1.0,training
C=C(C)C,1.0,training
Oc1c(Cl)cc(Cl)c(Cl)c1Cc1c(O)c(Cl)cc(Cl)c1Cl,0.0,training
CCOC(=O)C(C)(C)Oc1ccc(Cl)cc1,1.0,training
O=NN1CSCSC1,0.0,training
O=C1c2ccccc2C(=O)c2c(O)cccc21,1.0,training
Nc1ccc2ccccc2c1,1.0,training
C1CCCNCCC1,0.0,training
CC(O)C(=O)O,0.0,training
c1ccccc1,1.0,training
CCN(CC)N=O,1.0,training
CCCCNC(=O)NS(=O)(=O)c1ccc(C)cc1,0.0,training
CCCCC(CC)COC(=O)c1ccccc1C(=O)OCC(CC)CCCC,1.0,training
c1ccoc1,1.0,training
O=[N+]([O-])c1ccc(Oc2ccc(Cl)cc2Cl)cc1,1.0,training
COc1cc2c(c3c1c(=O)c1ccccc1n3C)C=CC(C)(C)O2,1.0,training
CN1C(C(=O)Nc2ccccn2)C(=O)c2ccccc2S1(=O)=O,0.0,training
O=NN1CCCCCCC1,1.0,training
CC(=O)Nc1cccc2c1-c1ccccc1C2,0.0,training
C=Cc1ccccc1,1.0,training
CC1SC(C)N(N=O)C(C)S1,1.0,training
CC(=O)Nc1nc(NC(C)=O)nc(-c2ccc([N+](=O)[O-])o2)n1,1.0,training
CCCCCCCCCCCN(C)N=O,1.0,training
Cc1c(N)cccc1N,0.0,training
O=[N+]([O-])c1ccc(-c2nc(N3CCOCC3)c3ccccc3n2)s1,1.0,training
Cc1ccc2ncccc2c1,0.0,training
CC1CN(N=O)CC(C)N1C,1.0,training
CN(C)CCN(Cc1cccs1)c1ccccc1,0.0,training
NC(=O)N/N=C/c1ccc([N+](=O)[O-])o1,1.0,training
C[C@@H]1CCCCN1N=O,1.0,training
Oc1ccccc1O,1.0,training
CC(O)CN(N=O)C(=O)NCCCl,1.0,training
O=c1[nH]nc(-c2ccc([N+](=O)[O-])o2)o1,1.0,training
COc1cc(-c2ccc(N=C=O)c(OC)c2)ccc1N=C=O,1.0,training
O=C1CCCCCN1,0.0,training
Cc1cccc(C)c1NC(=O)CN1CCCC1=O,0.0,training
O=CNNc1nc(-c2ccc([N+](=O)[O-])o2)cs1,1.0,training
O=c1cc[nH]c(=S)[nH]1,1.0,training
C/C=C/c1ccc2c(c1)OCO2,1.0,training
CC(CN1c2ccccc2Sc2ccccc21)N(C)C,0.0,training
O=C(O)c1cc(N=Nc2ccc(S(=O)(=O)Nc3ccccn3)cc2)ccc1O,1.0,training
Cc1cc(C)nc(-c2ccc([N+](=O)[O-])o2)n1,1.0,training
C=CC=C,1.0,training
S=C(NC1CCCCC1)NC1CCCCC1,0.0,training
CCCC(CCC)C(=O)O,1.0,training
CC(Oc1ccc(Cl)cc1Cl)C(=O)O,0.0,training
Cc1cc(=O)[nH]c(=S)[nH]1,1.0,training
CC(=O)OCc1ccccc1,0.0,training
C1C2OC2C2C1C1CC2C2OC12,0.0,training
Nc1nc(N)nc(-c2ccccc2)n1,0.0,training
O=NN(CCO)CCO,1.0,training
C[C@]12CC(C=O)C(=O)C[C@@H]1CC[C@@H]1[C@@H]2CC[C@@]2(C)[C@H]1CC[C@]2(C)O,1.0,training
Cc1cc(Cc2cc(C)cc(C(C)(C)C)c2O)c(O)c(C(C)(C)C)c1,0.0,training
CCN(CC)C(=S)SSC(=S)N(CC)CC,0.0,training
CN1C(=O)CN=C(c2ccccc2)c2cc(Cl)ccc21,0.0,training
S=c1[nH]cnc2[nH]cnc12,0.0,training
Cc1cc(C(C)(C)C)c(O)c(C(C)(C)C)c1,0.0,training
NC(=O)c1cnccn1,0.0,training
CC=C(c1ccc(O)cc1)C(CC)c1ccc(O)cc1,1.0,training
C1CCNCC1,0.0,training
CN(C)C(=O)Nc1ccc(Cl)cc1,1.0,training
NC(=NO)c1ccc([N+](=O)[O-])o1,0.0,training
S=c1[nH]c2ccccc2s1,1.0,training
COc1cc2c(c3oc(=O)c4c(c13)CC[C@H]4O)[C@@H]1C=CO[C@H]1O2,1.0,training
O=NN1CCSCC1,1.0,training
CC(=O)Nc1ccc2c(c1)C(=O)c1ccccc1-2,1.0,training
CN(C)CCN(CC=NO)C(N)=O,1.0,training
C=CCNNCC=C,1.0,training
CCC1(c2ccccc2)C(=O)NC(=O)NC1=O,1.0,training
C#C[C@@]1(O)CC[C@]2(C)[C@]1(C)CC[C@]1(C)c3ccc(O)cc3CC[C@@]21C,1.0,training
CCC(OC(C)=O)C(CC(C)N(C)C)(c1ccccc1)c1ccccc1,1.0,training
CCCCNN,1.0,training
Cc1ccc(N=Nc2c(O)c(S(=O)(=O)O)cc3cc(S(=O)(=O)O)ccc23)c(C)c1,1.0,training
CCNN,1.0,training
CCCNN,1.0,training
C=CCNN,1.0,training
CCCCNNCCCC,1.0,training
CCCCCNN,1.0,training
Cn1cc(C(=O)O)c(=O)c2ccc(/C=C/c3ccc([N+](=O)[O-])o3)nc21,1.0,training
ON=CNc1ncnc2[nH]cnc12,1.0,training
CN(C)CCC(c1ccc(Cl)cc1)c1ccccn1,0.0,training
C[C@H](CCC(=O)O)[C@H]1CC[C@H]2[C@@H]3CC[C@@H]4C[C@H](O)CC[C@]4(C)[C@H]3CC[C@]12C,0.0,training
Nc1cc(S(=O)(=O)O)cc2cc(S(=O)(=O)O)c(N=Nc3ccc(-c4ccc(N=Nc5c(S(=O)(=O)O)cc6cc(S(=O)(=O)O)cc(N)c6c5O)cc4)cc3)c(O)c12,1.0,training
Cc1ccc(S(=O)(=O)Oc2ccc(N=Nc3ccc(-c4ccc(N=Nc5c(O)ccc6cc(S(=O)(=O)O)cc(S(=O)(=O)O)c56)c(C)c4)cc3C)cc2)cc1,1.0,training
O=S(=O)(O)c1cc(S(=O)(=O)O)c2c(N=Nc3ccc(S(=O)(=O)O)c4ccccc34)c(O)ccc2c1,1.0,training
CCOc1ccc2c(c1)C(C)=CC(C)(C)N2,0.0,training
CCN(Cc1cccc(S(=O)(=O)O)c1)c1ccc(C(=C2C=CC(=[N+](CC)Cc3cccc(S(=O)(=O)[O-])c3)C=C2)c2ccc(S(=O)(=O)O)cc2)cc1,1.0,training
Nc1ccc(N=Nc2ccc(-c3ccc(N=Nc4c(S(=O)(=O)O)cc5cc(S(=O)(=O)O)c(N=Nc6ccccc6)c(O)c5c4N)cc3)cc2)c(N)c1,1.0,training
O=c1c(O)c(-c2ccc(O)cc2)oc2cc(O)cc(O)c12,0.0,training
CCN(Cc1cccc(S(=O)(=O)O)c1)c1ccc(C(=C2C=CC(=[N+](CC)Cc3cccc(S(=O)(=O)[O-])c3)C=C2)c2ccccc2)cc1,1.0,training
C1CCC(C(CC2CCCCN2)C2CCCCC2)CC1,0.0,training
COc1cc(-c2ccc(N=Nc3c(S(=O)(=O)O)cc4cc(S(=O)(=O)O)cc(N)c4c3O)c(OC)c2)ccc1N=Nc1c(S(=O)(=O)O)cc2cc(S(=O)(=O)O)cc(N)c2c1O,1.0,training
CC(CCl)OC(C)CCl,0.0,training
ClCc1ccccn1,0.0,training
O=CCC=O,1.0,training
CC(O)CNC(=O)N(N=O)C(C)Cl,1.0,training
O=S(=O)(O)c1ccc(N=Nc2c(O)ccc3cc(S(=O)(=O)O)ccc23)cc1,0.0,training
NCCNc1cccc2ccccc12,0.0,training
O=S(=O)(O)c1ccc(N=Nc2cc(S(=O)(=O)O)c3ccccc3c2O)c2ccccc12,0.0,training
Cn1cnc([N+](=O)[O-])c1Sc1ncnc2[nH]cnc12,0.0,training
Cc1cc(C)c(N=Nc2c(O)c(S(=O)(=O)O)cc3cc(S(=O)(=O)O)ccc23)cc1C,1.0,training
Nc1c(F)c(N)c(F)c(F)c1F,0.0,training
Cc1c(N(C)CS(=O)(=O)O)c(=O)n(-c2ccccc2)n1C,0.0,training
Cc1ccc(S(=O)(=O)OCC(N)C=NO)cc1,1.0,training
O=S(=O)(O)c1cc(S(=O)(=O)O)c2c(N=Nc3ccccc3)c(O)ccc2c1,0.0,training
Cn1cc[nH]c1=S,1.0,training
CN(C)CCOC(C)(c1ccccc1)c1ccccn1,1.0,training
CCN(CC)CCCNC(=O)Cn1ncc(-c2ccccc2)c1-c1ccccc1,0.0,training
N=C1C=CC(=C(c2ccc(N)cc2)c2ccc(N)cc2)C=C1,1.0,training
O=C(O)C=Cc1ccc(O)c(O)c1,1.0,training
CNCCc1ccc(OC(=O)C(C)C)c(OC(=O)C(C)C)c1,0.0,training
