smiles_standarized,label,group
C=CCc1ccc(OC)c(OC)c1,1.0,training
CC[C@]1(c2ccccc2)C(=O)NC(=O)N(C)C1=O,0.0,training
CC[C@@H]1[C@@H]2C[C@H]3[C@@H]4N(C)c5ccccc5[C@]45C[C@@H]([C@H]2[C@H]5O)N3[C@@H]1O,0.0,training
O=C1C=C2CN(C(C(=O)C3CC3)c3ccccc3F)CC[C@H]2S1,1.0,training
CCN(CCO)CCC[C@H](C)Nc1ccnc2cc(Cl)ccc12,0.0,training
C=C(C)[C@@H]1CC=C(C)CC1,1.0,training
CCOc1ccc2nc3ccc(=O)cc-3oc2c1,1.0,training
CCCCOc1ccc2c(C(F)(F)F)cc(=O)oc2c1,1.0,training
O[C@@H](c1cc(C(F)(F)F)nc2c(C(F)(F)F)cccc12)[C@H]1CCCCN1,0.0,training
CCC[C@H]1O[C@@H]2C[C@H]3[C@@H]4CC=C5CC(=O)C=C[C@]5(C)[C@H]4[C@@H](O)C[C@]3(C)[C@]2(C(=O)CO)O1,0.0,training
CCN(CC)CCC[C@@H](C)Nc1c2ccc(Cl)cc2nc2ccc(OC)cc12,0.0,training
CCOC(=O)C1=C(C)N=C(C)C(C(=O)OC)[C@@H]1c1cccc([N+](=O)[O-])c1,0.0,training
Nc1ccc([N+](=O)[O-])c(C(F)(F)F)c1,1.0,training
CNCC[C@H](Oc1ccc(C(F)(F)F)cc1)c1ccccc1,1.0,training
C[C@@H](c1cc2ccccc2s1)N(O)C(N)=O,1.0,training
O=c1[nH]c(O)cn1/N=C\c1ccc(-c2ccc([N+](=O)[O-])cc2)o1,0.0,training
O=c1c2ccccc2nc2n1CCc1c-2[nH]c2ccccc12,1.0,training
O=C(CO)NCCCOc1cccc(CN2CCCCC2)c1,0.0,training
COc1ccc(-c2oc3cc(O)cc(O)c3c(=O)c2O)cc1O,1.0,training
CN1[C@@H]2CC[C@H]1CC(NC(=O)c1cc(Cl)cc3c1OC(C)(C)C3)C2,0.0,training
COc1cc(CNC(=O)CCCCC=CC(C)C)ccc1O,1.0,training
C[C@@H](C#Cc1ccc(Cc2ccccc2)s1)NC(N)=O,1.0,training
O=C(O)C/C=C\C[C@H]1[C@@H]2CC[C@@H](C2)[C@@H]1NS(=O)(=O)c1ccccc1,1.0,training
COc1cc(CNC(=O)CCCC/C=C/C(C)C)ccc1O,1.0,training
c1ccc2c(c1)Sc1ccccc1N2C[C@H]1CN2CCC1CC2,0.0,training
Cc1c2cc[nH]cc2c(C)c2c1nc1ccccc12,1.0,training
COC(OC)[C@@]1(C)Oc2ccc(N)cc2[C@H](N(Cc2nnn(C)n2)c2ccc(Cl)cc2)[C@H]1O,1.0,training
CCOC(=O)CNC(C(=O)N1CCC1C(=O)NCc1ccc(C=NNO)cc1)C1CCCCC1,1.0,training
CCC(C)(C)NC[C@H](O)COc1ccccc1C(=O)CCc1ccccc1,0.0,training
CCCC(=O)O[C@H]1[C@H](C)O[C@@H](O[C@H]2[C@H](N(C)C)[C@@H](O)[C@H](O[C@H]3[C@@H](CC=O)C[C@@H](C)[C@@H](O)C=CC=CC[C@@H](C)OC(=O)C[C@@H](O)[C@@H]3OC)O[C@@H]2C)C[C@@]1(C)OC(=O)CC,0.0,training
COc1ccc(C(c2ccc(O)c(O)c2)C(Cl)(Cl)Cl)cc1,1.0,training
COc1cc(N)c(Cl)cc1C(=O)N[C@H]1CCN(CCCOc2ccc(F)cc2)C[C@H]1OC,1.0,training
CN1C(=O)NC(=O)[C@@](C)(C2=CCCCC2)C1=O,1.0,training
N#Cc1ccc([C@H]2CCCc3cncn32)cc1,0.0,training
C[C@H](CCC(=O)O)[C@H]1CC[C@H]2[C@@H]3[C@H](O)C[C@H]4C[C@H](O)CC[C@]4(C)[C@H]3CC[C@]12C,0.0,training
CCCN(CCC)N=O,1.0,training
C[C@H](NC(N)=O)c1cc2ccccc2s1,1.0,training
CC[C@]1(c2ccccc2)NC(=O)N(C)C1=O,1.0,training
CN1C(=O)NC(=O)[C@](C)(C2=CCCCC2)C1=O,1.0,training
COC(=O)C(c1ccccc1)[C@H]1CCCCN1,0.0,training
CC(=O)Nc1ccc(O)cc1,1.0,training
C[C@H](CO)NC(=O)C1C=C2c3cccc4[nH]cc(c34)C[C@H]2N(C)C1,0.0,training
COC(=O)C1=C(C)N=C(C)C(C(=O)OCC(C)C)[C@H]1c1ccccc1[N+](=O)[O-],0.0,training
CSc1nc(-c2ccc(F)cc2)c(-c2ccnc(N[C@H](C)c3ccccc3)c2)[nH]1,1.0,training
Oc1c(C2=CCC(c3ccc(Cl)cc3)CC2)c(O)c2ccccc2c1O,0.0,training
CCN(CC)C(=O)SC,1.0,training
CC[C@@]1(c2ccncc2)CCC(=O)NC1=O,0.0,training
COc1cc2c(c(OC)c1OC)-c1ccc(OC)c(=O)cc1[C@@H](NC(C)=O)CC2,0.0,training
CO[C@H]1C=CO[C@@]2(C)Oc3c(C)c(O)c4c(O)c(c(C=NN5CCN(C6CCCC6)CC5)c(O)c4c3C2=O)NC(=O)C(C)=CC=CC(C)[C@H](O)[C@@H](C)[C@@H](O)[C@@H](C)[C@H](OC(C)=O)[C@H]1C,0.0,training
C[C@H]1CNc2ccc(S(=O)(=O)NC(CCCN=C(N)N)C(=O)N3CC[C@H](C)CC3C(=O)O)cc2C1,0.0,training
COC(=O)C1=C(C)N=C(C)C(C(=O)OCC(C)=O)[C@@H]1c1ccccc1[N+](=O)[O-],0.0,training
COC(=O)C1=C(C)N=C(C)C(C(=O)OC/C=C/c2ccccc2)[C@H]1c1cccc([N+](=O)[O-])c1,0.0,training
O=c1cc(C(F)(F)F)c2ccc(OCc3ccccc3)cc2o1,1.0,training
CN1CCN2c3ccccc3Cc3ccccc3[C@@H]2C1,1.0,training
CCC[C@@](C)(COC(N)=O)COC(=O)NC(C)C,0.0,training
C=CCc1ccccc1OC[C@@H](O)CNC(C)C,0.0,training
C[C@H]1[C@@H](OC(=O)CCC(=O)O)O[C@@H]2O[C@@]3(C)CC[C@H]4[C@H](C)CC[C@@H]1[C@@]24OO3,0.0,training
CC(C)NC[C@H](O)COc1cccc2[nH]ccc12,0.0,training
CN(C)CCOc1ccc(/C(=C(\CCCl)c2ccccc2)c2ccccc2)cc1,1.0,training
CN(C)N=O,1.0,training
FC(F)OC(F)(F)[C@@H](F)Cl,0.0,training
CCC(=C(c1ccccc1)c1ccc(OCCN(C)C)cc1)c1ccccc1,1.0,training
COc1ccc([C@@H](c2ccc(O)cc2)C(Cl)(Cl)Cl)cc1,1.0,training
CCCc1c(O)n2c(N(C)C)nc3ccc(C)cc3n2c1=O,0.0,training
CCOC(=O)C1=C(COCCN)N=C(C)C(C(=O)OC)[C@@H]1c1ccccc1Cl,0.0,training
CC(=O)C[C@H](c1ccc([N+](=O)[O-])cc1)c1c(O)c2ccccc2oc1=O,1.0,training
CC(C=CC1=C(C)CCCC1(C)C)=CC=CC(C)=CC(=O)O,1.0,training
CCOc1cc(N)c(Cl)cc1C(=O)NC[C@@H]1CN(Cc2ccc(F)cc2)CCO1,0.0,training
CCOP(=S)(OCC)SCSCC,1.0,training
CCOC(=O)c1c(C)nc(C)c(C(=O)OCC)c1-c1ccccc1CCC(=O)OC(C)(C)C,0.0,training
COc1ccc(CCN(C)CCC[C@@](C#N)(c2ccc(OC)c(OC)c2)C(C)C)cc1OC,1.0,training
COc1ccc(CCN(C)CCC[C@@](C#N)(c2cc(OC)c(OC)c(OC)c2)C(C)C)cc1OC,0.0,training
C[C@H]1Cc2c(Cl)cc(C(=O)NC(Cc3ccccc3)C(=O)O)c(O)c2C(=O)O1,1.0,training
CC(=O)[C@@]1(O)CC[C@H]2[C@@H]3CC(C)=C4CC(=O)CC[C@]4(C)[C@H]3CC[C@@]21C,0.0,training
CCC(=O)C(C[C@H](C)N(C)C)(c1ccccc1)c1ccccc1,1.0,training
CCN(CC)C(=O)[C@]1(c2ccccc2)C[C@@H]1CN,0.0,training
CC(C)(Oc1ccc([C@@H]2CC2(Cl)Cl)cc1)C(=O)O,0.0,training
CC(C)(C(=O)O)c1ccc([C@@H](O)CCCN2CCC(C(O)(c3ccccc3)c3ccccc3)CC2)cc1,0.0,training
CO[C@H]1C=CO[C@@]2(C)Oc3c(C)c(O)c4c(O)c(c(C=NN5CCN(C)CC5)c(O)c4c3C2=O)NC(=O)C(C)=CC=CC(C)[C@H](O)[C@@H](C)[C@@H](O)[C@@H](C)[C@H](OC(C)=O)[C@@H]1C,1.0,training
c1ccc2c(c1)ccc1ccccc12,1.0,training
COCCc1ccc(OC[C@@H](O)CNC(C)C)cc1,0.0,training
CS(=O)(=O)Nc1ccc([N+](=O)[O-])cc1Oc1ccccc1,1.0,training
CN1CCN(CCCCn2c(O)cn(/N=C\c3ccc(-c4ccc(Cl)cc4)o3)c2=O)CC1,0.0,training
NCCc1c[nH]c2ccc(O)cc12,1.0,training
COC[C@@H](c1ccc(C(F)(F)F)cc1)N1CCN(C2(C)CCN(C(=O)c3c(C)ncnc3C)CC2)C[C@@H]1C,1.0,training
Cc1ccccc1[C@H](OCCN(C)C)c1ccccc1,0.0,training
CC(C)(C)C1CC=C(c2c(O)c(O)c3ccccc3c2O)CC1,1.0,training
Cc1ccc(S(=O)(=O)NC(=O)NN2C[C@H]3CCC[C@H]3C2)cc1,1.0,training
CCOc1ccc2cc(C#N)c(=O)oc2c1,1.0,training
COc1ccc(CCN(C)CCC[C@](C#N)(c2ccc(OC)c(OC)c2)C(C)C)cc1OC,1.0,training
CC(C)CN(C[C@@H](OP(=O)(O)O)[C@H](Cc1ccccc1)NC(=O)O[C@H]1CCOC1)S(=O)(=O)c1ccc(N)cc1,1.0,training
C[C@@H](C#Cc1ccc(Cc2ccccc2)s1)N(O)C(N)=O,1.0,training
CC(C)(C)NC[C@H](O)COc1cccc2c1CCC(=O)N2,0.0,training
C=CCOc1ccccc1OC[C@@H](O)CNC(C)C,0.0,training
O=C(NC[C@H]1CCCCN1)c1cc(OCC(F)(F)F)ccc1OCC(F)(F)F,0.0,training
CN1CCN(C(=O)O[C@@H]2c3nccnc3C(=O)N2c2ccc(Cl)cn2)CC1,1.0,training
CC(C)c1nc(N(C)S(C)(=O)=O)nc(-c2ccc(F)cc2)c1CC[C@@H](O)C[C@@H](O)CC(=O)O,1.0,training
CO[C@H]1C[C@H](O[C@@H]2C(C)C(=O)O[C@H](C)[C@H](C)[C@H](OC(C)=O)C(C)C(=O)[C@@]3(CO3)C[C@H](C)[C@H](O[C@@H]3O[C@H](C)C[C@H](N(C)C)[C@H]3OC(C)=O)[C@H]2C)O[C@@H](C)[C@@H]1OC(C)=O,0.0,training
CCCCCc1cc(O)c2c(c1)OC(C)(C)[C@@H]1[C@@H](O)C=C(C)C[C@@H]21,1.0,training
C[C@@](Cc1ccccc1)(NC(=O)CN)c1ccccc1,0.0,training
O=c1c(O)c(-c2ccccc2)oc2cc(O)cc(O)c12,1.0,training
CC(=O)[C@]1(O)C=C2C(=O)c3c(c(O)c4ccccc4c3O)C(=O)C2[C@@H](O[C@H]2C[C@H](N)[C@H](O)[C@H](C)O2)C1,1.0,training
N=C(N)N/N=C\c1c(Cl)cccc1Cl,0.0,training
NC1=NC[C@@H]2c3ccccc3Cc3ccccc3N12,0.0,training
COC(=O)C(c1ccccc1Cl)N1CCc2sc(O)cc2C1,1.0,training
COc1ccc2c(c1)Oc1cc(O)ccc1[C@@]21OC(=O)c2ccccc21,1.0,training
COc1ccccc1OC[C@@H](O)CN1CCN(CC(=O)Nc2c(C)cccc2C)CC1,0.0,training
CCCCC[C@H](O)C=C[C@@H]1[C@H]2CC(=CCCCC(=O)O)O[C@H]2C[C@H]1O,1.0,training
Clc1ccc(CO[C@@H](Cn2ccnc2)c2ccc(Cl)cc2Cl)cc1,0.0,training
CN(C)C(=O)OC1=CC=[C-][N+](C)(Br)C1,0.0,training
CN1CCN(CC/C=C2\c3ccccc3Sc3ccc(S(=O)(=O)N(C)C)cc32)CC1,0.0,training
COC(=O)C1=C(C)N=C(C)C(C(=O)OCCN2CCN(C(c3ccccc3)c3ccccc3)CC2)[C@H]1c1cccc([N+](=O)[O-])c1,0.0,training
CCOC(=O)C1=C(C)N=C(C)C(C(=O)OC)[C@@H]1c1cccc2c1OCO2,0.0,training
CC1=C(/C=C/C(C)=C/C=C/C(C)=C/CO)C(C)(C)CCC1,1.0,training
C[C@@H](CCc1ccccc1)NC[C@H](O)c1ccc(O)c(C(N)=O)c1,0.0,training
CC1(C)Cc2c(-c3ccccc3)c(-c3ccc(Cl)cc3)c(CC(=O)O)n2C1,1.0,training
CN1CCN2c3ncccc3Cc3ccccc3[C@H]2C1,1.0,training
c1ccc2c(c1)cc1ccc3cccc4ccc2c1c34,1.0,training
CCC[C@@H]1CC(C(=O)N[C@@H]([C@H]2O[C@H](SC)[C@H](O)[C@@H](O)[C@H]2O)[C@H](C)Cl)N(C)C1,0.0,training
CCc1cccc2c3c([nH]c12)[C@](CC)(CC(=O)O)OCC3,1.0,training
CO[C@]12CC[C@@]3(C[C@@H]1[C@](C)(O)C(C)(C)C)[C@H]1Cc4ccc(O)c5c4[C@@]3(CCN1CC1CC1)[C@@H]2O5,0.0,training
CCOc1ccc2c(C(F)(F)F)cc(=O)oc2c1,1.0,training
Cc1c2ccccc2c(C)c2c1ccc1ccccc12,1.0,training
O=c1c(CCSc2ccccc2)c(O)n(-c2ccccc2)n1-c1ccccc1,1.0,training
CCCC(=O)Nc1ccc(OC[C@@H](O)CNC(C)C)c(C(C)=O)c1,0.0,training
CC(C)=CCN1CC[C@]2(C)c3cc(O)ccc3C[C@H]1[C@H]2C,0.0,training
C[C@@]12CC[C@@H]3c4ccc(O)cc4CC[C@H]3[C@@H]1CC[C@H]2O,1.0,training
O=C(O)Cc1cc(O)ccc1Nc1c(Cl)cccc1Cl,1.0,training
COc1ccc2c(C(=O)c3cc(OC)c(OC)c(OC)c3)c[nH]c2c1,1.0,training
COc1ccc2[nH]cc(CCN(C(C)C)C(C)C)c2c1,1.0,training
CN1CCN(C(=O)O[C@H]2c3nccnc3C(=O)N2c2ccc(Cl)cn2)CC1,1.0,training
CC(=O)N1CCN(c2ccc(OC[C@H]3CO[C@](Cn4ccnc4)(c4ccc(Cl)cc4Cl)O3)cc2)CC1,0.0,training
CN(CC=CC#CC(C)(C)C)Cc1cccc2ccccc12,1.0,training
CC(C)NC[C@H](O)COc1ccc(CCOCC2CC2)cc1,0.0,training
COCCOC(=O)C1=C(C)N=C(C)C(C(=O)OC(C)C)[C@@H]1c1cccc([N+](=O)[O-])c1,0.0,training
CCN[C@@H](C)Cc1ccc2c(c1)OCO2,1.0,training
OCCc1ccccc1Nc1c(Cl)cccc1Cl,1.0,training
Cc1cccc(C)c1OC[C@@H](C)N,0.0,training
NC(=O)c1c(Cl)c(-c2cccnc2)n2c1CCCC2,1.0,training
CC[C@]1(c2ccc(N)cc2)CCC(=O)NC1=O,0.0,training
O=c1[nH]c(=O)n([C@@H]2CCCO2)cc1F,1.0,training
OCc1cc([C@H](O)CNCCCCCCOCCCCc2ccccc2)ccc1O,0.0,training
O=C(O)CCc1nc(-c2ccccc2)c(-c2ccccc2)o1,1.0,training
CC(C)NC[C@H](O)COc1cccc2ccccc12,0.0,training
CCCCC/C=C\C/C=C\C/C=C\C/C=C\CCCC(=O)O,1.0,training
C1CCC(C(C[C@H]2CCCCN2)C2CCCCC2)CC1,0.0,training
Fc1ccccc1C1=NCC(=S)N(CC(F)(F)F)c2ccc(Cl)cc21,1.0,training
CC1=NC(C)=C(P2(=O)OCC(C)(C)CO2)[C@@H](c2cccc([N+](=O)[O-])c2)C1C(=O)OCCN(Cc1ccccc1)c1ccccc1,0.0,training
COC(=O)C1=C(C)N=C(C)C(C(=O)OC(C)(C)CN(C)CCC(c2ccccc2)c2ccccc2)[C@H]1c1cccc([N+](=O)[O-])c1,0.0,training
CC(C)/N=c1/cc2n(-c3ccc(Cl)cc3)c3ccccc3nc-2cc1Nc1ccc(Cl)cc1,0.0,training
C[C@H]1O[C@]2(CS1)CN1CCC2CC1,0.0,training
CCCNC[C@H](O)COc1ccccc1C(=O)CCc1ccccc1,0.0,training
COC(=O)c1cc(OC)c2c(c1-c1c(C(=O)OC)cc(OC)c3c1OCO3)OCO2,1.0,training
FC(F)O[C@@H](Cl)C(F)(F)F,0.0,training
CN(C)CCO[C@@H](c1ccc(Cl)cc1)c1ccccn1,1.0,training
COc1ccc(C[C@H](C)NC[C@@H](O)c2ccc(O)c(NC=O)c2)cc1,1.0,training
CC1=C(/C=C/C(C)=C/C=C/C(C)=C/C=O)C(C)(C)CCC1,1.0,training
O=c1ccc2nc3ccc(OCOCc4ccccc4)cc3oc-2c1,1.0,training
CN1C2CCC1CC(OC(=O)c1c[nH]c3ccccc13)C2,1.0,training
CCC(=O)O[C@H]1CC[C@H]2[C@@H]3CC=C4CC(=O)CC[C@]4(C)[C@H]3CC[C@]12C,1.0,training
CC[C@H](C)n1ncn(-c2ccc(N3CCN(c4ccc(OC[C@H]5CO[C@](Cn6cncn6)(c6ccc(Cl)cc6Cl)O5)cc4)CC3)cc2)c1=O,0.0,training
c1ccc(-c2ccc([C@@H](c3ccccc3)n3ccnc3)cc2)cc1,0.0,training
CN(C)CCC(c1ccc(Br)cc1)c1ccccn1,1.0,training
CN(C)C(=O)Nc1ccc(Cl)c(Cl)c1,1.0,training
CC[C@]1(C)C[C@@H](OC(=O)CSc2n[nH]c(N)n2)[C@@]2(C)[C@@H]3C(=O)CC[C@@]3(CC[C@@H]2C)[C@@H](C)[C@@H]1O,0.0,training
CC(=O)C[C@@H](c1ccc([N+](=O)[O-])cc1)c1c(O)c2ccccc2oc1=O,1.0,training
CCc1cccc2cc([C@H](O)CNC(C)(C)C)oc12,1.0,training
Cc1ccc(Cl)c(OC[C@@H](O)CNC(C)(C)C)c1,0.0,training
Cc1ccsc1-c1ccc(C(C)C(=O)O)cc1,1.0,training
CCN1CCC[C@@H]1CNC(=O)c1cc(S(N)(=O)=O)ccc1OC,0.0,training
C[C@H](N=C(N=c1cc[nH]cc1)NC#N)C(C)(C)C,0.0,training
COc1ccc(C(c2ccc(OC)cc2)C(Cl)(Cl)Cl)cc1,1.0,training
CN(CCCC(=O)c1cccnc1)N=O,1.0,training
CCN[C@H](C)Cc1cccc(C(F)(F)F)c1,0.0,training
C=CCc1ccc(O)c(OC)c1,1.0,training
COc1ccc2c(c1)[nH]c1c(C)nccc12,1.0,training
COc1cc(OC)nc(NS(=O)(=O)c2ccc(N)cc2)n1,0.0,training
CCCNC(=O)NS(=O)(=O)c1ccc(Cl)cc1,1.0,training
CC(=O)C[C@H](c1ccccc1)c1c(O)c2ccccc2oc1=O,1.0,training
C1CCN2C[C@H]3C[C@H](CN4CCCC[C@@H]34)[C@H]2C1,0.0,training
CCCCNCc1cc(=O)oc2cc(OC)ccc12,1.0,training
CO[C@H]1C=CO[C@@]2(C)Oc3c(C)c(O)c4c(O)c(c5c(c4c3C2=O)=NC2(CCN(CC(C)C)CC2)N=5)NC(=O)C(C)=CC=CC(C)[C@H](O)[C@@H](C)[C@@H](O)[C@@H](C)[C@H](OC(C)=O)[C@@H]1C,0.0,training
COc1ccc([C@@H](CN(C)C)C2(O)CCCCC2)cc1,1.0,training
O=C(O)COCCN1CCN([C@H](c2ccccc2)c2ccc(Cl)cc2)CC1,0.0,training
Cc1nc2c(=O)n(C)c(=O)n(Cc3ccco3)c2[nH]1,0.0,training
CCCCCN=C(N)NN=Cc1c[nH]c2ccc(CO)cc12,0.0,training
COc1ccc(-c2cc(=O)c3c(O)c(OC)c(O)cc3o2)cc1OC,1.0,training
CC(C)COC[C@@H](CN(Cc1ccccc1)c1ccccc1)N1CCCC1,0.0,training
CN1[C@@H]2CC[C@H]1CC(OC(=O)c1c[nH]c3ccccc13)C2,1.0,training
O=C(OC1C[C@@H]2CC3C[C@H](C1)N2CC3=O)c1c[nH]c2ccccc12,1.0,training
Cc1ccccc1C(=O)N1CC/C(=N\OS(=O)(=O)O)c2ccc(Cl)cc21,1.0,training
NCCc1c[nH]cn1,1.0,training
CCCCc1nc(Cl)c(C=O)n1Cc1ccc(-c2ccccc2-c2nn[nH]n2)cc1,1.0,training
COc1ccc(-c2coc3cc(O)ccc3c2=O)cc1,1.0,training
C[C@H](CN(C)C)CN1c2ccccc2S(=O)(=O)c2ccccc21,0.0,training
CNCC[C@H](Oc1ccccc1C)c1ccccc1,1.0,training
CCCCN(CCCC)C[C@@H](O)c1cc(Cl)cc2c1-c1ccc(Cl)cc1/C2=C\c1ccc(Cl)cc1,0.0,training
Fc1ccc(C(c2ccc(F)cc2)N2CCN(CC=Cc3ccccc3)CC2)cc1,1.0,training
COCCCOc1ccnc(CSc2nc3ccccc3[nH]2)c1C,1.0,training
CNC(=O)O/N=C(\C)SC,0.0,training
CC[C@]1(O)C[C@H]2CN(CCc3c([nH]c4ccccc34)[C@@](C(=O)OC)(c3cc4c(cc3OC)N(C)[C@H]3[C@@](O)(C(=O)OC)[C@H](OC(C)=O)[C@]5(CC)C=CCN6CC[C@]43[C@@H]65)C2)C1,0.0,training
CCC[C@@H](C)C1(CC)C(=O)NC(=O)NC1=O,0.0,training
CN(C)c1ccc(C2=C3C4=C(CCC3[C@@H]3CC[C@@](O)(/C=C/CO)[C@@]3(C)C2)CC(=O)CC4)cc1,0.0,training
CCC(=O)O[C@]1(C(=O)SCF)[C@H](C)C[C@H]2[C@@H]3C[C@H](F)C4=CC(=O)C=C[C@]4(C)[C@@]3(F)[C@@H](O)C[C@@]21C,0.0,training
CC[C@]1(O)C[C@H]2CN(CCc3c([nH]c4ccccc34)[C@@](C(=O)OC)(c3cc4c(cc3OC)N(C)[C@H]3[C@@](O)(C(N)=O)[C@H](O)[C@]5(CC)C=CCN6CC[C@]43[C@@H]65)C2)C1,0.0,training
COc1ccc2c(c1)CC[C@@H]1[C@@H]2CC[C@@]2(C)[C@H](O)CC[C@@H]12,1.0,training
CCCN(CCC)CCc1ccc(OC)c(OCCc2ccccc2)c1,1.0,training
CN[C@]1(c2ccccc2Cl)CCCCC1=O,1.0,training
CO[C@H]1C=CO[C@@]2(C)Oc3c(C)c(O)c4c(O)c(c(C=NN5CCN(C)CC5)c(O)c4c3C2=O)NC(=O)C(C)=CC=CC(C)[C@H](O)[C@@H](C)[C@@H](O)[C@@H](C)[C@H](OC(C)=O)[C@H]1C,1.0,training
CN1[C@@H]2CCC[C@H]1CC(NC(=O)c1nn(C)c3ccccc13)C2,0.0,training
CN1CCN(CCCN2c3ccccc3Sc3ccccc32)CC1,1.0,training
CC[C@H](c1ccccc1)c1c(O)c2ccccc2oc1=O,1.0,training
CC(C)n1c(C=C[C@H](O)C[C@H](O)CC(=O)O)c(-c2ccc(F)cc2)c2ccccc21,1.0,training
FC(F)(F)[C@@H](Cl)Br,1.0,training
C[C@H](N)Cc1ccccc1,0.0,training
COc1ccc([N+](=O)[O-])cc1,1.0,training
COc1ccc2c(C(F)(F)F)cc(=O)oc2c1,1.0,training
CCOC(=O)C1=C(C)N=C(C)C(C(=O)OC)[C@@H]1c1cccc(Cl)c1Cl,0.0,training
O=C(O)CCCC/C=C(\c1ccccc1)c1cccnc1,0.0,training
ClC(Cl)Cl,1.0,training
COC1=CC(=O)O[C@H]1[C@H](O)c1ccccc1Cl,0.0,training
COc1cccc(OC)c1-c1ccc(CC(NC(=O)c2c(Cl)cccc2Cl)C(=O)O)cc1,1.0,training
CO/N=C\C1=CCCN(C)C1,0.0,training
COc1ccc2c(c1)c(CC(=O)NCCc1ccccc1)c(C)n2C(=O)c1ccc(Cl)cc1,1.0,training
C=CCC1=CC(C)C[C@H](C)C[C@H](OC)[C@@H]2O[C@](O)(C(=O)C(=O)N3CCCCC3C(=O)O[C@H](/C(C)=C/[C@@H]3CC[C@@H](O)[C@H](OC)C3)[C@H](C)[C@@H](O)CC1=O)[C@H](C)C[C@@H]2OC,0.0,training
CN1CCC[C@@H]1C[C@@H]1CNc2ccc(CCS(=O)(=O)c3ccccc3)cc21,1.0,training
CC1(C)Cc2c(-c3ccccc3)c(-c3ccc(Cl)cc3)c(CC(=O)OC[C@@H]3O[C@@H](O)[C@@H](O)[C@H](O)[C@@H]3O)n2C1,1.0,training
CC(C)NC[C@H](O)COc1ccc(COCCOC(C)C)cc1,0.0,training
O=C(OCc1ccccc1)c1ccccc1-c1c2ccc(=O)cc-2oc2cc(OCc3ccccc3)ccc12,1.0,training
Cc1c(C)c2c(c(C)c1O)CC[C@](C)(COc1ccc(Cc3sc(=O)[nH]c3O)cc1)O2,1.0,training
COc1ccc(OC(=O)N(CC(=O)O)Cc2ccc(OCCc3nc(-c4ccccc4)oc3C)cc2)cc1,1.0,training
CC(C)(C)[C@@H](O)/C=C\c1ccc2c(c1)OCO2,0.0,training
CC/C=C\C/C=C\C/C=C\C/C=C\C/C=C\CCCC(=O)O,1.0,training
O=C(O)CC[C@H]1[C@@H]2CC[C@@H](C2)[C@@H]1NS(=O)(=O)c1ccccc1,1.0,training
COc1cc2c(cc1O)CCN[C@]21CS[C@@H]2c3c(OC(C)=O)c(C)c4c(c3[C@H](COC1=O)N1[C@@H]2[C@H]2c3c(cc(C)c(OC)c3O)C[C@@H]([C@@H]1O)N2C)OCO4,1.0,training
O=C1CN=C(c2ccccc2F)c2cc(Cl)ccc2N1CC(F)(F)F,1.0,training
Nc1c(Br)cc(Br)cc1CNC1CCC(O)CC1,0.0,training
CN(C)CC/C=C1/c2ccccc2COc2ccccc21,1.0,training
CC[C@H]1OC(=O)C(C)[C@@H](O[C@H]2C[C@@](C)(OC)[C@@H](O)[C@H](C)O2)[C@H](C)[C@@H](O[C@@H]2O[C@H](C)C[C@H](N(C)C)[C@H]2O)[C@](C)(O)C[C@@H](C)/C(=N\OCOCCOC)[C@H](C)[C@@H](O)[C@]1(C)O,0.0,training
C(=C/c1ccccc1)\CN1CCN(C(c2ccccc2)c2ccccc2)CC1,1.0,training
CN1CCc2cccc3c2[C@@H]1Cc1ccc(O)c(O)c1-3,0.0,training
Clc1ccc([C@@H](Cn2ccnc2)OCc2ccsc2Cl)c(Cl)c1,0.0,training
COc1ccc(-c2oc3cc(O)cc(O)c3c(=O)c2O)cc1,1.0,training
Cc1ccc(/C(=C/CN2CCCC2)c2ccccn2)cc1,0.0,training
CCCCN(C)N=O,1.0,training
N=C(N)NC[C@@H]1COc2ccccc2O1,0.0,training
Nc1ccn([C@H]2CC[C@@H](CO)O2)c(=O)n1,1.0,training
c1ccc2c(c1)cc1ccc3cccc4c5ccccc5c2c1c34,1.0,training
O=C(OC1C[C-]2CCC(C1)[N+2]21(Cl)[C-2]CC[C-2]1)C(O)(c1ccccc1)c1ccccc1,0.0,training
COC(=O)NC(C(=O)N[C@@H](Cc1ccccc1)[C@H](O)CN(Cc1ccc(-c2ccccn2)cc1)NC(=O)C(NC(=O)OC)C(C)(C)C)C(C)(C)C,0.0,training
CCN(C(C)=O)c1cccc(C2=CC=NC3=C(C#N)CNN23)c1,0.0,training
CC1=C(/C=C/C(C)=C\C=C\C(C)=C/C(=O)O)C(C)(C)CCC1,1.0,training
CCN[C@@H]1C[C@@H](C)S(=O)(=O)c2sc(S(N)(=O)=O)cc21,1.0,training
COC1C(=O)C(C)C[C@H](C)C=CC=CC=C(C)[C@@H](OC)C[C@@H]2CC[C@@H](C)[C@@](O)(O2)C(=O)C(=O)N2CCCCC2C(=O)O[C@H]([C@H](C)C[C@@H]2CC[C@@H](OCCO)[C@H](OC)C2)CC(=O)C(C)=CC(C)[C@H]1O,0.0,training
CCCCCc1cc(O)c2c(c1)OC(C)(C)[C@H]1CC=C(C=O)C[C@H]21,1.0,training
COc1cc2c(CCN3CCN(c4cccc(Cl)c4C)CC3)nn(Cc3c[nH]cn3)c2cc1OC,1.0,training
CCN(CC)CCS(=O)(=O)[C@@H]1CCN2C(=O)c3coc(n3)CC(=O)C[C@H](O)C=C(C)C=CCNC(=O)C=C[C@@H](C)[C@@H](C(C)C)OC(=O)C12,0.0,training
CN1CC[C@@]23c4c5ccc(O)c4OC2C(=O)CC[C@@H]3[C@@H]1C5,1.0,training
CCn1cc(C(=O)O)c(=O)c2cc(F)c(N3CCN[C@H](C)C3)c(F)c21,0.0,training
CC(C)C[C@H](N(C)C)C1(c2ccc(Cl)cc2)CCC1,0.0,training
Cc1c(F)c(N2CCN[C@H](C)C2)cc2c1c(=O)c(C(=O)O)cn2C1CC1,0.0,training
CCCCC/C=C/C/C=C/CCCCCCCC(=O)O,1.0,training
c1ccc2c(c1)ccc1cc3c(ccc4ccccc43)cc12,1.0,training
OCCOCCN1CCN([C@H](c2ccccc2)c2ccc(Cl)cc2)CC1,0.0,training
C[C@H](CN(C)C)CN1c2ccccc2Sc2ccc(C#N)cc21,1.0,training
O=C1Nc2c(O)cc(Cl)cc2[C@@](C#CC2CC2)(C(F)(F)F)O1,1.0,training
CN1CCCN([C@H](c2ccccc2)c2ccc(Cl)cc2)CC1,0.0,training
COc1ccc(-c2coc3cc(O)cc(O)c3c2=O)cc1,1.0,training
CCN(CC)CCC[C@H](C)Nc1ccnc2cc(Cl)ccc12,0.0,training
CN(C)CC/C=C1\c2ccccc2COc2ccc(CC(=O)O)cc21,0.0,training
CN[C@@]1(c2ccccc2Cl)CCCCC1=O,1.0,training
Cc1ccc(O)c([C@@H](CCN(C(C)C)C(C)C)c2ccccc2)c1,1.0,training
CC(C)(C)c1ccc([C@H](O)CCCN2CCC(C(O)(c3ccccc3)c3ccccc3)CC2)cc1,0.0,training
C=C(c1ccc(C(=O)O)cc1)c1cc2c(cc1C)C(C)(C)CCC2(C)C,0.0,training
CC[C@@H](CO)NC(=O)C1C=C2c3cccc4[nH]cc(c34)C[C@H]2N(C)C1,0.0,training
CC(C)=c1nc(N(C)S(C)(=O)=O)nc(-c2ccc(F)cc2)c1=CC[C@@H](O)C[C@@H](O)CC(=O)O,1.0,training
CO[C@H]1C[C@H](O[C@@H]2C(C)C(=O)O[C@H](C)[C@H](C)[C@H](OC(C)=O)C(C)C(=O)[C@]3(CO3)C[C@H](C)[C@H](O[C@@H]3O[C@H](C)C[C@H](N(C)C)[C@H]3OC(C)=O)[C@H]2C)O[C@@H](C)[C@@H]1OC(C)=O,0.0,training
C=CCc1ccccc1OCC(O)CNC(C)C,0.0,training
CO[C@]12CC[C@@]3(C[C@@H]1[C@](C)(O)C(C)(C)C)[C@H]1Cc4ccc(O)c5c4[C@@]3(CCN1CC1CC1)[C@H]2O5,0.0,training
CCC(C)(C)NCC(O)COc1ccccc1C(=O)CCc1ccccc1,0.0,training
CC(C)(C)NCC(O)COc1cccc2c1CCC(=O)N2,0.0,training
CCC(C)n1ncn(-c2ccc(N3CCN(c4ccc(OC[C@H]5CO[C@](Cn6cncn6)(c6ccc(Cl)cc6Cl)O5)cc4)CC3)cc2)c1=O,0.0,training
CCOC(=O)C1=C(C)N=C(C)C(C(=O)OC)C1c1cccc([N+](=O)[O-])c1,0.0,training
CCN(CC)CCS(=O)(=O)[C@@H]1CCN2C(=O)c3coc(n3)CC(=O)C[C@H](O)/C=C(C)/C=C/CNC(=O)/C=C/[C@@H](C)[C@@H](C(C)C)OC(=O)C12,0.0,training
CC(C)COCC(CN(Cc1ccccc1)c1ccccc1)N1CCCC1,0.0,training
COc1c(N2CCNC(C)C2)c(F)cc2c(=O)c(C(=O)O)cn(C3CC3)c12,0.0,training
O=c1[nH]c(=O)n(C2CCCO2)cc1F,1.0,training
N#Cc1ccc(-c2cc(C3CC4CCC3N4)cnc2F)cc1,0.0,training
CC[C@]1(O)C[C@@H]2CN(CCc3c([nH]c4ccccc34)[C@@](C(=O)OC)(c3cc4c(cc3OC)N(C)[C@H]3[C@@](O)(C(N)=O)[C@H](O)[C@]5(CC)C=CCN6CC[C@]43[C@@H]65)C2)C1,0.0,training
COc1ccc(CCN(C)CCCC(C#N)(c2cc(OC)c(OC)c(OC)c2)C(C)C)cc1OC,0.0,training
CCN(C(C)=O)c1cccc(-c2ccnc3c(C#N)cnn23)c1,0.0,training
COC(=O)NC(C(=O)N[C@@H](Cc1ccccc1)[C@@H](O)CN(Cc1ccc(-c2ccccn2)cc1)NC(=O)C(NC(=O)OC)C(C)(C)C)C(C)(C)C,0.0,training
COc1cc(N)c(Cl)cc1C(=O)N[C@@H]1CCN(CCCOc2ccc(F)cc2)C[C@@H]1OC,1.0,training
CN(C)C(=O)Oc1ccc[n+](C)c1,0.0,training
CCC1(C)CC(=O)NC1=O,0.0,training
NCCC(Oc1ccc(C(F)(F)F)cc1)c1ccccc1,0.0,training
OC(CCN1CCCCC1)(c1ccccc1)C1CC2C=CC1C2,0.0,training
O=C(C1CCCCC1)N1CC(=O)N2CCc3ccccc3C2C1,1.0,training
CC(=O)[C@@]1(O)CC[C@H]2C3=CC(Cl)=C4CC(=O)CC[C@]4(C)[C@H]3CC[C@@]21C,0.0,training
Clc1ccc(CSC(Cn2ccnc2)c2ccc(Cl)cc2Cl)cc1,0.0,training
COc1cc(NC(C)CCCN)c2ncccc2c1,0.0,training
CCc1ccc(CCOc2ccc(Cc3sc(=O)[nH]c3O)cc2)nc1,0.0,training
CC(C)(Oc1ccc(C2CC2(Cl)Cl)cc1)C(=O)O,0.0,training
CNC(=O)ON=C(C)SC,0.0,training
CCc1cccc2cc(C(O)CNC(C)(C)C)oc12,1.0,training
CC(Cc1ccccc1)(NC(=O)CN)c1ccccc1,0.0,training
CN1[C@@H]2CC[C@H]1C[C@@H](NC(=O)c1cc(Cl)cc3c1OC(C)(C)C3)C2,0.0,training
CNC(=O)Oc1cc(C)c(SC)c(C)c1,0.0,training
CC(=O)O[C@@]12CO[C@@H]1C[C@H](O)[C@@]1(C)C(=O)C(=O)C3C(C)[C@@H](OC(=O)C(O)C(NC(=O)OC(C)(C)C)c4ccccc4)C[C@@](O)([C@@H](OC(=O)c4ccccc4)[C@H]21)C3(C)C,0.0,training
CC(c1cc2ccccc2s1)N(O)C(N)=O,1.0,training
CCOC(=O)C1=C(C)N=C(C)C(C(=O)OC)C1c1cccc(Cl)c1Cl,0.0,training
COC(=O)C1=C(C)N=C(C)C(C(=O)OC(C)C)C1c1cccc2nonc12,0.0,training
Cc1cc(C)nc(NS(=O)(=O)c2ccc(N)cc2)n1,0.0,training
CC(=O)N1CCN(c2ccc(OCC3COC(Cn4ccnc4)(c4ccc(Cl)cc4Cl)O3)cc2)CC1,0.0,training
C=CCOc1ccccc1OCC(O)CNC(C)C,0.0,training
CC(C)Oc1ccc2c(=O)c(-c3ccccc3)coc2c1,0.0,training
CCN(CC)C(=S)S,0.0,training
CN1CCc2cccc3c2[C@H]1Cc1ccc(O)c(O)c1-3,0.0,training
CSc1ccc2c(c1)N(CCC1CCCCN1C)c1ccccc1S2,0.0,training
O=C(NCC1CCCCN1)c1cc(OCC(F)(F)F)ccc1OCC(F)(F)F,0.0,training
CCN(CC)CC#CCOC(=O)C(O)(c1ccccc1)C1CCCCC1,0.0,training
O=C(O)CCCC/C=C(/c1ccccc1)c1cccnc1,0.0,training
CCN1CCCC1CNC(=O)c1cc(S(N)(=O)=O)ccc1OC,0.0,training
CCC(c1ccccc1)c1c(O)c2ccccc2oc1=O,1.0,training
CNCCCC1(c2ccc(F)cc2)OCc2cc(C#N)ccc21,0.0,training
OCc1cc(C(O)CNCCCCCCOCCCCc2ccccc2)ccc1O,0.0,training
N=C(N)NCC1COc2ccccc2O1,0.0,training
CC(C)(C)c1ccc(C(O)CCCN2CCC(C(O)(c3ccccc3)c3ccccc3)CC2)cc1,0.0,training
COc1cc2c(c(OC)c1OC)-c1ccc(OC)c(=O)cc1C(NC(C)=O)CC2,0.0,training
CN1CCCN=C1/C=C/c1cccs1,1.0,training
Cc1cccc(C)c1OCC(C)N,0.0,training
CCCNCC(O)COc1ccccc1C(=O)CCc1ccccc1,0.0,training
O=C(O[C@H]1C[C@H]2CC3C[C@@H](C1)N2CC3=O)c1c[nH]c2ccccc12,1.0,training
C=C[C@H]1CN2CC[C@H]1C[C@H]2[C@H](O)c1ccnc2ccc(OC)cc12,0.0,training
CC(=O)CC(c1ccccc1)c1c(O)c2ccccc2oc1=O,1.0,training
Cc1ccc(/C(=C\CN2CCCC2)c2ccccn2)cc1,0.0,training
C[C@H]1[C@H](OC(=O)CCC(=O)O)O[C@@H]2O[C@@]3(C)CC[C@H]4[C@H](C)CC[C@@H]1[C@@]24OO3,0.0,training
CN1CCCN(C(c2ccccc2)c2ccc(Cl)cc2)CC1,0.0,training
CC(C)NCC(O)COc1ccc(COCCOC(C)C)cc1,0.0,training
COC(=O)C1=C(C)N=C(C)C(C(=O)OCCN(C)Cc2ccccc2)C1c1cccc([N+](=O)[O-])c1,0.0,training
c1ccc(C2(c3ccccc3)CC2C2=NCCN2)cc1,0.0,training
CC1COC2(c3ccccc3Cl)c3cc(Cl)ccc3NC(=O)CN12,0.0,training
Clc1cccc(N2CCNCC2)c1,0.0,training
CO[C@H]1/C=C/O[C@@]2(C)Oc3c(C)c(O)c4c(O)c(c(C=NN5CCN(C6CCCC6)CC5)c(O)c4c3C2=O)NC(=O)C(C)=CC=CC(C)[C@H](O)[C@@H](C)[C@@H](O)[C@@H](C)[C@H](OC(C)=O)[C@@H]1C,0.0,training
COCCOC(=O)C1=C(C)N=C(C)C(C(=O)OC(C)C)C1c1cccc([N+](=O)[O-])c1,0.0,training
CC(C)CC(N(C)C)C1(c2ccc(Cl)cc2)CCC1,0.0,training
CCCC1O[C@@H]2C[C@H]3[C@@H]4CC=C5CC(=O)C=C[C@]5(C)[C@H]4[C@@H](O)C[C@]3(C)[C@]2(C(=O)CO)O1,0.0,training
C1CCN2C[C@@H]3C[C@@H](CN4CCCC[C@@H]34)[C@H]2C1,0.0,training
COC(=O)C1=C(C)N=C(C)C(C(=O)OCC(C)=O)C1c1ccccc1[N+](=O)[O-],0.0,training
CCCC(=O)Nc1ccc(OCC(O)CNC(C)C)c(C(C)=O)c1,0.0,training
C[C@H](CCC(=O)O)[C@H]1CC[C@H]2[C@@H]3[C@H](O)C[C@@H]4C[C@H](O)CC[C@]4(C)[C@H]3CC[C@]12C,0.0,training
CC(C)NCC(O)COc1cccc2[nH]ccc12,0.0,training
Cc1c(C)c2c(c(C)c1O)CCC(C)(COc1ccc(Cc3sc(=O)[nH]c3O)cc1)O2,1.0,training
FC(F)OC(F)(F)C(F)Cl,0.0,training
NC1CC1c1ccccc1,0.0,training
CC[C@]1(C)C[C@@H](OC(=O)CSc2n[nH]c(N)n2)[C@]2(C)[C@H](C)CC[C@]3(CCC(=O)[C@H]32)[C@@H](C)[C@@H]1O,0.0,training
O=C(Nc1ccc([N+](=O)[O-])cc1Cl)c1cc(Cl)ccc1O,0.0,training
Clc1ccccc1CN1CCc2sccc2C1,0.0,training
CC[C@@H](C)[C@H]1O[C@]2(CC[C@@H]1C)C[C@@H]1C[C@@H](C/C=C(\C)[C@@H](O[C@H]3C[C@H](OC)[C@@H](O[C@H]4C[C@H](OC)[C@@H](O)[C@H](C)O4)[C@H](C)O3)[C@@H](C)/C=C/C=C3\CO[C@@H]4[C@H](O)C(C)=CC(C(=O)O1)[C@]34O)O2,0.0,training
CC[C@H]1OC(=O)C(C)[C@@H](O[C@H]2C[C@@](C)(OC)[C@@H](O)[C@H](C)O2)[C@H](C)[C@@H](O[C@@H]2O[C@H](C)C[C@H](N(C)C)[C@H]2O)[C@](C)(O)C[C@@H](C)C(=NOCOCCOC)[C@H](C)[C@@H](O)[C@]1(C)O,0.0,training
CN1[C@@H]2CCC[C@H]1C[C@@H](NC(=O)c1nn(C)c3ccccc13)C2,0.0,training
COc1cc2ncnc(Nc3ccc(F)c(Cl)c3)c2cc1OCCCN1CCOCC1,0.0,training
CO[C@@H]1[C@@H](O[C@@H]2O[C@H](C)[C@@H](O[C@H]3C[C@@](C)(O)[C@@H](OC(=O)CC(C)C)[C@H](C)O3)[C@H](N(C)C)[C@H]2O)[C@@H](CC=O)C[C@@H](C)[C@@H](O)/C=C/C=C/C[C@@H](C)OC(=O)C[C@H]1OC(C)=O,0.0,training
COC(=O)C1=C(C)N=C(C)C(C(=O)OCC(C)C)C1c1ccccc1[N+](=O)[O-],0.0,training
CCC(=O)C(CC(C)N(C)C)(c1ccccc1)c1ccccc1,1.0,training
CN(C)CCOC(c1ccccc1)c1ccccc1,0.0,training
CN(C)c1ccc(C2=C3C4=C(CCC3[C@@H]3CC[C@](O)(CCCO)[C@]3(C)C2)CC(=O)CC4)cc1,0.0,training
CO[C@H]1/C=C/O[C@@]2(C)Oc3c(C)c(O)c4c(O)c(cc(O)c4c3C2=O)NC(=O)C(C)=CC=CC(C)[C@H](O)[C@@H](C)[C@@H](O)[C@@H](C)[C@H](OC(C)=O)[C@@H]1C,0.0,training
CCOP(=S)(OCC)Oc1ccc([N+](=O)[O-])cc1,0.0,training
COC1C(=O)C(C)C[C@H](C)/C=C/C=C/C=C(\C)[C@@H](OC)C[C@@H]2CC[C@@H](C)[C@@](O)(O2)C(=O)C(=O)N2CCCCC2C(=O)O[C@H]([C@H](C)C[C@@H]2CC[C@@H](OCCO)[C@H](OC)C2)CC(=O)C(C)=CC(C)[C@H]1O,0.0,training
CCC1(c2ccncc2)CCC(=O)NC1=O,0.0,training
C=CCc1c(O)n2c(N(C)C)nc3ccc(C)cc3n2c1=O,0.0,training
COc1cccc([C@@]2(O)CCCC[C@@H]2CN(C)C)c1,0.0,training
CN1CCCC(n2nc(Cc3ccc(Cl)cc3)c3ccccc3c2=O)CC1,0.0,training
CCCC(C)C1(CC)C(=O)NC(=O)NC1=O,0.0,training
CO/N=C/C1=CCCN(C)C1,0.0,training
Nc1nc(=O)c2c([nH]1)NCC(CNc1ccc(C(=O)NC(CCC(=O)O)C(=O)O)cc1)N2C=O,0.0,training
CN1CCN(C(=O)OC2c3nccnc3C(=O)N2c2ccc(Cl)cn2)CC1,1.0,training
CC(C)N=C(N)N=C(N)Nc1ccc(Cl)c(Cl)c1,0.0,training
OCCOCCN1CCN(C(c2ccccc2)c2ccc(Cl)cc2)CC1,0.0,training
COC1C(=O)C(C)C[C@H](C)/C=C/C=C/C=C(\C)[C@@H](OC)C[C@@H]2CC[C@@H](C)[C@@](O)(O2)C(=O)C(=O)N2CCCCC2C(=O)O[C@H]([C@H](C)C[C@@H]2CC[C@@H](O)[C@H](OC)C2)CC(=O)C(C)=CC(C)[C@H]1O,0.0,training
COc1ccc2c(c1)N(C[C@H](C)CN(C)C)c1ccccc1S2,0.0,training
C1CCC(C(CC2CCCCN2)C2CCCCC2)CC1,0.0,training
COCCOC(=O)C1=C(C)N=C(C)C(C(=O)OC/C=C/c2ccccc2)C1c1cccc([N+](=O)[O-])c1,0.0,training
CCC(C)C(=O)O[C@H]1C[C@H](O)C=C2C=C[C@H](C)[C@H](CC[C@@H](O)C[C@@H](O)CC(=O)O)[C@H]21,0.0,training
CC(C)(C)NCC(O)c1ccc(O)c(CO)c1,0.0,training
CC[C@H](OC(C)=O)C(C[C@H](C)N(C)C)(c1ccccc1)c1ccccc1,1.0,training
CO[C@H]1/C=C/O[C@@]2(C)Oc3c(C)c(O)c4c(O)c(c5c(c4c3C2=O)=NC2(CCN(CC(C)C)CC2)N=5)NC(=O)C(C)=CC=CC(C)[C@H](O)[C@@H](C)[C@@H](O)[C@@H](C)[C@H](OC(C)=O)[C@@H]1C,0.0,training
CN1C(=O)NC(=O)C(C)(C2=CCCCC2)C1=O,1.0,training
OC(c1cc(C(F)(F)F)nc2c(C(F)(F)F)cccc12)C1CCCCN1,0.0,training
Cc1nnc(NS(=O)(=O)c2ccc(N)cc2)s1,0.0,training
CC(=O)O[C@]1(C(C)=O)CC[C@H]2[C@@H]3CC(C)=C4CC(=O)CC[C@]4(C)[C@H]3CC[C@@]21C,0.0,training
OC(Cn1cncn1)(Cn1cncn1)c1ccc(F)cc1F,0.0,training
CC(CCc1ccccc1)NCC(O)c1ccc(O)c(C(N)=O)c1,0.0,training
CNC1(c2ccccc2Cl)CCCCC1=O,1.0,training
CCCCN(CCCC)CCC(O)c1cc2c(Cl)cc(Cl)cc2c2cc(C(F)(F)F)ccc12,0.0,training
CC1O[C@@]2(CS1)CN1CCC2CC1,0.0,training
CCC1(c2ccc(N)cc2)CCC(=O)NC1=O,0.0,training
CCC(=O)O[C@@H]1CC(=O)O[C@H](C)C/C=C/C=C/[C@H](O)[C@H](C)C[C@H](CC=O)[C@H](O[C@@H]2O[C@H](C)[C@@H](O[C@H]3C[C@@](C)(O)[C@@H](OC(=O)CC)[C@H](C)O3)[C@H](N(C)C)[C@H]2O)[C@H]1OC,0.0,training
COc1ccc2c3c1OC1C(=O)CC[C@@]4(O)[C@@H](C2)N(C)CC[C@]314,0.0,training
CCN(CC)CCCC(C)Nc1ccnc2cc(Cl)ccc12,0.0,training
COC(=O)C1=C(C)N=C(C)C(C(=O)OCCN2CCN(C(c3ccccc3)c3ccccc3)CC2)C1c1cccc([N+](=O)[O-])c1,0.0,training
C[C@@H]1C[C@H]2[C@@H]3C[C@H](F)C4=CC(=O)C=C[C@]4(C)[C@@]3(F)[C@@H](O)C[C@]2(C)[C@@]1(O)C(=O)SCF,0.0,training
CCC[C@@H]1CC(C(=O)NC(C(C)Cl)[C@H]2O[C@H](SC)[C@H](O)[C@@H](O)[C@H]2O)N(C)C1,0.0,training
Cc1ccccc1C(OCCN(C)C)c1ccccc1,0.0,training
Cc1c(F)c(N2CCNC(C)C2)cc2c1c(=O)c(C(=O)O)cn2C1CC1,0.0,training
CCCCCN(CCCOC)C(=O)C(CCC(=O)O)NC(=O)c1ccc(Cl)c(Cl)c1,0.0,training
COCCCC/C(=N\OCCN)c1ccc(C(F)(F)F)cc1,0.0,training
COc1ccccc1OCC(O)CN1CCN(CC(=O)Nc2c(C)cccc2C)CC1,0.0,training
NC(Cc1cc(I)c(Oc2cc(I)c(O)c(I)c2)c(I)c1)C(=O)O,0.0,training
O=C(O)COCCN1CCN(C(c2ccccc2)c2ccc(Cl)cc2)CC1,0.0,training
CCCC(C)(COC(N)=O)COC(=O)NC(C)C,0.0,training
CCOC(=O)C1=C(C)N=C(C)C(C(=O)OCC)C1c1ccccc1/C=C/C(=O)OC(C)(C)C,0.0,training
CCC1(c2ccccc2)C(=O)NC(=O)N(C)C1=O,0.0,training
CC(CN(C)C)CN1c2ccccc2S(=O)(=O)c2ccccc21,0.0,training
CC(C)N(CCC(C(N)=O)(c1ccccc1)c1ccccn1)C(C)C,1.0,training
CN(C)CC/C=C1/c2ccccc2COc2ccc(CC(=O)O)cc21,0.0,training
CC(N)Cc1ccc(O)cc1,0.0,training
CC(C)(C)NCC(O)COc1ccccc1C#N,0.0,training
CC(C)NCC1CCc2cc(CO)c([N+](=O)[O-])cc2N1,0.0,training
CCC1=C(C)CN(C(=O)NCCc2ccc(S(=O)(=O)NC(=O)N[C@H]3CC[C@H](C)CC3)cc2)C1=O,1.0,training
CC(C)NCC(O)COc1ccc(CCOCC2CC2)cc1,0.0,training
CCN(CCO)CCCC(C)Nc1ccnc2cc(Cl)ccc12,0.0,training
CC(N=C(N=c1cc[nH]cc1)NC#N)C(C)(C)C,0.0,training
CO[C@H]1/C=C/O[C@@]2(C)Oc3c(C)c(O)c4c(O)c(c(C=NN5CCN(C)CC5)c(O)c4c3C2=O)NC(=O)C(C)=CC=CC(C)[C@H](O)[C@@H](C)[C@@H](O)[C@@H](C)[C@H](OC(C)=O)[C@@H]1C,1.0,training
CC(C)=CCN1CC[C@@]2(C)c3cc(O)ccc3C[C@@H]1[C@@H]2C,0.0,training
CC(CN1c2ccccc2Sc2ccccc21)N(C)C,0.0,training
CCN(CC)C(=O)C1(c2ccccc2)CC1CN,0.0,training
FC(F)(F)C(Cl)Br,1.0,training
O=C1NC(c2ccccc2)(c2ccccc2)C(=O)N1COP(=O)(O)O,0.0,training
COC1=CC(=O)OC1C(O)c1ccccc1Cl,0.0,training
CC(=O)CC(c1ccc([N+](=O)[O-])cc1)c1c(O)c2ccccc2oc1=O,1.0,training
CC[C@H]1[C@@H]2C[C@H]3[C@@H]4N(C)c5ccccc5[C@]45C[C@@H](C2[C@H]5O)N3[C@@H]1O,0.0,training
NC1=NCC2c3ccccc3Cc3ccccc3N12,0.0,training
Clc1ccc(C(Cn2ccnc2)OCc2c(Cl)cccc2Cl)c(Cl)c1,0.0,training
COC(=O)C(c1ccccc1)C1CCCCN1,0.0,training
C=CCC1=CC(C)C[C@H](C)C[C@H](OC)[C@H]2O[C@@](O)(C(=O)C(=O)N3CCCCC3C(=O)O[C@H](/C(C)=C/[C@@H]3CC[C@@H](O)[C@H](OC)C3)[C@H](C)[C@@H](O)CC1=O)[C@H](C)C[C@@H]2OC,0.0,training
CC(CN(C)C)CN1c2ccccc2CCc2ccccc21,0.0,training
N=C(N)NN=Cc1c(Cl)cccc1Cl,0.0,training
CN1CCN2c3ncccc3Cc3ccccc3C2C1,1.0,training
CC(C)C(=O)Nc1ccc([N+](=O)[O-])c(C(F)(F)F)c1,0.0,training
CCOc1cc(N)c(Cl)cc1C(=O)NCC1CN(Cc2ccc(F)cc2)CCO1,0.0,training
Cc1nc(NS(=O)(=O)c2ccc(N)cc2)oc1C,0.0,training
CCCCCCCN(CC)CCCC(O)c1ccc(NS(C)(=O)=O)cc1,0.0,training
CN(C)CCOC1=Cc2ccccc2Sc2ccc(Cl)cc21,0.0,training
COCCc1ccc(OCC(O)CNC(C)C)cc1,0.0,training
CN1CCC[C@@H]1Cc1c[nH]c2ccc(CCS(=O)(=O)c3ccccc3)cc12,1.0,training
CN1CCN(CC/C=C2/c3ccccc3Sc3ccc(S(=O)(=O)N(C)C)cc32)CC1,0.0,training
O=C(O[C@H]1C[C@H]2CC[C@@H](C1)[N+]21CCCC1)C(O)(c1ccccc1)c1ccccc1,0.0,training
CN(C)CCCC1(c2ccc(F)cc2)OCc2cc(C#N)ccc21,0.0,training
CN1CCN(CCCCn2c(O)cn(N=Cc3ccc(-c4ccc(Cl)cc4)o3)c2=O)CC1,0.0,training
Clc1cccc(C(c2ccc3[nH]cnc3c2)n2ccnc2)c1,0.0,training
CC1CNc2c(cccc2S(=O)(=O)NC(CCCN=C(N)N)C(=O)N2CC[C@@H](C)CC2C(=O)O)C1,0.0,training
Cc1ccc(NC(=O)c2ccc(CN3CCN(C)CC3)cc2)cc1Nc1nccc(-c2cccnc2)n1,0.0,training
C=CCC1(C(C)CCC)C(=O)NC(=O)NC1=O,0.0,training
CC(C)NCC(O)COc1cccc2ccccc12,0.0,training
Cc1ccc(Cl)c(OCC(O)CNC(C)(C)C)c1,0.0,training
C/C=C/C[C@@H](C)[C@@H](O)C1C(=O)NC(CC)C(=O)N(C)CC(=O)N(C)C(CC(C)C)C(=O)NC(C(C)C)C(=O)N(C)C(CC(C)C)C(=O)NC(C)C(=O)NC(C)C(=O)N(C)C(CC(C)C)C(=O)N(C)C(CC(C)C)C(=O)N(C)C(C(C)C)C(=O)N1C,0.0,training
COc1cc(NS(=O)(=O)c2ccc(N)cc2)nc(OC)n1,0.0,training
Clc1ccc(COC(Cn2ccnc2)c2ccc(Cl)cc2Cl)c(Cl)c1,0.0,training
CC(=O)OC1=C2C(C)[C@@H](OC(=O)C(O)C(NC(=O)c3ccccc3)c3ccccc3)C[C@@](O)([C@@H](OC(=O)c3ccccc3)[C@@H]3[C@]4(OC(C)=O)CO[C@@H]4C[C@H](O)[C@@]3(C)C1=O)C2(C)C,0.0,training
Oc1c(C2=CC[C@@H](c3ccc(Cl)cc3)CC2)c(O)c2ccccc2c1O,0.0,training
CCC1(c2ccccc2)NC(=O)N(C)C1=O,1.0,training
CCN(CC)CCCC(C)Nc1c2ccc(Cl)cc2nc2ccc(OC)cc12,0.0,training
CN1CCN2c3ccccc3Cc3ccccc3C2C1,1.0,training
COc1ccc(CCN(C)CCCC(C#N)(c2ccc(OC)c(OC)c2)C(C)C)cc1OC,1.0,training
CN(C)CCOc1ccc(/C(=C(/CCCl)c2ccccc2)c2ccccc2)cc1,1.0,training
CC(C)(C)C(O)/C=C/c1ccc2c(c1)OCO2,0.0,training
CN1CC[C@@]23CCCC[C@@H]2[C@@H]1Cc1ccc(O)cc13,0.0,training
CCCCc1c(O)n(-c2ccccc2)n(-c2ccccc2)c1=O,1.0,training
CC[C@H]1OC(=O)C(C)[C@@H](O[C@H]2C[C@@](C)(OC)[C@@H](O)[C@H](C)O2)[C@H](C)[C@@H](O[C@@H]2O[C@H](C)C[C@H](N(C)C)[C@H]2O)[C@](C)(O)CC(C)C(=O)C(C)[C@@H](O)[C@]1(C)O,0.0,training
CC(C)=O,0.0,training
CCOC(=O)CC(SP(=S)(OC)OC)C(=O)OCC,0.0,training
Nc1cc(N2CCCCC2)nc(N)[n+]1[O-],0.0,training
CCOC(=O)Nc1ccc2c(c1)N(C(=O)CCN1CCOCC1)c1ccccc1S2,0.0,training
CCOCn1c(Cc2ccccc2)c(C(C)C)c(=O)[nH]c1=O,0.0,training
C#C[C@]1(O)C=C[C@H]2[C@@H]3CC=C4CC(=O)CCC4[C@H]3CC[C@@]21CC,0.0,training
CCCOCCOC(=O)C1=C(C)N=C(C)C(C(=O)OCCOCCC)C1c1cccc([N+](=O)[O-])c1,0.0,training
CN(C)CCc1c[nH]c2ccc(CS(=O)(=O)N3CCCC3)cc12,0.0,training
COC(=O)Nc1nc2cc(C(=O)c3ccccc3)ccc2[nH]1,0.0,training
CC(C)(C)c1cc(CC2SCNC2=O)cc(C(C)(C)C)c1O,0.0,training
CCn1cc(C(=O)O)c(=O)c2cc(F)c(N3CCN(C)CC3)cc21,0.0,training
CN1C(=O)OC(C)(C)C1=O,1.0,training
CCc1nc(N)nc(N)c1-c1ccc(Cl)cc1,0.0,training
CC(C)Cn1cnc2c(N)nc3ccccc3c21,0.0,training
CCC1(c2ccccc2)C(=O)NC(=O)NC1=O,1.0,training
Cc1nnc2n1-c1ccc(Cl)cc1C(c1ccccc1)=NC2,0.0,training
C[C@@H](O[C@H]1OCCN(Cc2n[nH]c(=O)[nH]2)[C@H]1c1ccc(F)cc1)c1cc(C(F)(F)F)cc(C(F)(F)F)c1,0.0,training
CN(C)CCCOc1nn(Cc2ccccc2)c2ccccc12,0.0,training
O=c1c(Cc2c(O)oc3ccccc3c2=O)c(O)oc2ccccc12,1.0,training
O=C1CCc2cc(OCCCCc3nnnn3C3CCCCC3)ccc2N1,0.0,training
Cc1cccc(Nc2ccncc2S(=O)(=O)NC(=O)NC(C)C)c1,1.0,training
[O-][S+](Cc1ccccn1)c1nc2ccccc2[nH]1,0.0,training
Cc1ccc(-c2nc3ccc(C)cn3c2CC(=O)N(C)C)cc1,1.0,training
CCN(CC)c1cc(C)nc2ncnn12,0.0,training
O=C1C=CC(=O)c2c1c(O)c1c(NCCNCCO)ccc(NCCNCCO)c1c2O,0.0,training
CN1CC(=O)N2C(Cc3c([nH]c4ccccc34)[C@H]2c2ccc3c(c2)OCO3)C1=O,0.0,training
Nc1ccc(S(=O)(=O)Nc2ccccn2)cc1,0.0,training
COc1cc2c(cc1OC)C(=O)C(CC1CCN(Cc3ccccc3)CC1)C2,0.0,training
CC(=O)NC[C@H]1CN(c2ccc(N3CCOCC3)c(F)c2)C(=O)O1,0.0,training
CC(C)C[C@H](NC(=O)C(Cc1ccccc1)NC(=O)c1cnccn1)B(O)O,1.0,training
COc1c2occc2cc2ccc(=O)oc12,0.0,training
COCc1c(C(=O)OC(C)C)ncc2[nH]c3ccc(OCc4ccccc4)cc3c12,0.0,training
CCOC(=O)n1ccn(C)c1=S,0.0,training
CC(=O)[C@@]1(O)CC[C@H]2C3=CC(Cl)=C4CC(=O)C5C[C@@H]5[C@]4(C)[C@H]3CC[C@@]21C,0.0,training
Cc1[nH]cnc1CN1CCc2c(c3ccccc3n2C)C1=O,1.0,training
CCOC(=O)c1cncn1[C@H](C)c1ccccc1,0.0,training
NC(=O)N1c2ccccc2CC(=O)c2ccccc21,0.0,training
CC(C)(C)c1ccc(C(=O)CCCN2CCC(OC(c3ccccc3)c3ccccc3)CC2)cc1,0.0,training
CC(=O)C1CC[C@H]2[C@@H]3CC=C4C[C@@H](O)CC[C@]4(C)[C@H]3CC[C@]12C,0.0,training
Cc1cccc(C)c1NC(=O)CC12CCCN1CCC2,0.0,training
CCOc1ccccc1O[C@H](c1ccccc1)[C@H]1CNCCO1,0.0,training
O=C(O)c1ccccc1O,0.0,training
Cc1cccc([C@H](C)c2c[nH]cn2)c1C,0.0,training
NC(=O)OCC(COC(N)=O)c1ccccc1,0.0,training
Cc1c(O)cccc1C(=O)N[C@@H](CSc1ccccc1)[C@H](O)CN1C[C@H]2CCCC[C@H]2CC1C(=O)NC(C)(C)C,1.0,training
CN[C@@H]1CCc2[nH]c3ccc(C(N)=O)cc3c2C1,0.0,training
NC(=O)C[S+]([O-])C(c1ccccc1)c1ccccc1,0.0,training
CCn1c(O)c(-c2ccccc2)[nH]c1=O,0.0,training
Nc1ccc(S(N)(=O)=O)cc1,0.0,training
CC(C)N=C(N)N=C(N)Nc1ccc(Cl)cc1,1.0,training
CCc1c(C)[nH]c2c1C(=O)C(CN1CCOCC1)CC2,0.0,training
CC(c1ncncc1F)[C@](O)(Cn1cncn1)c1ccc(F)cc1F,1.0,training
COc1ccccc1Oc1c(NS(=O)(=O)c2ccc(C(C)C)cn2)nc(-c2ccnc(-c3nn[nH]n3)c2)nc1OCCO,0.0,training
C[C@]12CC[C@@H]3c4ccc(O)cc4CC[C@H]3[C@@H]1CC[C@@H]2O,1.0,training
CN(C)CCC(c1ccc(Cl)cc1)c1ccccn1,0.0,training
CC(C)CN(C[C@@H](O)[C@H](Cc1ccccc1)NC(=O)O[C@H]1CCOC1)S(=O)(=O)c1ccc(N)cc1,1.0,training
Oc1cc2cc(CCN3CCN(c4nsc5ccccc45)CC3)c(Cl)cc2[nH]1,0.0,training
Clc1ccc2c(c1)CCc1cccnc1C2=C1CCNCC1,0.0,training
Fc1cccc2c1O[C@H]1CNC[C@@H]1O2,0.0,training
Cc1cc(=O)n(-c2ccccc2)n1C,1.0,training
Cc1c(C)c(O)c(C(=CCCCCC(=O)O)c2ccccc2)c(C)c1O,1.0,training
OCCN1CCN(CC/C=C2/c3ccccc3Sc3ccc(Cl)cc32)CC1,0.0,training
CC(C)(O)c1ccccc1CC[C@@H](SCC1(CC(=O)O)CC1)c1cccc(/C=C/c2ccc3ccc(Cl)cc3n2)c1,1.0,training
CC(C)(Oc1ccc(Cl)cc1)C(=O)O,0.0,training
CN1CCC(=C2c3ccccc3CCc3cccnc32)CC1,0.0,training
O=C(N[C@H](CO)[C@H](O)c1ccc([N+](=O)[O-])cc1)C(Cl)Cl,0.0,training
CCn1cc(C(=O)O)c(=O)c2cnc(N3CCNCC3)nc21,0.0,training
N=C(N)N=C(N)NCCc1ccccc1,0.0,training
N=C(N)N=c1[nH]c(CSCCN=CNS(=O)(=O)c2ccc(Br)cc2)cs1,0.0,training
c1ccc2[nH]c(-c3cscn3)nc2c1,0.0,training
CNCCCN1c2ccccc2CCc2ccccc21,0.0,training
CC[C@H]1CN2CC[C@H]1C[C@@H]2[C@@H](O)c1ccnc2ccc(OC)cc12,0.0,training
CN(C)CCc1c[nH]c2ccc(C[C@H]3COC(=O)N3)cc12,0.0,training
CN1CCC[C@@H]1CCO[C@](C)(c1ccccc1)c1ccc(Cl)cc1,0.0,training
COCC(=O)O[C@]1(CCN(C)CCCc2nc3ccccc3[nH]2)CCc2cc(F)ccc2[C@@H]1C(C)C,0.0,training
CCCc1nc2c(C)cc(-c3nc4ccccc4n3C)cc2n1Cc1ccc(-c2ccccc2C(=O)O)cc1,0.0,training
CC1C(=O)O[C@@H]2O[C@@]3(C)CC[C@H]4[C@H](C)CC[C@@H]1[C@@]24OO3,0.0,training
CN1[C@@H](CC(=O)c2ccccc2)CCC[C@H]1C[C@H](O)c1ccccc1,0.0,training
CC[C@H]1OC(=O)C(C)[C@@H](O[C@H]2C[C@@](C)(OC)[C@@H](O)[C@H](C)O2)[C@H](C)[C@@H](O[C@@H]2O[C@H](C)C[C@H](N(C)C)[C@H]2O)[C@](C)(O)C[C@](C)(F)C(=O)C(C)[C@@H](O)[C@]1(C)O,0.0,training
OCCN1CCN(CCCN2c3ccccc3Sc3ccc(Cl)cc32)CC1,1.0,training
CC[C@H]1OC(=O)C(C)[C@@H](O[C@H]2C[C@@](C)(OC)[C@@H](O)[C@H](C)O2)[C@H](C)[C@@H](O[C@@H]2O[C@H](C)C[C@H](N(C)C)[C@H]2O)[C@](C)(OC)CC(C)C(=O)C(C)[C@@H](O)[C@]1(C)O,0.0,training
CCOP(=S)(OCC)Oc1nc(Cl)c(Cl)cc1Cl,1.0,training
CCN(CC)C(=O)N[C@H]1C[C@@H]2c3cccc4[nH]cc(c34)C[C@H]2N(C)C1,0.0,training
CN(CCOc1ccc(Cc2sc(=O)[nH]c2O)cc1)c1ccccn1,1.0,training
CN(C)Cc1nnc2n1-c1ccc(Cl)cc1C(c1ccccc1)=NC2,0.0,training
CCCN1C[C@H](CSC)C[C@@H]2c3cccc4[nH]cc(c34)C[C@H]21,0.0,training
CNCCC=C1c2ccccc2CCc2ccccc21,0.0,training
CN(C)CCCN1c2ccccc2CCc2ccc(Cl)cc21,1.0,training
Clc1ccc(CO/N=C(\Cn2ccnc2)c2ccc(Cl)cc2Cl)c(Cl)c1,0.0,training
CCC(=O)NS(=O)(=O)c1ccc(-c2c(-c3ccccc3)noc2C)cc1,0.0,training
O=C(CCCN1CCC(O)(c2cccc(C(F)(F)F)c2)CC1)c1ccc(F)cc1,0.0,training
CCCCOC(=O)C(=O)Nc1cccc(-c2nn[nH]n2)c1,0.0,training
O=c1c(O)c(-c2ccc(O)c(O)c2)oc2cc(O)cc(O)c12,0.0,training
CCn1cc(C(=O)O)c(=O)c2ccc(C)nc21,0.0,training
Cc1cccc(Nc2ccccc2C(=O)O)c1C,1.0,training
CN1CC[C@]23c4c5ccc(O)c4O[C@H]2[C@@H](O)C=C[C@H]3[C@H]1C5,1.0,training
Cc1cccc(C)c1OCC(=O)N[C@@H](Cc1ccccc1)[C@@H](O)C[C@H](Cc1ccccc1)NC(=O)C(C(C)C)N1CCCNC1=O,0.0,training
Cc1c(-c2cnccn2)ssc1=S,0.0,training
CN(C)CCC=C1c2ccccc2COc2ccccc21,1.0,training
Cc1ccnc(NS(=O)(=O)c2ccc(N)cc2)n1,0.0,training
Nc1ccc(S(=O)(=O)Nc2ccnn2-c2ccccc2)cc1,0.0,training
COc1cc([C@@H]2c3cc4c(cc3[C@@H](O[C@@H]3O[C@@H]5CO[C@@H](C)O[C@H]5[C@H](O)[C@H]3O)[C@H]3COC(=O)C23)OCO4)cc(OC)c1O,0.0,training
NNc1nnc(NN)c2ccccc12,0.0,training
CN(C)C1C(=O)C(C(N)=O)C(=O)[C@@]2(O)C(=O)C3C(=O)c4c(O)cccc4[C@@](C)(O)[C@H]3C[C@@H]12,0.0,training
O=C1CN=C(c2ccccc2)c2cc(Cl)ccc2N1,0.0,training
O=C(O)COC(=O)Cc1ccccc1Nc1c(Cl)cccc1Cl,1.0,training
CN(C)CCC=C1c2ccccc2CCc2ccccc21,1.0,training
Nc1ccc(S(=O)(=O)c2ccc(N)cc2)cc1,1.0,training
O=C1c2ccccc2C(=O)c2ccccc21,0.0,training
C[C@]12CC[C@@H]3c4ccc(O)cc4CC[C@H]3[C@@H]1CCC2=O,1.0,training
CNCCCC12CCC(c3ccccc31)c1ccccc12,0.0,training
Nc1ccccc1,0.0,training
CN(C)CC(Oc1ccccc1)Oc1ccccc1,0.0,training
CNn1cc(C(=O)O)c(=O)c2cc(F)c(N3CCN(C)CC3)cc21,0.0,training
CC(C)c1c(C(=O)Nc2ccccc2)c(-c2ccccc2)c(-c2ccc(F)cc2)n1CC[C@@H](O)C[C@@H](O)CC(=O)O,0.0,training
COc1ccc(CN2CCNCC2)c(OC)c1OC,0.0,training
CCN(CC)CCCN(c1ccccc1)C1Cc2ccccc2C1,0.0,training
C#C[C@]1(O)CC[C@H]2[C@@H]3CCc4cc(OC)ccc4[C@H]3CC[C@@]21C,1.0,training
Oc1c2c(c(O)n1CCCCN1CCN(c3nsc4ccccc34)CC1)CCCC2,0.0,training
CN1CCN(c2cc3c(cc2F)c(=O)c(C(=O)O)cn3-c2ccc(F)cc2)CC1,0.0,training
Cc1cc2c(s1)Nc1ccccc1N=C2N1CCN(C)CC1,0.0,training
COc1ccc2[nH]c([S+]([O-])Cc3ncc(C)c(OC)c3C)nc2c1,1.0,training
COc1ccc2c3c1O[C@H]1[C@@H](O)CC[C@H]4[C@@H](C2)N(C)CC[C@@]341,0.0,training
c1ccc2cc(COC3CCNCC3)ccc2c1,0.0,training
O=C(O)c1cn(C2CC2)c2cc(N3CCNCC3)c(F)cc2c1=O,0.0,training
CN1C(C(=O)Nc2ccccn2)C(=O)c2sccc2S1(=O)=O,1.0,training
ClC1=C(Cl)[C@]2(Cl)[C@@H]3[C@@H]4C[C@@H]([C@H]5O[C@@H]45)[C@@H]3[C@@]1(Cl)C2(Cl)Cl,0.0,training
COc1cc(NCc2ccc3nc(N)nc(N)c3c2C)cc(OC)c1OC,0.0,training
Fc1ccc(C(OCCN2CCN(CCCc3ccccc3)CC2)c2ccc(F)cc2)cc1,0.0,training
CC1(C)CC(=O)N(CCCCN2CCN(c3ncccn3)CC2)C(=O)C1,0.0,training
Cc1ccc(C(=O)C(C)CN2CCCCC2)cc1,0.0,training
COC(=O)C1C=C2CC(=O)CC[C@]2(C)[C@@]23O[C@@H]2C[C@@]2(C)[C@@H](CC[C@@]24CCC(=O)O4)[C@H]13,0.0,training
Cc1ccc(-c2ncc(Cl)cc2-c2ccc(S(C)(=O)=O)cc2)cn1,1.0,training
C=C1C[C@@H]2[C@H](CC[C@]3(C)C(=O)CC[C@@H]23)[C@@]2(C)C=CC(=O)C=C12,0.0,training
O=C(O)c1ccc(OCCn2ccnc2)cc1,0.0,training
C[C@]12C=CC(=O)C=C1CC[C@@H]1[C@@H]2[C@@H](O)C[C@@]2(C)[C@H]1CC[C@]2(O)C(=O)CO,0.0,training
CC(N)C(=O)c1ccccc1,0.0,training
CCc1nn(CCCN2CCN(c3cccc(Cl)c3)CC2)c(=O)n1CC,1.0,training
CC[C@H]1OC(=O)C(C)[C@@H](O[C@H]2C[C@@](C)(OC)[C@@H](O)[C@H](C)O2)[C@H](C)[C@@H](O[C@@H]2O[C@H](C)C[C@H](N(C)C)[C@H]2O)[C@](C)(O)C[C@@H](C)[C@@H]2N[C@@H](COCCOC)O[C@H]([C@H]2C)[C@]1(C)O,0.0,training
COc1ncnc(NS(=O)(=O)c2ccc(N)cc2)c1OC,0.0,training
CCC1C(=O)OC[C@@H]1Cc1cncn1C,0.0,training
Cc1ncc2n1-c1ccc(Cl)cc1C(c1ccccc1F)=NC2,1.0,training
CCCC(C(=O)OCCN(CC)CC)(c1ccccc1)c1ccccc1,0.0,training
CN(c1nc(=O)cc[nH]1)C1CCN(c2nc3ccccc3n2Cc2ccc(F)cc2)CC1,0.0,training
CCCCc1nc(Cl)c(CO)n1Cc1ccc(-c2ccccc2-c2nn[nH]n2)cc1,1.0,training
c1ccc(C2(N3CCCCC3)CCCCC2)cc1,0.0,training
OC(O)C(Cl)(Cl)Cl,0.0,training
CN[C@H]1CC[C@@H](c2ccc(Cl)c(Cl)c2)c2ccccc21,1.0,training
C#C[C@]1(O)CC[C@H]2[C@@H]3CC=C4CC(=O)CCC4[C@H]3C(=C)C[C@@]21CC,0.0,training
C#CCN(C)Cc1ccccc1,0.0,training
COC(=O)C1=C(C)N=C(C)C(C(=O)O[C@H]2CCN(Cc3ccccc3)C2)[C@H]1c1cccc([N+](=O)[O-])c1,0.0,training
CN=C(C[N+](=O)[O-])NCCSCc1ccc(CN(C)C)o1,0.0,training
CCC(C)C(=O)O[C@H]1C[C@@H](C)C=C2C=C[C@H](C)[C@H](CC[C@@H]3C[C@@H](O)CC(=O)O3)[C@H]21,0.0,training
CS(=O)(=O)OCCCCOS(C)(=O)=O,0.0,training
N=C(N)c1ccc(OCCCCCOc2ccc(C(=N)N)cc2)cc1,0.0,training
C[C@H]1C[C@H]2[C@@H]3CC=C4CC(=O)C=C[C@]4(C)[C@@]3(Cl)[C@@H](O)C[C@]2(C)[C@@]1(O)C(=O)CO,0.0,training
CCC1(c2ccccc2)C(=O)NCNC1=O,0.0,training
Clc1ccc2c(c1)C(N1CCNCC1)=Nc1ccccc1O2,1.0,training
Cn1cc([S+](C)[O-])c(=O)c2ccc(F)cc21,0.0,training
C[C@]12CC[C@H]3[C@@H](CC=C4CC(=O)C=C[C@@]43C)[C@@H]1CC[C@@H]2O,0.0,training
COc1cc(Br)c2oc(C3CCNCC3)cc2c1,0.0,training
CC(C)(C)NC(=O)C1C[C@@H]2CCCC[C@@H]2CN1C[C@@H](O)[C@H](Cc1ccccc1)NC(=O)C(CC(N)=O)NC(=O)c1ccc2ccccc2n1,0.0,training
CN1CCC[C@H]1c1cccnc1,1.0,training
COc1ccc(C(C)C)cc1CN[C@H]1C2CCN(CC2)[C@H]1C(c1ccccc1)c1ccccc1,0.0,training
CN[C@@H](C)Cc1ccccc1,0.0,training
Cn1cc[nH]c1=S,0.0,training
Fc1ccc([C@@H]2CCNC[C@H]2COc2ccc3c(c2)OCO3)cc1,0.0,training
COc1cccc2c(O)c3c(c(O)c12)C(=O)C1=C(C[C@@](O)(C(=O)CO)C[C@@H]1O[C@H]1C[C@H](N)[C@H](O)[C@H](C)O1)C3=O,0.0,training
CC(C)c1cccc(C(C)C)c1O,1.0,training
CN(C(=O)c1c(O)c2ccccc2n(C)c1=O)c1ccccc1,0.0,training
Cn1c(=O)[nH]c2ncn(C)c2c1=O,0.0,training
CCOc1ccc(NC(C)=O)cc1,1.0,training
Cc1cc(-c2ccccc2)nnc1NCCN1CCOCC1,0.0,training
Cc1nccn1CC1CCc2c(c3ccccc3n2C)C1=O,1.0,training
Cc1cc(Cl)c(S(N)(=O)=O)cc1S(N)(=O)=O,0.0,training
CCC(C)(C)C(=O)O[C@H]1C[C@@H](C)C=C2C=C[C@H](C)[C@H](CC[C@@H]3C[C@@H](O)CC(=O)O3)[C@H]21,0.0,training
COc1cc(Cc2cnc(N)nc2N)cc(OC)c1OC,1.0,training
C[C@]12CCC(=O)C=C1CC[C@@H]1C2C(=O)C[C@@]2(C)[C@H]1CC[C@]2(O)C(=O)CO,0.0,training
Cn1c(O)cc(-c2ccccc2)c1O,0.0,training
Cc1ccccc1,0.0,training
Cc1c(OCC(F)(F)F)ccnc1C[S+]([O-])c1nc2ccccc2[nH]1,1.0,training
COc1ccc(CN(CCN(C)C)c2ccccn2)cc1,0.0,training
CC(C(=O)O)c1ccc(C(=O)c2cccs2)cc1,1.0,training
O=C(O)c1ccccc1Nc1cccc(C(F)(F)F)c1,0.0,training
C[C@]12CCC(=O)C=C1CC[C@@H]1[C@@H]2[C@@H](O)C[C@]2(C)C(C(=O)CO)CC[C@@H]12,0.0,training
CCN[C@H]1CN(CCCOC)S(=O)(=O)c2sc(S(N)(=O)=O)cc21,0.0,training
Cn1nnc2ccc([C@H](c3ccc(Cl)cc3)n3cncn3)cc21,0.0,training
CCCN[C@H]1CCc2nc(N)sc2C1,0.0,training
CCN(CC)CCNC(=O)c1cc(Cl)c(N)cc1OC,0.0,training
COc1ccc(Cl)cc1C(=O)NCCc1ccc(S(=O)(=O)NC(=O)NC2CCCCC2)cc1,1.0,training
CCOC(=O)C(CCc1ccccc1)NC(C)C(=O)N1CCCC1C(=O)O,0.0,training
CCn1cc(C(=O)O)c(=O)c2cc(F)c(N3CCNCC3)nc21,0.0,training
Cc1ccc(-c2cc(C(F)(F)F)nn2-c2ccc(S(N)(=O)=O)cc2)cc1,1.0,training
CC(C)(Oc1ccc(CCNC(=O)c2ccc(Cl)cc2)cc1)C(=O)O,0.0,training
CCC(C)C(=O)O[C@H]1CCC=C2C=C[C@H](C)[C@H](CC[C@@H]3C[C@@H](O)CC(=O)O3)[C@H]21,0.0,training
CN=C1C[N+]([O-])=C(c2ccccc2)c2cc(Cl)ccc2N1,0.0,training
COCCCOc1ccnc(C[S+]([O-])c2nc3ccccc3[nH]2)c1C,0.0,training
O=C1CC2(CCCC2)CC(=O)N1CCCCN1CCN(c2ncccn2)CC1,0.0,training
CC(C(=O)O)c1ccc(-c2ccccc2)c(F)c1,1.0,training
COc1cc(C(C)=O)ccc1OCCCN1CCC(c2noc3cc(F)ccc23)CC1,0.0,training
C(=Cc1ccccc1)CN1CCN(C(c2ccccc2)c2ccccc2)CC1,1.0,training
COC(=O)C1=C(C)N=C(C)C(C(=O)OC)C1c1ccccc1[N+](=O)[O-],0.0,training
CC1=C2CC(=O)C=C[C@]2(C)[C@@H]2[C@@H](C1)[C@@H]1CC[C@](O)(C(=O)CO)[C@@]1(C)C[C@@H]2O,0.0,training
CN(C)CCN(Cc1ccccc1)c1ccccn1,0.0,training
COc1cc([C@@H]2c3cc4c(cc3[C@@H](O[C@@H]3O[C@@H]5CO[C@@H](c6cccs6)O[C@H]5[C@H](O)[C@H]3O)[C@H]3COC(=O)C23)OCO4)cc(OC)c1O,0.0,training
C[C@H](Cn1cnc2c(N)ncnc21)OCP(=O)(O)O,0.0,training
Cc1onc(-c2ccccc2)c1-c1ccc(S(N)(=O)=O)cc1,1.0,training
C[C@@H]1C[C@H]2[C@@H]3CC=C4CC(=O)C=C[C@]4(C)C3=CC[C@]2(C)C1C(=O)CN1CCN(c2cc(N3CCCC3)nc(N3CCCC3)n2)CC1,0.0,training
CN(C)CCC=C1c2ccccc2C=Cc2ccccc21,0.0,training
O=[N+]([O-])c1cncn1CCN1CCOCC1,0.0,training
CCC1=C[C@@H]2CN(C1)Cc1c([nH]c3ccccc13)[C@@](C(=O)OC)(c1cc3c(cc1OC)N(C)[C@H]1[C@@](O)(C(=O)OC)[C@H](OC(C)=O)[C@]4(CC)C=CCN5CC[C@]31[C@@H]54)C2,0.0,training
CCCN1CCC[C@@H]2Cc3nc(N)ncc3C[C@H]21,0.0,training
C#C[C@]1(O)CC[C@H]2[C@@H]3CC=C4CC(=O)CCC4[C@H]3CC[C@@]21CC,0.0,training
CC[C@H]1OC(=O)C(C)[C@@H](O[C@H]2C[C@@](C)(OC)[C@@H](O)[C@H](C)O2)[C@H](C)[C@@H](O[C@@H]2O[C@H](C)C[C@H](N(C)C)[C@H]2O)[C@](C)(O)C[C@@H](C)CN(C)[C@H](C)[C@@H](O)[C@]1(C)O,0.0,training
CC(C)CC1C(=O)N2CCC[C@H]2[C@]2(O)O[C@](NC(=O)C3C=C4c5cccc6[nH]c(Br)c(c56)C[C@H]4N(C)C3)(C(C)C)C(=O)N12,0.0,training
CCCN(CCC)CCc1cccc2[nH]c(O)cc12,0.0,training
CC(C(=O)O)c1cccc(C(=O)c2ccccc2)c1,0.0,training
COc1ccc2c3c1O[C@H]1C[C@@H](O)C=C[C@@]31CCN(C)C2,0.0,training
CN(C/C=C/C#CC(C)(C)C)Cc1cccc2ccccc12,1.0,training
O=P1(NCCCl)OCCCN1CCCl,1.0,training
CC#C[C@]1(O)CC[C@H]2C3=C(C4=C(CC3)CC(=O)CC4)C(c3ccc(N(C)C)cc3)C[C@@]21C,0.0,training
C[C@]12CC[C@H]3[C@@H](CC=C4CC(=O)CC[C@@]43C)[C@@H]1CC[C@@H]2O,1.0,training
COc1ccc(-c2cc(=O)c3c(O)cc(O[C@@H]4O[C@H](CO[C@@H]5O[C@@H](C)[C@H](O)[C@@H](O)[C@H]5O)[C@@H](O)[C@H](O)[C@H]4O)cc3o2)cc1O,0.0,training
Nc1c2c(nc3ccccc13)CCCC2,0.0,training
Cn1c(=O)c2[nH]cnc2n(C)c1=O,1.0,training
CN(C)CCCN1c2ccccc2CCc2ccccc21,1.0,training
CCCSc1ccc2[nH]c(NC(=O)OC)nc2c1,1.0,training
CNC(=O)Oc1cccc2ccccc12,1.0,training
O=C1NCCN1CCN1CCC(c2cn(-c3ccc(F)cc3)c3ccc(Cl)cc23)CC1,0.0,training
COCc1c(-c2ccc(F)cc2)c(=CC[C@@H](O)C[C@@H](O)CC(=O)O)c(C(C)C)nc1=C(C)C,0.0,training
C[C@H]1O[C@@H](O[C@H]2[C@@H](O)C[C@H](O[C@H]3[C@@H](O)C[C@H](O[C@H]4CC[C@@]5(C)[C@H](CC[C@@H]6[C@@H]5C[C@@H](O)[C@]5(C)[C@@H](C7=CC(=O)OC7)CC[C@]65O)C4)O[C@@H]3C)O[C@@H]2C)C[C@H](O)[C@@H]1O,0.0,training
CCC1NC(=O)C(NC(=O)c2ncccc2O)[C@@H](C)OC(=O)C(c2ccccc2)NC(=O)C2CC(=O)C(CS[C@@H]3CN4CCC3CC4)CN2C(=O)C(Cc2ccc(N(C)C)cc2)N(C)C(=O)C2CCCN2C1=O,0.0,training
CC(=O)Oc1ccccc1C(=O)O,1.0,training
CN1C(=O)CN=C(c2ccccc2F)c2cc([N+](=O)[O-])ccc21,1.0,training
Fc1ccc(C(c2ccc(F)cc2)N2CCN(C/C=C/c3ccccc3)CC2)cc1,1.0,training
Cc1ncc([N+](=O)[O-])n1CCO,1.0,training
C#CCN(C)[C@H](C)Cc1ccccc1,1.0,training
CC(C)(C)NC[C@H](O)COc1nsnc1N1CCOCC1,0.0,training
C#C[C@]1(O)CC[C@H]2[C@@H]3CCC4=Cc5oncc5C[C@]4(C)[C@H]3CC[C@@]21C,0.0,training
CC(C)Cc1ccc(C(C)C(=O)O)cc1,1.0,training
CCC(=O)N(c1ccccc1)C1(COC)CCN(CCn2nnn(CC)c2=O)CC1,0.0,training
CN1C(=O)C(O)N=C(c2ccccc2)c2cc(Cl)ccc21,1.0,training
NC(=O)N1c2ccccc2C=Cc2ccccc21,1.0,training
O=c1[nH]cc(F)c(=O)[nH]1,0.0,training
CCc1ccccc1,0.0,training
CCC(=O)N(c1ccccc1)C1CCN(CCc2ccccc2)CC1,0.0,training
CC1c2cccc(O)c2C(=O)C2C(=O)[C@]3(O)C(=O)C(C(N)=O)C(=O)C(N(C)C)[C@@H]3[C@@H](O)[C@@H]21,0.0,training
C[C@]12C=CC(=O)N[C@@H]1CC[C@@H]1[C@@H]2CC[C@]2(C)C(C(=O)Nc3cc(C(F)(F)F)ccc3C(F)(F)F)CC[C@@H]12,0.0,training
Cc1cnc(C(=O)NCCc2ccc(S(=O)(=O)NC(=O)NC3CCCCC3)cc2)cn1,1.0,training
Cc1cccc(C)c1NC(=O)C(C)N,0.0,training
CC(C)(C)N1CCC(c2ccccc2)(c2ccccc2)CC1,0.0,training
CC(=O)Nc1ccccc1,0.0,training
O=C(NC1CCN(CCc2c[nH]c3ccccc23)CC1)c1ccccc1,0.0,training
CCOC(=O)C1(c2ccccc2)CCN(C)CC1,0.0,training
C[S+](C)[O-],0.0,training
N=C(N)N1CCc2ccccc2C1,0.0,training
C[C@H]1COc2c(N3CCN(C)CC3)c(F)cc3c(=O)c(C(=O)O)cn1c23,0.0,training
NS(=O)(=O)Cc1noc2ccccc12,0.0,training
CC(=O)C1CC[C@H]2[C@@H]3CC=C4CC(=O)CC[C@]4(C)[C@H]3CC[C@]12C,1.0,training
CC1(C)O[C@@H]2[C@@H](CO[C@@]3(COS(N)(=O)=O)OC(C)(C)O[C@@H]23)O1,0.0,training
CCN[C@H]1C[C@H](C)S(=O)(=O)c2sc(S(N)(=O)=O)cc21,1.0,training
CNS(=O)(=O)Cc1ccc2[nH]cc(CCCN3CCN(c4ncncc4OC)CC3)c2c1,0.0,training
CCc1c2c(nc3ccc(OC(=O)N4CCC(N5CCCCC5)CC4)cc13)-c1cc3c(c(=O)n1C2)COC(=O)[C@]3(O)CC,0.0,training
N#Cc1ccc(C(c2ccc(C#N)cc2)n2cncn2)cc1,0.0,training
C[C@@H](O)CCCCn1c(=O)c2c(ncn2C)n(C)c1=O,0.0,training
C[C@@H](Cc1ccccc1)N(C)Cc1ccccc1,0.0,training
O=C(c1ccc(OCCN2CCCCC2)cc1)c1c(-c2ccc(O)cc2)sc2cc(O)ccc12,0.0,training
Nc1nc2cc(Cl)ccc2o1,0.0,training
CC1(C)NC(=O)N(c2ccc([N+](=O)[O-])c(C(F)(F)F)c2)C1=O,0.0,training
C/C=C/CC(C)C(=O)C1C(=O)NC(C(C)C)C(=O)N(C)CC(=O)N(C)C(CC(C)C)C(=O)NC(C(C)C)C(=O)N(C)C(CC(C)C)C(=O)NC(C)C(=O)NC(C)C(=O)N(C)C(CC(C)C)C(=O)N(C)C(CC(C)C)C(=O)N(C)C(C(C)C)C(=O)N1C,0.0,training
COc1cccc2c(O)c3c(c(O)c12)C(=O)C1=C(C[C@@](O)(C(C)=O)C[C@@H]1O[C@H]1C[C@H](N)[C@H](O)[C@H](C)O1)C3=O,0.0,training
O=C(NC1CCS[C@H]2CCCC(C(=O)O)N2C1=O)C(S)Cc1ccccc1,0.0,training
CC(=O)CCCCn1c(=O)c2c(ncn2C)n(C)c1=O,0.0,training
CC(C)OC(=O)C(C)(C)Oc1ccc(C(=O)c2ccc(Cl)cc2)cc1,0.0,training
O=c1c(CC[S+]([O-])c2ccccc2)c(O)n(-c2ccccc2)n1-c1ccccc1,1.0,training
CCCCc1oc2ccccc2c1C(=O)c1cc(I)c(OCCN(CC)CC)c(I)c1,1.0,training
CC(C)(C)NC(=O)C1CN(Cc2cccnc2)CCN1C[C@@H](O)CC(Cc1ccccc1)C(=O)N[C@H]1c2ccccc2C[C@H]1O,1.0,training
CC(C)(C)NC(=O)C1CC[C@H]2[C@@H]3CC[C@H]4NC(=O)C=C[C@]4(C)[C@H]3CC[C@]12C,0.0,training
Cc1cn([C@H]2C[C@H](N=[N+]=[N-])[C@@H](CO)O2)c(=O)[nH]c1=O,1.0,training
CCC(=O)N(c1ccccc1)C1(COC)CCN(CCc2cccs2)CC1,0.0,training
Cc1ncsc1CCCl,0.0,training
COc1ccc(C(=O)N2CCN(c3ccc4c(c3)CCC(=O)N4)CC2)cc1OC,0.0,training
CCOc1nc2cccc(C(=O)O)c2n1Cc1ccc(-c2ccccc2-c2nn[nH]n2)cc1,1.0,training
COc1ccc(-c2nc3cc(C4=NNC(=O)CC4C)ccc3[nH]2)cc1,0.0,training
Cc1cc(N(C)C)ccc1C[C@H](C)N,0.0,training
C[C@H]1C[C@H]2[C@@H]3CC=C4CC(=O)C=C[C@]4(C)[C@@]3(F)[C@@H](O)C[C@]2(C)[C@@]1(O)C(=O)CO,0.0,training
CC(C)c1nc(COC(N)=O)n(Cc2ccncc2)c1Sc1cc(Cl)cc(Cl)c1,0.0,training
CNC(=O)c1cccc(NCC(=O)NCCc2ccc(OC)c(OC)c2)c1,0.0,training
OC(c1ccccc1)(c1ccccc1)C1CCNCC1,0.0,training
CC(C)c1cc(C(C)C)c(CC(=O)NS(=O)(=O)Oc2c(C(C)C)cccc2C(C)C)c(C(C)C)c1,0.0,training
CCOC(=O)C(C)(C)Oc1ccc(Cl)cc1,0.0,training
COc1cc(OC)c(C(=O)CCCN2CCCC2)c(OC)c1,0.0,training
C[C@@H]1C[C@H]2[C@@H]3CC=C4CC(=O)C=C[C@]4(C)[C@@]3(F)[C@@H](O)C[C@]2(C)[C@@]1(O)C(=O)CO,0.0,training
C[C@]12C=CC(=O)C=C1CC[C@@H]1[C@@H]2CC[C@]2(C)OC(=O)CC[C@@H]12,0.0,training
CN1CCN(CCCN2c3ccccc3Sc3ccc(C(F)(F)F)cc32)CC1,0.0,training
C=C1CC[C@H](O)C/C1=C/C=C1\CCC[C@]2(C)[C@@H]([C@H](C)CCCC(C)C)CC[C@@H]12,0.0,training
CN1C(=O)CC[C@H]1c1cccnc1,0.0,training
c1ccccc1,0.0,training
CN1CCN(C2=Nc3cc(F)ccc3Cc3ccccc32)CC1,0.0,training
CN(CCOc1ccc(NS(C)(=O)=O)cc1)CCc1ccc(NS(C)(=O)=O)cc1,0.0,training
CCCCNC(=O)NS(=O)(=O)c1ccc(C)cc1,1.0,training
C[C@]12C=CC(=O)C=C1CC[C@@H]1C2C(=O)C[C@@]2(C)[C@H]1CC[C@]2(O)C(=O)CO,0.0,training
C[C@]12CCC(=O)C=C1CC[C@@H]1[C@@H]2[C@@H](O)C[C@@]2(C)[C@H]1CC[C@]2(O)C(=O)CO,0.0,training
O=C(CCCN1CCC(O)(c2ccc(Br)cc2)CC1)c1ccc(F)cc1,0.0,training
CC1=C(CC(=O)O)c2cc(F)ccc2C1=Cc1ccc([S+](C)[O-])cc1,0.0,training
Cc1onc(-c2c(F)cccc2Cl)c1C(=O)NC1C(=O)N2C(C(=O)O)C(C)(C)S[C@H]12,0.0,training
CN1C(C(=O)Nc2ccccn2)C(=O)c2ccccc2S1(=O)=O,1.0,training
C[C@]12CCC(=O)C=C1C1C[C@@H]1[C@H]1[C@@H]3[C@@H]4C[C@@H]4[C@@]4(CCC(=O)O4)[C@@]3(C)CC[C@@H]12,0.0,training
COC(=O)C1=C(C)N=C(C)C(C(=O)O[C@@H]2CCCN(Cc3ccccc3)C2)[C@@H]1c1cccc([N+](=O)[O-])c1,0.0,training
O=C(NC(Cc1cc(=O)[nH]c2ccccc12)C(=O)O)c1ccc(Cl)cc1,0.0,training
Nc1nc(NC2CC2)c2ncn([C@H]3C=C[C@@H](CO)C3)c2n1,0.0,training
C[C@]12CC[C@H](O)CC1=CC[C@@H]1[C@@H]2CC[C@]2(C)C(c3cccnc3)=CC[C@@H]12,0.0,training
COc1ccc(CCN2CCC(Nc3nc4ccccc4n3Cc3ccc(F)cc3)CC2)cc1,0.0,training
CC(C(=O)O)c1ccc2c(c1)CC(=O)c1ccccc1S2,1.0,training
CCOc1ccc2ccccc2c1C(=O)NC1C(=O)N2C(C(=O)O)C(C)(C)S[C@H]12,0.0,training
COc1ccccc1Oc1c(NS(=O)(=O)c2ccc(C(C)(C)C)cc2)nc(-c2ncccn2)nc1OCCO,1.0,training
Cc1ccsc1C(=CCCN1CCCC(C(=O)O)C1)c1sccc1C,0.0,training
O=C1CCc2ccc(OCCCCN3CCN(c4cccc(Cl)c4Cl)CC3)cc2N1,0.0,training
CC(C)n1c(/C=C/[C@H](O)C[C@H](O)CC(=O)O)c(-c2ccc(F)cc2)c2ccccc21,1.0,training
CCOCCn1c(N2CCCN(C)CC2)nc2ccccc21,0.0,training
Cc1cccc(C)c1NC(=O)CN1CCCC1=O,0.0,training
CN(C)CCC[C@@]1(c2ccc(F)cc2)OCc2cc(C#N)ccc21,0.0,training
Nc1ccc(S(=O)(=O)Nc2ncccn2)cc1,1.0,training
CN1CC(C(=O)N[C@]2(C)O[C@@]3(O)[C@@H]4CCCN4C(=O)C(Cc4ccccc4)N3C2=O)C=C2c3cccc4[nH]cc(c34)C[C@H]21,0.0,training
FCOC(C(F)(F)F)C(F)(F)F,0.0,training
CC/C(=C(\c1ccccc1)c1ccc(OCCN(C)C)cc1)c1ccccc1,1.0,training
CCN(CC)C(=O)N[C@H]1C=C2c3cccc4[nH]cc(c34)C[C@H]2N(C)C1,0.0,training
CCCC(CCC)C(=O)O,1.0,training
CC(=O)Nc1nnc(S(N)(=O)=O)s1,0.0,training
COc1ccc2cc(C(C)C(=O)O)ccc2c1,1.0,training
Cn1cnc2c1c(=O)[nH]c(=O)n2C,0.0,training
Nc1nc(-c2ccccc2)c(Br)c(=O)[nH]1,0.0,training
CNCC[C@@H](Oc1ccccc1C)c1ccccc1,1.0,training
CC(C)C1CCC(C(=O)NC(Cc2ccccc2)C(=O)O)CC1,1.0,training
NC(Cc1cc(I)c(Oc2ccc(O)c(I)c2)c(I)c1)C(=O)O,0.0,training
CCN(CC)C(=S)SSC(=S)N(CC)CC,0.0,training
CN1C(=O)CN=C(c2ccccc2)c2cc(Cl)ccc21,1.0,training
ClC=C(Cl)Cl,0.0,training
CCS(=O)(=O)CCn1c([N+](=O)[O-])cnc1C,0.0,training
OCCN1CCN(CCCN2c3ccccc3C=Cc3ccccc32)CC1,0.0,training
CCn1cc(C(=O)O)c(=O)c2cc(F)c(N3CCNCC3)cc21,0.0,training
Cc1cnc(NC(=O)C2C(=O)c3ccccc3S(=O)(=O)N2C)s1,1.0,training
CC=C(c1ccc(O)cc1)C(CC)c1ccc(O)cc1,0.0,training
O=C1CN=C(c2ccccc2Cl)c2cc([N+](=O)[O-])ccc2N1,0.0,training
CCCc1nn(C)c2c(=O)[nH]c(-c3cc(S(=O)(=O)N4CCN(C)CC4)ccc3OCC)nc12,1.0,training
CCCO,0.0,training
COc1ccc([C@@H]2Sc3ccccc3N(CCN(C)C)C(=O)C2OC(C)=O)cc1,1.0,training
CC1=CC(=O)C=C2CC[C@@H]3[C@H](CC[C@]4(C)C(=O)CC[C@@H]34)[C@@]12C,0.0,training
O=C(Cn1c(=O)sc2ccc(Cl)cc21)N1CCN(CCO)CC1,1.0,training
CC(C)(C)NC[C@H](O)COc1ccccc1C1CCCC1,0.0,training
CCN(CC)CC(=O)Nc1c(C)cccc1C,1.0,training
Cc1nnc2n1-c1sc(Br)cc1C(c1ccccc1Cl)=NC2,0.0,training
O=C(O)Cc1ccccc1Nc1c(Cl)cccc1Cl,1.0,training
C[C@]12CC[C@H](O)CC1=CC[C@@H]1[C@@H]2CC[C@]2(C)C(=O)CC[C@@H]12,0.0,training
Fc1ccc(Cn2c(NC3CCNCC3)nc3ccccc32)cc1,0.0,training
COc1ccc2c(c1)[C@]13CCCC[C@@H]1[C@H](C2)N(C)CC3,1.0,training
