smiles_standarized,label,group
CCC(C)C(=O)OC1CC2(C)C(c3ccoc3)OC(=O)CC23OC2(C)OC34C(OC(=O)C(C)C)C3(O)C(OC(=O)C5(C)OC5C)C5(C)CC3(O)C(C)(C5CC(=O)OC)C14O2,1.0,training
COc1cc2c(cc1O)CC1c3c(cc(O)c(OC)c3-2)CCN1C,1.0,training
O=C1CCC(N2C(=O)c3ccccc3C2=O)C(=O)N1,0.0,training
CCN(CC)CCOc1ccc(/C(=C(/Cl)c2ccccc2)c2ccccc2)cc1,0.0,training
CC1=C(CCC(=O)O)c2cc3[nH]c(cc4nc(cc5[nH]c(cc1n2)c(CCC(=O)O)c5C)C(CCC(=O)O)=C4C)c(CCC(=O)O)c3C,1.0,training
O=c1cccc2n1CC1CNCC2C1,0.0,training
CN(C)CCc1c[nH]c2ccc(CC3COC(=O)N3)cc12,0.0,training
CCC(=O)Nc1ccc(Cl)c(Cl)c1,0.0,training
O=c1c(O)c(-c2ccc(O)cc2O)oc2cc(O)cc(O)c12,1.0,training
COc1cc(O)c2c(=O)cc(-c3ccc(OC)c(-c4c(O)cc(O)c5c(=O)cc(-c6ccc(O)cc6)oc45)c3)oc2c1,1.0,training
COc1cc2c(cc1O)C(Cc1ccc(O)cc1)[N+](C)(C)CC2,0.0,training
O=C(OCC1OC(OC(=O)c2cc(O)c(O)c(OC(=O)c3cc(O)c(O)c(O)c3)c2)C(OC(=O)c2cc(O)c(O)c(OC(=O)c3cc(O)c(O)c(O)c3)c2)C(OC(=O)c2cc(O)c(O)c(OC(=O)c3cc(O)c(O)c(O)c3)c2)C1OC(=O)c1cc(O)c(O)c(OC(=O)c2cc(O)c(O)c(O)c2)c1)c1cc(O)c(O)c(OC(=O)c2cc(O)c(O)c(O)c2)c1,1.0,training
CC12CCC(O)C=C1CCC1C2C(=O)CC2(C)C1CCC2(O)C(=O)CO,0.0,training
Cc1cc(C)nc(NS(=O)(=O)c2ccc(N)cc2)n1,0.0,training
COc1ccc2c(=O)c(CC(=O)O)coc2c1,0.0,training
NC(CSCSCC(N)C(=O)O)C(=O)O,0.0,training
CCCCC(CC)CN1CN(CC(CC)CCCC)CC(C)(N)C1,0.0,training
CC(CS)C(=O)N1CCCC1C(=O)O,0.0,training
COc1cc(OC)cc(OC)c1,0.0,training
CCCC1CC(C(=O)NC(C(C)Cl)C2OC(SC)C(O)C(O)C2O)N(C)C1,0.0,training
COc1ccc(-c2cc(=O)c3c(O)c(OC)c(OC4OC(COC5OC(C)C(O)C(O)C5O)C(O)C(O)C4O)cc3o2)cc1,1.0,training
NC(CCC(=O)NC(CCSC(CC(=O)O)C(=O)O)C(=O)NCC(=O)O)C(=O)O,0.0,training
Cc1cccc(Nc2ccncc2S(=O)(=O)NC(=O)NC(C)C)c1,0.0,training
C/C=C/CC(C)C(O)C1C(=O)NC(CC)C(=O)N(C)C(C)C(=O)N(C)C(C(C)CN2CCCOCC2)C(=O)NC(C(C)C)C(=O)N(C)C(CC(C)C)C(=O)NC(C)C(=O)NC(C)C(=O)N(C)C(CC(C)C)C(=O)N(C)C(CC(C)C)C(=O)N(C)C(C(C)C)C(=O)N1C,1.0,training
CC12CCC3c4ccc(O)cc4CCC3C1CCC2OC(=O)CCC1CCCC1,0.0,training
Nc1ccn(C2OC(CO)C(O)C2O)c(=O)n1,0.0,training
CC1=c2c(C)c(O)c(C(=O)O)c(O)c2=COC1C,1.0,training
C=CCCCCCCCCCCCC(O)CC(O)CO,0.0,training
C/C=C/CC(C)C(O)C1C(=O)NC(CC)C(=O)N(C)C(C)C(=O)N(C)C(C(C)CCN2CCOCC2)C(=O)NC(C(C)C)C(=O)N(C)C(CC(C)C)C(=O)NC(C)C(=O)NC(C)C(=O)N(C)C(CC(C)C)C(=O)N(C)C(CC(C)C)C(=O)N(C)C(C(C)C)C(=O)N1C,1.0,training
CN(C)CCOC(c1ccccc1)c1ccccc1,0.0,training
CCOc1ccc2ccccc2c1C(=O)NC1C(=O)N2C1SC(C)(C)C2C(=O)O,0.0,training
CC(C)C(C)/C=C/C(C)C1CCC2C3=CCC4CC(=O)CCC4(C)C3CCC21C,0.0,training
c1ccc2c3c([nH]c2c1)CNCC3,0.0,training
CC(C)CC(NC(=O)C(CCc1ccccc1)NC(=O)CN1CCOCC1)C(=O)NC(Cc1ccccc1)C(=O)NC(CC(C)C)C(=O)C1(C)CO1,1.0,training
CN1C2CCC1CC(OC(=O)C(CO)c1ccccc1)C2,0.0,training
COc1ccnc(C[S+]([O-])c2nc3cc(OC(F)F)ccc3[nH]2)c1OC,0.0,training
O=c1c(O)cccc2c(C3Oc4cc(O)cc(O)c4CC3O)cc(O)c(O)c12,0.0,training
CCC1(C2OC(C3OC(O)(CO)C(C)CC3C)CC2C)CCC(C2(C)CCC3(CC(O)C(C)C(C(C)C(OC)C(C)C(=O)O)O3)O2)O1,0.0,training
CC(C)(C)NCC(O)c1cc(O)cc(O)c1,0.0,training
Cc1ccc(Cl)c(Nc2ccccc2C(=O)O)c1Cl,0.0,training
CC(NCCC(c1ccccc1)c1ccccc1)c1ccccc1,0.0,training
NC1(C(=O)O)CCCC1,0.0,training
CC1CC2C3CC(F)C4=CC(=O)C=CC4(C)C3(F)C(O)CC2(C)C1(O)C(=O)COC(=O)C(C)(C)C,0.0,training
Cc1cn(C2CC(N=[N+]=[N-])C(CO)O2)c(=O)[nH]c1=O,0.0,training
CC(=O)C1CCC2=C3CC(=O)C4CC(=O)CCC4(C)C3CCC21C,1.0,training
CCc1c2c(nc3ccc(OCC4OC(C(=O)O)C(O)C(O)C4O)cc13)-c1cc3c(c(=O)n1C2)COC(=O)C3(O)CC,1.0,training
CC(C)c1c(C(=O)Nc2ccccc2)c(-c2ccccc2)c(-c2ccc(F)cc2)n1CCC1CC(O)CC(=O)O1,1.0,training
CCCCCC(C)N,0.0,training
N=C(N)N=C(N)NCCc1ccccc1,0.0,training
CNCCCN1c2ccccc2CCc2ccccc21,0.0,training
CCCc1nc2c(C)cc(-c3nc4ccccc4n3C)cc2n1Cc1ccc(-c2ccccc2C(=O)O)cc1,1.0,training
CCC(=O)c1c(O)cc(O)cc1O,0.0,training
C=C1CCC2C(CC2(C)C)C(=C)CCC1=NO,0.0,training
CC(C)CCCC(C)C1CCC2C3CCC4CC(=O)CCC4(C)C3CCC12C,0.0,training
CN(CCOc1ccc(Cc2sc(=O)[nH]c2O)cc1)c1ccccn1,1.0,training
CC(C)(C)NCC(O)c1ccc(O)c(CO)c1,0.0,training
Cc1cccc(Nc2ccccc2C(=O)O)c1C,0.0,training
CC(C)CC(N)C(=O)NC(C)C(=O)O,0.0,training
Cc1cc2nc3c(=O)[nH]c(=O)nc-3n(CC(O)C(O)C(O)CO)c2cc1C,0.0,training
O=C(O)c1ccncc1NCc1ccco1,0.0,training
CC(CCC(=O)O)C1CCC2C3C(O)CC4CC(O)CCC4(C)C3CC(O)C12C,0.0,training
COC(=O)/C(=C1/OC(=O)C(c2ccccc2)C1=O)c1ccccc1,0.0,training
COC(=O)Nc1nc2cc([S+]([O-])c3ccccc3)ccc2[nH]1,0.0,training
COc1c2c(c(CC=C(C)C)c3oc(=O)c(-c4ccc(O)cc4)c(O)c13)OC(C)(C)C=C2,1.0,training
COC1CC2CCC(C)C(O)(O2)C(=O)C(=O)N2CCCCC2C(=O)OC(C(C)CC2CCC(O)C(OC)C2)CC(=O)C(C)=CC(C)C(O)C(OC)C(=O)C(C)CC(C)C=CC=CC=C1C,1.0,training
COc1cc2ccc(=O)oc2c(O)c1O,0.0,training
CC12CCC3C(CCC4C(=O)C(=O)CCC43C)C1CCC2=O,0.0,training
CC(=O)OC1CCC2(C)C(=CCC3C4CCC(=O)C4(C)CCC32)C1,0.0,training
CCOC(=O)OC(C)OC(=O)C1N2C(=O)C(NC(=O)C(N)c3ccccc3)C2SC1(C)C,1.0,training
CC(C)=c1nc(N(C)S(C)(=O)=O)nc(-c2ccc(F)cc2)c1=CCC(O)CC(O)CC(=O)O,1.0,training
CC(C)CC(N(C)C)C1(c2ccc(Cl)cc2)CCC1,0.0,training
CN(C)CCOC(=O)C(c1ccccc1)C1(O)CCCC1,0.0,training
CC1(C)OC2CC3C4CC(F)C5=CC(=O)C=CC5(C)C4C(O)CC3(C)C2(C(=O)CO)O1,0.0,training
O=C1CC(c2ccccc2)Oc2ccccc21,0.0,training
C/C(=C(/CCOP(=O)(O)O)SC(=O)c1ccccc1)N(C=O)Cc1cnc(C)nc1N,0.0,training
Clc1ccccc1CN1CCc2sccc2C1,0.0,training
CCC12CCCN3CCc4c(n(c5ccccc45)C(=O)C1)C32,0.0,training
CC(C)=CCCC1(C)C=Cc2c(O)c3c(c(CC=C(C)C)c2O1)OC12C(=CC4CC1C(C)(C)OC2(C/C=C(/C)C(=O)O)C4=O)C3=O,0.0,training
O=[N+]([O-])OC1COC2C(O[N+](=O)[O-])COC12,0.0,training
COc1ccc(C(Cl)=C(c2ccc(OC)cc2)c2ccc(OC)cc2)cc1,0.0,training
CC12CCC(=O)C=C1CCc1ccc(O)cc12,1.0,training
CCC1C2CC3C4N(C)c5ccccc5C45CC(C2C5O)N3C1O,1.0,training
O=C(OC1Cc2c(O)cc(O)cc2OC1c1cc(O)c(O)c(O)c1-c1c(C2Oc3cc(O)cc(O)c3CC2O)cc(O)c(O)c1O)c1cc(O)c(O)c(O)c1,1.0,training
OCCOCCN1CCN(C(c2ccccc2)c2ccc(Cl)cc2)CC1,1.0,training
COC(=O)c1c(C)c2c(c(C)c1O)OC(=O)c1c(C)c(Cl)c(O)c(Cl)c1O2,1.0,training
CCC1=C(C)c2cc3[nH]c(cc4[nH]c(cc5nc(cc1n2)C(C)=C5CC)c(C)c4CCC(=O)O)c(CCC(=O)O)c3C,1.0,training
C1CCC(C(CC2CCCCN2)C2CCCCC2)CC1,0.0,training
COC(=O)NC(C(=O)N1CCCC1c1nc(-c2ccc(-c3ccc(-c4c[nH]c(C5CCCN5C(=O)C(NC(=O)OC)C(C)C)n4)cc3)cc2)c[nH]1)C(C)C,1.0,training
CC(CCC(=O)O)C1CCC2C3C(=O)CC4CC(=O)CCC4(C)C3CC(=O)C12C,0.0,training
O=c1ccc2ccccc2o1,0.0,training
COC(=O)C(Cc1ccccc1)NC(=O)C(N)CC(=O)O,0.0,training
CCC(=O)OCC(=O)C1(OC(=O)CC)C(C)CC2C3CC=C4CC(=O)C=CC4(C)C3(Cl)C(O)CC21C,1.0,training
CC(=O)OC1CCC2(C)C(CCC3(C)C2CC=C2C4CC(C)(C)CCC4(C(=O)O)CCC23C)C1(C)C,1.0,training
CNC1C(OC2C(OC3C(O)C(O)C(N=C(N)N)C(O)C3N=C(N)N)OC(C)C2(O)CO)OC(CO)C(O)C1O,0.0,training
COc1cc2ccc(=O)oc2c(OC)c1OC,0.0,training
O=C(CCBr)N1CCN(C(=O)CCBr)CC1,0.0,training
CCC(CCC(C)C1CCC2C3CC=C4CC(O)CCC4(C)C3CCC12C)C(C)C,0.0,training
ClC(Cl)=C(c1ccc(Cl)cc1)c1ccc(Cl)cc1,0.0,training
CCC1(O)CC(OC2CC(N(C)C)C(O)C(C)O2)c2c(cc3c(c2O)C(=O)c2c(O)cccc2C3=O)C1C(=O)OC,0.0,training
C/C=C/CC(C)C(O)C1C(=O)NC(CC)C(=O)N(C)C(C)C(=O)N(C)C(C(C)COCCN2CCOCC2)C(=O)NC(C(C)C)C(=O)N(C)C(CC(C)C)C(=O)NC(C)C(=O)NC(C)C(=O)N(C)C(CC(C)C)C(=O)N(C)C(CC(C)C)C(=O)N(C)C(C(C)C)C(=O)N1C,1.0,training
CN=C(C[N+](=O)[O-])NCCSCc1ccc(CN(C)C)o1,0.0,training
CCCCCCCCCCCCCCCC[N+](C)(C)C,0.0,training
CN(N=O)C(=O)NC1C(O)OC(CO)C(O)C1O,0.0,training
COC(=O)C1OC(=O)C2OC23C1(C)CCC1C2(C)C(OC(C)=O)CC(OC(C)=O)C(C)(C)C2CC(O)C13C,0.0,training
Oc1cccc(O)c1,0.0,training
CC12CCC3C(CCC4CC(Cl)CCC43C)C1CCC2=O,0.0,training
C=C(C)c1cc2cc(C(C)=O)c(O)cc2o1,0.0,training
Cc1c(N(C)CS(=O)(=O)O)c(=O)n(-c2ccccc2)n1C,0.0,training
COc1cc2c(cc1OC)C1C(=O)c3c(cc4c(c3O)C=CC(C)(C)O4)OC1CO2,0.0,training
COc1ccc2cc1Oc1ccc(cc1)CC1c3cc(c(OC)cc3CCN1C)Oc1c(OC)c(OC)cc3c1C(C2)N(C)CC3,0.0,training
CCCN(CCC)c1c([N+](=O)[O-])cc(C(F)(F)F)cc1[N+](=O)[O-],0.0,training
OC(CCN1CCCC1)(c1ccccc1)C1CCCCC1,0.0,training
Cn1c(=O)[nH]c2ncn(C)c2c1=O,0.0,training
COc1c(-c2coc3cc4c(cc3c2=O)CC(OC(C)=O)C(C)(C)O4)ccc2c1C=CC(C)(C)O2,0.0,training
CC1CN(c2c(F)c(N)c3c(=O)c(C(=O)O)cn(C4CC4)c3c2F)CC(C)N1,0.0,training
Cc1nccn1CC1CCc2c(c3ccccc3n2C)C1=O,0.0,training
CC1(C)C=CC(=O)C2(C)C1CC(=O)C1(C)C2CCC2(C)C(c3ccoc3)OC(=O)C3OC321,0.0,training
COc1cc(Cc2cnc(N)nc2N)cc(OC)c1OC,0.0,training
COC(=O)CC1C(C)(C)C(=O)C2CC3=C4CC(=O)OC(c5ccoc5)C4(C)CCC3C1(C)C2=O,1.0,training
OCC(O)C(O)C(OC1OC(CO)C(O)C(O)C1O)C(O)CO,0.0,training
COc1ccc(CN(CCN(C)C)c2ccccn2)cc1,0.0,training
COc1cc(C2c3cc4c(cc3C(OC3OC5COC(C)OC5C(O)C3O)C3COC(=O)C23)OCO4)cc(OC)c1O,0.0,training
CC1(C)CCC2(C(=O)O)C(O)CC3(C)C(=CCC4C5(C)CCC(O)C(C)(C)C5CCC43C)C2C1,0.0,training
CC[N+](CC)(CC)CC,0.0,training
CC1CCC(C(C)C)C(=O)C1,0.0,training
O=C1CCC23C=CC(=O)NCCCCNCCCNC(=O)C=Cc4ccc(c2c4)OC3C1,0.0,training
CC1(C(=O)O)CCC2(C)CCC3(C)C(=C2C1)CC(=O)C1C2(C)CCC(OC(=O)CCC(=O)O)C(C)(C)C2CCC13C,1.0,training
Cc1ccc(C(=O)NC2C(=O)NC(C(C)C)C(=O)N3CCCC3C(=O)N(C)CC(=O)N(C)C(C(C)C)C(=O)OC2C)c2c1Oc1c(C)c(O)c(N)c(=C(O)N=C3C(=O)NC(C(C)C)C(=O)N4CCCC4C(=O)N(C)CC(=O)N(C)C(C(C)C)C(=O)OC3C)c1=N2,0.0,training
CCNc1nc(Cl)nc(NCC)n1,0.0,training
CC1(C)CCC2(C)CCC3(C)C(=CCC4C5(C)CCC(O)C(C)(C)C5CCC43C)C2C1,0.0,training
OCc1c[nH]c2ccccc12,0.0,training
NCCCCC(=O)O,0.0,training
CC(C)CCCC(C)C1CCC2C3CCC4CC(O)CCC4(C)C3CCC12C,0.0,training
COc1ccc2c(c1)OCC(Cc1ccc(OC)c(OC)c1)C2O,0.0,training
CC(Cc1ccc(O)cc1)NCC(O)c1cc(O)cc(O)c1,0.0,training
CC1=C(C(=O)O)N2C(=O)C(NC(=O)C(N)c3ccc(O)cc3)C2SC1,0.0,training
CCn1c2cc(=N)ccc-2c2ccc(N)cc2c1-c1ccccc1,0.0,training
C=CCC1=CC(C)CC(C)CC(OC)C2OC(O)(C(=O)C(=O)N3CCCCC3C(=O)OC(/C(C)=C/C3CCC(O)C(OC)C3)C(C)C(O)CC1=O)C(C)CC2OC,1.0,training
COC(=O)C1=C(C)N=C(C)C(C(=O)OC)C1c1ccccc1[N+](=O)[O-],1.0,training
CC1(C)C(=O)C2OC2C2(C)C1CC(O)C1(C)C2CCC2(C)C(c3ccoc3)OC(=O)C3OC321,1.0,training
CN(C)CCN(Cc1ccccc1)c1ccccn1,0.0,training
CCN1CC2(COC)C(O)CC(OC)C34C5CC6(O)C(OC)C(O)C(OC(C)=O)(C5C6OC(=O)c5ccccc5)C(C(OC)C23)C14,0.0,training
CC(NC(C)(C)C)C(=O)c1cccc(Cl)c1,0.0,training
C=CCc1ccc2c(c1)OCO2,0.0,training
Cc1[nH]c2ccccc2c1CN(C)C,1.0,training
CC(=O)Oc1ccc(Cl)c2cccnc12,0.0,training
CCN(CC)C(=O)N1CCN(C)CC1,0.0,training
CC12C=CC(=O)C=C1CCC1C3CC(O)C(O)(C(=O)CO)C3(C)CC(O)C12F,0.0,training
Cc1cc(=O)oc2cc(O)cc(O)c12,0.0,training
CC1(C)C(O)CC(O)C2(C)C1CC(=O)C1(C)C2CCC2(C)C(c3ccoc3)OC(=O)C3OC321,1.0,training
CC1=C(/C=C/C(C)=C/C=C/C(C)=C/C=C/C=C(C)/C=C/C=C(C)/C=C/C2=C(C)CCCC2(C)C)C(C)(C)CCC1,1.0,training
CCCCC(=O)Oc1ccccc1C(=O)O,0.0,training
N=C(NCc1ccccc1)NC(=O)c1nc(Cl)c(N)nc1N,0.0,training
C=Cc1c(C)c2[nH]c1=Cc1[nH]c(c(=CC)c1C)=Cc1[nH]c(c(=CCC(=O)O)c1C)=Cc1[nH]c(c(C)c1CCC(=O)O)C=2,0.0,training
COC(=O)c1cc(=O)c(O)c2c(O)c(O)ccc2c1,1.0,training
CC(C)CCCC(C)C1CCC2C3CCC4CCCCC4(C)C3CCC12C,0.0,training
COc1c2occc2c(OC)c2c(=O)cc(C)oc12,0.0,training
CN1CCCC1c1cccnc1,0.0,training
CCN(CC)CCOCCOC(=O)C1(c2ccccc2)CCCC1,0.0,training
COC1C=COC2(C)Oc3c(C)c(O)c4c(O)c(c(C=NN5CCN(C)CC5)c(O)c4c3C2=O)NC(=O)C(C)=CC=CC(C)C(O)C(C)C(O)C(C)C(OC(C)=O)C1C,1.0,training
Cc1ccccc1N1C(=O)c2cc(S(N)(=O)=O)c(Cl)cc2NC1C,0.0,training
CC(C)c1c(C(=O)Nc2ccccc2)c(-c2ccccc2)c(-c2ccc(F)cc2)n1CCC(O)CC(O)CC(=O)O,1.0,training
CC(=O)OC1CCC2(C)C(=CCC3C2CCC2(C)C(C(C)CCCC(C)C)CCC32)C1,0.0,training
CSCCC(NC(=O)C(Cc1ccc(OS(=O)(=O)O)cc1)NC(=O)C(N)CC(=O)O)C(=O)NCC(=O)NC(Cc1c[nH]c2ccccc12)C(=O)NC(CCSC)C(=O)NC(CC(=O)O)C(=O)NC(Cc1ccccc1)C([NH])=O,1.0,training
CNC(=O)Oc1ccc2c(c1)C1(C)CCN(C)C1N2C,0.0,training
CCCC1CC(C(=O)NC(C(C)O)C2OC(SC)C(O)C(O)C2O)N(C)C1,0.0,training
CC(=O)OCC(=O)C1(O)CCC2C3CCC4CC(OC(C)=O)CCC4(C)C3C(=O)CC21C,0.0,training
CN1C(=O)CCS(=O)(=O)C1c1ccc(Cl)cc1,0.0,training
CCCCCc1c2c(cc(O)c1C(=O)O)OC(=O)c1c(cc(OC)cc1C(=O)CCCC)O2,1.0,training
CCC(c1ccc(O)cc1)C(CC)c1ccc(O)cc1,1.0,training
COc1cccc(OC)c1C(=O)NC1C(=O)N2C1SC(C)(C)C2C(=O)O,0.0,training
CC(=O)C1CCC2C3CCC4CC(O)CCC4(C)C3CCC12C,1.0,training
Oc1c(Cl)c(Cl)c(Cl)c(Cl)c1Cl,1.0,training
CC(=O)c1c(O)cc(O)cc1O,0.0,training
C/C=C(/C)C(=O)OC1CCC2(C)C3CCC4C5(O)CC(O)C6(O)C(CN7CC(C)CCC7C6(C)O)C5(O)CC42OC13O,0.0,training
CC(=O)Nc1ccccc1,0.0,training
CCCN(CCC)S(=O)(=O)c1ccc(C(=O)O)cc1,0.0,training
OCc1cc(O)c2c(O)c3c(O)cccc3c(C3OC(CO)C(O)C(O)C3O)c2c1,1.0,training
CC1OC(OC2C(Oc3cc(O)c4c(c3)OC(c3ccc(O)cc3)CC4=O)OC(CO)C(O)C2O)C(O)C(O)C1O,0.0,training
CC(N)C(O)c1ccc(O)c(O)c1,0.0,training
Cc1cc2c(C(C)C)c(O)c(O)c(C=O)c2c(O)c1-c1c(C)cc2c(C(C)C)c(O)c(O)c(C=O)c2c1O,1.0,training
CCOC(=O)C(CCc1ccccc1)NC(C)C(=O)N1C(C(=O)O)CC2CCCC21,1.0,training
COC1=CC23CCCN2CCc2cc4c(cc2C3C1O)OCO4,0.0,training
NC(CO)C(=O)NNCc1ccc(O)c(O)c1O,0.0,training
C=C1C(C2(C)C(OC(C)=O)CC(=O)OC(C)(COC(C)=O)C2C(=O)OC)C(OC=O)C(OC(=O)C(O)C(C)CC)C2(C)C(c3ccoc3)CC(=O)C12O,1.0,training
CC(=O)OC1CC2C(C)(C)C(=O)C=CC2(C)C2CCC3(C)C(c4ccoc4)OC(=O)C4OC43C12C,0.0,training
O=c1c(O)cc2c(O)oc3c(=O)c(O)cc4c(O)oc1c2c43,0.0,training
C=C1C(C2(C)C(OC(C)=O)CC(=O)OC(C)(COC(C)=O)C2CC(=O)OC)C(OC=O)C(OC(=O)C(O)C(C)CC)C2(C)C(c3ccoc3)CC(=O)C12O,1.0,training
NC(Cc1ccccc1)C(=O)NC(Cc1ccc(O)cc1)C(=O)O,0.0,training
CC1(C)CC2C1CCC1(C)CC2(O)CCC1O,0.0,training
NCCc1ccc(O)c(O)c1,0.0,training
CC(=O)CC(c1ccccc1)c1c(O)c2ccccc2oc1=O,0.0,training
O=C1C(Cl)=C(Cl)C(=O)C(Cl)=C1Cl,0.0,training
COC(=O)C1=C(C)N=C(C)C(C(=O)OCCN(C)Cc2ccccc2)C1c1cccc([N+](=O)[O-])c1,1.0,training
[NH]C(=O)c1ccc[n+](C2OC(COP(=O)(O)OP(=O)([O-])OCC3OC(n4cnc5c(N)ncnc54)C(O)C3O)C(O)C2O)c1,0.0,training
C=CC(N)CCC(=O)O,0.0,training
CC(C)NCC(O)COc1cccc2[nH]ccc12,0.0,training
CC#CC1(O)CCC2C3=C(C4=C(CC3)CC(=O)CC4)C(c3ccc(N(C)C)cc3)CC21C,1.0,training
COc1c2ccoc2c(OC)c2oc(=O)ccc12,0.0,training
CN(CCOc1ccc(NS(C)(=O)=O)cc1)CCc1ccc(NS(C)(=O)=O)cc1,0.0,training
COc1c(-c2ccccc2)oc2c(ccc3occc32)c1=O,0.0,training
C/C=C/CC(C)C(O)C1C(=O)NC(CC)C(=O)N(C)C(C)C(=O)N(C)C(C(C)CN(C)CCOC)C(=O)NC(C(C)C)C(=O)N(C)C(CC(C)C)C(=O)NC(C)C(=O)NC(C)C(=O)N(C)C(CC(C)C)C(=O)N(C)C(CC(C)C)C(=O)N(C)C(C(C)C)C(=O)N1C,1.0,training
Cc1coc2ccccc2c1=O,0.0,training
CC(C)n1c(/C=C/C(O)CC(O)CC(=O)O)c(-c2ccc(F)cc2)c2ccccc21,1.0,training
CCC(Nc1ncnc2[nH]cnc12)c1nc2cccc(F)c2c(=O)n1-c1ccccc1,1.0,training
CC(=O)OCC(CCn1cnc2cnc(N)nc21)COC(C)=O,0.0,training
Cc1onc(-c2ccccc2)c1C(=O)NC1C(=O)N2C1SC(C)(C)C2C(=O)O,0.0,training
CC12CC3CC(C)(C1)CC(N)(C3)C2,0.0,training
CC(=O)OCC(=O)C1(O)CCC2C3CC(C)=C4CC(=O)C=CC4(C)C3C(O)CC21C,0.0,training
O=C(O)C1(O)CC(O)C(O)C(O)C1,0.0,training
C=C1C2CCC3(C)C(c4ccoc4)OC(=O)CC13OC1CC(=O)C(C)(C)C(C(OC(C)=O)C(=O)OC)C12C,1.0,training
CC(=O)OC(C)(C)C1Cc2cc3ccc(=O)oc3cc2O1,0.0,training
CC(N)C(=O)OC(C)(C)Cc1ccc(Cl)cc1,0.0,training
COc1cccc2c1cc([N+](=O)[O-])c1c(C(=O)O)cc3c(c12)OCO3,0.0,training
NCCc1ccc(S(=O)(=O)F)cc1,0.0,training
C=C1C(=O)OC2CC1C(OC(C)=O)CC(C)=CCCC(C)=CCCC2(C)O,0.0,training
COc1cc(C)c(C(=O)Oc2cc(C)c(C(=O)O)c(O)c2C)c(O)c1C=O,1.0,training
CC1CC2C3CC=C4CC(=O)C=CC4(C)C3(Cl)C(O)CC2(C)C1(O)C(=O)CO,1.0,training
CC/C(=C(\c1ccccc1)c1ccc(OCCN(C)C)cc1)c1ccccc1,0.0,training
NCCCC(=O)O,0.0,training
O=C(NCCN1CCOCC1)c1ccc(Cl)cc1,0.0,training
CC(=O)Nc1nnc(S(N)(=O)=O)s1,0.0,training
CCOc1nc2cccc(C(=O)OC(C)OC(=O)OC3CCCCC3)c2n1Cc1ccc(-c2ccccc2-c2nn[nH]n2)cc1,1.0,training
NS(=O)(=O)c1cc2c(cc1C(F)(F)F)NCNS2(=O)=O,0.0,training
CN1CCC(OC(c2ccccc2)c2ccccc2)CC1,0.0,training
O=S(=O)(O)CCS,0.0,training
CC1CC2C3CC=C4CC(=O)C=CC4(C)C3(F)C(O)CC2(C)C1(O)C(=O)COP(=O)(O)O,0.0,training
O=C(O)c1cccnc1NCc1ccco1,0.0,training
CCC1(O)CC(OC2CC(N(C)C)C(O)C(C)O2)c2c(cc3c(O)c4c(c(O)c3c2O)C(=O)C=CC4=O)C1C(=O)OC,0.0,training
CC(CCC(=O)O)C1CCC2C3CCC4CC(O)CCC4(C)C3CC(O)C12C,1.0,training
CC(C)c1c(O)ccc2c1CCC1C(C)(CO)CCCC21C,1.0,training
CCn1cc(C(=O)O)c(=O)c2cc(F)c(N3CCNCC3)cc21,0.0,training
CC=C(c1ccc(O)cc1)C(CC)c1ccc(O)cc1,1.0,training
NCC(O)c1ccc(O)c(O)c1,0.0,training
COC(=O)CC1C(C)(C)C(O)C2CC3=C4C=C(OC)OC(c5ccoc5)C4(C)CCC3C1(C)C2=O,1.0,training
CCCCc1c(O)n(-c2ccccc2)n(-c2ccccc2)c1=O,0.0,training
CCC(C)C(=O)OC1C(O)C2C(CN3CC(C)CCC3C2(C)O)C2CC34OC5(O)C(OC(=O)C(C)(O)CC)CCC3(C)C5C(OC(C)=O)C(OC(C)=O)C4C21O,0.0,training
CC12CCC(=O)C=C1CCC1C2C(O)CC2(C)C1CCC2(O)C(=O)CO,0.0,training
C=C(C)C1CC=C(CO)CC1,0.0,training
O=c1c(-c2cc(O)c(O)c(O)c2)coc2cc(O)c(O)c(O)c12,0.0,training
Nc1cc(N2CCCCC2)nc(N)[n+]1[O-],0.0,training
CCOC(=O)Nc1ccc2c(c1)N(C(=O)CCN1CCOCC1)c1ccccc1S2,1.0,training
CC(N)CCCC(C)(C)O,0.0,training
CC(=O)OC1CC(OC(C)=O)C2(C)C(CC(OC(C)=O)C3(C)C2CCC2(C)C(c4ccoc4)C(=O)C4OC423)C1(C)C,1.0,training
CC(=O)OC(C)(CCC=C(C)C)C1CC=C(C)CC1,0.0,training
CC(C)C(=O)C1C(=O)OC(c2ccoc2)C2(C)C(O)C(O)C34OC5(C)OC3(C12)C(O)C1(O)C(O)C2(C)CC1(O5)C4(C)C2CC(=O)O,0.0,training
CC(C)CC(NC(=O)OCC1c2ccccc2-c2ccccc21)C(=O)O,1.0,training
COc1ccc2[nH]cc(CCN)c2c1,0.0,training
COc1ccc2c(c1)C13CCCCC1C(C2)N(C)CC3,0.0,training
C=CC1=C(C)c2cc3[nH]c(cc4[nH]c(cc5nc(cc1n2)C(C)=C5C=C)c(C)c4CCC(=O)O)c(CCC(=O)O)c3C,1.0,training
CCCc1nc(C(C)(C)O)c(C(=O)OCc2oc(=O)oc2C)n1Cc1ccc(-c2ccccc2-c2nn[nH]n2)cc1,1.0,training
CCc1nc(N)nc(N)c1-c1ccc(Cl)cc1,0.0,training
CC1OC(OC2C(O)COC(OC3C(C)OC(OC4C(OC(=O)C56CCC(C)(C)CC5C5=CCC7C8(C)CCC(OC9OC(CO)C(O)C(O)C9O)C(C)(C)C8CCC7(C)C5(C)CC6O)OCC(O)C4O)C(O)C3O)C2O)C(O)C(O)C1O,1.0,training
CCn1cc(C(=O)O)c(=O)c2cc3c(cc21)OCO3,0.0,training
O=C1OCCN1/N=C/c1ccc([N+](=O)[O-])o1,0.0,training
[NH]C(=O)N1c2ccccc2C=Cc2ccccc21,0.0,training
OCC(O)c1oc(O)c(O)c1O,0.0,training
CNC(=O)c1cccnc1,1.0,training
CC1CCCC(=O)CCC=CCc2cc(O)cc(O)c2C(=O)O1,0.0,training
COc1cc(C2Oc3cc(C4Oc5cc(O)cc(O)c5C(=O)C4O)ccc3OC2CO)ccc1O,1.0,training
[NH]C(=O)c1cc[n+](CC2=C(C(=O)O)N3C(=O)C(NC(=O)C(c4ccccc4)S(=O)(=O)O)C3SC2)cc1,0.0,training
COc1cc2c(cc1OC)C1C(=O)c3ccc(O)c(CC=C(C)C)c3OC1CO2,0.0,training
O=C1N(c2ccccc2)c2ccccc2C1(Cc1ccncc1)Cc1ccncc1,0.0,training
Cc1c(C)c2c(c(C)c1O)CCC(C)(COc1ccc(Cc3sc(=O)[nH]c3O)cc1)O2,1.0,training
CC12C=CC(=O)C=C1CCC1C2C(O)CC2(C)C1CCC2(O)C(=O)CO,0.0,training
CC(=O)OCC1=C(C(=O)O)N2C(=O)C(NC(=O)CCCC(N)C(=O)O)C2SC1,0.0,training
CC(CCC(=O)NCCS(=O)(=O)O)C1CCC2C3CCC4CC(OS(=O)(=O)O)CCC4(C)C3CCC12C,1.0,training
CCOC(=O)c1c(C)cc(O)c(C=O)c1O,0.0,training
COc1cc2c3cc1Oc1cc(ccc1O)CC1c4c(cc(OC)c(O)c4Oc4ccc(cc4)CC3N(C)CC2)CC[N+]1(C)C,0.0,training
CCCC(C)C1(CC)C(=O)NC(=O)NC1=O,0.0,training
O=C1C=Cc2c(c(O)c3ccccc3c2O)C1=O,0.0,training
Nc1ccc(S(=O)(=O)Nc2ccccn2)cc1,0.0,training
O=c1cc(-c2ccc(O)cc2)oc2cc(O)cc(O)c12,0.0,training
CN1C2CC(OC(=O)C(CO)c3ccccc3)CC1C1OC12,0.0,training
C=CC1=C(C)C(=O)N=C1Cc1[nH]c(C=c2[nH]c(=Cc3[nH]c(O)c(C=C)c3C)c(C)c2CCC(=O)O)c(C=CC(=O)O)c1C,1.0,training
CCC(C)C(=O)c1c(O)c(C)c2oc3c(C)c(O)c(C(=O)C(C)CC)c(O)c3c2c1O,1.0,training
CC(C)=CC1C(C(=O)O)C1(C)C,0.0,training
CC(C)[N+]1(C)C2CCC1CC(OC(=O)C(CO)c1ccccc1)C2,0.0,training
CCC1OC(=O)C(C)C(=O)C(C)C(OC2OC(C)CC(N(C)C)C2O)C(C)(OC)CC(C)C(=O)C(C)C2N(CCCCn3cnc(-c4cccnc4)c3)C(=O)OC12C,0.0,training
CC1=NS(=O)(=O)c2cc(Cl)ccc2N1,0.0,training
C=C1C(=CC)c2cc3[nH]c(cc4[nH]c(cc5nc(cc1n2)C(CC)=C5C)c(C)c4CCC(=O)O)c(C=CC(=O)O)c3C,0.0,training
CC(C)c1onc(-c2c(Cl)cccc2Cl)c1COc1ccc(/C=C/c2cccc(C(=O)O)c2)c(Cl)c1,0.0,training
CCC1CC1(NC(=O)C1CC(Oc2cc(-c3csc(NC(C)C)n3)nc3c(Cl)c(OCCN4CCOCC4)ccc23)CN1C(=O)C(NC(=O)OC1CC2CC2C1)C(C)(C)C)C(=O)O,0.0,training
CC(C)N=C(N)N=C(N)Nc1ccc(Cl)cc1,0.0,training
CCCCC(=O)N(Cc1ccc(-c2ccccc2-c2nn[nH]n2)cc1)C(C(=O)O)C(C)C,1.0,training
CC(N=C(N=c1cc[nH]cc1)NC#N)C(C)(C)C,0.0,training
O=c1oc2cc(O)ccc2c2oc3cc(O)ccc3c12,1.0,training
O=c1[nH]c2ccccc2n1CCCN1CCC(n2c(=O)[nH]c3cc(Cl)ccc32)CC1,0.0,training
COc1cc(N)c(Cl)cc1C(=O)NC1CCN(Cc2ccccc2)CC1,0.0,training
Cc1c(C([NH])=O)cc([N+](=O)[O-])cc1[N+](=O)[O-],0.0,training
CC(CCC(=O)NCC(=O)O)C1CCC2C3C(O)CC4CC(O)CCC4(C)C3CCC12C,1.0,training
NS(=O)(=O)c1cc(C2(O)NC(=O)c3ccccc32)ccc1Cl,0.0,training
CN(Cc1cnc2nc(N)nc(N)c2n1)c1ccc(C(=O)NC(CCC(=O)O)C(=O)O)cc1,0.0,training
[NH]C(=O)Nc1[nH]c(=O)[nH]c1O,0.0,training
Cc1[nH]nc(OC2OC(CO)C(O)C(O)C2O)c1Cc1ccc(OC(C)C)cc1,0.0,training
C=CCSCC=C,0.0,training
CC(N)C(O)c1cccc(O)c1,0.0,training
CCC(=O)OC1CCC2C3CCc4cc(O)ccc4C3CCC12C,0.0,training
CNC1C(O)C(NC)C2OC3(O)C(=O)CC(C)OC3OC2C1O,0.0,training
CC(C)N(CCC(C([NH])=O)(c1ccccc1)c1ccccn1)C(C)C,0.0,training
CC1CC2C3CC=C4CC(=O)C=CC4(C)C3(Cl)C(O)CC2(C)C1(OC(=O)c1ccco1)C(=O)CCl,1.0,training
ClC1C(Cl)C(Cl)C(Cl)C(Cl)C1Cl,0.0,training
O=C1OC(CO)C(O)C(O)C1O,0.0,training
CCOP(=S)(OCC)Oc1ccc2c(C)c(Cl)c(=O)oc2c1,0.0,training
COC(=O)C(N)CS,0.0,training
CCCCNc1ccc(C(=O)OCCN(C)C)cc1,0.0,training
Cc1onc(-c2ccccc2Cl)c1C(=O)NC1C(=O)N2C1SC(C)(C)C2C(=O)O,1.0,training
CCCC(NC(=O)C1C2CCCC2CN1C(=O)C(NC(=O)C(NC(=O)c1cnccn1)C1CCCCC1)C(C)(C)C)C(=O)C(=O)NC1CC1,1.0,training
C=CC1CN2CCC1CC2C(OC(=O)OCC)c1ccnc2ccc(OC)cc12,0.0,training
Cc1cc(=O)oc2c(O)c(O)ccc12,0.0,training
ClC1=C(Cl)C2(Cl)C3C(Cl)C(Cl)CC3C1(Cl)C2(Cl)Cl,0.0,training
COc1ccc(CCC(=O)c2c(O)cc(OC3OC(CO)C(O)C(O)C3OC3OC(C)C(O)C(O)C3O)cc2O)cc1O,0.0,training
CCN1CCCC(OC(=O)C(c2ccccc2)c2ccccc2)C1,0.0,training
Nc1ccc(S(=O)(=O)c2ccc(N)cc2)cc1,0.0,training
O=C1c2ccccc2C(=O)c2ccccc21,0.0,training
CC1(C)SC2C(NC(=O)C(NC(=O)N3CCNC3=O)c3ccccc3)C(=O)N2C1C(=O)O,0.0,training
CC(CCC(=O)NCCS(=O)(=O)O)C1CCC2C3CCC4CC(O)CCC4(C)C3CCC12C,1.0,training
CN(C)CC/C=C1/c2ccccc2Sc2ccc(Cl)cc21,0.0,training
CCC(C)C(=O)OC1CC(O)C=C2C=CC(C)C(CCC(O)CC(O)CC(=O)O)C21,1.0,training
Cc1cc(O)cc(O)c1C(=O)O,0.0,training
C/C=C/CC(C)C(O)C1C(=O)NC(CC)C(=O)N(C)C(C)C(=O)N(C)C(C(C)CN2CCC(F)(F)C2)C(=O)NC(C(C)C)C(=O)N(C)C(CC(C)C)C(=O)NC(C)C(=O)NC(C)C(=O)N(C)C(CC(C)C)C(=O)N(C)C(CC(C)C)C(=O)N(C)C(C(C)C)C(=O)N1C,1.0,training
Cc1ccc(C(C)C)c(O)c1C(=O)O,0.0,training
CCC1(O)C(=O)OCc2c1cc1n(c2=O)Cc2cc3c(CN(C)C)c(O)ccc3nc2-1,0.0,training
CC(=O)OC1CC2C(C)(C)C=CC(=O)C2(C)C2CCC3(C)C(c4ccoc4)OC(=O)C4OC43C12C,1.0,training
CN(C)C(=O)Oc1cccc([N+](C)(C)C)c1,0.0,training
CNC1C(O)C(OC2C(N)CC(N)C(OC3OC(C(C)O)C(O)C(O)C3N)C2O)OCC1(C)O,0.0,training
Cc1ccc(/C(=C\CN2CCCC2)c2ccccn2)cc1,0.0,training
COC(=O)/C(C)=C\CC12OC(C)(C)C3CC(=CC4C(=O)c5c(OC)c6c(c(CC=C(C)C)c5OC431)OC(C)(CCC=C(C)C)C=C6)C2=O,1.0,training
CC1CCC2(C(=O)O)CCC3(C)C(=CCC4C5(C)CCC(O)C(C)(C)C5CCC43C)C2C1C,0.0,training
COCCOC(=O)C1=C(C)N=C(C)C(C(=O)OC(C)C)C1c1cccc([N+](=O)[O-])c1,0.0,training
CNC(=O)N(C)c1nnc(C(C)(C)C)s1,0.0,training
C=C1C(N)CC2CC1C2(C)C,0.0,training
COc1ccc2c(c1OC)C(=O)OC2C1c2cc3c(cc2CCN1C)OCO3,0.0,training
CNC(C)C(O)c1ccccc1,0.0,training
CCN(CC)CCOC(=O)C(Cc1cccc2ccccc12)CC1CCCO1,0.0,training
COc1ccc(CC(N)C(=O)NC2C(CO)OC(n3cnc4c(N(C)C)ncnc43)C2O)cc1,0.0,training
Cc1c(O)c(O)cc2c1C=CC1C2(C)CCC2(C)C3CC(C)(C(=O)O)CCC3(C)CCC12C,0.0,training
Oc1ccc2c3c1OC1C(O)CCC4(O)C(C2)N(CC2CCC2)CCC314,0.0,training
Cc1nnc(NS(=O)(=O)c2ccc(N)cc2)s1,0.0,training
COc1cc2c(cc1O)CCNC2C,0.0,training
CC1(C)C(=O)C2OC2C2(C)C1CC(=O)C1(C)C2CCC2(C)C(c3ccoc3)OC(=O)C3OC321,0.0,training
COc1ccc2cc1Oc1ccc(cc1)CC1c3c(cc4c(c3Oc3cc5c(cc3OC)CCN(C)C5C2)OCO4)CCN1C,0.0,training
NCC(O)c1ccc(O)cc1,0.0,training
O=c1[nH]c(=O)n(C2CC(O)C(CO)O2)cc1C(F)(F)F,0.0,training
NCCCCC(NC(CCc1ccccc1)C(=O)O)C(=O)N1CCCC1C(=O)O,0.0,training
COC(=O)N/N=C/c1cn([O-])c2ccccc2[n+]1=O,0.0,training
O=C(O)CCCc1ccccc1,0.0,training
COC1C(O)C(C)OC(OC2CCC3(C=O)C(CCC4C3CCC3(C)C(C5=CC(=O)OC5)CCC43O)C2)C1O,0.0,training
C/C=C/CC(C)C(O)C1C(=O)NC(CC)C(=O)N(C)C(C)C(=O)N(C)C(C(C)CN2CCOCC2)C(=O)NC(C(C)C)C(=O)N(C)C(CC(C)C)C(=O)NC(C)C(=O)NC(C)C(=O)N(C)C(CC(C)C)C(=O)N(C)C(CC(C)C)C(=O)N(C)C(C(C)C)C(=O)N1C,1.0,training
CC(=O)OC1CC2C(C)(C)C(O)CCC2(C)C2CCC3(C)C(=CC(=O)OC3c3ccoc3)C12C,1.0,training
CCCC(C(=O)OCCN(CC)CC)(c1ccccc1)c1ccccc1,1.0,training
CCCCc1nc(Cl)c(CO)n1Cc1ccc(-c2ccccc2-c2nn[nH]n2)cc1,1.0,training
OCC(O)C(O)C(O)CO,0.0,training
COc1ccc(C2Oc3cc(OC)cc(OC)c3CC2O)cc1,0.0,training
CCC1OC(=O)C(C)C(OC2CC(C)(OC)C(O)C(C)O2)C(C)C(OC2OC(C)CC(N(C)C)C2O)C(C)(O)CC(C)CN(C)C(C)C(O)C1(C)O,0.0,training
C#CCN(C)Cc1ccccc1,0.0,training
CCC(C)CC(C)CCCCCCCCC(=O)NC1CC(O)C(NCCN)NC(=O)C2C(O)CCN2C(=O)C(C(O)CCN)NC(=O)C(C(O)C(O)c2ccc(O)cc2)NC(=O)C2CC(O)CN2C(=O)C(C(C)O)NC1=O,1.0,training
CC1CCC2(OC1)OC1C(O)C3C4CCC5CC(OC6OC(CO)C(OC7OC(CO)C(O)C(OC8OCC(O)C(O)C8O)C7OC7OC(CO)C(O)C(OC8OC(CO)C(O)C(O)C8O)C7O)C(O)C6O)C(O)CC5(C)C4CCC3(C)C1C2C,0.0,training
O=c1ccc2ccc(O)cc2o1,1.0,training
COC(=O)c1c(OC)cc2c(c1C)Oc1c(Cl)c(O)c(Cl)c(C)c1C(=O)O2,1.0,training
CCC1(c2ccccc2)C(=O)NCNC1=O,0.0,training
CC#CCn1c(N2CCCC(N)C2)nc2c1c(=O)n(Cc1nc(C)c3ccccc3n1)c(=O)n2C,0.0,training
CCCCC/C=C\C/C=C\C/C=C\C/C=C\CCCC(=O)O,1.0,training
CCC1OC(=O)C(C)C(OC2CC(C)(OC)C(O)C(C)O2)C(C)C(OC2OC(C)CC(N(C)C)C2O)C(C)(OC)CC(C)C(=O)C(C)C(O)C1(C)O,1.0,training
COc1ccc(CCN(C)CCCC(C#N)(c2ccc(OC)c(OC)c2)C(C)C)cc1OC,0.0,training
COc1cc2c(cc1OC)-c1cc3ccc(OC)c(OC)c3c[n+]1CC2,0.0,training
C[n+]1ccccc1,0.0,training
C=C1CCC(c2cc(O)oc2O)C(=O)CCC2C1CC2(C)C,1.0,training
COC1CC(OC2CCC3(OC)C4CCC5(C)C(C6=CC(=O)OC6)CCC5(O)C4CCC3(O)C2)OC(C)C1O,0.0,training
CC(CCC(=O)O)C1CCC2C3CCC4CC(=O)CCC4(C)C3C=CC12C,1.0,training
CC(=O)OC1CC2C(C)(C)C(O)C=CC2(C)C2CCC3(C)C(=CC(=O)OC3c3ccoc3)C12C,1.0,training
CCOc1ccc(NC(C)=O)cc1,0.0,training
CC(=O)NC1C(O)CC(O)(C(=O)O)OC1C(O)C(O)CO,0.0,training
CN(C)CCCN1c2ccccc2Sc2ccccc21,0.0,training
Cc1cccc(CN2CCN(C(c3ccccc3)c3ccc(Cl)cc3)CC2)c1,0.0,training
CC(=O)NC(CC(C)C)C(=O)O,0.0,training
CN1CCN(C(c2ccccc2)c2ccccc2)CC1,0.0,training
CC(=O)OCC(=O)C12OC3(CCCC3)OC1CC1C3CC=C4CC(=O)C=CC4(C)C3(F)C(O)CC12C,1.0,training
CCN(CC)Cc1cc(Nc2ccnc3cc(Cl)ccc23)ccc1O,0.0,training
CC(Cn1cnc2c(N)ncnc21)OCP(=O)(O)O,0.0,training
c1ccc2c(c1)CCCC2C1=NCCN1,0.0,training
Cc1c(OCC(F)(F)F)ccnc1C[S+]([O-])c1nc2ccccc2[nH]1,0.0,training
CC1(C)SC2C(N3C(=O)C(c4ccccc4)NC3(C)C)C(=O)N2C1C(=O)O,0.0,training
CNC1CCC(c2ccc(Cl)c(Cl)c2)c2ccccc21,0.0,training
COc1ccc(C(=O)c2ccccc2O)c(O)c1,0.0,training
COc1cc(C2c3cc4c(cc3C(O)C3COC(=O)C23)OCO4)cc(OC)c1OC,0.0,training
Nc1ccc(C(=O)NCC(=O)O)cc1,0.0,training
CCN(CC)CCNC(=O)c1cc(Cl)c(N)cc1OC,0.0,training
CCCCC(CC)CN=C(N)N=C(N)NCCCCCCN=C(N)N=C(N)NCC(CC)CCCC,0.0,training
C#CC1(O)CCC2C3CC=C4CC(=O)CCC4C3CCC21C,0.0,training
O=C(O)C(O)C(O)(Cc1ccc(O)cc1)C(=O)O,0.0,training
CON=C(C(=O)NC1C(=O)N2C(C(=O)O)=C(COC(C)=O)CSC12)c1csc(N)n1,0.0,training
CC(=O)NC(C(=O)O)C(C)(C)SN=O,0.0,training
NC(C(=O)O)C(O)C(O)C(O)CO,0.0,training
COC1=CC(=O)CC(C)C12Oc1c(Cl)c(OC)cc(OC)c1C2=O,0.0,training
CCCCc1oc2ccc(NS(C)(=O)=O)cc2c1C(=O)c1ccc(OCCCN(CCCC)CCCC)cc1,1.0,training
CCN(Cc1ccncc1)C(=O)C(CO)c1ccccc1,0.0,training
CC(=O)CC1CCCCN1,0.0,training
CC12CCC3C(=CCc4cc(O)ccc43)C1CCC2=O,0.0,training
O=c1cc(CO)occ1O,0.0,training
CNCC(O)c1cccc(O)c1,0.0,training
Clc1ccc(Cl)cc1,0.0,training
CN1CCCC(n2nc(Cc3ccc(Cl)cc3)c3ccccc3c2=O)CC1,1.0,training
CCOc1ccc(-c2nc3cc(-c4nc5cc(N6CCN(C)CC6)ccc5[nH]4)ccc3[nH]2)cc1,0.0,training
COC(=O)NC(C(=O)NC(Cc1ccccc1)C(O)CN(Cc1ccc(-c2ccccn2)cc1)NC(=O)C(NC(=O)OC)C(C)(C)C)C(C)(C)C,1.0,training
CCCCCC(=O)Cc1cc(O)cc(O)c1C(=O)Oc1cc(CC(=O)CCCCC)c(C(=O)O)c(OC)c1,0.0,training
Nc1nc(=O)c2nc(CNc3ccc(C(=O)NC(CCC(=O)O)C(=O)O)cc3)cnc2[nH]1,0.0,training
CC(=O)OC1c2c(ccc3ccc(=O)oc23)OC(C)(C)C1OC(=O)CC(C)C,0.0,training
COC(=O)C1OC(=O)C2OC23C1(C)CCC1C2(C)CCC(=O)C(C)(C)C2CC(OC(C)=O)C13C,1.0,training
COC1CC(OC2C(C)=CCC3CC(CC4(CCC(C)C(C5CCCCC5)O4)O3)OC(=O)C3C=C(C)C(=NO)C4OCC(=CC=CC2C)C34O)OC(C)C1O,0.0,training
Cc1c(C)c2c(c(C)c1OC1OC(C(=O)O)C(O)C(O)C1O)CCC(C)(COc1ccc(Cc3sc(=O)[nH]c3O)cc1)O2,1.0,training
CC(N)CO,0.0,training
CC(C)C12OC1C1OC13C1(C)CCC4=C(COC4=O)C1CC1OC13C2=O,0.0,training
COc1ccc(C2C(=O)c3ccccc3C2=O)cc1,0.0,training
CC(=O)OC1CC2(C)C(c3ccoc3)CC3OC32C2(C)C(=O)C(=O)C3C(C)(C)C(=O)C=CC3(C)C12,1.0,training
CC(=O)OCC(=O)C1(O)CCC2C3CC=C4CC(=O)C=CC4(C)C3C(O)CC21C,0.0,training
CC1C=CC=CCCC=CC=CC=CC=CC(OC2OC(C)C(O)C(N)C2O)CC2OC(O)(CC(O)C(O)CCC(O)CC(O)CC(O)CC(=O)OC(C)C(C)C1O)CC(O)C2C(=O)O,1.0,training
NS(=O)(=O)c1cc(C(=O)O)c(NCc2ccco2)cc1Cl,0.0,training
CC(=O)c1c(O)c(C)c(O)c2c1OC1=CC(=O)C(C(C)=O)C(=O)C12C,1.0,training
CN(C)CCCN1c2ccccc2CCc2ccccc21,0.0,training
Cc1cc(=O)c2c(O)c3c(cc2o1)OCC(C)CC3,0.0,training
COc1cc2c(cc1OC)C1C(=O)c3ccc4c(c3OC1CO2)CC(C(C)C)O4,0.0,training
CC(=O)CC(=O)CCC(=O)O,0.0,training
O=C(CCc1ccc(O)cc1)c1c(O)cc(O)cc1OC1OC(CO)C(O)C(O)C1O,0.0,training
O=C1c2ccccc2C(=O)C1c1ccccc1,0.0,training
CC(N)C(=O)NC(Cc1ccccc1)C(=O)O,0.0,training
CNC1C(OC2C(OC3C(O)C(O)C(N=C(N)N)C(O)C3N=C(N)N)OC(C)C2(O)C=O)OC(CO)C(O)C1O,0.0,training
CCOC(=O)C1=C(COCCN)N=C(C)C(C(=O)OC)C1c1ccccc1Cl,0.0,training
NS(=O)(=O)c1cc2c(cc1Cl)N=C(CSCc1ccccc1)NS2(=O)=O,0.0,training
O=c1cccc2n1CC1CC2CN2CCCCC12,0.0,training
O=c1[nH]cc(F)c(=O)[nH]1,0.0,training
C#CCO[S+]([O-])OC1CCCCC1Oc1ccc(C(C)(C)C)cc1,0.0,training
CC(=O)NC(CC(=O)NC(CCC(=O)O)C(=O)O)C(=O)O,0.0,training
NC(CO)Cc1ccccc1,0.0,training
C=CCc1ccccc1OCC(O)CNC(C)C,0.0,training
CN=C(NC#N)NCCSCc1[nH]cnc1C,0.0,training
COc1cc(C=CC(=O)O)ccc1O,0.0,training
O=C(O)CC(O)CC(O)/C=C/c1c(C2CC2)nc2ccccc2c1-c1ccc(F)cc1,1.0,training
CC=C(C1=CC(=O)C=CC1=O)c1ccccc1,0.0,training
CC(C)CC(NC(=O)C(Cc1ccccc1)NC(=O)CNC(=O)CNC(=O)C(N)Cc1ccc(O)cc1)C(=O)O,0.0,training
Nc1c2ccccc2nc2ccccc12,0.0,training
CC(=O)CCCCn1c(=O)c2c(ncn2C)n(C)c1=O,0.0,training
CC12CCC3c4ccc(OC5OC(C(=O)O)C(O)C(O)C5O)cc4CCC3C1CCC2=O,1.0,training
C[N+]1(C)C2CCC1CC(OC(=O)C(O)c1ccccc1)C2,0.0,training
CN(C)CCCN1c2ccccc2Sc2ccc(Cl)cc21,0.0,training
[NH]C(=O)NC(=O)Cc1ccccc1,0.0,training
O=c1c(CC[S+]([O-])c2ccccc2)c(O)n(-c2ccccc2)n1-c1ccccc1,0.0,training
COC(=O)C1(C)CCC2(C)CCC3(C)C4=CCc5c(cc(O)c(O)c5C)C4(C)CCC3(C)C2C1,0.0,training
OCCN1CC(O)C(O)C(O)C1CO,0.0,training
CC(=O)OC1CC2C(C)(C)C(=O)CCC2(C)C2CCC3(C)C(=CC(=O)OC3c3ccoc3)C12C,1.0,training
CC(=O)OC1CC2C(C)(C)C(=O)CCC2(C)C2CCC3(C)C(c4ccoc4)OC(=O)C4OC43C12C,1.0,training
COc1cc(OC)c2ccc(=O)oc2c1,0.0,training
Nc1c(Br)cc(Br)cc1CNC1CCC(O)CC1,0.0,training
Cc1cc(=O)cc(O)o1,0.0,training
COCC12CN(C=O)C3C4C(OC)C1C3(C(OC)CC2O)C1CC2(O)C(OC)C(O)C4(OC(C)=O)C1C2OC(=O)c1ccccc1,0.0,training
Oc1c(Cl)cc(Cl)c(Cl)c1Cc1c(O)c(Cl)cc(Cl)c1Cl,1.0,training
CC1(C)SC2C(NC(=O)C(N)c3ccc(O)cc3)C(=O)N2C1C(=O)O,0.0,training
COc1cc2c(cc1OC)C1C(=O)c3ccc(OC)c(CC=C(C)C)c3OC1CO2,0.0,training
Oc1ccc(C=Cc2cc(O)cc(O)c2)cc1,0.0,training
O=C1OC(c2ccc(O)c(S(=O)(=O)O)c2)(c2ccc(O)c(S(=O)(=O)O)c2)c2c(Br)c(Br)c(Br)c(Br)c21,1.0,training
C[n+]1ccc(-c2ccccc2)cc1,0.0,training
CC(C)(C)NC(=O)C1CC2CCCCC2CN1CC(O)C(Cc1ccccc1)NC(=O)C(CC([NH])=O)NC(=O)c1ccc2ccccc2n1,1.0,training
CC(=O)OCC(=O)C1(O)CCC2C3CC=C4CC(=O)CCC4(C)C3C(O)CC21C,0.0,training
CCCCN(CC)c1c([N+](=O)[O-])cc(C(F)(F)F)cc1[N+](=O)[O-],0.0,training
CC(=O)Oc1ccc2c(c1)Oc1cc(OC(C)=O)ccc1C21OC(=O)c2cc(C(=O)O)ccc21,1.0,training
NNCCc1ccccc1,0.0,training
CN1C2CCC1CC(OC(c1ccccc1)c1ccccc1N)C2,0.0,training
CC(CCC(=O)O)C1CCC2C3CCC4CC(O)CCC4(C)C3C=CC12C,1.0,training
C=C1CCC(=O)C(C)CCC2C1CC2(C)C,1.0,training
COC(=O)CC1C(C)(C)C(=O)C2CC3=C4CC(OC)OC(c5ccoc5)C4(C)CCC3C1(C)C2=O,0.0,training
OCc1ccccc1OC1OC(CO)C(O)C(O)C1O,0.0,training
O=C1C=CC(=O)c2c(O)cccc21,0.0,training
CC1CCOC2Cn3cc(C(=O)NCc4ccc(F)cc4F)c(=O)c(O)c3C(=O)N12,0.0,training
Nc1ccc(S(=O)(=O)NC(=O)c2ccccc2)cc1,0.0,training
CC1(C)CC2C1CCC1(C)OC1CCC2(C)O,0.0,training
CC(=O)OCC1=C(C(=O)O)N2C(=O)C(NC(=O)CSc3ccncc3)C2SC1,0.0,training
NC(Cc1ccc(O)c(O)c1)C(=O)O,0.0,training
CCN(CC)CCNC(=O)c1cc(Br)c(N)cc1OC,0.0,training
CC(C(=O)O)c1ccc2c(c1)[nH]c1ccc(Cl)cc12,1.0,training
CC12CCC3C(C)(OC(=O)CC4C(C)(C)C(O)C=CC34C)C1=CC(=O)OC2c1ccoc1,1.0,training
COc1ccc(-c2coc3cc(O)ccc3c2=O)c(OC)c1O,0.0,training
CC12CCC3c4ccc(OS(=O)(=O)O)cc4CCC3C1CCC2=O,1.0,training
CNC(CC(C)C)C(=O)NC1C(=O)NC(CC([NH])=O)C(=O)NC2C(=O)NC3C(=O)NC(C(=O)NC(C(=O)O)c4cc(O)cc(O)c4-c4cc3ccc4O)C(O)c3ccc(c(Cl)c3)Oc3cc2cc(c3OC2OC(CO)C(O)C(O)C2OC2CC(C)(N)C(O)C(C)O2)Oc2ccc(cc2Cl)C1O,0.0,training
CC1CC(O)C2(O)C13CC(=O)OCC2(C)C(C)(O)C(=O)C3,0.0,training
O=c1cc[nH]c(=S)[nH]1,0.0,training
CCC(C(=O)C(C)C(O)C(C)CCc1ccc(C)c(O)c1C(=O)O)C1OC(CC)(C2CCC(O)(CC)C(C)O2)CC1C,1.0,training
Nc1ccc(S(=O)(=O)Nc2ncccn2)cc1,0.0,training
CC1CCC2C(C)(CO)C(O)CCC2(C)C12CCC(CO)(CCO)O2,0.0,training
CCOC(=O)CCC(=O)OC1C(OC2C(C)C(OC3CC(C)(OC)C(O)C(C)O3)C(C)C(=O)OC(CC)C(C)(O)C(O)C(C)C(=O)C(C)CC2(C)O)OC(C)CC1N(C)C,1.0,training
C/C=C(\C)C(=O)OC1C(OC(C)=O)C2(CO)C(O)CC3(C)C(=CCC4C5(C)CCC(OC6OC(C(=O)O)C(OC7OC(CO)C(O)C(O)C7O)C(O)C6OC6OC(CO)C(O)C(O)C6O)C(CO)C5CCC43C)C2CC1(C)C,1.0,training
O=C1C=CC(=C(c2ccc(O)cc2)c2ccc(O)cc2)C=C1,1.0,training
CCN(CC)C(=S)SSC(=S)N(CC)CC,0.0,training
CC(=O)OC1C=CC2(C)C(CC(OC(C)=O)C3(C)C4=CC(=O)OC(c5ccoc5)C4(C)CCC23)C1(C)C,1.0,training
CC(CO)NC(=O)C1C=C2c3cccc4[nH]cc(c34)CC2N(C)C1,0.0,training
C=CC(C)(O)CCC1C(=C)CC(O)C2C(C)(C)CCCC12C,1.0,training
COc1ccc(-c2coc3cc(O)cc(O)c3c2=O)cc1,0.0,training
C=C1C2CCC3(C)C(c4ccoc4)OC(=O)CC13OC1CC(=O)C(C)(C)C(CC(=O)OC)C12C,1.0,training
OCCN(CCO)c1nc(N2CCCCC2)c2nc(N(CCO)CCO)nc(N3CCCCC3)c2n1,1.0,training
CCN(CC)C(C)CN1c2ccccc2Sc2ccccc21,0.0,training
CC(C)=CCCC(C)(O)C1CC=C(C)CC1,0.0,training
COC(=O)C(O)C1C(C)(C)C(OC(C)=O)C2CC3=C4CC(=O)OC(c5ccoc5)C4(C)CCC3C1(C)C2=O,0.0,training
CCN(CCCCOC(=O)c1ccc(OC)c(OC)c1)C(C)Cc1ccc(OC)cc1,0.0,training
NC12CC3CC(CC(C3)C1)C2,0.0,training
CCn1cc(C(=O)O)c(=O)c2cc(F)c(N3CCNC(C)C3)c(F)c21,0.0,training
COc1c(O)cc(O)cc1O,0.0,training
CCCCCCCCCCCCCCCCOP(=O)([O-])OCC[N+](C)(C)C,0.0,training
C/C=C/CC(C)C(O)C1C(=O)NC(CC)C(=O)N(C)C(C)C(=O)N(C)C(C(C)CN2CCN(CCOC)CC2)C(=O)NC(C(C)C)C(=O)N(C)C(CC(C)C)C(=O)NC(C)C(=O)NC(C)C(=O)N(C)C(CC(C)C)C(=O)N(C)C(CC(C)C)C(=O)N(C)C(C(C)C)C(=O)N1C,1.0,training
O=C(O)c1ccccc1OP(=O)(O)O,0.0,training
Oc1cc2c(cc1O)=C1c3ccc(O)c(O)c3OCC1(O)C=2,0.0,training
CN(C)CCC(c1ccccc1)c1ccccn1,0.0,training
CC(C)(C)CC(C)(C)c1ccc(O)c(Cc2ccc(Cl)cc2Cl)c1,0.0,training
O=c1c(-c2ccc(O)cc2)coc2cc(O)ccc12,0.0,training
COc1ccc2c(=O)c(OC)c(-c3ccccc3)oc2c1,0.0,training
CN(C)CCc1c[nH]c2ccc(CS(=O)(=O)N3CCCC3)cc12,0.0,training
CCCCCCCCCCCCC(C(=O)O)C(C)C(=O)O,0.0,training
Oc1ccc2c(c1)OCC1(O)C=c3cc(O)c(O)cc3=C21,0.0,training
O=C(Nc1ccccc1)Nc1ccccc1,0.0,training
Cc1cc(C(C)(C)C)c(O)c(C)c1CC1=NCCN1,0.0,training
CC(C)c1nc(CN(C)C(=O)NC(C(=O)NC(Cc2ccccc2)CC(O)C(Cc2ccccc2)NC(=O)OCc2cncs2)C(C)C)cs1,1.0,training
CC(C)(C(=O)O)c1ccc(C(O)CCCN2CCC(C(O)(c3ccccc3)c3ccccc3)CC2)cc1,0.0,training
COc1ccccc1OCC(O)CO,0.0,training
O=C(O)C=Cc1ccc(O)c(O)c1,0.0,training
COC(=O)CC1C2(C)C(=O)C3CC4(OC3(O)C1(C)C)C1=CC(=O)OC(c3ccoc3)C1(C)CCC42,1.0,training
COC(=O)CC1C2(C)CC34OC5(C)OC6(C7C(C(=O)C(C)C)C(=O)OC(c8ccoc8)C7(C)C(OC(C)=O)C(OC(C)=O)C6(O5)C13C)C(OC(C)=O)C4(O)C2OC(=O)C(C)C,1.0,training
C#Cc1cccc(Nc2ncnc3cc(OCCOC)c(OCCOC)cc23)c1,0.0,training
COc1ccc(OC)c(C(O)C(C)N)c1,0.0,training
NCCCCCN,0.0,training
CN(C)CCOC(=O)COc1ccc(Cl)cc1,0.0,training
O=c1c(Cc2c(O)oc3ccccc3c2=O)c(O)oc2ccccc12,1.0,training
COc1cc2c(cc1OC)C1C(=O)c3ccc4c(c3OC1CO2)C=CC(C)(C)O4,0.0,training
Oc1c(I)cc(I)c2cccnc12,0.0,training
COc1ccc2c3c([nH]c2c1)C(CC(C)C)N1C(=O)C(CCC(=O)OC(C)(C)C)NC(=O)C1C3,1.0,training
CCOC(=O)C1C(C=C(C)C)C1(C)C,0.0,training
[NH]C(=O)c1ccccc1O,0.0,training
O=c1[nH]cnc2[nH]ncc12,0.0,training
COc1c(CC=C(C)C)c2c(c3oc(=O)c(-c4ccc(O)cc4)c(O)c13)C=CC(C)(C)O2,1.0,training
CC1(C)C(O)CC(=O)C2(C)C1CC(=O)C1(C)C2CCC2(C)C(c3ccoc3)OC(=O)C3OC321,1.0,training
CC(C)(C)c1nc(-c2cccc(NS(=O)(=O)c3c(F)cccc3F)c2F)c(-c2ccnc(N)n2)s1,1.0,training
C=CC1CN2CCC1CC2C(O)c1ccnc2ccccc12,0.0,training
CN1CCc2cc3c(cc2C1O)OCO3,0.0,training
Cc1cc(O)c(C)c(C=CC(C)(C)COc2ccc(Cc3sc(=O)[nH]c3O)cc2)c1O,1.0,training
CC12CCC(=O)C=C1C=CC1C2CCC2(C)C1CCC21CCC(=O)O1,1.0,training
O=C1NC(=O)C(c2ccccc2)(c2ccccc2)N1,0.0,training
CCC(/C=C/C(C)C1CCC2C3CC=C4CC(=O)CCC4(C)C3CCC12C)C(C)C,0.0,training
CCOC(=O)OCC1OC(Oc2nn(C(C)C)c(C)c2Cc2ccc(OC(C)C)cc2)C(O)C(O)C1O,1.0,training
COc1cc(C(=O)NS(=O)(=O)c2ccccc2C)ccc1Cc1cn(C)c2ccc(NC(=O)OC3CCCC3)cc12,1.0,training
CC(=O)Nc1ccc(O)cc1,0.0,training
Oc1c(Br)cc(Br)c2cccnc12,0.0,training
CCC(C)C(=O)OC1CC(C)C=C2C=CC(C)C(CCC3CC(O)CC(=O)O3)C21,1.0,training
COc1c(O)cccc1O,0.0,training
O=C(O)Cc1cc(I)c(Oc2cc(I)c(O)c(I)c2)c(I)c1,1.0,training
O=[N+]([O-])c1ccc(O)c([N+](=O)[O-])c1,0.0,training
COc1ccc(-c2cc(=O)c3c(O)cc(OC4OC(COC5OC(C)C(O)C(O)C5O)C(O)C(O)C4O)cc3o2)cc1O,0.0,training
Cc1cccc(C)c1NC(=O)CC12CCCN1CCC2,0.0,training
CC(=O)OC(C)C[N+](C)(C)C,0.0,training
COCCCC/C(=N\OCCN)c1ccc(C(F)(F)F)cc1,0.0,training
COC1(NC(=O)Cc2cccs2)C(=O)N2C(C(=O)O)=C(COC([NH])=O)CSC21,0.0,training
O=C(O)c1ccc(S(=O)(=O)N(Cl)Cl)cc1,0.0,training
CC(CN(C)C)CN1c2ccccc2Sc2ccccc21,0.0,training
CCCCCN=C(N)NN=Cc1c[nH]c2ccc(OC)cc12,0.0,training
Nc1nc(N)c2nc(CNc3ccc(C(=O)NC(CCC(=O)O)C(=O)O)cc3)cnc2n1,0.0,training
c1ccc2[nH]c(-c3cscn3)nc2c1,0.0,training
CCC(C)C(=O)OC1CC2(C)C(c3ccoc3)OC(=O)CC23OC2(C)OC34C(OC(C)=O)C3(O)C(OC(=O)C5(C)OC5C)C5(C)CC3(O)C(C)(C5CC(=O)OC)C14O2,1.0,training
Clc1cccc(Cl)c1NC1=NCCN1,0.0,training
COc1cc(C=CC(=O)CC(=O)C=Cc2ccc(O)c(OC)c2)ccc1O,0.0,training
Cc1cc(OC(=O)c2c(C)cc(O)cc2O)cc(O)c1C(=O)O,0.0,training
CCC1(O)C(=O)OCc2c1cc1n(c2=O)Cc2cc3ccccc3nc2-1,0.0,training
CCCc1ncc(C[n+]2ccccc2C)c(N)n1,0.0,training
O=c1c(O)c(-c2ccc(O)c(O)c2)oc2cc(O)cc(O)c12,1.0,training
CN1CCC(=C2c3ccccc3Sc3ccccc32)CC1,0.0,training
CC12CCC(O)CC1CCC1C2C(O)CC2(C)C(C3=CC(=O)OC3)CCC12O,0.0,training
CN1C=CC=CC1=C=NO,0.0,training
S=P(N1CC1)(N1CC1)N1CC1,0.0,training
CC(C)c1c(O)ccc2c1CCC1C(C)(C(=O)O)CCCC21C,0.0,training
CC(C)c1c(C(=O)Nc2ccc(O)cc2)c(-c2ccccc2)c(-c2ccc(F)cc2)n1CCC(O)CC(O)CC(=O)O,1.0,training
CS(=O)(=O)Nc1ccc([N+](=O)[O-])cc1Oc1ccccc1,0.0,training
COc1cc(C/C=C/c2ccccc2)c(OC)cc1O,1.0,training
C=C1C(=O)NC(C)C(=O)NC(CC(C)C)C(=O)NC(C(=O)O)C(C)C(=O)NC(Cc2ccccc2)C(=O)NC(/C=C/C(C)=C/C(C)C(Cc2ccccc2)OC)C(C)C(=O)NC(C(=O)O)CCC(=O)N1C,1.0,training
O=C(O)CCCCCCCCCCCCC1C=CCC1,0.0,training
Cc1ccc2cc3c(ccc4ccccc43)c3c2c1CC3,0.0,training
CC1C(=NO)CC2CC1C2(C)C,0.0,training
CN(C)CCC=C1c2ccccc2CCc2ccccc21,0.0,training
COC(=O)CC1C(C)(C)C(OC(C)=O)C2(O)C=C3C4CC(=O)OC(c5ccoc5)C4(C)CCC3C1(C)C2=O,1.0,training
CC(=O)N1CCN(c2ccc(OCC3COC(Cn4ccnc4)(c4ccc(Cl)cc4Cl)O3)cc2)CC1,0.0,training
O=[N+]([O-])NC1=NCCN1Cc1ccc(Cl)nc1,0.0,training
CCOC(=O)c1c(C)cc(O)c(C)c1O,0.0,training
CC(CCC(=O)NCC(=O)O)C1CCC2C3CCC4CC(O)CCC4(C)C3CC(O)C12C,1.0,training
O=C(OC1Cc2c(O)cc(O)cc2OC1c1cc(=O)c(O)c2c(O)c(O)cc(C3Oc4cc(O)cc(O)c4CC3OC(=O)c3cc(O)c(O)c(O)c3)c2c1)c1cc(O)c(O)c(O)c1,1.0,training
O=c1c(-c2ccc(O)cc2)coc2cc(O)cc(O)c12,1.0,training
COC(=O)COc1cc(Cl)c(Cl)cc1Cl,0.0,training
C/C=C/CC(C)C(O)C1C(=O)NC(CC)C(=O)N(C)C(C)C(=O)N(C)C(C(C)CN2CC3CCC(C2)O3)C(=O)NC(C(C)C)C(=O)N(C)C(CC(C)C)C(=O)NC(C)C(=O)NC(C)C(=O)N(C)C(CC(C)C)C(=O)N(C)C(CC(C)C)C(=O)N(C)C(C(C)C)C(=O)N1C,1.0,training
CSCCC(NC=O)C(=O)NC(CC(C)C)C(=O)NC(Cc1ccccc1)C(=O)O,0.0,training
C=C1CCC2C(CC2(C)C)C(=O)CCC1O,0.0,training
CC12CCC(=O)C=C1C=CC1C2CCC2(C)C1CCC2(O)CCC(=O)O,0.0,training
COc1ccc2[nH]c([S+]([O-])Cc3ncc(C)c(OC)c3C)nc2c1,0.0,training
C=CC1=C(C(=O)O)N2C(=O)C(NC(=O)C(=NO)c3csc(N)n3)C2SC1,0.0,training
CCCCN(CCCC)CCCOC(=O)c1ccc(N)cc1,0.0,training
CC(=O)OC1CC2(C)C(CC(O)C3C4(C)CCC(O)C(C)C4CCC32C)/C1=C(\CCC=C(C)C)C(=O)O,1.0,training
COC1C(O)C(C)OC(OC2CCC3(C)C(CCC4C3CCC3(C)C(C5=CC(=O)OC5)CCC43O)C2)C1O,0.0,training
CCC(CCC(C)C1CCC2C3CCC4CC(O)CCC4(C)C3CCC12C)C(C)C,0.0,training
c1cnc2cc3c(cc2n1)C1CNCC3C1,0.0,training
Cc1c(Cl)cccc1Nc1ccccc1C(=O)O,0.0,training
Cc1cc(C=CC#N)cc(C)c1Nc1ccnc(Nc2ccc(C#N)cc2)n1,1.0,training
CC(C)NCC(O)c1ccc2ccccc2c1,0.0,training
COc1cc(C2c3cc4c(cc3C(OC3OC5COC(c6cccs6)OC5C(O)C3O)C3COC(=O)C23)OCO4)cc(OC)c1O,1.0,training
C/C=C/CC(C)C(O)C1C(=O)NC(CC)C(=O)N(C)C(C)C(=O)N(C)C(C(C)CN2CCC(C#N)CC2)C(=O)NC(C(C)C)C(=O)N(C)C(CC(C)C)C(=O)NC(C)C(=O)NC(C)C(=O)N(C)C(CC(C)C)C(=O)N(C)C(CC(C)C)C(=O)N(C)C(C(C)C)C(=O)N1C,1.0,training
CC(=O)OC1CC2(C)C(c3ccoc3)OC(=O)C3OC32C2(C)C(OC(C)=O)CC3C(C)(C)C(OC(C)=O)CC(OC(C)=O)C3(C)C12,1.0,training
Cc1cccc(C)c1OCC(=O)NC(Cc1ccccc1)C(O)CC(Cc1ccccc1)NC(=O)C(C(C)C)N1CCCNC1=O,1.0,training
CCc1cccc2c3c([nH]c12)C(CC)(CC(=O)O)OCC3,0.0,training
CCCCc1c(O)n(-c2ccc(O)cc2)n(-c2ccccc2)c1=O,1.0,training
Cc1ncc2n1-c1ccc(Cl)cc1C(c1ccccc1F)=NC2,0.0,training
CC(=O)OC1CC2C(C)(C)C(=O)C3OC3C2(C)C2CCC3(C)C(c4ccoc4)OC(=O)C4OC43C12C,0.0,training
C#CCCCCCCCCCCCC(O)CC(O)CO,0.0,training
C=CCC1(C(C)CCC)C(=O)NC(=S)NC1=O,0.0,training
COc1ccc2c(c1)CCC1C2CCC2(C)C(O)C(O)CC12,0.0,training
C=CC1=C(C)C(Cc2[nH]c(Cc3[nH]c(CC4=NC(=O)C(=C)C4=CC)c(C)c3CCC(=O)NCCS(=O)(=O)O)c(CCC(=O)NCCS(=O)(=O)O)c2C)=NC1=O,1.0,training
CCCCCCCCCCCCCCCC(=O)OC/C=C(C)/C=C/C=C(C)/C=C/C1=C(C)CCCC1(C)C,0.0,training
Cc1cc(O)c(C=O)c2c1C(=O)Oc1c(C)c(O)c3c(c1O2)C(O)OC3=O,1.0,training
CC1=C(C(=O)O)N2C(=O)C(NC(=O)C(N)c3ccccc3)C2SC1,0.0,training
CN(C)C1C(=O)C(C([NH])=O)C(=O)C2(O)C(=O)C3C(=O)c4c(O)ccc(Cl)c4C(O)C3CC12,0.0,training
CCC(C)C1OC2(CCC1C)CC1CC(CC=C(C)C(OC3CC(OC)C(OC4CC(OC)C(O)C(C)O4)C(C)O3)C(C)C=CC=C3COC4C(O)C(C)=CC(C(=O)O1)C34O)O2,1.0,training
CC(C)C(=O)Nc1ccc([N+](=O)[O-])c(C(F)(F)F)c1,0.0,training
CN(CCCl)CCCl,0.0,training
N=C(N)c1ccc(OCCCCCOc2ccc(C(=N)N)cc2)cc1,0.0,training
Cc1cc(C=Cc2ccc3cc(N(C)C)ccc3[n+]2C)c(C)n1-c1ccccc1,1.0,training
CC=C(C1=CC(=O)C(OC)=CC1=O)c1ccccc1,0.0,training
CC1=C2CC(=O)C=CC2(C)C2C(O)CC3(C)C(CCC3(O)C(=O)CO)C2C1,0.0,training
O=C(Cn1ccnc1[N+](=O)[O-])NCCO,0.0,training
CC(=O)OC1CC(=O)C2(C)C(CC(=O)C3(C)C2CCC2(C)C(c4ccoc4)OC(=O)C4OC423)C1(C)C,0.0,training
CCOC(=O)C(C)CC(Cc1ccc(-c2ccccc2)cc1)NC(=O)CCC(=O)O,1.0,training
CC1CCC2(OC1)OC1CC3C4CCC5(C)CC(O)CCC5(C)C4CC(=O)C3(C)C1C2C,1.0,training
CC(C)=CCC/C(C)=C/CC/C(C)=C/CO,0.0,training
Nc1nc(=O)c2ncn(COCCO)c2[nH]1,0.0,training
CN(C)CCN(Cc1cccs1)c1ccccn1,0.0,training
Cc1cc(-c2ccccc2)nnc1NCCN1CCOCC1,0.0,training
COc1cc(-c2coc3cc(OCc4ccccc4)c(OC)c(O)c3c2=O)cc(OCc2ccccc2)c1OC,0.0,training
CC(=O)OC1(C(C)=O)CCC2C3=CC(Cl)=C4CC(=O)CCC4(C)C3CCC21C,1.0,training
CC(=O)Oc1ccc2c(c1)CCC1C2CCC2(C)C(OC(C)=O)CCC12,0.0,training
CC(C)=CCC/C(C)=C\CO,0.0,training
CC(C1OC(C)(C)C(O)C1O)C1CCC2(C)C3=CCC4C(C)(C)C(=O)CCC4(C)C3CCC12C,0.0,training
CC(=O)OC1CC(OC(C)=O)C2(C)C(CC(=O)C3(C)C2CCC2(C)C(c4ccoc4)OC(=O)C4OC423)C1(C)C,0.0,training
CC1NC(=O)C(CC(C)(O)CO)NC(=O)C2NC(=O)C(C)NC(=O)C3CC(O)CN3C(=O)C(CSc3[nH]c4ccccc4c32)NC(=O)C(C(C)O)NC1=O,0.0,training
CC(C)(C)c1ccc(C(O)CCCN2CCC(C(O)(c3ccccc3)c3ccccc3)CC2)cc1,0.0,training
CN1CCCN=C1/C=C/c1cccs1,1.0,training
COc1ccc(-c2cc(=O)c3c(O)cc(OC4OC(COC5OC(C)C(O)C(O)C5O)C(O)C(O)C4O)cc3o2)cc1,0.0,training
COc1ccc(Cl)cc1C(=O)NCCc1ccc(S(=O)(=O)NC(=O)NC2CCCCC2)cc1,1.0,training
C=C1C(O)C2OC3(CCC(/C=C/C(C)C4CC(C)=CC5(OC(CC(C)(O)C(=O)O)CCC5O)O4)O3)CCC2OC1C(O)CC(C)C1OC2(CCCCO2)CCC1C,1.0,training
CC1CC2C3CC=C4CC(=O)C=CC4(C)C3(F)C(O)CC2(C)C1(O)C(=O)CO,0.0,training
[NH]C(=O)CN1CCCC1=O,0.0,training
N=C(N)N=C(N)Nc1ccccc1,0.0,training
Nc1ccc(C(=O)O)c(O)c1,0.0,training
CC1NC(=O)C(CC(C)(O)CO)NC(=O)C2Cc3c([nH]c4ccccc34)SCC(NC(=O)C(C(C)O)NC1=O)C(=O)N1CC(O)CC1C(=O)NC(C)C(=O)N2,0.0,training
O=C1CC2(CCCC2)CC(=O)N1CCCCN1CCN(c2ncccn2)CC1,0.0,training
O=c1[nH]c(O)cn1/N=C/c1ccc([N+](=O)[O-])o1,0.0,training
CC(CCc1ccc(O)cc1)NCCc1ccc(O)c(O)c1,0.0,training
Nc1nc(=O)c2c([nH]1)NCC(CNc1ccc(C(=O)NC(CCC(=O)O)C(=O)O)cc1)N2C=O,0.0,training
C/C=C/CC(C)C(O)C1C(=O)NC(CC)C(=O)N(C)C(C)C(=O)N(C)C(C(C)COC)C(=O)NC(C(C)C)C(=O)N(C)C(CC(C)C)C(=O)NC(C)C(=O)NC(C)C(=O)N(C)C(CC(C)C)C(=O)N(C)C(CC(C)C)C(=O)N(C)C(C(C)C)C(=O)N1C,1.0,training
CN1CCc2cccc3c2C1Cc1ccc(O)c(O)c1-3,0.0,training
CC(C)CCCC(C)C1CCC2C3CC(O)C4(O)CC(O)CCC4(C)C3CCC12C,0.0,training
CCC1(O)CC2CN(CCc3c([nH]c4ccccc34)C(C(=O)OC)(c3cc4c(cc3OC)N(C=O)C3C(O)(C(=O)OC)C(OC(C)=O)C5(CC)C=CCN6CCC43C65)C2)C1,0.0,training
CC(C)CC(NC(=O)C(O)C(N)Cc1ccccc1)C(=O)O,0.0,training
O=C1C(CCC(O)c2ccc(F)cc2)C(c2ccc(O)cc2)N1c1ccc(F)cc1,1.0,training
O=c1c(-c2ccccc2)coc2cc(O)cc(O)c12,0.0,training
NCC1OC(OC2C(N)CC(N)C(OC3OC(CO)C(O)C(N)C3O)C2O)C(O)C(O)C1O,0.0,training
CCCC1CC2=C(CC(CC)CC3=C1C(=O)OC3=O)C(=O)OC2=O,0.0,training
NNCc1cccc(O)c1,0.0,training
CN(CCOc1ccc(CC(Nc2ccccc2C(=O)c2ccccc2)C(=O)O)cc1)c1ccccn1,1.0,training
CC(=O)Oc1cc2c(c(C)c1OC(C)=O)CC=C1C2(C)CCC2(C)C3CC(C)(C(=O)O)CCC3(C)CCC12C,1.0,training
COc1c(CC(=O)c2cc3c(cc2O)OC(C)(C)C(O)C3)ccc2c1C=CC(C)(C)O2,1.0,training
COC(=O)CC1C(C)(C)C(=O)C2CC3C4=CC(=O)OC(c5ccoc5)C4(C)CCC3C1(C)C2=O,1.0,training
CN(C)CCC=C1c2ccccc2C=Cc2ccccc21,0.0,training
CCC(=O)OC(OP(=O)(CCCCc1ccccc1)CC(=O)N1CC(C2CCCCC2)CC1C(=O)O)C(C)C,1.0,training
COC(=O)C(C)c1ccc(C(=O)c2cccs2)cc1,0.0,training
O=C(CCCN1CCC(O)(c2ccc(Cl)cc2)CC1)c1ccc(F)cc1,0.0,training
CC(C)(C)NCC(O)COc1cccc2c1CC(O)C(O)C2,0.0,training
CCn1cc(C(=O)O)c(=O)c2cnc(N3CCCC3)nc21,0.0,training
O=C(CC[N+](=O)[O-])OCC1OC(O)C(OC(=O)CC[N+](=O)[O-])C(OC(=O)CC[N+](=O)[O-])C1OC(=O)CC[N+](=O)[O-],0.0,training
COC(=O)C1=COC(OC2OC(CO)C(O)C(O)C2O)C2C1CC(O)C2C,0.0,training
Cn1c(=O)c2[nH]cnc2n(C)c1=O,0.0,training
N=C(N)NCCCCN=C(N)N,0.0,training
CC(C)(C)NC(=O)C1CN(Cc2cccnc2)CCN1CC(O)CC(Cc1ccccc1)C(=O)NC1c2ccccc2CC1O,1.0,training
NCC1CCC(N)C(OC2C(N)CC(N)C(OC3OC(CO)C(O)C(N)C3O)C2O)O1,0.0,training
CC(C)C(C)/C=C/C(C)C1CCC2C3=CC=C4CC(O)CCC4(C)C3CCC21C,1.0,training
COS(C)(=O)=O,0.0,training
CC1CC(OC(=O)C(O)c2ccccc2)CC(C)(C)N1C,0.0,training
CC(=O)OCC(=O)C1(O)CCC2C3CC=C4CC(=O)CCC4(C)C3(F)C(O)CC21C,1.0,training
O=c1[nH]cnc2[nH]cnc12,0.0,training
ON=C(O)Cc1ccccc1,0.0,training
O=C(O)COc1cc(Cl)c(Cl)cc1Cl,0.0,training
N#Cc1c(Cl)cccc1Cl,0.0,training
COCCc1ccc(OCC(O)CNC(C)C)cc1,0.0,training
Cc1nc2sccn2c(=O)c1CCN1CCC(=C(c2ccc(F)cc2)c2ccc(F)cc2)CC1,0.0,training
CCC1C(=O)OCC1Cc1cncn1C,0.0,training
CC1CCC2(NC1)OC1CC3C4CC=C5CC(O)CCC5(C)C4CCC3(C)C1C2C,0.0,training
CC(CCC(=O)NCC(=O)O)C1CCC2C3C(O)CC4CC(O)CCC4(C)C3CC(O)C12C,0.0,training
CC(C)Cc1ccc(C(C)C(=O)O)cc1,0.0,training
OCCSCCO,0.0,training
O=c1n(CCCN2CCN(c3cccc(Cl)c3)CC2)nc2ccccn12,0.0,training
CCC(=O)OC1C2CC3=C4CC(=O)OC(c5ccoc5)C4(C)CCC3C(C)(C2=O)C(CC(=O)OC)C1(C)C,0.0,training
N=C(N)NC(=O)c1nc(Cl)c(N)nc1N,0.0,training
CN1CCCC1Cc1c[nH]c2ccc(CCS(=O)(=O)c3ccccc3)cc12,0.0,training
CC1CCC2(OC1)OC1CC3C4CC=C5CC(O)CCC5(C)C4CCC3(C)C1C2C,0.0,training
CC(=O)N1CCCC1C(=O)O,0.0,training
O=c1[nH]c(O)cn1/N=C/c1ccc(-c2ccc([N+](=O)[O-])cc2)o1,0.0,training
CC(=O)Oc1c2c(c(CC=C(C)C)c3c1C(=O)C1=CC4CC5C(C)(C)OC(C/C=C(\C)C(=O)O)(C4=O)C15O3)OC(C)(CCC=C(C)C)C=C2,1.0,training
CCCc1cc(=O)[nH]c(=S)[nH]1,0.0,training
CCC(=O)OCC(=O)C1(OC(=O)CC)C(C)CC2C3CC=C4CC(=O)C=CC4(C)C3(F)C(O)CC21C,0.0,training
COc1cc2c(cc1OC)C(=O)OC2,0.0,training
CC(C)CN(CC(O)C(Cc1ccccc1)NC(=O)OC1CCOC1)S(=O)(=O)c1ccc(N)cc1,1.0,training
CCC1C=CC=CCC(C)C(O)C(C)(O)C(=O)C(C)C(O)C(C)C(=O)C(C)C(O)C(C)C=CC(=O)OC2C(C)C(CC1)OC1(CCC(C)C(CC(C)O)O1)C2C,1.0,training
CC(C)NCC(O)COc1ccc(CC([NH])=O)cc1,0.0,training
C/C=C/CC(C)C(=O)C1C(=O)NC(C(C)C)C(=O)N(C)CC(=O)N(C)C(CC(C)C)C(=O)NC(C(C)C)C(=O)N(C)C(CC(C)C)C(=O)NC(C)C(=O)NC(C)C(=O)N(C)C(CC(C)C)C(=O)N(C)C(CC(C)C)C(=O)N(C)C(C(C)C)C(=O)N1C,1.0,training
O=c1cc(-c2ccccc2)oc2cc(O)c(O)c(O)c12,0.0,training
CC(C)C1=CC2=CCC3C(C)(C(=O)O)CCCC3(C)C2CC1,1.0,training
CC(=O)Oc1cc2c(c(C)c1OC(C)=O)CC1OC13C2(C)CCC1(C)C2CC(C)(C(=O)O)CCC2(C)CCC13C,0.0,training
O=C1CCCN1CC#CCN1CCCC1,0.0,training
CCCC1OC2CC3C4CC=C5CC(=O)C=CC5(C)C4C(O)CC3(C)C2(C(=O)CO)O1,1.0,training
CC(=O)Nc1ccc(S(=O)(=O)Nc2ccc([N+](=O)[O-])cc2)cc1,0.0,training
C=C1C2CCC3(C)C(c4ccoc4)OC(=O)CC13OC1CC(O)C(C)(C)C(CC(=O)OC)C12C,1.0,training
COc1ccc(-c2c(O)c3c(OC)c4c(cc3oc2=O)OC(C)(C)C=C4)cc1,0.0,training
CCC(=O)OC1C(OC2C(C)C(OC3CC(C)(OC)C(O)C(C)O3)C(C)C(=O)OC(CC)C(C)(O)C(O)C(C)C(=O)C(C)CC2(C)O)OC(C)CC1N(C)C,1.0,training
CC(=O)OC/C=C(C)/C=C/C=C(C)/C=C/C1=C(C)CCCC1(C)C,1.0,training
CC1=C(/C=C/C(C)=C/C=C/C(C)=C\C(=O)O)C(C)(C)CCC1,1.0,training
O=C(CCCCC(=O)Nc1c(I)cc(I)c(C(=O)O)c1I)Nc1c(I)cc(I)c(C(=O)O)c1I,0.0,training
CCc1c2c(nc3ccc(OC(=O)N4CCC(N5CCCCC5)CC4)cc13)-c1cc3c(c(=O)n1C2)COC(=O)C3(O)CC,0.0,training
CC(=O)OC1(C(C)=O)CCC2C3=CC(C)=C4CC(=O)CCC4(C)C3CCC21C,0.0,training
N=C(N)N/N=C/c1c(Cl)cccc1Cl,0.0,training
CC1=CC(=O)C2C(C)(C)CCCC2(C)C1(O)CCc1ccoc1,1.0,training
CCC(C)n1ncn(-c2ccc(N3CCN(c4ccc(OCC5COC(Cn6cncn6)(c6ccc(Cl)cc6Cl)O5)cc4)CC3)cc2)c1=O,0.0,training
CC1(C)C(=O)C=CC2(C)C1CC(=O)C1(C)C2CCC2(C)C(c3ccoc3)OC(=O)C3OC321,1.0,training
CC(N)C(O)c1ccccc1,0.0,training
CC(=O)Nc1cccc(-n2c(=O)n(C3CC3)c(=O)c3c(Nc4ccc(I)cc4F)n(C)c(=O)c(C)c32)c1,1.0,training
COc1ccc(-c2cc(=O)c3cc(OC)ccc3o2)cc1,1.0,training
CC(O)=NO,0.0,training
O=C(NC(Cc1cc(=O)[nH]c2ccccc12)C(=O)O)c1ccc(Cl)cc1,0.0,training
COc1cc2c(cc1OC)-c1c(oc3c4c(ccc3c1=O)OC(C(C)C)C4)CO2,0.0,training
C[N+](C)(C)CC(=O)O,0.0,training
COC(=O)C1(C)CCCC2(C)c3ccc(O)c(C(C)C)c3CCC12,0.0,training
CC(=O)OC1CCC2(C)C(CC(OC(C)=O)C3(C)C4=CC(=O)OC(c5ccoc5)C4(C)CCC23)C1(C)C,1.0,training
NC1C(O)OC(CO)C(O)C1O,0.0,training
CC(C)CC1C(=O)N2CCCC2C2(O)OC(NC(=O)C3C=C4c5cccc6[nH]cc(c56)CC4N(C)C3)(C(C)C)C(=O)N12,1.0,training
Cc1cc2nc3c(=O)[nH]c(=O)nc-3n(CC(O)C(O)C(O)COP(=O)(O)OP(=O)(O)OCC3OC(n4cnc5c(N)ncnc54)C(O)C3O)c2cc1C,1.0,training
COc1ccccc1OCC(O)CN1CCN(CC(=O)Nc2c(C)cccc2C)CC1,0.0,training
O=C(O)COCCN1CCN(C(c2ccccc2)c2ccc(Cl)cc2)CC1,0.0,training
CCCNC(C)C(=O)Nc1ccccc1C,0.0,training
C#CC1(O)CCC2C3CC=C4CC(=O)CCC4C3CCC21CC,0.0,training
Cc1c(C(=O)O)c(O)cc2c(O)c3c(c(O)c12)C(=O)C(C1OC(CO)C(O)C(O)C1O)C(=O)C3=O,1.0,training
CC1(C)SC2C(NC(=O)Cc3ccccc3)C(=O)N2C1C(=O)O,0.0,training
CCC(CO)NC(=O)C1C=C2c3cccc4[nH]cc(c34)CC2N(C)C1,0.0,training
CC(C)=CCCC1(C)C=Cc2c(O)c3c(c(CC=C(C)C)c2O1)OC12C(=CC4CC1C(C)(C)OC2(C/C=C(/C)C(=O)O)C4O)C3=O,1.0,training
CCN(CCO)CCCC(C)Nc1ccnc2cc(Cl)ccc12,0.0,training
C/C=C/c1ccc2c(c1)OCO2,0.0,training
C[N+]1(CCCCC[N+]2(C)CCCC2)CCCC1,0.0,training
Cc1cc(O)c(C=O)c(O)c1C(=O)O,0.0,training
CC(C)CCCC(C)C1CCC2C3=CCC4CC(O)CCC4(C)C3CCC21C,0.0,training
O=C1CCC2(O)C3Cc4ccc(O)c5c4C2(CCN3CC2CC2)C1O5,0.0,training
CN1Cc2c(ccc3c2OCO3)C2C(O)Cc3cc4c(cc3C21)OCO4,0.0,training
O=C(OC1Cc2c(O)cc(O)cc2OC1c1ccc(O)c(O)c1)c1cc(O)c(O)c(O)c1,1.0,training
C=C(C)C1CC=C2CC(=O)CC(C)C2(C)C1,0.0,training
CCCc1nc(C(C)(C)O)c(C(=O)O)n1Cc1ccc(-c2ccccc2-c2nn[nH]n2)cc1,1.0,training
CON=C(C(=O)NC1C(=O)N2C(C(=O)OCOC(=O)C(C)(C)C)=C(/C=C\c3scnc3C)CSC12)c1csc(N)n1,0.0,training
Cn1c(=O)c2c(ncn2CC(O)CO)n(C)c1=O,0.0,training
Cc1cc(=O)[nH]c(=S)[nH]1,0.0,training
C=CC1=C(C)C(Cc2[nH]c(Cc3[nH]c(C=c4[nH]c(O)c(C)c4=CC)c(C)c3C=CC(=O)O)c(CCC(=O)O)c2C)=NC1=O,1.0,training
CCC(C)(C)C(=O)OC1CC(C)C=C2C=CC(C)C(CCC3CC(O)CC(=O)O3)C21,1.0,training
c1cncc(C2CCCCN2)c1,0.0,training
Nc1nc2ccc(OC(F)(F)F)cc2s1,0.0,training
CN1CCN(CC/C=C2/c3ccccc3Sc3ccc(S(=O)(=O)N(C)C)cc32)CC1,0.0,training
C[N+](C)(C)CCCCCC[N+](C)(C)C,0.0,training
CCS(=O)(=O)CCn1c([N+](=O)[O-])cnc1C,0.0,training
CCCC(C)C1(CC)C(=O)NC(=S)NC1=O,0.0,training
CC(C)NCC(O)COc1cccc2ccccc12,0.0,training
Cc1[nH]ccc2c1[nH]c1cc(=O)ccc12,0.0,training
CC(C)=CCCC1(C)C=Cc2c(O)c3c(c(CC=C(C)C)c2C1)OC12C(=CC4CC1C(C)(C)OC2(C/C=C(/C)C([NH])=O)C4=O)C3=O,0.0,training
C#CC1(O)CCC2C3CCC4=Cc5oncc5CC4(C)C3CCC21C,0.0,training
O=C(O)Cc1ccccc1Nc1c(Cl)cccc1Cl,1.0,training
CN1CCc2c(c3ccccc3n2Cc2ccccc2)C1,0.0,training
Cc1cccc(C)c1N=C1NCCCS1,0.0,training
Nc1ccc(S(=O)(=O)Nc2nccs2)cc1,0.0,training
COc1ccc2c(OC3CC4C(=O)NC5(P(=O)(O)Cc6c(F)cccc6F)CC5CCCCCCCC(NC(=O)OC5CCCC5)C(=O)N4C3)cc(-c3csc(NC(C)C)n3)nc2c1Cl,1.0,training
CC(=O)c1cc2c(cc1O)OC(C)(C)C=C2,0.0,training
CNCCC(Oc1ccc(C(F)(F)F)cc1)c1ccccc1,0.0,training
C=C1CC2OC2(C)CCC2C1CC2(C)C,0.0,training
COc1cc2c3cc1Oc1cc(ccc1O)OC1c4c(cc(OC)c(O)c4Oc4ccc(cc4)CC3N(C)CC2)CCN1C,0.0,training
CC1=CCCC(=O)C2CC(C)(C)C2CC1,0.0,training
Nc1nc(=O)n(C2CSC(CO)O2)cc1F,0.0,training
COC(=O)CC1C2(C)C(=O)C3CC4(OC3(Cl)C1(C)C)C1=CC(=O)OC(c3ccoc3)C1(C)CCC42,0.0,training
O=c1[nH]c2cc(Cl)ccc2o1,0.0,training
Clc1ccc(C(OCCN2CCCCC2)c2ccccc2)cc1,0.0,training
O=C(O)C1=CC(O)C(O)C(O)C1,0.0,training
COC(=O)C1(C)CCC2(C)CCC3(C)C4=CCc5c(cc(OC(C)=O)c(OC(C)=O)c5C)C4(C)CCC3(C)C2C1,0.0,training
CC(C)(C)NCC(O)c1cc(Cl)c(N)c(Cl)c1,0.0,training
NC(C(=O)NC1C(=O)N2C(C(=O)O)=C(Cl)CSC12)c1ccccc1,0.0,training
NS(=O)(=O)c1cc2c(cc1Cl)NCNS2(=O)=O,0.0,training
COc1cc2c(c(OC)c1OC)-c1ccc(OC)c(=O)cc1C(NC(C)=O)CC2,0.0,training
CC(Oc1ccccc1)C(=O)NC1C(=O)N2C1SC(C)(C)C2C(=O)O,0.0,training
N#Cc1c(Cl)c(Cl)c(Cl)c(C#N)c1Cl,0.0,training
CC1=C(CCC(=O)O)c2cc3nc(cc4[nH]c(cc4C)cc4[nH]c(cc1n2)cc4C)C(C)=C3CCC(=O)O,1.0,training
COc1cc(O)cc(OC)c1OC,0.0,training
CCc1c2c(nc3ccc(O)cc13)-c1cc3c(c(=O)n1C2)COC(=O)C3(O)CC,0.0,training
COC1C=COC2(C)Oc3c(C)c(O)c4c(O)c(c5c(nc6cc(C)ccn65)c4c3C2=O)NC(=O)C(C)=CC=CC(C)C(O)C(C)C(O)C(C)C(OC(C)=O)C1C,0.0,training
Cc1c(O)c(C(=O)CC(C)C)c2oc3c(C(=O)CC(C)C)c(O)c(C)c(O)c3c2c1O,1.0,training
COc1cc2c(cc1OC)C1C(=O)c3ccc4oc(C(C)C)cc4c3OC1CO2,0.0,training
CC(CCc1ccccc1)NCC(O)c1ccc(O)c(C([NH])=O)c1,0.0,training
C=C1CCC2C(C)(CO)C(O)CCC2(C)C1C/C=C1/C(=O)OCC1O,0.0,training
C[N+]1(C)CC(O)CC1C(=O)[O-],0.0,training
CCCOc1ccccc1-c1nc(=O)c2[nH]nnc2[nH]1,0.0,training
CCC1(C2=NCCN2)Cc2ccccc2O1,0.0,training
NC(Cc1c[nH]cn1)C(=O)Nc1ccc2ccccc2c1,0.0,training
CCOCN(C(=O)CCl)c1c(C)cccc1CC,0.0,training
N=C1C=CC(=C(c2ccc(N)cc2)c2ccc(N)cc2)C=C1,0.0,training
COc1cc2ccc(=O)oc2cc1O,0.0,training
C1N2CN3CN1CN(C2)C3,0.0,training
Cc1ccc2c(Cl)cc(Cl)c(O)c2n1,0.0,training
CC(=O)Nc1cccc(O)c1,0.0,training
COc1c2ccoc2cc2oc(=O)ccc12,0.0,training
COc1c2occc2cc2ccc(=O)oc12,0.0,training
COc1cccc(O)c1O,0.0,training
Oc1c(C2=CCC(c3ccc(Cl)cc3)CC2)c(O)c2ccccc2c1O,0.0,training
C/C=C(\C)C(=O)OC1CC(OC(C)=O)C2(C(=O)OC)COC3C2C12COC(O)(C(=O)OC)C2C(C)(C12OC1(C)C1CC2OC2OC=CC21O)C3O,0.0,training
COC(=O)CCC(C)C1CCC2C3CCC4CC(O)CCC4(C)C3CC(O)C12C,0.0,training
CCc1cccc(C)c1N(C(=O)CCl)C(C)COC,0.0,training
NCC(=O)c1ccccc1,0.0,training
Nc1nc(N)c2nc(-c3ccccc3)c(N)nc2n1,0.0,training
OCc1ccccc1O,0.0,training
CC(=O)C1CCC2C3CC(C)=C4CC(=O)CCC4(C)C3C(O)CC12C,0.0,training
O=c1c(O)c(-c2ccc(O)c(O)c2)oc2cc(O)ccc12,0.0,training
Cc1nnc2n1-c1ccc(Cl)cc1C(c1ccccc1Cl)=NC2,0.0,training
O=C(O)C1CCCNC1,0.0,training
CC(=O)OC1CC(OC(C)=O)C2(C)C(CC(OC(C)=O)C3(C)C2CCC2(C)C(c4ccoc4)OC(=O)C4OC423)C1(C)C,0.0,training
O=C(O)c1cc([N+](=O)[O-])ccc1NCCCc1ccccc1,1.0,training
CC(=O)Oc1cccc2c1C(=O)c1c(OC(C)=O)cc(C(=O)O)cc1C2=O,0.0,training
Cc1ccsc1CNc1cnccc1C(=O)O,1.0,training
Oc1ccc(Cl)cc1,0.0,training
Nc1ncnc2[nH]cnc12,0.0,training
COc1cc(C)c(C(=O)O)c(O)c1,0.0,training
CC1CCc2cc(F)cc3c(=O)c(C(=O)O)cn1c23,0.0,training
CC12CCC(=O)C=C1CCC1C2CCC2(C)C(O)CCC12,0.0,training
COC1C(OC([NH])=O)C(O)C(Oc2ccc3c(=O)c(NC(=O)c4ccc(O)c(CC=C(C)C)c4)c(O)oc3c2C)OC1(C)C,1.0,training
CCN(CC)CCNC(=O)c1ccc(N)cc1,0.0,training
Cc1nc2ccccn2c(=O)c1CCN1CCC(C(=O)c2ccc(F)cc2)CC1,0.0,training
CC(N)(Cc1ccc(O)cc1)C(=O)O,0.0,training
COc1cccc2c(O)c3c(c(O)c12)C(=O)C1=C(CC(O)(C(=O)CO)CC1OC1CC(N)C(O)C(C)O1)C3=O,0.0,training
CC1(C)CCC2(C(=O)O)CCC3(C)C(=CCC4C5(C)CCC(O)C(C)(C)C5CCC43C)C2C1,0.0,training
CC(=O)Oc1ccc2c(c1C(C)C)CCC1C(C)(C)CCCC21C,0.0,training
Cc1ccc(S(=O)(=O)Nc2c(C(=O)NC(C)C(C)(C)C)c(C)nn2-c2ccccc2)cc1,1.0,training
O=C1C=C2C=CC3CC2(O1)C1CCCCN31,0.0,training
OCC(O)C(O)C(O)C(O)C(O)CO,0.0,training
CCOc1cc(CC(=O)NC(CC(C)C)c2ccccc2N2CCCCC2)ccc1C(=O)O,1.0,training
CC(=O)OC1CCC23C(=O)OC45CCC(C6=CC(=O)OC6)C4(C)CCC2C5CCC3(O)C1,0.0,training
CC1C(=NC(=O)C(NOC(C)(C)C(=O)O)c2csc(N)n2)C(=O)N1S(=O)(=O)O,0.0,training
Nc1nc(C(CCC(=O)O)C(=O)N=C2C(=O)N3C(C(=O)O)=CCSC23)cs1,0.0,training
CCC1OC(=O)C(C)C(OC2CC(C)(OC)C(O)C(C)O2)C(C)C(OC2OC(C)CC(N(C)C)C2O)C(C)(O)CC(C)C(=O)C(C)C(O)C1(C)O,0.0,training
CC1OC(OCC2OC(Oc3c(-c4ccc(OCCO)c(OCCO)c4)oc4cc(OCCO)cc(O)c4c3=O)C(O)C(O)C2O)C(O)C(O)C1O,0.0,training
NCC(CC(=O)O)c1ccc(Cl)cc1,0.0,training
Cc1ccc(C(C)C)cc2c(C)ccc1-2,1.0,training
CCC(C)C(=O)OC1CC(C)C=C2C=CC(C)C(CCC(O)CC(O)CC(=O)O)C21,1.0,training
COC(=O)CC1C(C)(C)C(OC(C)=O)C2CC3C4CC(=O)OC(c5ccoc5)C4(C)CCC3C1(C)C2=O,0.0,training
C[N+](C)(C)CC(O)CC(=O)[O-],0.0,training
CCn1cc(C(=O)O)c(=O)c2ccc(C)nc21,0.0,training
CCCCCCCCCCCCCCCCCCOCC(O)CO,0.0,training
CON=C(C(=O)NC1C(=O)N2C(C(=O)O)=C(COC([NH])=O)CSC12)c1ccco1,0.0,training
Cc1ccc(C)c(OCCCC(C)(C)C(=O)O)c1,0.0,training
CC1(C)CC2C1CCC1(CBr)CCC3C(CC(=O)O)C(=O)OC32C1,1.0,training
Nc1ccc(S(=O)(=O)Nc2ccnn2-c2ccccc2)cc1,0.0,training
O=C1CC(c2ccc(O)cc2)Oc2cc(O)cc(O)c21,0.0,training
CC(C)(Oc1ccc(C2CC2(Cl)Cl)cc1)C(=O)O,0.0,training
CCN1CCN(C(=O)NC(C(=O)NC2C(=O)N3C2SC(C)(C)C3C(=O)O)c2ccccc2)C(=O)C1=O,0.0,training
CC1CC2C3CC(F)C4=CC(=O)C=CC4(C)C3(F)C(O)CC2(C)C1(O)C(=O)CO,0.0,training
C/C=C/CC(C)C(O)C1C(=O)NC(CC)C(=O)N(C)C(C)C(=O)N(C)C(C(C)CC#N)C(=O)NC(C(C)C)C(=O)N(C)C(CC(C)C)C(=O)NC(C)C(=O)NC(C)C(=O)N(C)C(CC(C)C)C(=O)N(C)C(CC(C)C)C(=O)N(C)C(C(C)C)C(=O)N1C,1.0,training
[NH]C(O)=NO,0.0,training
Cc1cccc(C)c1NC(=O)C1CCCCN1C,0.0,training
COc1c(O)cc2c(c1O)C1OC(CO)C(O)C(O)C1OC2=O,1.0,training
COc1ccc2c(=O)cc(-c3ccccc3OC)oc2c1,0.0,training
CCCCCC(O)C1C(=O)OC(C)C(O)C=CC=CC=CC=CC=C(C)C(O)CC(O)CC(O)CC(O)CC(O)CC(O)CC1O,0.0,training
O=C1CC2OCC=C3CN4CCC56c7ccccc7N1C5C2C3CC46,0.0,training
COc1ccc(/C=C/C(=O)Nc2ccccc2C(=O)O)cc1OC,0.0,training
COc1cc(C2Oc3cc(C4Oc5cc(O)cc(O)c5C(=O)C4OC(=O)CCC(=O)O)ccc3OC2COC(=O)CCC(=O)O)ccc1O,0.0,training
CN(C)CCOC(c1ccc(Cl)cc1)c1ccccn1,0.0,training
CC(=O)OC1CC2C(C)(C)C(O)CCC2(C)C2CCC3(C)C(c4ccoc4)OC(=O)C4OC43C12C,1.0,training
CC(C)=CCCC1(C)C=Cc2c(O)c3c(c(CC=C(C)C)c2O1)OC12C(CC4CC1C(C)(C)OC2(C/C=C(/C)C(=O)O)C4O)C3=O,1.0,training
CN1C(C(=O)Nc2ccccn2)C(=O)c2sccc2S1(=O)=O,0.0,training
O=C(O)c1cccnc1Nc1cccc(C(F)(F)F)c1,1.0,training
CC12C=CC(=O)C=C1CCC1C2C(=O)CC2(C)C1CCC2(O)C(=O)CO,0.0,training
O=C1C=C2C(=CCOC2O)O1,0.0,training
O=C(O)c1cc2cc(Cl)ccc2[nH]1,0.0,training
CCN(CC)CCOC(=O)C(c1ccccc1)C1CCCCC1,0.0,training
Nc1nc(=O)c2ncn(C3CC(O)C(CO)O3)c2[nH]1,0.0,training
COC1(C)CCC2OC2(C)CCC2C1CC2(C)C,0.0,training
CCc1cc(C2=C(C(=O)O)N(c3ccccc3C(F)(F)F)S(=O)(=O)c3ccccc32)cc2c1OCO2,1.0,training
CCC(C)C(=O)OC1C2CC3=C4CC(=O)OC(c5ccoc5)C4(C)CCC3C(C)(C2=O)C(CC(=O)OC)C1(C)C,0.0,training
OC(Cn1cncn1)(Cn1cncn1)c1ccc(F)cc1F,0.0,training
NCCC(=O)NC(Cc1c[nH]cn1)C(=O)O,1.0,training
CC(=O)Oc1ccccc1C(=O)Oc1ccccc1C(=O)O,0.0,training
c1ccc2c(c1)cc1ccc3cccc4ccc2c1c34,0.0,training
CCCC1(CCc2ccccc2)CC(=O)C(C(CC)c2cccc(NS(=O)(=O)c3ccc(C(F)(F)F)cn3)c2)C(=O)O1,1.0,training
CC1(C)C(=O)CCC2(C)C1CC(O)C1(C)C3=CC(=O)OC(c4ccoc4)C3(C)CCC21,1.0,training
CC1C=CC=CC=CC=CC=CC=CC=CC(OC2OC(C)C(O)C(N)C2O)CC2OC(O)(CC(O)CC(O)C(O)CCC(O)CC(O)CC(=O)OC(C)C(C)C1O)CC(O)C2C(=O)O,0.0,training
CCC(Cc1c(I)cc(I)c(N)c1I)C(=O)O,1.0,training
CC1C(O)CC2C(C(=O)O)=COC(OC3OC(CO)C(O)C(O)C3O)C21,1.0,training
CCOc1ccc(CC(CN(CCN(CC(=O)O)CC(=O)O)CC(=O)O)N(CC(=O)O)CC(=O)O)cc1,0.0,training
NC(Cc1c[nH]c2ccccc12)C(=O)O,0.0,training
COC(=O)C1C(O)CCC2CN3CCc4c([nH]c5ccccc45)C3CC21,0.0,training
CC1(C)C(=O)C=CC2(C)C1C(=O)C(=O)C1(C)C2CCC2(C)C(c3ccoc3)CC3OC321,1.0,training
Nc1nnc(-c2cccc(Cl)c2Cl)c(N)n1,0.0,training
CN(C)N=Nc1[nH]cnc1C(N)=O,0.0,training
CC12CCC3C(CCC4(O)CC(O)CCC34C=O)C1(O)CCC2C1=CC(=O)OC1,0.0,training
NCCC(O)C(=O)NC1CC(N)C(OC2OC(CN)C(O)C(O)C2O)C(O)C1OC1OC(CO)C(O)C(N)C1O,0.0,training
CC(=O)OC1CC(O)C(C)(C)C2CC(OC(C)=O)C3(C)C(CCC4(C)C(c5ccoc5)OC(=O)C5OC543)C12C,0.0,training
Nc1ccccc1S(N)(=O)=O,0.0,training
CC12CCC3c4ccc(O)cc4CCC3C1CCC2=O,1.0,training
CC(C)[N+](C)(CCC(C([NH])=O)(c1ccccc1)c1ccccc1)C(C)C,0.0,training
CCCCCCCCCCCCCCCC[n+]1ccccc1,0.0,training
CC(C(=O)O)c1ccc(N2Cc3ccccc3C2=O)cc1,0.0,training
CC(C)CC1C(=O)N2CCCC2C2(O)OC(NC(=O)C3C=C4c5cccc6[nH]c(Br)c(c56)CC4N(C)C3)(C(C)C)C(=O)N12,1.0,training
C/C=C/CC(C)C(O)C1C(=O)NC(CC)C(=O)N(C)C(C)C(=O)N(CC)C(C(C)C)C(=O)NC(C(C)C)C(=O)N(C)C(CC(C)C)C(=O)NC(C)C(=O)NC(C)C(=O)N(C)C(CC(C)C)C(=O)N(C)C(CC(C)C)C(=O)N(C)C(C(C)C)C(=O)N1C,1.0,training
COc1cc(C2c3cc4c(cc3C(O)C3COC(=O)C23)OCO4)cc(OC)c1O,1.0,training
C/C=C/c1ccc(OC)cc1,0.0,training
NCCc1ccc(O)cc1,0.0,training
CC(CCC(=O)O)C1CCC2C3CCC4CCCCC4(C)C3CCC12C,0.0,training
CNC(=O)ON=C(C)SC,0.0,training
CC(C=CC1C(C)C(=O)C(=O)CC1(C)C)=C/C=C/C(C)=C/C=C/C=C(C)/C=C/C=C(C)C=CC1C(C)C(=O)C(=O)CC1(C)C,0.0,training
NCC(=O)CCC(=O)O,0.0,training
O=C(O)c1cccc(O)c1O,0.0,training
Cc1ccc(N(CC2=NCCN2)c2cccc(O)c2)cc1,0.0,training
Cc1c(O)cccc1C(=O)NC(CSc1ccccc1)C(O)CN1CC2CCCCC2CC1C(=O)NC(C)(C)C,1.0,training
COc1ccc(-c2coc3cc(O)ccc3c2=O)c(OC)c1,0.0,training
CC1(C(=O)O)CCC2(C)CCC3(C)C(=C2C1)CC(=O)C1C2(C)CCC(OC4OC(C(=O)O)C(O)C(O)C4OC4OC(C(=O)O)C(O)C(O)C4O)C(C)(C)C2CCC13C,1.0,training
CC(=O)C1CCC2C3CC=C4CC(O)CCC4(C)C3CCC12C,0.0,training
COC(=O)c1c(OC)cc2c(c1C)Oc1c(Cl)c(OC(C)=O)c(Cl)c(C)c1C(=O)O2,1.0,training
CC12CCC3C(CCC4CC(OS(=O)(=O)O)CCC43C)C1CCC2=O,1.0,training
NCCCC(N)C(=O)O,0.0,training
CC[N+](C)(C)c1cccc(O)c1,0.0,training
Cc1c(C)c(O)c(C=CC(C)(O)COc2ccc(Cc3sc(=O)[nH]c3O)cc2)c(C)c1O,1.0,training
Cc1ccc(N(CC(=O)O)CC(=O)O)c(OCCOc2cc(-c3c4cc(Cl)c(=O)cc-4oc4cc(O)c(Cl)cc34)ccc2N(CC(=O)O)CC(=O)O)c1,1.0,training
NS(=O)(=O)c1cc2c(cc1Cl)NC(C(Cl)Cl)NS2(=O)=O,0.0,training
CC(=O)NC1C(O)OC(CO)C(O)C1O,1.0,training
CC(=O)NC(CS)C(=O)O,1.0,training
C#CC1(O)CCC2C3CCc4cc(O)ccc4C3CCC21C,1.0,training
O=C(O)c1c2ccccc2cc2ccccc12,0.0,training
CC(C)(Oc1ccc(CCNC(=O)c2ccc(Cl)cc2)cc1)C(=O)O,0.0,training
CN1CCCN=C1COC(=O)C(O)(c1ccccc1)C1CCCCC1,0.0,training
Cc1noc(NS(=O)(=O)c2ccc(N)cc2)c1C,0.0,training
O=c1c(O)cc(C2Oc3cc(O)cc(O)c3CC2O)cc2c(C3Oc4cc(O)cc(O)c4CC3O)cc(O)c(O)c12,0.0,training
CCN(CC)CCNc1ccc(CO)c2sc3ccccc3c(=O)c12,0.0,training
CC1=CC(=O)CC(C)(C)C1(O)/C=C/C(C)=C\C(=O)O,0.0,training
CC[N+](C)(C)Cc1ccccc1Br,0.0,training
O=c1oc2cc(O)ccc2s1,0.0,training
CC1=CCCC2C1(C)CCC(C)C2(C)CC/C(C)=C/Cn1c[n+](C)c2c(N)ncnc21,0.0,training
CC(=O)C1(O)CCC2C3CC(C)=C4CC(=O)C=CC4(C)C3(F)C(O)CC21C,0.0,training
CCC1(O)CC(OC2CC(N(C)C)C(OC3CC(O)C(OC4CCC(=O)C(C)O4)C(C)O3)C(C)O2)c2c(cc3c(c2O)C(=O)c2c(O)cccc2C3=O)C1C(=O)OC,0.0,training
O=C(O)CCC(=O)Nc1ccc(S(=O)(=O)Nc2nccs2)cc1,0.0,training
O=C(O)c1cc(=O)c2ccc(Cl)cc2[nH]1,0.0,training
[NH]C(=O)N1c2ccccc2CC(=O)c2ccccc21,0.0,training
C#CCN(C)CCCOc1ccc(Cl)cc1Cl,0.0,training
N=c1ccn2c(n1)OC1C(O)C(CO)OC12,0.0,training
[NH]C(N)=O,0.0,training
Cc1cccc(Nc2cc(Cl)nc(SCC(=O)O)n2)c1C,1.0,training
CCN(CC)CCCC(C)Nc1ccnc2cc(Cl)ccc12,0.0,training
CC(=O)OC1CC(OC(C)=O)C2(C)C(CC(O)C3(C)C2CCC2(C)C(c4ccoc4)OC(=O)C4OC423)C1(C)C,1.0,training
COc1cc2c(cc1O)C(Cc1ccc(O)cc1)N(C)CC2,0.0,training
CCCN(CCC)CCc1cccc2[nH]c(O)cc12,0.0,training
CCCCC1(COC(=O)CCC(=O)O)C(=O)N(c2ccccc2)N(c2ccccc2)C1=O,1.0,training
COc1c2ccoc2nc2c(OC)c(OCC(O)C(C)(C)O)ccc12,0.0,training
COc1cc(O)c2c(=O)c(O)c(-c3ccc(O)c(O)c3)oc2c1,0.0,training
COC1CC(OC2C(C)C(=O)OC(C)C(C)C(OC(C)=O)C(C)C(=O)C3(CO3)CC(C)C(OC3OC(C)CC(N(C)C)C3OC(C)=O)C2C)OC(C)C1OC(C)=O,1.0,training
CC1(C)OC2CC3C4CC=C5CC(=O)CCC5(C)C4(F)C(O)CC3(C)C2(C(=O)CCl)O1,0.0,training
COc1cc(C2Oc3c(O)cc(C4Oc5cc(O)cc(O)c5C(=O)C4O)cc3C2CO)ccc1O,1.0,training
CC1(C)OC2COC3(COS(N)(=O)=O)OC(C)(C)OC3C2O1,0.0,training
C=C1CCC=C(C)CCC2C1CC2(C)C,0.0,training
Cn1nnnc1SCC1=C(C(=O)O)N2C(=O)C(NC(=O)C(O)c3ccccc3)C2SC1,0.0,training
CC(C)(C)C(=O)C(Oc1ccc(Cl)cc1)n1cncn1,0.0,training
CCCCCCCC=CCCc1c(O)c(O)cc(O)c1O,0.0,training
COc1ccc2c(c1)C1(C)CCC(O)CC1CC2,0.0,training
COC1C(=O)C(=O)c2c(cc3oc(C(C)=O)c(O)c3c2O)C1=O,0.0,training
CC(CN(C)C)CN1c2ccccc2CCc2ccccc21,0.0,training
CCCCC(=O)OC1(C(=O)CO)C(C)CC2C3CC=C4CC(=O)C=CC4(C)C3(F)C(O)CC21C,1.0,training
Cc1ncc([N+](=O)[O-])n1CCO,0.0,training
OCC1OC(OC2C(O)C(CO)OC2(CO)OC2OC(CO)C(O)C(O)C2O)C(O)C(O)C1O,0.0,training
CC(C)(C)CC(C)(C)c1ccc(OCCOCC[N+](C)(C)Cc2ccccc2)cc1,0.0,training
CNC(=O)Oc1cccc2c1OC(C)(C)O2,0.0,training
OCC(O)CN1CCN(c2ccccc2)CC1,0.0,training
CCCCCCCC/C=C/CCCCCCCCOP(=O)([O-])OCC[N+](C)(C)C,0.0,training
COc1ccc(-c2coc3cc(O)ccc3c2=O)c(O)c1O,0.0,training
COc1ccc2cc3[n+](cc2c1OC)CCc1cc2c(cc1-3)OCO2,0.0,training
C[N+](C)(C)CCOP(=O)(O)OP(=O)(O)OCC1OC(n2ccc(N)nc2=O)C(O)C1O,0.0,training
O=C(CC(=O)c1ccccc1O)c1ccccc1,0.0,training
C#CC1(O)CCC2C3CC=C4CC(=O)CCC4(C)C3CCC21C,0.0,training
CC12CCC3C(CC3(C)C)C(C)(CCC1=O)O2,0.0,training
OC1C=C2CCN3Cc4cc5c(cc4C(C1O)C23)OCO5,0.0,training
CCCCCCCCCCCC(CC1OC(=O)C1CCCCCC)OC(=O)C(CC(C)C)NC=O,0.0,training
CC(=O)OCC1OC(Oc2cc(OC(C)=O)c3c(=O)cc(-c4ccc(OC(C)=O)cc4)oc3c2)C(OC(C)=O)C(OC(C)=O)C1OC(C)=O,0.0,training
c1ccc2c(c1)[nH]c1cnccc12,0.0,training
CCc1oc2ccccc2c1C(=O)c1cc(Br)c(O)c(Br)c1,1.0,training
CC12CCC3C(CCC4CC(O)CCC43C)C1CCC2=O,0.0,training
CNc1ccccc1C(=O)O,0.0,training
CCc1nn(CCCN2CCN(c3cccc(Cl)c3)CC2)c(=O)n1CCOc1ccccc1,0.0,training
CC(=O)C1CCC2C3CCC4CC(O)CCC4(C)C3CC(O)C12C,0.0,training
Nc1ccc(C(=O)O)cc1,0.0,training
CC1(C)CCC2(C(=O)O)CCC3(C)C(=CCC4C5(C)CCC(O)C(C)(CO)C5CCC43C)C2C1,1.0,training
CCC(C(=O)O)C1CCC(C)C(C(C)C(O)C(C)C(=O)C(CC)C2OC3(C=CC(O)C4(CCC(C)(C5CCC(O)(CC)C(C)O5)O4)O3)C(C)CC2C)O1,1.0,training
CC(C(=O)O)C1CCC2C3CC=C4CC(O)CCC4(C)C3CCC12C,0.0,training
CN(C)C(=O)C(CCN1CCC(O)(c2ccc(Cl)cc2)CC1)(c1ccccc1)c1ccccc1,0.0,training
CCC12CCCN3CCc4c(n(c5ccccc45)C(O)(C(=O)OC)C1)C32,0.0,training
O=C(OC1Cc2c(O)cc(O)cc2OC1c1cc(O)c(O)c(O)c1-c1c(C2Oc3cc(O)cc(O)c3CC2OC(=O)c2cc(O)c(O)c(O)c2)cc(O)c(O)c1O)c1cc(O)c(O)c(O)c1,0.0,training
COc1c2c(cc3c1OCO3)C13C=CC(OC)CC1N(C2)CC3O,0.0,training
Oc1cc2c(cc1O)C1c3ccc(O)c(O)c3OCC1(O)C2,0.0,training
C=C1C2=CC(=O)OC(c3ccoc3)C2(C)CCC1C1(C)C=CC(=O)C(C)(C)C1CC(=O)OC,1.0,training
CCCC(=O)Nc1ccc(OCC(O)CNC(C)C)c(C(C)=O)c1,0.0,training
O=C(OC1Cc2c(O)cc(O)cc2OC1c1cc(=O)c(O)c2c(O)c(O)cc(C3Oc4cc(O)cc(O)c4CC3O)c2c1)c1cc(O)c(O)c(O)c1,0.0,training
NC(CCC(=O)NC(CS)C(=O)NCC(=O)O)C(=O)O,0.0,training
Nc1ncnc2c1ncn2C1OC(COP(=O)(O)O)C(O)C1O,0.0,training
COc1cccc2c1c(NS(=O)(=O)c1ccc(Cl)s1)nn2Cc1cccc(CNC(=O)C(C)(C)O)c1,1.0,training
CC1OC(OC2CC(O)C3(CO)C4C(O)CC5(C)C(C6=CC(=O)OC6)CCC5(O)C4CCC3(O)C2)C(O)C(O)C1O,1.0,training
CCOC(=O)C(C)(C)Oc1ccc(Cl)cc1,0.0,training
[NH]C(=O)N/N=C/c1ccc([N+](=O)[O-])o1,0.0,training
CCN1CCN(C(=O)NC(C(=O)NC2C(=O)N3C(C(=O)O)=C(CSc4nnnn4C)CSC23)c2ccc(O)cc2)C(=O)C1=O,0.0,training
CC12CCC3C(CC=C4CC(OS(=O)(=O)O)CCC43C)C1CCC2=O,0.0,training
COC1(NC(=O)C(C(=O)O)c2ccc(O)cc2)C(=O)N2C(C(=O)O)=C(CSc3nnnn3C)COC21,0.0,training
C=C1C2CCC3(C)C(c4ccoc4)OC(=O)CC13OC1CC(OC(C)=O)C(C)(C)C(CC(=O)OC)C12C,1.0,training
COc1cc(OC)c(OC)cc1C=O,1.0,training
CN1C(C(=O)Nc2ccccn2)C(=O)c2ccccc2S1(=O)=O,0.0,training
CC12CCCC1C1CCC3CCCCC3(C)C1CC2,0.0,training
[NH]C(=O)c1cnccn1,0.0,training
COc1c(-c2coc3cc4c(cc3c2=O)CC(O)C(C)(C)O4)ccc2c1C=CC(C)(C)O2,1.0,training
O=C1CC(=O)c2ccccc2C1=O,0.0,training
COc1ccc(CCN2CCC(Nc3nc4ccccc4n3Cc3ccc(F)cc3)CC2)cc1,0.0,training
CN(C)C(=O)CCSC(SCCC(=O)O)c1cccc(/C=C/c2ccc3ccc(Cl)cc3n2)c1,1.0,training
CC1(C)C(O)CC(O)C2(C)C1CC(O)C1(C)C2CCC2(C)C(c3ccoc3)OC(=O)C3OC321,1.0,training
COc1cccc(-c2cc(=O)c3ccc(OC)cc3o2)c1,0.0,training
NC(Cc1cc(I)c(Oc2cc(I)c(O)c(I)c2)c(I)c1)C(=O)O,1.0,training
COc1cc(C2c3cc4c(c(O)c3CC3COC(=O)C32)OCO4)cc(OC)c1OC,0.0,training
CC(N)Cc1ccc(O)cc1,0.0,training
CC1(C)C(=O)C=CC2(C)C1CC(O)C1(C)C2CCC2(C)C(c3ccoc3)OC(=O)C3OC321,0.0,training
CC1(C)C=Cc2cc3ccc(=O)oc3cc2O1,0.0,training
NCC1OC(OC2C(CO)OC(OC3C(O)C(N)CC(N)C3OC3OC(CO)C(O)C(O)C3N)C2O)C(N)C(O)C1O,0.0,training
COc1cc(C=CCO)ccc1O,1.0,training
O=C(O)C1CC(C2CCCCN2)CN2CCCCC12,0.0,training
CC(=O)OC1CC2C(C)(C)C(=O)C=CC2(C)C2CCC3(C)C(=CC(=O)OC3c3ccoc3)C12C,1.0,training
CC(CN1c2ccccc2Sc2ccccc21)N(C)C,0.0,training
O=C(O)c1cc(N=Nc2ccc(S(=O)(=O)Nc3ccccn3)cc2)ccc1O,1.0,training
CC(=O)Oc1ccc(-c2cc(=O)c3c(OC(C)=O)cc(OC(C)=O)cc3o2)cc1,0.0,training
C=C1C2CCC3(C)C(c4ccoc4)OC(=O)CC13OC1CC(=O)C(C)(C)C(C(O)C(=O)OC)C12C,1.0,training
CN(C)c1cccc2c(S(=O)(=O)NC(Cc3ccc(OS(=O)(=O)c4cccc5c(N(C)C)cccc45)cc3)C(=O)O)cccc12,1.0,training
CCCC(CCC)C(=O)O,0.0,training
CN(C)C1C(=O)C(C([NH])=O)C(=O)C2(O)C(=O)C3C(=O)c4c(O)cccc4C(C)(O)C3CC12,0.0,training
CC(=O)C1(O)CCC2C3=CC(Cl)=C4CC(=O)C5CC5C4(C)C3CCC21C,1.0,training
CN=C(N)NCCCC(N)C(=O)O,0.0,training
CC(=O)NC(CCC(=O)O)C(=O)O,0.0,training
O=C(/C=C/c1ccccc1)c1ccc(OC2OC(CO)C(O)C(O)C2O)cc1O,0.0,training
COc1cc(-c2coc3cc(OCc4ccccc4)c(OC)c(O)c3c2=O)cc(O)c1OC,0.0,training
COc1ccc(C2Sc3ccccc3N(CCN(C)C)C(=O)C2OC(C)=O)cc1,0.0,training
Oc1cc(O)c2c(c1)OC(c1ccc(O)c(O)c1)C(O)C2,0.0,training
CC(C)C1CCC(C(=O)NC(Cc2ccccc2)C(=O)O)CC1,0.0,training
C=C1C(=O)NC(C)C(=O)NC(Cc2ccc(O)cc2)C(=O)NC(C(=O)O)C(C)C(=O)NC(CCCN=C(N)N)C(=O)NC(/C=C/C(C)=C/C(C)C(Cc2ccccc2)OC)C(C)C(=O)NC(C(=O)O)CCC(=O)N1C,1.0,training
Oc1cccc2cc3cccc(O)c3c(O)c12,0.0,training
CC1CCC2(NC1)OC1CC3C4CCC5CC(OC6OC(CO)C(OC7OC(CO)C(O)C(OC8OCC(O)C(O)C8O)C7OC7OC(CO)C(O)C(O)C7O)C(O)C6O)CCC5(C)C4CCC3(C)C1C2C,0.0,training
COC(=O)CC1C2(C)CC34OC5(C)OC6(C7/C(=C(/OC)C(C)C)C(=O)OC(c8ccoc8)C7(C)C(OC(=O)C(C)C)C(OC)C6(O5)C13C)C(OC)C4(OC)C2OC(C)=O,1.0,training
C=CC(C)(O)CCC1C(=C)CC(OC(C)=O)C2C(C)(C)CCCC12C,0.0,training
CC1Cc2ccccc2N1NC(=O)c1ccc(Cl)c(S(N)(=O)=O)c1,0.0,training
Nc1ccccc1C(=O)CC(N)C(=O)O,0.0,training
CCCCCCCCCCCCC[N+](C)(C)Cc1ccccc1,0.0,training
CC1(C(=O)O)CCC2(C)CCC3(C)C(=C2C1)CC(=O)C1C2(C)CCC(O)C(C)(C)C2CCC13C,1.0,training
CCCc1nn(C)c2c(=O)[nH]c(-c3cc(S(=O)(=O)N4CCN(C)CC4)ccc3OCC)nc12,0.0,training
CNC(Cc1c[nH]c2ccccc12)C(=O)O,0.0,training
O=c1cc(-c2cc(O)c(O)c(O)c2)oc2cc(O)cc(O)c12,0.0,training
COc1ccc(Cc2nccc3cc(OC)c(OC)cc23)cc1OC,0.0,training
COC1(NC(=O)CSCC#N)C(=O)N2C(C(=O)O)=C(CSc3nnnn3C)CSC21,0.0,training
CC(=O)OC1C=C2CC(=O)C3C(CCC4(C)C(C(C)CCCC(C)C)CCC34)C2(C)CC1,0.0,training
