smiles_standarized,label,group
CC1C(=O)N2CCC[C@H]2[C@]2(O)O[C@](NC(=O)C3C[C@@H]4c5cccc6[nH]cc(c56)C[C@H]4N(C)C3)(C(C)C)C(=O)N12,1.0,training
CC(C)=CCC/C(C)=C/CC/C(C)=C/CC/C(C)=C/CC/C(C)=C/CC/C(C)=C/CC/C(C)=C/CC/C(C)=C/Cc1ccccc1O,0.0,training
CCCCCCCCCCCCOS(=O)(=O)O,0.0,training
O=c1cccc2n1C[C@@H]1CNCC2C1,0.0,training
NS(=O)(=O)c1ccc(C(=O)NCc2ccc(F)c(F)c2F)cc1,0.0,training
C=c1c(C(=O)NCCN(CC)CC)c(C)[nH]c1=Cc1c(O)[nH]c2ccc(F)cc12,1.0,training
C[C@]12CC[C@H](OS(=O)(=O)O)CC1=CC[C@@H]1[C@@H]2CC[C@]2(C)C(=O)CC[C@@H]12,0.0,training
N=c1nnc(=N)c1=NNc1ccccc1C(F)(F)F,0.0,training
CC(C)S(=O)(=O)NCCCn1c2c(c3ccccc31)C(=O)CN1CCCC[C@@H]21,0.0,training
CC(C)(C)c1cc(C(C)(C)C)c(NC(=O)c2c[nH]c3ccccc3c2=O)cc1O,1.0,training
C=C(CC)C(=O)c1ccc(OCC(=O)O)c(Cl)c1Cl,0.0,training
C=CC1CN2CCC1CC2C(O)c1ccnc2ccc(OC)cc12,0.0,training
Cc1cc(C(=O)Nc2cc(Cl)cc(N3CCCCC3)c2)cc(C)c1OCCN,0.0,training
CCCCC[C@H](C)c1cc([N+](=O)[O-])cc([N+](=O)[O-])c1O,0.0,training
COc1ccc2cc(CCC(C)=O)ccc2c1,0.0,training
Cn1c(=O)cc(N2CCC[C@@H](N)C2)n(Cc2ccccc2C#N)c1=O,1.0,training
C=CCN1CC[C@]23c4c5ccc(O)c4O[C@H]2[C@@H](OCCOCCOCCOCCOCCOCCOCCOC)CC[C@@]3(O)[C@H]1C5,1.0,training
C[C@@H](Oc1cc(-c2cnn(C3CCNCC3)c2)cnc1N)c1c(Cl)ccc(F)c1Cl,1.0,training
C[C@@H]1C[C@H]2[C@H]3[C@H]([C@@H](O)C[C@]2(C)[C@@]1(O)C(=O)CO)[C@@]1(C)C=CC(=O)C=C1C[C@H]3Cl,1.0,training
CC1(C)C(C=C(Cl)Cl)C1C(=O)OCc1cccc(Oc2ccccc2)c1,1.0,training
C[C@H]1O[C@H](O[C@H]2[C@H](O)[C@@H](O)[C@@H](O[C@H]3[C@H](O)[C@@H](O)[C@H](O)O[C@@H]3CO)O[C@@H]2CO)[C@H](O)[C@@H](O)[C@@H]1N[C@H]1C=C(CO)[C@H](O)[C@H](O)[C@H]1O,0.0,training
CCN(CC)CCOC(=O)C1(C2CCCCC2)CCCCC1,0.0,training
COCCCOc1cc(C[C@@H](C[C@H](N)[C@@H](O)CC(C(=O)NCC(C)(C)C(N)=O)C(C)C)C(C)C)ccc1OC,1.0,training
C=C(C)[C@@H]1CC[C@@]2(C)O[C@H]2C1,0.0,training
Clc1ccc(C(OCCN2CCCCC2)c2ccccc2)cc1,0.0,training
O=C(NCc1ccccc1)c1cc(-c2[nH]ncc2-c2cccc(Cl)c2)c[nH]1,0.0,training
Cn1c[n+](C)c2c(=O)[nH]c(N)nc21,0.0,training
CCCCCCCCCCCCCCCCCCOC[C@@H](O)COP(=O)(O)OCC[N+](C)(C)C,0.0,training
C=CC(=O)N1CCC[C@@H](n2nc(-c3ccc(Oc4ccccc4)cc3)c3c(N)ncnc32)C1,1.0,training
CN(N=O)C(=O)N[C@@H]1[C@@H](O)[C@H](O)[C@@H](CO)O[C@@H]1O,0.0,training
O=C(O)C=Cc1ccc(O)c(O)c1,0.0,training
O=c1ccc2ccc(OCCCCN3CCN(c4cccc5sccc45)CC3)cc2[nH]1,1.0,training
C=C[C@H]1CN2CC[C@H]1C[C@@H]2[C@@H](O)c1ccnc2ccc(OC)cc12,1.0,training
NC(CCC(=O)NC(CS(=O)O)C(=O)NCC(=O)O)C(=O)O,0.0,training
C#Cc1cccc(Nc2ncnc3cc(OCCOC)c(OCCOC)cc23)c1,1.0,training
O=C(O)CC(Nc1ncnc2c1ncn2[C@@H]1O[C@H](COP(=O)(O)O)[C@@H](O)[C@H]1O)C(=O)O,0.0,training
CC(C)(COP(=O)(O)OP(=O)(O)OC[C@@H]1O[C@@H](n2cnc3c(N)ncnc32)[C@H](O)[C@H]1OP(=O)(O)O)C(O)C(=O)NCCC(=O)NCCSS,0.0,training
COC(=O)C(Cc1cccc(C(=N)N)c1)[C@@H](C)NC(=O)c1ccc(-c2cccc(CN)c2)cc1,0.0,training
NC[C@@H](c1ccc(Cl)cc1)c1ccc(-c2cn[nH]c2)cc1,0.0,training
Nc1cccc2c1C(=O)N(C1CCC(=O)NC1=O)C2=O,1.0,training
NC(N)=O,0.0,training
COC(=O)C1CCN(C(=O)c2ccc(NCc3cnc4nc(N)nc(N)c4n3)cc2)CC1,0.0,training
Clc1ccc2c(c1)C(c1ccccc1)=NCc1nncn1-2,1.0,training
Cc1cc(C#N)cc(C)c1Oc1nc(Nc2ccc(C#N)cc2)nc(N)c1Br,1.0,training
COc1ccc2c(C(=S)N(C)CC(=O)O)cccc2c1C(F)(F)F,0.0,training
CC(=O)C1Cc2cccc(OCC(O)CNC(C)C)c2O1,0.0,training
CCCCCCCCCCCCCCCCCCOC[C@@H](COP(=O)(O)OCCSC)NC(C)=O,0.0,training
CC(C)(C)c1nc(-c2cccc(NS(=O)(=O)c3c(F)cccc3F)c2F)c(-c2ccnc(N)n2)s1,1.0,training
CP(=O)(O)OC[C@@H]1O[C@@H](n2cnc3c(N)ncnc32)[C@H](O)[C@H]1O,0.0,training
O[C@@H]1[C@H](O)Cc2c(ccc3ccc4ccccc4c23)[C@H]1O,0.0,training
NCC1(c2ccccc2)CCCC1,0.0,training
Cc1c(Cl)cccc1NC(=O)C1CC(=O)N(C2CCCCC2)C1,0.0,training
OC[C@H]1O[C@@H](O[C@H]2[C@H](O)[C@@H](O)[C@H](O[C@H]3[C@H](O)[C@@H](F)[C@H](O)O[C@@H]3CO)O[C@@H]2CO)[C@H](O)[C@@H](O)[C@@H]1O,0.0,training
CO[C@H]1C/C=C/c2nc(co2)-c2nc(co2)-c2nc(co2)[C@@H](OC)[C@H](C)[C@@H](O)C[C@H](C)C[C@@H](O[C@@H](N)O)CC(=O)O[C@H](C[C@@H](OC)[C@H](C)CCC(=O)C(C)[C@@H](OC)[C@H](C)/C=C/N(C)CO)[C@@H]1C,0.0,training
CNC(=O)c1ccccc1Sc1ccc2c(C=Cc3ccccn3)[nH]nc2c1,1.0,training
CN(C)CCc1c[nH]c2ccc(Cn3cncn3)cc12,0.0,training
O=C(O)CCCCc1ccccc1,0.0,training
CCCC(NC(=O)C1C2CCC[C@H]2CN1C(=O)C(NC(=O)C(NC(=O)c1cnccn1)C1CCCCC1)C(C)(C)C)C(=O)C(=O)NC1CC1,1.0,training
O=C(O)C1O[C@@H](O)[C@H](O)[C@@H](O)[C@H]1O,0.0,training
O=P(O)(O)OC[C@@H](O)[C@H](O)[C@@H](O)NO,0.0,training
c1ccc2c(CCc3ccncc3)c[nH]c2c1,0.0,training
NC1(c2ccccc2)CCCCC1,0.0,training
Nc1ncnc2c1ncn2[C@@H]1O[C@@H](COP(=O)(O)OS(=O)(=O)O)[C@H](O)[C@H]1O,0.0,training
Cc1ccc(C(=O)NC2CC2)cc1-c1ccc2nc(NCCN3CCOCC3)ncc2c1,0.0,training
CCCCN,0.0,training
CC(=O)N[C@H]1[C@H](OP(=O)(O)OP(=O)(O)OC[C@@H]2O[C@@H](n3ccc(=O)[nH]c3=O)[C@H](O)[C@H]2O)O[C@H](CO)[C@H](O)[C@@H]1O[C@@](C)(OP(=O)(O)O)C(=O)O,0.0,training
CC1(C)CCC(CN2CCN(c3ccc(C(=O)NS(=O)(=O)c4ccc(NCC5CCOCC5)c([N+](=O)[O-])c4)c(Oc4cnc5[nH]ccc5c4)c3)CC2)=C(c2ccc(Cl)cc2)C1,1.0,training
Nc1ncnc2c1ncn2[C@@H]1O[C@@H](CO)[C@H](O)[C@H]1O,0.0,training
O=C(O)CCC(CP(=O)(O)Cc1ccc(I)cc1)C(=O)O,0.0,training
CC(=O)O[C@]1(C(C)=O)CC[C@H]2[C@@H]3CC(C)=C4CC(=O)CC[C@]4(C)[C@H]3CC[C@@]21C,1.0,training
CCOc1ccc(Cc2cc([C@@H]3O[C@H](CO)[C@@H](O)[C@H](O)[C@H]3O)ccc2Cl)cc1,1.0,training
O=C1O/C(=C\c2cccc3ccccc23)C(=O)C1c1ccc(Cl)cc1,0.0,training
COC1=C2C(C)[C@@H](OC(=O)C(O)C(NC(=O)OC(C)(C)C)c3ccccc3)C[C@@](O)([C@@H](OC(=O)c3ccccc3)[C@@H]3[C@]4(OC(C)=O)CO[C@@H]4C[C@H](OC)[C@@]3(C)C1=O)C2(C)C,1.0,training
O=C(CNS(=O)(=O)C1CCCCC1)NC(CCN=C1C=C[N]C=C1)C(=O)N1CCCCC1,0.0,training
O=C(C1CCCN1)N1CCC[C@H]1B(O)O,0.0,training
O=S(O)c1ccccc1,0.0,training
CCc1cc2c(s1)N(C)C(=O)CN=C2c1ccccc1Cl,1.0,training
CO[C@H]1O[C@@H]2O[C@@]3(C)CC[C@H]4[C@H](C)CC[C@@H]([C@H]1C)[C@@]24OO3,1.0,training
Nc1ccccc1C(=O)O,0.0,training
CCOc1ccc(-c2nc(-c3cccc(C(=O)O)n3)cs2)cc1OCC,0.0,training
OCCOCCOCCOCCOCCOCCOCCS,0.0,training
CC1=CC(=O)N2CC(=O)N(C)c3ccc(Cl)cc3C2(c2ccccc2)O1,1.0,training
O=C(O)CCCC(=O)Nc1ccc(CC[N+]2([O-])CCCCC2)cc1,0.0,training
NS(=O)(=O)c1ccc(C(=O)NCc2ccc(F)cc2F)cc1,0.0,training
C[C@@H](OC[C@@]1(c2ccccc2)CC[C@]2(CCC(=O)N2)CN1)c1cc(C(F)(F)F)cc(C(F)(F)F)c1,1.0,training
NC(=S)NCCCC(N)C(=O)O,0.0,training
CN1C(=O)CC(=O)N(c2ccccc2)c2cc(Cl)ccc21,1.0,training
N=C(N)c1ccc(CNC(=O)C2CCCN2C(=O)CNC2CCCC2)cc1,0.0,training
C=Cc1c(C)c2[nH]c1=Cc1[nH]c(c(C=CC(=O)O)c1C)C=c1[nH]c(c(C)c1CCC(=O)O)=Cc1[nH]c(c(C=O)c1C)C=2,0.0,training
O=C(O)Cn1cc(Cc2nc3c(F)c(F)cc(F)c3s2)c2cccnc21,0.0,training
O[C@H]1C(=NCC[C@@H]2CCCCN2)NC[C@H](Cl)N1CCNCc1csc2ccc(Cl)cc12,0.0,training
CN1CCC(=C2c3ccccc3CCn3c(C=O)cnc32)CC1,0.0,training
C=C1/C(=C\C=C2/CCC[C@]3(C)[C@@H]([C@H](C)CCCC(C)(C)O)CC[C@@H]23)C[C@@H](O)C[C@@H]1O,1.0,training
OC[C@H]1[C@H](O)[C@@H](O)[C@H](O)c2nnnn21,0.0,training
NC(=O)CN1C(=O)C(=NC(=O)c2cc3c([nH]2)S[C@@H](Cl)C3)Cc2ccccc21,0.0,training
Cc1ncsc1CCOP(=O)(O)O,0.0,training
COc1cccc(OC)c1C(=O)NC(C(=O)OCC(N)C(=O)O)[C@@H]1NC(C(=O)O)C(C)(C)S1,0.0,training
Nc1nc(N)c2nc(CNc3ccc(C(=O)NC(CCC(=O)O)C(=O)O)cc3)cnc2n1,0.0,training
CCCCCCCCCO,0.0,training
CCC1(CC)C(=O)NC(=O)NC1=O,0.0,training
COc1cc2c(cc1Cc1cccc(Cl)c1F)c(=O)c(C(=O)O)cn2[C@H](CO)C(C)C,1.0,training
Cc1c(C(=O)Nc2ccc(N3C[C@@H](C)O[C@@H](C)C3)nc2)cccc1-c1ccc(OC(F)(F)F)cc1,1.0,training
O=C1N=CN[C@H]2C(CN3C[C@H](CO)[C@@H](O)C3)=CNC12,0.0,training
CN1CC2c3ccccc3Oc3ccc(Cl)cc3C2C1,1.0,training
O=P(O)(O)OC[C@@H](O)[C@@H](O)[C@H](O)[C@@H](O)CO,0.0,training
Clc1cccc(Cl)c1NC1=NCCN1,1.0,training
CCCCCCCCC(=O)OC,0.0,training
CC(C=CC1=C(C)CCCC1(C)C)=CC=CC(C)=CC(=O)O,1.0,training
CN(CCO)c1ncnc2oc(-c3ccccc3)c(-c3ccccc3)c12,0.0,training
COc1cccc2c1c(=O)c(C(=O)N(C)c1ccc(C(F)(F)F)cc1)c(O)n2C,0.0,training
O=S(=O)(O)O[C@H]1[C@@H](O)[C@H](CO)O[C@H](O)[C@H]1OS(=O)(=O)O,0.0,training
O=S(=O)(O)c1ccc2ccccc2c1,0.0,training
CCOP(=O)(OCC)OCC,0.0,training
COc1cc(C)c(S(=O)(=O)NC[C@@H](O)[C@@H](N)Cc2ccccc2)c(C)c1C,0.0,training
CCOC(=O)C(CCc1ccccc1)NC(C)C(=O)N1C(C(=O)O)C[C@H]2CCCC[C@@H]21,0.0,training
CC(=O)OCC(=O)[C@@]1(O)CC[C@H]2[C@@H]3CC=C4CC(=O)CC[C@]4(C)C3C(=O)C[C@@]21C,1.0,training
O=P(O)(O)C(O)(Cc1cccc(-c2ccc(-c3ccccc3)cc2)c1)P(=O)(O)O,0.0,training
CN(CC(=O)O)C(=N)N,0.0,training
N#Cc1c(NC(=O)c2ccccc2F)sc2c1CCCC2,0.0,training
CC(C)C(=O)OCC(=O)[C@@]12O[C@H](C3CCCCC3)O[C@@H]1C[C@H]1[C@@H]3CC=C4CC(=O)C=C[C@]4(C)[C@H]3[C@@H](O)C[C@@]12C,1.0,training
CC(C)(C)NC(=O)NC(C(=O)N1C[C@H]2C(C1C(=O)NC(CC1CCC1)C(=O)C(N)=O)C2(C)C)C(C)(C)C,1.0,training
CC[C@H]1O[C@]2(C)[C@H](OC(C)=O)[C@@]1(C)O[C@@H](/C=C/C=C/C=C/c1oc(=O)cc(OC)c1C)[C@@H]2O,0.0,training
C=CCN(C)C/C=C/COc1cc2c(cc1F)c(-c1ccc(Br)cc1)nn2C,0.0,training
Oc1c2c(c(O)n1C[C@@H]1CCCC[C@H]1CN1CCN(c3nsc4ccccc34)CC1)[C@H]1CC[C@@H]2C1,1.0,training
CN1CC[C@]23c4c5ccc(O)c4OC2C(=O)CC[C@H]3[C@H]1C5,1.0,training
CCCCC(C)(C)[C@H](O)/C=C/[C@@H]1C(CCCC/C=C/C(=O)OC)C(=O)C[C@H]1O,0.0,training
NC(Cc1ccc(O)cc1)C(=O)O,0.0,training
OCc1ccccc1,1.0,training
CC[C@@H](C)O,0.0,training
O=c1ncccn1[C@@H]1O[C@H](CO)[C@@H](O)[C@H]1O,0.0,training
CC[C@H](CNC(=O)c1ccc(S(N)(=O)=O)cc1)c1ccc2[nH]ccc2c1,0.0,training
Nc1nc(CC(=O)Nc2ccc(CCNC[C@H](O)c3ccccc3)cc2)cs1,1.0,training
CN(Cc1cc(Br)cc(Br)c1N)C1CCCCC1,0.0,training
Oc1[nH]c(=S)sc1Cc1ccc(C(F)(F)F)cc1,0.0,training
O=C1NCC(=O)N2CCCC12,0.0,training
O=C1CCN([C@@H]2C[C@H](O)[C@@H](CO)O2)C(=O)N1,0.0,training
CCC(=O)NCC[C@@H]1CCc2ccc3c(c21)CCO3,1.0,training
N#Cc1ccccc1-c1cc(-c2ccccn2)cn(-c2ccccc2)c1=O,1.0,training
Cc1ccc(C(=O)Nc2cccc(C(F)(F)F)c2)cc1Nc1cncc(C(N)=O)c1,0.0,training
CCC(=O)c1ccc2c(c1)N(CCN1CCN(CCO)CC1)c1ccccc1S2,0.0,training
Cc1ccc(-c2ccc3c(ccc4sc5c(c43)NC[C@@H](C)NC5=O)n2)cn1,0.0,training
CCOc1nc2cccc(C(=O)OCc3oc(=O)oc3C)c2n1Cc1ccc(-c2ccccc2-c2nc(=O)o[nH]2)cc1,0.0,training
COc1cc2nccc(Oc3ccc(NC(=O)C4(C(=O)Nc5ccc(F)cc5)CC4)cc3)c2cc1OC,1.0,training
OCCCCCCO,0.0,training
CO[C@@H]1[C@@H](OC(N)=O)[C@@H](O)[C@H](Oc2ccc3c(=O)c(NC(=O)c4ccc(O)c(CC=C(C)C)c4)c(O)oc3c2C)OC1(C)C,0.0,training
CC(C)[N+]1(C)[C@@H]2CC[C@H]1CC(OC(=O)C(CO)c1ccccc1)C2,1.0,training
C[C@H]1C[C@@H](N(C)O)NC1C(=O)O,0.0,training
CCCCNc1ccc(C(=O)OCCOCCOCCOCCOCCOCCOCCOCCOCCOC)cc1,0.0,training
CC(=O)Oc1ccccc1C(=O)Nc1ncc([N+](=O)[O-])s1,0.0,training
CCC(=O)C1(c2cccc(O)c2)CCN(C)CC1,1.0,training
COc1nc2ccc(Br)cc2cc1[C@@H](c1ccccc1)[C@@](O)(CCN(C)C)c1cccc2ccccc12,1.0,training
N=C(N)N=C(N)SCc1cccc(C(F)(F)F)c1,0.0,training
CCNC(=O)c1[nH]nc(-c2cc(Cl)c(O)cc2O)c1N1CCNCC1,0.0,training
CC(C)=CCC/C(C)=C\CC/C(C)=C\CO,0.0,training
O=P(O)(O)OC[C@H]1O[C@@H](O)[C@H](O)[C@@H](O)[C@H]1O,0.0,training
CC(=O)NC(C)C(=O)NC(Cc1ccccc1)C(=O)CCCl,0.0,training
Cc1cc(CC(=O)O)n(C)c1C(=O)c1ccc(Cl)cc1,1.0,training
C[C@H](O)[C@@H](CCc1cccc(Cl)c1Cl)n1cnc(C(N)=O)c1,0.0,training
CCCCCCCCCCCCC/C=C/[C@@H](O)[C@H](CO[C@@H]1O[C@H](CO)[C@H](O)[C@H](OS(=O)(=O)O)[C@H]1O)NC(=O)C(O)CCCCCCCCCCCCCCCCCCCCCC,0.0,training
COC(=O)[C@@]1(O)C[C@H]2O[C@]1(C)n1c3ccccc3c3c4c(c5c6ccccc6n2c5c31)C(=O)NC4,0.0,training
CC(C)CN(C[C@@H](OP(=O)(O)O)[C@H](Cc1ccccc1)NC(=O)O[C@H]1CCOC1)S(=O)(=O)c1ccc(N)cc1,1.0,training
Cc1cc(CCN2CCN(c3cccc(Cl)c3)CC2)[nH]n1,0.0,training
CCOC(=O)NC(CC(C)C)C(=O)O,0.0,training
O=C(O)CCCC(=O)O,0.0,training
O[C@H](CS)[C@H](O)CS,0.0,training
C=CC[C@H]1CN(CCc2ccccc2)CC[C@H]1N(C(=O)CC)c1ccccc1,0.0,training
O=C(O)C[C@@H](NC(=O)c1cc(-c2ccc(-c3ccncc3)cc2)cs1)c1ccccc1,0.0,training
CCCC(NCc1c(COP(=O)(O)O)cnc(C)c1O)C(=O)O,0.0,training
C[C@H](O)[C@@H](C)O,0.0,training
CC(CN(C)C)CN1c2ccccc2Sc2ccc(C#N)cc21,1.0,training
c1ccc2c(c1)OC[C@H](CNCCCOc1ccc3c(c1)OCO3)O2,0.0,training
C[C@@H]1C[C@H]2[C@@H]3C[C@H](F)C4=CC(=O)C=C[C@]4(C)[C@H]3[C@@H](O)C[C@]2(C)[C@@]1(O)C(=O)CO,1.0,training
CN(C)CCOC(c1ccc(Cl)cc1)c1ccccn1,1.0,training
C[n+]1cn([C@@H]2O[C@@H](CO)[C@H](O)[C@H]2O)c2[nH]c(N)nc(=O)c21,0.0,training
CC(NC(N)=O)C(=O)O,0.0,training
NCCCn1cc(C2=C(c3c[nH]c4ccccc34)C(=O)NC2=O)c2ccccc21,0.0,training
C[C@@H](C[C@H](C)CCCC[C@H](O)C(C=O)CO)C[C@@H](C)CC(=O)O,0.0,training
CCOc1ccc(-c2c(C#N)c(N)nc3sc(C(N)=O)c(N)c23)cc1,0.0,training
O=C(CC1NCCC[C@H]1O)Cn1cnc2cc(Br)c(Cl)cc2c1=O,0.0,training
N#Cc1ccc2[nH]cc(CCCCN3CCN(c4ccc5oc(C(N)=O)cc5c4)CC3)c2c1,1.0,training
CCOc1cc([C@@H](CS(C)(=O)=O)N2C(=O)c3cccc(NC(C)=O)c3C2=O)ccc1OC,1.0,training
Cc1ncnc2c1ncn2[C@H]1C[C@@H](O)[C@H](CO)O1,0.0,training
C[C@H](O)C[C@H](c1ccccc1)c1c(O)c2ccccc2oc1=O,0.0,training
CC(=O)N[C@@H]1[C@@H](O)[C@H](O)[C@@H](CO)O[C@@H]1O,0.0,training
O=C(O)C(O)C[C@H](O)[C@@H](O)CO,0.0,training
NS(=O)(=O)c1cc(C(=O)O)cc(N2CCCC2)c1Oc1ccccc1,0.0,training
C[C@H](N=C1NC(=O)[C@](C)(C(C)(C)O)S1)c1ccc(F)cc1,0.0,training
CC(C)(C)c1nc2c3cc[nH]c(=O)c3c3cc(F)ccc3c2[nH]1,0.0,training
COc1cc(N(C)C[C@H]2CCC3=N[C@@H](N)N=C(N)C3C2)cc(OC)c1OC,0.0,training
NC(=O)c1cnc2ccn(S(=O)(=O)c3ccccc3[N+](=O)[O-])c2c1,0.0,training
C[C@@H](NCCCc1cccc(C(F)(F)F)c1)c1cccc2ccccc12,1.0,training
CC[C@H](C)[C@H]1NC(=O)C(NC(=O)C(CC(C)C)N(C)C(=O)C2CCCN2C(=O)C(C)=O)[C@@H](C)OC(=O)C(Cc2ccc(OC)cc2)N(C)C(=O)C2CCCN2C(=O)C(CC(C)C)NC(=O)C(C)C(=O)C(C(C)C)OC(=O)C[C@@H]1O,0.0,training
C/C(=C\c1csc(C)n1)[C@@H]1C[C@@H]2O[C@]2(C)CCC[C@H](C)[C@H](O)C(C)C(=O)C(C)(C)[C@@H](O)CC(=O)N1,1.0,training
OCc1cccnc1,0.0,training
CCC(N)Cc1c[nH]c2ccccc12,0.0,training
Cc1cc(-c2nc3ccccc3o2)cc(C)c1O,0.0,training
O=S(=O)(Nc1cccc(Oc2ccc(F)cc2)c1)N1CCC(NCc2ccccc2O)CC1,0.0,training
CCCCCCCC(=O)N[C@H](CN1CCCC1)[C@H](O)c1ccc2c(c1)OCCO2,1.0,training
OC[C@H]1O[C@@H](S)[C@H](O)[C@@H](O)[C@@H]1O,0.0,training
O=C(NC1CCN(CCCCC2(C(=O)NCC(F)(F)F)c3ccccc3-c3ccccc32)CC1)c1ccccc1-c1ccc(C(F)(F)F)cc1,1.0,training
Cc1cccc(Cl)c1Nc1nc2ccc(N3CCN[C@@H](C)C3)cc2n2cncc12,0.0,training
Nc1nc(=O)c2cc(CC(C(=O)O)c3ccc(C(=O)NC(CCC(=O)O)C(=O)O)cc3)ccc2[nH]1,0.0,training
O=P(O)(O)OC[C@@H](O)[C@H](O)[C@@H](O)CCO,0.0,training
CN1CCC[C@@H]1CCn1cc(C2=C(c3c[nH]c4ccccc34)C(=O)NC2=O)c2ccccc21,0.0,training
Cc1cc(I)c(O)c(C(=O)Nc2ccc(C(=N)N)c(Cl)c2)c1,0.0,training
CC(=O)c1ccc(N2CC(C(=O)O)CC2=O)cc1,0.0,training
Nc1nc2ccc(C(=O)c3c(F)cccc3F)cn2c1C(=O)c1ccccc1,0.0,training
CN(C)Cc1ccc(-c2cccnc2)o1,0.0,training
C[C@H]1C[C@@H](N)NC1C(=O)O,0.0,training
OC[C@H]1O[C@@H](O[C@H]2[C@H](O)[C@@H](O)C(O)O[C@@H]2CO)[C@H](O)[C@@H](O)[C@H]1O,0.0,training
c1cc(-c2cnn3cc(-c4ccc(OCCN5CCCCC5)cc4)cnc23)ccn1,0.0,training
O=C(O)c1[nH]c(C(=O)O)c(-c2c[nH]c3ccccc23)c1-c1c[nH]c2ccccc12,0.0,training
CCC[C@@](C)(O)[C@H]1C[C@@]23C=C[C@]1(OC)[C@@H]1Oc4c(OC(C)=O)ccc5c4[C@@]12CCN(C)[C@@H]3C5,0.0,training
CC1=C(/C=C/C(C)=C/C=C/C(C)=C/CO)C(C)(C)CCC1,1.0,training
CC(C)(C)OC(=O)Nc1cccnc1C(=O)Nc1nccs1,0.0,training
CCOc1ccc(Cc2nc3cc([N+](=O)[O-])ccc3n2CCN(CC)CC)cc1,0.0,training
C[C@H]1C[C@H]2[C@@H]3C[C@H](F)C4=CC(=O)C=C[C@]4(C)[C@@]3(F)[C@@H](O)C[C@]2(C)[C@@]1(O)C(=O)CCl,0.0,training
CCN(CC)c1ccc2cc(C(=O)N/C=C\n3c(O)ccc3O)c(=O)oc2c1,0.0,training
COC(=O)N(C)c1c(N)nc(-c2nn(Cc3ccccc3F)c3ncccc23)nc1N,1.0,training
[N+]CC(N)C(=O)O,0.0,training
CN(C)CC(c1ccc(O)cc1)C1(O)CCCCC1,1.0,training
O=S(=O)(O)OC[C@H]1O[C@@H](O[C@]2(COS(=O)(=O)O)O[C@H](OS(=O)(=O)O)[C@@H](OS(=O)(=O)O)[C@@H]2OS(=O)(=O)O)[C@H](OS(=O)(=O)O)[C@@H](OS(=O)(=O)O)[C@@H]1OS(=O)(=O)O,0.0,training
O=C(O)C=Cc1ccc(O)cc1O,0.0,training
Cc1[nH]nc2ccc(-c3cncc(OC[C@@H](N)Cc4c[nH]c5ccccc45)c3)cc12,0.0,training
C[C@H]1CNCCc2ccc(Cl)cc21,1.0,training
CN1CCN(CCCN2c3ccccc3Sc3ccc(Cl)cc32)CC1,1.0,training
CC(C)CCC(=O)CC1c2ccccc2C(=O)N1c1ccc2ccc(Cl)nc2n1,0.0,training
C=CCN(C(=O)c1cc(Cl)cc(OCCCON=C(N)N)c1)C1CCCC1,0.0,training
Cc1ncc(COP(=O)(O)O)c(CNCCCCC(N)C(=O)O)c1O,0.0,training
COc1ccc([C@@H]2CC(=O)c3c(O)cc(O)cc3O2)cc1O,0.0,training
CCc1cc(-c2[nH]nc(C(=O)O)c2-c2ccc3c(c2)OCO3)c(O)cc1O,0.0,training
CN1CCC(c2c3ccccc3cc(=O)c3sccc23)CC1,0.0,training
C[C@@H]1CCN(C(=O)CC#N)C[C@@H]1N(C)c1ncnc2[nH]ccc12,1.0,training
CCOC(=O)CCc1ccc(S(N)(=O)=O)cc1,0.0,training
Nc1ncnc2c1ncn2[C@@H]1O[C@@H](COP(=O)(O)OP(=O)(O)O[C@H]2O[C@@H](CO)[C@H](O)[C@@H](O)[C@@H]2O)[C@H](O)[C@H]1O,0.0,training
CCCCCC(=O)O[C@]1(C(C)=O)CC[C@H]2[C@@H]3CC=C4CC(=O)CC[C@]4(C)[C@H]3CC[C@@]21C,1.0,training
N#C[C@@H]1CCCN1C(=O)CNC12CC3CC(CC(O)(C3)C1)C2,0.0,training
CNC(=O)C(NC(=O)C(OCc1ccc(-c2ccsc2)cc1)[C@H](O)[C@@H](O)C(OCc1ccc(-c2ccsc2)cc1)C(=O)NC(C(=O)NC)C(C)C)C(C)C,0.0,training
Cc1cn([C@@H]2O[C@@H](COP(=O)(O)O)[C@H](O)[C@H]2O)c(=O)[nH]c1=O,0.0,training
CCCNS(=O)(=O)Nc1ncnc(OCCOc2ncc(Br)cn2)c1-c1ccc(Br)cc1,1.0,training
COc1ccc(F)cc1C[C@@](O)(C1CCOCC1)[C@@H]1CNCCO1,0.0,training
CCCOc1ccc2[nH]c(NC(=O)OC)nc2c1,0.0,training
CC(C)Cn1c(=O)n(C)c(=O)c2[nH]cnc21,0.0,training
Cc1cc(-c2cc(-c3ccccc3)[nH]c(=O)n2)ccc1O,0.0,training
CCCCC(C(=O)O)c1c[nH]c2ccccc12,0.0,training
CN(CCCl)CCCl,0.0,training
C[C@H]1O[C@H](O[C@H]2[C@H](O)[C@@H](O)[C@@H](O[C@H]3[C@H](O)[C@@H](O)[C@@H](O)O[C@@H]3CO)O[C@@H]2CO)[C@H](O)[C@@H](O)[C@@H]1N[C@H]1C=C(CO)[C@@H](O[C@H]2O[C@H](CO)[C@@H](O[C@H]3O[C@H](CO)[C@@H](O)[C@H](O)[C@H]3O)[C@H](O)[C@H]2O)[C@H](O)[C@H]1O,0.0,training
O=C(O)CN1CCN(CC(=O)O)CCN([C@H](CO)[C@H](O)CO)CCN(CC(=O)O)CC1,0.0,training
CC[C@]1(O)CC[C@H]2[C@@H]3CCC4=CCCC[C@@H]4[C@H]3CC[C@@]21C,0.0,training
OC[C@]1(O)OC[C@H](O)[C@@H](O)[C@@H]1O,0.0,training
COc1ccc(S(=O)(=O)N2CCCSC(C)(C)C2C(O)=NO)cc1,0.0,training
C[C@@H]1O[C@H](O)[C@@H](O)[C@H](O)[C@H]1N[C@@H]1C=C(CO)[C@@H](O)[C@H](O)[C@@H]1O,0.0,training
CCCN(CC)C(CC)C(=O)Nc1c(C)cccc1C,0.0,training
O=C(O)C1C[C@H](O)CN1,0.0,training
CC1=C[C@H](C)[C@]2(CO)CO[C@H](c3ccc(O)cc3)[C@H]1[C@@H]2C,0.0,training
COc1cc2c(cc1OC)CC(=O)N(CCCN(C)C[C@H]1Cc3cc(OC)c(OC)cc31)CC2,1.0,training
COc1cccc2c(O)c3c(c(O)c12)C(=O)C1=C(C[C@@](O)(C(=O)CO)C[C@@H]1O[C@H]1C[C@H](N)[C@H](O[C@@H]2CCCCO2)[C@H](C)O1)C3=O,0.0,training
CCCCCC/C=C\CCCCCCCCCC(=O)O,0.0,training
Fc1ccccc1C1=NCC(=S)N(CC(F)(F)F)c2ccc(Cl)cc21,1.0,training
NCCO,0.0,training
N=C1NC(=O)/C(=C\c2ccccn2)S1,0.0,training
O=C(O)Cc1cccc(OCCCN(Cc2cccc(C(F)(F)F)c2Cl)C[C@H](c2ccccc2)C2CCCCC2)c1,0.0,training
O=C1CC[C@@]2(O)[C@H]3Cc4ccc(O)c5c4[C@@]2(CCN3CC2CC2)C1O5,0.0,training
N[C@@H](Cc1ccccc1)[C@@H](O)CCl,0.0,training
CC(C(=O)O)c1cccc(Oc2ccccc2)c1,0.0,training
CC1=C(C(=O)O)N2C(=O)C(NC(=O)C(N)c3ccccc3)[C@H]2SC1,1.0,training
C=C1/C(=C\C=C2\CCC[C@]3(C)[C@@H]2CC[C@@H]3[C@H](C)OCCCC(O)(CC)CC)C[C@H](O)C[C@H]1O,0.0,training
CCc1cc(-c2[nH]ncc2-c2c[nH]cn2)c(O)cc1O,0.0,training
Cc1cn(-c2cc(NC(=O)c3ccc(C)c(Nc4nccc(-c5cccnc5)n4)c3)cc(C(F)(F)F)c2)cn1,1.0,training
CCCCCC/C=C\CCCCCCCCCC(=O)N[C@H]1[C@H](OC[C@H]2O[C@H](OP(=O)(O)O)[C@H](NC(=O)CC(=O)CCCCCCCCCCC)[C@@H](OCCCCCCCCCC)[C@@H]2O)O[C@H](COC)[C@@H](OP(=O)(O)O)[C@@H]1OCC[C@@H](CCCCCCC)OC,0.0,training
O=C(O)[C@@]1(O)C=C[C@H](O)[C@@H](O)C1,0.0,training
CC(=O)OC(C(=O)Nc1cccc2c1C(=O)C(=O)NC2=O)c1ccccc1,0.0,training
CC(=O)c1ccc(NC(=O)c2c[nH]nc2-c2cc(Cl)c(O)cc2O)cc1,0.0,training
CC(C(=O)C[PH](=O)O)[C@@H](O)[C@@H](C)C[C@@H](C)CO,0.0,training
CC[C@H]1OC(=O)C(C)C(=O)C(C)[C@@H](O[C@@H]2O[C@H](C)C[C@H](N(C)C)[C@H]2O)[C@](C)(OC)CC(C)C(=O)C(C)[C@H]2N(CCCCn3cnc(-c4cccnc4)c3)C(=O)O[C@]12C,1.0,training
Nc1ncnc2c1ncn2[C@@H]1O[C@@H](COP(=O)(O)OP(=O)(O)O[C@@H]2C[C@H](n3ccc(=O)[nH]c3=O)O[C@H]2COP(=O)(O)O)[C@H](OP(=O)(O)O)[C@H]1O,0.0,training
O=C(O)CCC(NC(=O)NC(CSCc1ccc(F)cc1)C(=O)O)C(=O)O,0.0,training
CCC(CC)n1ccc2c3c(N)nc(N)nc3ccc21,0.0,training
OCCOc1ccc(/C(=C(/CCCl)c2ccccc2)c2ccccc2)cc1,1.0,training
C[C@]12CC[C@H](O)C[C@@H]1CC[C@@H]1[C@@H]2C[C@@H](O)[C@]2(C)[C@@H](C3=CC(=O)OC3)CC[C@@]12O,0.0,training
O=C(O)c1cccc(/C=N/OCCO/N=C/c2cc(=O)[nH]c(=O)[nH]2)c1,0.0,training
Cc1c(C)c2c(c(C)c1O)CC[C@@](C)(CCC[C@H](C)CCC[C@H](C)CCCC(C)C)O2,1.0,training
NC(=O)C(c1ccccc1)(c1ccccc1)[C@@H]1CCN(CCc2ccc3c(c2)CCO3)C1,1.0,training
C[n+]1cn([C@@H]2O[C@@H](COP(=O)(O)OP(=O)(O)OP(=O)(O)O)[C@H](O)[C@H]2O)c2[nH]c(N)nc(=O)c21,0.0,training
N=C(N)NCC1CCC(C(=O)NC(CC2CCCCC2)C(=O)N2CCC2C(=O)NC(Cc2ccc(O)cc2)C(=O)NC(CCCCN=C(N)N)C(N)=O)CC1,0.0,training
CC(C)n1c(/C=C/[C@@H](O)C[C@@H](O)CC(=O)O)c(-c2ccc(F)cc2)c2ccccc21,1.0,training
Cc1c(/N=C2\O[C@@H](C(F)(F)F)[C@@H]3[C@@H](O)CCN23)ccc(C#N)c1Cl,0.0,training
O=C(O)C1CCCN1,0.0,training
Cc1cccc(C)c1OCC(=O)N[C@@H](Cc1ccccc1)[C@@H](O)C[C@H](CC(C)C)NC(=O)c1ccc(N)cc1,0.0,training
O=C1NC(=O)C(c2ccc(Oc3ccccc3)cc2)(N2CCN(c3ncccn3)CC2)C(=O)N1,0.0,training
CC1(C)O[C@@H]2C[C@H]3[C@@H]4CC=C5CC(=O)C=C[C@]5(C)[C@H]4[C@@H](O)C[C@]3(C)[C@]2(C(=O)CO)O1,0.0,training
CCOc1cc(N)c([N+](=O)[O-])cc1C(=O)NC1CCN(CC2CC=CCC2)CC1,0.0,training
O=S(=O)(O)OC1C(OS(=O)(=O)O)C(OS(=O)(=O)O)C(OS(=O)(=O)O)C(OS(=O)(=O)O)C1OS(=O)(=O)O,0.0,training
COc1cc2nc(N(C)CCCNC(=O)C3CCCO3)nc(N)c2cc1OC,1.0,training
N#CC[C@H](C1CCCC1)n1cc(-c2ncnc3[nH]ccc23)cn1,1.0,training
CCCc1nc(C)c2c(=O)[nH]c(-c3cc(S(=O)(=O)N4CCN(CC)CC4)ccc3OCC)nn12,1.0,training
Cc1ccc(C(=O)Nc2ccc(S(=O)(=O)O)c3cc(S(=O)(=O)O)cc(S(=O)(=O)O)c23)cc1NC(=O)c1cccc(NC(=O)Nc2cccc(C(=O)Nc3cc(C(=O)Nc4ccc(S(=O)(=O)O)c5cc(S(=O)(=O)O)cc(S(=O)(=O)O)c45)ccc3C)c2)c1,0.0,training
O=C(N[C@H](CO)c1ccc(F)c(Cl)c1)c1cc(-c2[nH]ncc2-c2cccc(Cl)c2)c[nH]1,0.0,training
Nc1ncnc2c1c(I)cn2[C@@H]1O[C@H](CO)[C@@H](O)[C@H]1O,0.0,training
CC[C@@]1(O)C(=O)OCc2c1cc1n(c2=O)Cc2cc3ccccc3nc2-1,0.0,training
CC1(C)S[C@@H]2C(NC(=O)C(N)c3ccc(O)cc3)C(=O)N2C1C(=O)O,0.0,training
CCCc1c(OCCCOc2ccc3c(ccn3CC(=O)O)c2)ccc2c(C(F)(F)F)noc12,0.0,training
CCC1=C[C@@H]2CN(C1)Cc1c([nH]c3ccccc13)[C@@](C(=O)OC)(c1cc3c(cc1OC)N(C)[C@H]1[C@](O)(C(=O)OC)[C@H](OC(C)=O)[C@]4(CC)C=CCN5CC[C@]31[C@@H]54)C2,1.0,training
N=C(N)c1ccc2[nH]c(Cc3nc4ccccc4[nH]3)nc2c1,0.0,training
CCc1ccc(NC(=O)P(=O)(O)O)cc1,0.0,training
Cc1ccc(Cl)cc1NC(=O)C1CC(=O)N(C2CCCCC2)C1,0.0,training
CCCCc1oc2ccc(NS(C)(=O)=O)cc2c1C(=O)c1ccc(OCCCN(CCCC)CCCC)cc1,1.0,training
O=C1NCCc2[nH]c(-c3ccnc(-c4cnc5ccccc5c4)c3)cc21,0.0,training
N#C[C@@H]1C[C@@H]2C[C@@H]2N1C(=O)C(N)C12CC3CC(CC(O)(C3)C1)C2,1.0,training
O=[N+]([O-])c1ccc(O[C@@H]2O[C@H](CO)[C@@H](O)[C@H](O)[C@H]2F)c([N+](=O)[O-])c1,0.0,training
Cc1ccc(C(=O)Nc2ccc(CN3CCN(C)CC3)c(C(F)(F)F)c2)cc1C#Cc1cnc2cccnn12,1.0,training
NC(=O)C1CC[C@@H]2CN1C(=O)N2OS(=O)(=O)O,0.0,training
CC(=[N+])C(=O)[O-],0.0,training
OB1OCc2cc(F)ccc21,0.0,training
C[C@@H](Cl)CCl,0.0,training
Nc1ccn([C@@H]2O[C@H](CO)[C@@H](O)[C@@H]2O)c(=O)n1,1.0,training
O=c1[nH]c2ccccc2n1CCN1CCN(c2cccc(C(F)(F)F)c2)CC1,1.0,training
CCC1=NC(=O)C2CSSCCC=C[C@H](CC(=O)NC(C(C)C)C(=O)N2)OC(=O)C(C(C)C)NC1=O,1.0,training
CC(C)C[C@H](NC(=O)C1CC(=O)NCCCCCCOC(=O)NC(C(C)C)C(=O)N1)[C@H](O)CC(C)C(=O)NC(C(=O)NCc1ccccc1)C(C)C,0.0,training
NCCc1c[nH]cn1,1.0,training
Nc1nccc(-c2c3c(=O)cc[nH]c3n3c(N)nccc23)n1,0.0,training
CNC(=O)c1cc(Oc2ccc(NC(=O)Nc3ccc(Cl)c(C(F)(F)F)c3)cc2)ccn1,1.0,training
CC1CCC(NCc2ccc3c(c2)Cc2c(-c4ccc(C(=O)O)cc4)n[nH]c2-3)CC1,0.0,training
C[C@H](Oc1cccc2nc(N)nc(N)c12)c1cccc(Cl)c1,0.0,training
CO[C@@H]1[C@@H](O[C@@H]2O[C@H](C)[C@@H](O[C@H]3C[C@@](C)(O)[C@@H](O)[C@H](C)O3)[C@H](N(C)C)[C@H]2O)[C@@H](CC=O)C[C@@H](C)[C@@H](O[C@H]2CC[C@H](N(C)C)[C@H](C)O2)/C=C/C=C/C[C@@H](C)OC(=O)C[C@H]1O,1.0,training
CCCCCOc1ccc(-c2ccc(-c3ccc(C(=O)NC4C[C@@H](O)[C@@H](O)NC(=O)C5[C@@H](O)[C@@H](C)CN5C(=O)C([C@@H](C)O)NC(=O)C([C@H](O)[C@@H](O)c5ccc(O)cc5)NC(=O)C5C[C@@H](O)CN5C(=O)C([C@@H](C)O)NC4=O)cc3)cc2)cc1,0.0,training
c1ccc(CC2=NCCN2)cc1,0.0,training
O=[N+]([O-])c1ccc(S[C@@H]2O[C@H](CO)[C@@H](O)[C@H](O)[C@H]2O)cc1,0.0,training
NC[C@H]1O[C@H](O[C@H]2[C@H](O)[C@@H](O[C@H]3O[C@H](CO)[C@@H](O)[C@H](N)[C@H]3O)[C@H](N)C[C@@H]2N)[C@H](N)C[C@@H]1O,1.0,training
O=C1c2cccc3c2[C@H](CCC3)CN1[C@@H]1CN2CCC1CC2,1.0,training
Cc1cc(S(=O)(=O)O)ccc1-n1[nH]c(C)c(N=Nc2cc(S(=O)(=O)O)ccc2C(=O)O)c1=O,0.0,training
CNCc1ccc(-c2[nH]c3cc(F)cc4c3c2CCNC4=O)cc1,1.0,training
CCCS(=O)(=O)Nc1ccc(F)c(C(=O)c2c[nH]c3ncc(-c4ccc(Cl)cc4)cc23)c1F,1.0,training
CNC(=O)C(Cc1c(F)c(F)c(F)c(F)c1F)NC(=O)Nc1n[nH]c(=S)s1,0.0,training
NC(=O)C(Cc1c[nH]c2ccccc12)NC(=O)C(CCCc1ccccc1)CP(=O)(O)[C@@H](Cc1ccccc1)NC(=O)OCc1ccccc1,0.0,training
CC(C)(CCl)C(=O)Nc1ccc(C(F)(F)F)cc1,0.0,training
O=C(O)C(=O)Nc1sc2c(c1C(=O)O)CCO[C@H]2COC1=NS(=O)(=O)c2ccccc21,0.0,training
O=C1c2ccccc2C(=O)N1CCOC(=S)Nc1ccc(Cl)cc1,0.0,training
O=C(O)c1ccc2ccccc2n1,0.0,training
CC(C)C[C@H](NC(=O)CNC(=O)c1cc(Cl)ccc1Cl)B(O)O,1.0,training
COc1ccc(C2C(=O)c3ccccc3C2=O)cc1,0.0,training
C=CC(C)(C)OC[C@@H]1O[C@H](O[C@H]2C3=C([C@H](C)COC(C)=O)C[C@@H](O)[C@]3(C)C=C3[C@H](COC)CC[C@@H]3[C@@H](C)[C@@H]2O)[C@@H](O)[C@H](OC(C)=O)[C@H]1O,0.0,training
CCC(C=O)C(CNS(=O)(=O)c1ccc([N+](=O)[O-])cc1)C(=O)O,0.0,training
CCCC(CCC)C(=O)N[C@@H]1Cc2ccc(S(N)(=O)=O)cc2C1,0.0,training
C[C@@H](O)C1NC(=O)C(CCCN(O)C=O)NC(=O)C(NC(=O)C(CCCN(O)C=O)NC(=O)C(CO)NC(=O)C(CCCN=C(N)N)NC(=O)C(CO)NC(=O)C2CCN[C@@H]3C(NC(=O)CCC(=O)O)=Cc4cc(O)c(O)cc4N23)CCCCNC(=O)C([C@@H](C)O)NC1=O,0.0,training
CNC(CC(C)C)C(=O)NC1C(=O)NC(CC(N)=O)C(=O)NC2C(=O)NC3C(=O)NC(C(=O)NC(C(=O)O)c4cc(O)cc(O)c4-c4cc3ccc4O)[C@@H](O[C@@H]3C[C@@](C)(N)C(=O)C(C)O3)c3ccc(c(Cl)c3)Oc3cc2cc(c3O[C@@H]2O[C@H](CO)[C@@H](O)[C@H](O)[C@H]2O)Oc2ccc(cc2Cl)[C@@H]1O,0.0,training
C[C@@H]1CN(c2c(F)c(N)c3c(=O)c(C(=O)O)cn(C4CC4)c3c2F)C[C@H](C)N1,0.0,training
C=C1CC[C@H](O)C/C1=C/C=C1\CCC[C@]2(C)[C@@H]([C@H](C)/C=C/[C@H](C)C(C)C)CC[C@@H]12,1.0,training
C[C@]12CCC(=O)C=C1CC[C@@H]1[C@@H]2CC[C@@]2(C)[C@H]1CC[C@]2(C)O,1.0,training
CCCCCCC=CCCc1c(C)c(O)c(OC)c(OC)c1O,0.0,training
Nc1ccc2c(c1)c(-c1ccccc1)[n+](CCCCCCc1cn(CCNc3c4c(nc5ccccc35)CCCC4)nn1)c1cc(N)ccc21,0.0,training
CCCCOc1ccc(OCCCN2CCOCC2)cc1,0.0,training
O=C(O)c1c(-c2ccccc2)oc(-c2ccccc2)c1C(=O)O,0.0,training
CCC(=O)CCC(C)(C)O,0.0,training
CCn1c(O)ccc1O,0.0,training
c1c[nH]cn1,0.0,training
C[C@]12CC[C@@H](O)C[C@@H]1CC[C@@H]1[C@@H]2CC[C@]2(C)C=CC[C@@H]12,0.0,training
O=c1[nH]c(Nc2ccccc2)nc2c1ncn2CCCCO,0.0,training
CO[C@@H]1CC(C)=CC=CC(=O)O[C@H]([C@@H](C)[C@@H](OC)[C@@H](C)CCC(=O)C(C)[C@@H](C/C=C/N(C)C=O)OC)[C@@H](C)/C=C/[C@H](OC)C[C@H](OC)[C@@H](C)/C=C/[C@@H](OC)C[C@H](OC)[C@@H](C)[C@H]2CC(=CC(=O)O2)C1,0.0,training
Oc1ccc(O)cc1,1.0,training
CC(C)(C)c1cc(NC(=O)Nc2cccc3ccccc23)n(-c2cccc(N)c2)n1,0.0,training
CCSC(=N)Nc1ccccc1,0.0,training
O=P(O)(O)Oc1ccccc1,0.0,training
CO[C@H]1O[C@@H](C)[C@@H](O)[C@@H](O)[C@@H]1O,0.0,training
C#CCN(C)C(C)Cc1ccccc1,1.0,training
Cc1ccccc1N1C(=O)c2cc(S(N)(=O)=O)c(Cl)cc2NC1C,0.0,training
CC(C)c1c(C(=O)Nc2ccccc2)c(-c2ccccc2)c(-c2ccc(F)cc2)n1CCC(O)CC(O)CC(=O)O,1.0,training
Nc1nc(=O)c2sc(=O)n([C@@H]3O[C@H](CO)[C@@H](O)[C@H]3O)c2[nH]1,0.0,training
CC(C)NCC(O)COc1ccc(CC(N)=O)cc1,1.0,training
CC(=O)N[C@@H]1[C@@H](OP(=O)(O)OP(=O)(O)OC[C@@H]2O[C@@H](n3ccc(=O)[nH]c3=O)[C@H](O)[C@H]2O)O[C@@H](CO)[C@H](O)[C@H]1OC(C)C(=O)NC(C)C(=O)O,0.0,training
C=C1/C(=C\C=C2/CCC[C@]3(C)[C@@H]([C@H](C)/C=C/[C@@H](O)C4CC4)CC[C@@H]23)C[C@@H](O)C[C@@H]1O,0.0,training
NC(C(=O)O)c1ccc(O)cc1,0.0,training
Cc1ccc(Nc2nccc(N(C)c3ccc4c(C)n(C)nc4c3)n2)cc1S(N)(=O)=O,1.0,training
O=C(NC(=O)c1cc(F)c(F)cc1Cl)Nc1cc(F)ccc1N1CCC(C(=O)O)CC1,0.0,training
CC(C)c1c(Cc2ccccc2)n(COCc2ccccc2)c(=O)[nH]c1=O,0.0,training
O=C1CN=C(c2ccccc2)c2cc(Cl)ccc2N1CC1CC1,1.0,training
N=c1nnc(=N)c1=NNc1ccc(F)cc1,0.0,training
CCC1(CC)C(=O)NC(=O)N(C)C1=O,0.0,training
COc1ccc(-n2nc(C(N)=O)c3c2C(=O)N(c2ccc(N4CCCCC4=O)cc2)CC3)cc1,1.0,training
CC(C)(C)O,0.0,training
CC(=O)C1CC[C@H]2[C@@H]3CC(C)=C4CC(=O)CC[C@]4(C)[C@H]3[C@@H](O)C[C@]12C,0.0,training
CC(NC(=O)C(Cc1ccccc1)NC(=O)C(S)Cc1ccccc1)C(=O)O,0.0,training
COc1cc(Nc2c(C#N)cnc3cc(OCCCN4CCN(C)CC4)c(OC)cc23)c(Cl)cc1Cl,1.0,training
CC(C)(COP(=O)(O)OP(=O)(O)OC[C@@H]1O[C@@H](n2cnc3c(N)ncnc32)[C@H](O)[C@H]1OP(=O)(O)O)C(O)C(=O)NCCC(=O)NCCSCc1ccc(O)cc1,0.0,training
CC(C)C(=O)Oc1ccc(CO)cc1[C@H](CCN(C(C)C)C(C)C)c1ccccc1,1.0,training
CC(=O)N1CCCC1C(=O)O,0.0,training
CC(CC(C#N)(c1ccccc1)C(C)C)N(C)C,0.0,training
COc1ccc(OC)c(C=Cc2cnc3nc(N)nc(N)c3c2C)c1,0.0,training
CC(COc1ccccc1)N(CCCl)Cc1ccccc1,1.0,training
O=Nc1c(O)n(Cc2cc(F)cc3c2OCOC3)c2ccc(F)cc12,0.0,training
O=C(O[C@H]1CN2CCC1CC2)N1CCc2ccccc2[C@@H]1c1ccccc1,1.0,training
C[C@@H]1C/C=C/C=C/C=C/C=C/[C@H](O[C@@H]2O[C@H](C)[C@@H](O)[C@H](N)[C@@H]2O)C[C@@H]2O[C@](O)(C[C@@H](O)C[C@H]3O[C@@H]3/C=C/C(=O)O1)C[C@H](O)C2C(=O)O,0.0,training
NC(=O)c1cccc(O)c1O,0.0,training
CC(C)CC(NC(=S)Nc1ccccc1)C(=O)N[C@@H]1CO[C@H](O)C1,0.0,training
Cc1nc(Nc2ncc(C(=O)Nc3c(C)cccc3Cl)s2)cc(N2CCN(CCO)CC2)n1,1.0,training
O=P(O)(O)OC1[C@@H](O)[C@H](O)C(O)[C@H](O)[C@H]1O,0.0,training
CC(=O)c1c(C)c2cnc(Nc3ccc(N4CCNCC4)cn3)nc2n(C2CCCC2)c1=O,1.0,training
CC(C)CN(C[C@@H](O)[C@H](Cc1ccccc1)NC(=O)O[C@H]1CO[C@H]2OCC[C@H]21)S(=O)(=O)c1ccc(N)cc1,1.0,training
CON=C(C(=O)NC1C(=O)N2C(C(=O)O)=C(COC(N)=O)CS[C@H]12)c1ccco1,0.0,training
Nc1ncnc2c1ncn2C1OC(CO)C(=O)C1O,0.0,training
C[C@H]1O[C@@H](O)[C@H](O)[C@@H](O)[C@H]1O,0.0,training
COc1ccc(OC)c(CN(C)c2cnc3nc(N)nc(N)c3c2)c1,0.0,training
NCCCCCCOP(=O)(O)OP(=O)(O)OC[C@@H]1O[C@@H](n2ccc(=O)[nH]c2=O)[C@H](O)[C@H]1O,0.0,training
CC(C)N1CCC(NC(=O)c2cc3ccccc3n2CC(=O)Nc2ccc(Cl)cc2)CC1,0.0,training
O=C(NOC[C@H](O)CO)c1cc(Br)c(F)c(F)c1Nc1ccc(I)cc1F,0.0,training
NC(=O)c1ccc[n+]([C@@H]2O[C@@H](COP(=O)(O)O)[C@H](O)[C@H]2O)c1,0.0,training
CN(C(=O)CCN1Cc2cc(C(=O)c3ccccc3)ccc2N=C1N)C1CCCCC1,0.0,training
C[C@]12C=CC(=O)C=C1CC[C@H]1[C@@H]3C[C@@H](O)[C@](O)(C(=O)CO)[C@@]3(C)C[C@H](O)[C@@]12F,1.0,training
CCN(CC)CCOC(=O)c1ccc(N)cc1,0.0,training
CCN(CC)C(=O)Nc1ccc(OCC(O)CNC(C)(C)C)c(C(C)=O)c1,1.0,training
COc1cc(C(=O)O)ccc1O,0.0,training
CCC(C)C(=O)O,0.0,training
C[C@@H](Cn1cnc2c(N)nc(N)nc21)OCP(=O)(O)O,0.0,training
CC1(C)O[C@@H]2C[C@H]3[C@@H]4C[C@H](F)C5=CC(=O)C=C[C@]5(C)[C@H]4[C@@H](O)C[C@]3(C)[C@]2(C(=O)CO)O1,1.0,training
CN1CC[C@]23c4c5ccc(O)c4O[C@H]2CCC[C@H]3[C@H]1C5,0.0,training
CCC(=O)N(c1ccc(F)cc1)C1CCN(CCc2ccccc2)CC1,0.0,training
CC(C)CC(NC(=O)C(O)CC(=O)O)C(=O)NCCCCN=C([N])N,0.0,training
Cn1nnc(-c2ccc(-c3ccc(N4C[C@H](COP(=O)(O)O)OC4=O)cc3F)cn2)n1,0.0,training
CCOC(=O)NC(Cc1ccccc1)C(=O)N1CCCC1C(=O)NNCCCCN,0.0,training
C[C@H](Cc1cc2c(c(C(N)=O)c1)N(CCCO)CC2)NCCOc1ccccc1OCC(F)(F)F,1.0,training
CC(=O)[C@@]1(O)CC[C@H]2[C@@H]3CC(C)=C4CC(=O)C=C[C@]4(C)[C@@]3(F)[C@@H](O)C[C@@]21C,1.0,training
Cc1cccc(C2=NNCC2c2ccc3ncccc3n2)n1,0.0,training
CN(C)C(=O)C(CCN1CCC(O)(c2ccc(Cl)cc2)CC1)(c1ccccc1)c1ccccc1,1.0,training
CCCCOc1nc(NCCN2CCOCC2)c2ncn(Cc3c(F)cccc3F)c2n1,0.0,training
COC(=O)C=C1CS[C@H](C(C=O)NC(=O)Cc2cccs2)NC1C(=O)O,0.0,training
Fc1ccccc1-c1cn2ccnc2c(NCc2cccnc2)n1,0.0,training
O=C(c1cc(Cc2n[nH]c(=O)c3ccccc23)ccc1F)N1CCN(C(=O)C2CC2)CC1,1.0,training
COc1ccc2c3c1O[C@@H]1C[C@H](O)C=C[C@]31CC[N+](CCCCCCCCN1C(=O)c3ccccc3C1=O)=C2,0.0,training
COc1cc2c(cc1O)CCN[C@]21CS[C@@H]2c3c(OC(C)=O)c(C)c4c(c3[C@H](COC1=O)N1[C@@H]2[C@H]2c3c(cc(C)c(OC)c3O)C[C@@H]([C@@H]1O)N2C)OCO4,1.0,training
CC(C)C(NC(N)=O)C(=O)O,0.0,training
C[C@H](N)[C@@H](O)c1ccccc1,0.0,training
CC(C)(Oc1ccc(F)cc1Cl)C(=O)NC1[C@@H]2CC3C[C@H]1CC(S(C)(=O)=O)(C3)C2,0.0,training
N=C(N)NCc1ccc(B2OC[C@@H](CO)O2)cc1,0.0,training
CN(C)S(=O)(=O)c1ccc2c(c1)N(CCCN1CCC(CCO)CC1)c1ccccc1S2,1.0,training
Cc1cc2c(cc1C1(c3ccc(C(=O)O)cn3)CC1)C(C)(C)CCC2(C)C,0.0,training
OC[C@H]1O[C@@H](n2cnc3cc(Cl)c(Cl)cc32)[C@H](O)[C@@H]1O,0.0,training
CC(C)C1N=C(O)C(CCCCN)N=C(O)C(Cc2c[nH]c3ccccc23)NC(=O)C(Cc2ccc(O)cc2)NC(=O)C(NC(=O)C(N)Cc2ccccc2)CSSCC(C(=O)NC(Cc2c[nH]c3ccccc23)C(N)=O)NC1=O,0.0,training
CN(CCCCC(=O)O)c1ccc(/C=C/c2ccc([N+](=O)[O-])cc2)cc1,0.0,training
CC(=O)NCCSSCCNC(=O)C1CCC(NC(=O)c2nccnc2C(=O)O)CC1,0.0,training
CCCCCCCCCCCCCCCC(=O)OC[C@@H](COP(=O)(O)OCCN)OC(=O)CCCCCCCCCCCCCCC,0.0,training
C=C[C@]1(C)C[C@@H](OC(=O)CSC2C[C@H]3CC[C@@H](C2)N3C)[C@]2(C)[C@H](C)CC[C@]3(CCC(=O)[C@H]32)[C@@H](C)[C@@H]1O,1.0,training
CCC1(C)OC(=O)N(C)C1=O,1.0,training
Nc1ccn([C@H]2C[C@@H](O)[C@H](COP(=O)(O)OP(=O)(O)OP(=O)(O)O)O2)c(=O)n1,0.0,training
C[C@H]1C(=NC(=O)C(NOC(C)(C)C(=O)O)c2csc([N+])n2)C(=O)N1S(=O)(=O)[O-],1.0,training
OC[C@H]1ONC[C@@H](O)[C@@H]1O,0.0,training
CN(C)c1ccc(C(=C2C=CC(=[N+](C)C)C=C2)c2ccccc2)cc1,0.0,training
Nc1nc(=O)c2cc3[nH]cnc3c(CCc3ccccc3)c2[nH]1,0.0,training
CCCCN1CCC(CNC(=O)c2c3n(c4ccccc24)CCCO3)CC1,0.0,training
NC1=NC23C(C(O)[N]1)C1OC(O)(O[C@@H](C2O)C1(O)CO)[C@H]3O,0.0,training
Cc1ccccc1C(=O)Nc1ccc(C(=O)N2CCC[C@@H](O)c3cc(Cl)ccc32)c(C)c1,1.0,training
COC1C(=O)C(C)C[C@H](C)/C=C/C=C/C=C(\C)[C@@H](OC)C[C@@H]2CC[C@@H](C)[C@@](O)(O2)C(=O)C(=O)N2CCCCC2C(=O)O[C@H]([C@H](C)C[C@@H]2CC[C@@H](OC(=O)C(C)(CO)CO)[C@H](OC)C2)CC(=O)C(C)=CC(C)[C@H]1O,1.0,training
COc1cc([C@H]2c3cc4c(cc3[C@H](O)[C@H]3COC(=O)C23)OCO4)cc(OC)c1OC,1.0,training
Nc1ccn([C@H]2CC[C@@H](CO)O2)c(=O)n1,1.0,training
COc1ccc(CNc2nc(N3CCC[C@H]3CO)ncc2C(=O)NCc2ncccn2)cc1Cl,1.0,training
C[C@]12CC[C@@H]3c4ccc(OC(=O)N(CCCl)CCCl)cc4CC[C@H]3[C@@H]1CC[C@@H]2O,1.0,training
OCCOc1ccccc1-c1ccc(F)c(F)c1F,0.0,training
CN(CC(=O)O)C(N)N,0.0,training
C=CCN1CC(C(=O)N(CCCN(C)C)C(=O)NCC)C[C@@H]2c3cccc4[nH]cc(c34)C[C@H]21,1.0,training
O=c1[nH]cnc2c1ncn2[C@@H]1O[C@H](CO)[C@@H](O)[C@H]1O,0.0,training
NNCCc1ccccc1,1.0,training
O=C1Nc2ccccc2C1(c1ccc(O)cc1)c1ccc(O)cc1,0.0,training
CC(=O)Oc1cc2c(s1)CCN(C(C(=O)C1CC1)c1ccccc1F)C2,1.0,training
CSCCC(NC(C)=O)C(=O)O,0.0,training
CC(C(=O)N1CCOCC1)N1CCC(NS(=O)(=O)c2n[nH]c(-c3ccc(Cl)s3)n2)C1=O,0.0,training
C=C1/C(=C\C=C2/CCC[C@]3(C)[C@@H](C#CC#CC(C)(C)O)CC[C@@H]23)C[C@@H](O)C[C@@H]1O,0.0,training
CC(=O)OCC(CCn1cnc2cnc(N)nc21)COC(C)=O,1.0,training
CSCC(N)C(=O)O,0.0,training
COC[C@@H](O)[C@H](CC(C)C)NC(=O)C(CC(C)C)NC(=O)OCc1ccccc1,0.0,training
O=C(CN1[C@H](Cl)CN=C(NCCc2ccccn2)[C@@H]1O)NCc1csc2ccc(Cl)cc12,0.0,training
CC(=O)NC(Cc1ccccc1)C(=O)N1CCCC1C(=O)N[C@@H](CCCCCN)B(O)O,0.0,training
CCCSc1nc(N[C@@H]2C[C@H]2c2ccc(F)c(F)c2)c2nnn([C@@H]3C[C@H](OCCO)[C@@H](O)[C@H]3O)c2n1,1.0,training
COc1ccc(-c2ccc3cc(C(=O)O)ccc3c2)cc1C12CC3CC(CC(C3)C1)C2,0.0,training
O=C(N[C@@H]1CNCCC[C@H]1OC(=O)c1ccc(O)cc1)c1ccc(O)cc1,0.0,training
C[C@](O)(CS(=O)(=O)c1ccc(F)cc1)C(=O)Nc1ccc(C#N)c(C(F)(F)F)c1,0.0,training
NC(CCCC[B-](O)(O)O)C(=O)O,0.0,training
Cc1ccc(-c2cccc(C(=O)N3CCCC(C)(C)C3)n2)cc1F,0.0,training
COCC#CCC(NS(=O)(=O)c1ccc(-c2ccc(OC)cc2)cc1)C(=O)O,0.0,training
Clc1cc(Cl)cc(Cl)c1,0.0,training
CCC(=O)C(CC(C)N1CCCCC1)(c1ccccc1)c1ccccc1,0.0,training
O=C1CN=C(c2ccccc2)c2cc([N+](=O)[O-])ccc2N1,1.0,training
COc1ccc2c(c1)C(=O)N(CCc1ccc(S(=O)(=O)NC(=O)NC3CCCCC3)cc1)C(=O)C2(C)C,0.0,training
Cc1nnc(-c2ccc(C)c(-c3ccc(C(=O)Nc4cccc(C#N)c4)cc3)c2)o1,0.0,training
Nc1ncnc2ncn([C@@H]3O[C@@H](COP(=O)(O)O)[C@H](O)[C@H]3O)c12,0.0,training
NC(COS(=O)(=O)Cc1ccccc1)C(=O)O,0.0,training
N[C@@H]1C(C(=O)O)=CC=C[C@H]1O,0.0,training
C[C@@H]1C[C@H]2[C@@H]3C[C@H](F)C4=CC(=O)C=C[C@]4(C)[C@@]3(F)[C@@H](O)C[C@]2(C)[C@@]1(OC(=O)c1ccco1)C(=O)SCF,1.0,training
CCCCC[C@H](O)C=C[C@@H]1C(CCCCCCC(=O)O)C(=O)C[C@H]1O,0.0,training
CCOc1ccnc(CCNC(=S)Nc2ccc(C#N)cn2)c1F,0.0,training
C[N+]1(CCCCC[N+]2(C)CCCC2)CCCC1,0.0,training
Nc1nc(=O)c2nc(CO)cnc2[nH]1,0.0,training
CCN(CC)C(=O)[C@@]1(c2ccccc2)C[C@H]1CN,1.0,training
NC(CSP(=O)(O)O)C(=O)O,0.0,training
OC1OC[C@H](O)[C@@H](O)[C@@H]1O,0.0,training
CN1[C@H]2CC[C@@H]1C(C(=O)O)[C@@H](OC(=O)c1ccccc1)C2,0.0,training
OC[C@H]1O[C@@](CO)(OC[C@@]2(OC[C@@]3(OC[C@@]4(OC[C@@]5(OC[C@@]6(OC[C@@]7(OC[C@@]8(OC[C@@]9(OC[C@@]%10(OC[C@@]%11(OC[C@@]%12(OC[C@@]%13(OC[C@@]%14(OC[C@@]%15(OC[C@@]%16(OC[C@@]%17(OC[C@@]%18(OC[C@@]%19(OC[C@@]%20(OC[C@@]%21(OC[C@@]%22(OC[C@@]%23(OC[C@@]%24(OC[C@@]%25(OC[C@@]%26(OC[C@@]%27(OC[C@@]%28(OC[C@@]%29(OC[C@@]%30(OC[C@@]%31(OC[C@@]%32(OC[C@@]%33(OC[C@@]%34(OC[C@@]%35(OC[C@@]%36(OC[C@@]%37(O[C@H]%38O[C@H](CO)[C@@H](O)[C@H](O)[C@H]%38O)O[C@H](CO)[C@@H](O)[C@@H]%37O)O[C@H](CO)[C@@H](O)[C@@H]%36O)O[C@H](CO)[C@@H](O)[C@@H]%35O)O[C@H](CO)[C@@H](O)[C@@H]%34O)O[C@H](CO)[C@@H](O)[C@@H]%33O)O[C@H](CO)[C@@H](O)[C@@H]%32O)O[C@H](CO)[C@@H](O)[C@@H]%31O)O[C@H](CO)[C@@H](O)[C@@H]%30O)O[C@H](CO)[C@@H](O)[C@@H]%29O)O[C@H](CO)[C@@H](O)[C@@H]%28O)O[C@H](CO)[C@@H](O)[C@@H]%27O)O[C@H](CO)[C@@H](O)[C@@H]%26O)O[C@H](CO)[C@@H](O)[C@@H]%25O)O[C@H](CO)[C@@H](O)[C@@H]%24O)O[C@H](CO)[C@@H](O)[C@@H]%23O)O[C@H](CO)[C@@H](O)[C@@H]%22O)O[C@H](CO)[C@@H](O)[C@@H]%21O)O[C@H](CO)[C@@H](O)[C@@H]%20O)O[C@H](CO)[C@@H](O)[C@@H]%19O)O[C@H](CO)[C@@H](O)[C@@H]%18O)O[C@H](CO)[C@@H](O)[C@@H]%17O)O[C@H](CO)[C@@H](O)[C@@H]%16O)O[C@H](CO)[C@@H](O)[C@@H]%15O)O[C@H](CO)[C@@H](O)[C@@H]%14O)O[C@H](CO)[C@@H](O)[C@@H]%13O)O[C@H](CO)[C@@H](O)[C@@H]%12O)O[C@H](CO)[C@@H](O)[C@@H]%11O)O[C@H](CO)[C@@H](O)[C@@H]%10O)O[C@H](CO)[C@@H](O)[C@@H]9O)O[C@H](CO)[C@@H](O)[C@@H]8O)O[C@H](CO)[C@@H](O)[C@@H]7O)O[C@H](CO)[C@@H](O)[C@@H]6O)O[C@H](CO)[C@@H](O)[C@@H]5O)O[C@H](CO)[C@@H](O)[C@@H]4O)O[C@H](CO)[C@@H](O)[C@@H]3O)O[C@H](CO)[C@@H](O)[C@@H]2O)[C@@H](O)[C@@H]1O,0.0,training
C[N+]1(C)[C@@H]2CC(OC(=O)C(O)(c3cccs3)c3cccs3)C[C@H]1[C@@H]1O[C@@H]12,1.0,training
O[C@H]1[C@H](O)[C@@H](O)CN2CC[C@H](O)[C@H]12,0.0,training
Cc1c(Cl)cccc1Nc1ncccc1C(=O)O,0.0,training
CCC1=C(C)c2cc3c(CC)c(C)c(cc4[nH]c(cc5nc(cc1n2)C(C)=C5CCC(=O)O)c(CCC(=O)O)c4C)n3C,0.0,training
C[C@]12CC(C=O)C(=O)C[C@@H]1CC[C@@H]1[C@@H]2CC[C@@]2(C)[C@H]1CC[C@]2(C)O,0.0,training
CCC1(C2=CCCCCC2)C(=O)NC(=O)NC1=O,0.0,training
O=C1N=C(c2ccccc2)c2cc(Cl)ccc2NC1O,1.0,training
CCC1=C(CC)c2cc3[nH]c(cnc4cc(OCCOCCOCCOC)c(OCCOCCOCCOC)cc4ncc4nc(cc1n2)C(CCCO)=C4C)c(C)c3CCCO,0.0,training
CC1Cc2ccccc2N1NC(=O)c1ccc(Cl)c(S(N)(=O)=O)c1,1.0,training
CC(=O)Nc1ccc(-n2c(O)c3c(c2O)C2(NC(=O)OCC(=O)O)CCC3CC2)cc1,0.0,training
Oc1ccc([C@@H]2Oc3cccc(O)c3[C@@H]3CCC[C@@H]32)cc1,0.0,training
C[C@]12CC[C@@H]3c4ccc(O)cc4C[C@@H](CCCCCCCCC[S+]([O-])CCCC(F)(F)C(F)(F)F)C3[C@@H]1CC[C@@H]2O,1.0,training
NC(=O)c1cnccn1,1.0,training
O=C(O)COc1cccc2ccccc12,0.0,training
Cc1[nH]c2ccccc2c1CCNCc1ccc(/C=C/C(O)=NO)cc1,1.0,training
CSSCC(N)C(=O)O,0.0,training
CC12CCC(CC1)C2(C)C,0.0,training
COC[C@H]1OC(=O)c2coc3c2[C@@]1(C)C1=C(C3=O)[C@@H]2CCC(=O)[C@@]2(C)C[C@H]1OC(C)=O,0.0,training
C[C@H](O)c1cc(C(=O)O)nc2c1C=CC[C@@H]2O,0.0,training
C[C@]12CC[C@@H]3c4ccc(OS(=O)(=O)O)cc4CC[C@H]3[C@@H]1CCC2=O,1.0,training
CCCC(NC(=O)C(NC(=O)C(NC(=O)C(NC(=O)CNC(=O)CN(C)C(C)=O)C(C)C)[C@@H](C)CC)[C@@H](C)O)C(=O)NC(C(=O)NC(CCCN=C(N)N)C(=O)N1CCCC1C(=O)NCC)[C@@H](C)CC,0.0,training
CCCC(=O)Nc1c(I)cc(I)c(/C=C(\CC)C(=O)O)c1I,0.0,training
NC12CC3CC(CC(C3)C1)C2,0.0,training
Cc1cnc(C(=O)NC2CCCCC/C=C\[C@H]3C[C@@]3(C(=O)NS(=O)(=O)C3CC3)NC(=O)C3C[C@@H](Oc4nc5ccccc5c5ccccc45)CN3C2=O)cn1,1.0,training
C[C@@H](O[PH](C)=O)C(C)(C)C,0.0,training
O=C(O)c1ccc(-c2ccc(F)cc2)cc1,0.0,training
N#Cc1ccc(Nc2nc(N)nc(Oc3c(Cl)cccc3Cl)n2)cc1,0.0,training
C=CCN1CCCC1CNC(=O)c1cc2[nH]nnc2cc1OC,0.0,training
O=C(NC[C@H]1CN(c2ccc(N3CCOCC3=O)cc2)C(=O)O1)c1ccc(Cl)s1,1.0,training
CCCCCCCCCCCCCCCCOP(=O)([O-])OCC[N+](C)(C)C,0.0,training
Cc1cccc2c(=O)[nH]c(CCCN3CC=C(c4ccc(F)cc4)CC3)nc12,0.0,training
Nc1cncc(Cl)n1,0.0,training
O=c1[nH]c(O)cn1/N=C/c1ccc(-c2ccc([N+](=O)[O-])cc2)o1,1.0,training
CC(N)Cc1ccccc1,0.0,training
C=CCc1ccccc1OCC(O)CNC(C)C,0.0,training
c1ccc2c(c1)Sc1ccccc1N2CC1CN2CCC1CC2,0.0,training
CC(C)(C)NCC(O)COc1cccc2c1CCC(=O)N2,0.0,training
COc1c(N2CCNC(C)C2)c(F)cc2c(=O)c(C(=O)O)cn(C3CC3)c12,0.0,training
N#Cc1ccc(-c2cc(C3CC4CCC3N4)cnc2F)cc1,0.0,training
CC[C@]1(O)C[C@@H]2CN(CCc3c([nH]c4ccccc34)[C@@](C(=O)OC)(c3cc4c(cc3OC)N(C)[C@H]3[C@@](O)(C(N)=O)[C@H](O)[C@]5(CC)C=CCN6CC[C@]43[C@@H]65)C2)C1,1.0,training
N#Cc1ccc(C2CCCc3cncn32)cc1,0.0,training
COc1ccc(CCN(C)CCCC(C#N)(c2cc(OC)c(OC)c(OC)c2)C(C)C)cc1OC,1.0,training
CN(C)C(=O)Oc1ccc[n+](C)c1,0.0,training
CC1COc2c(N3CCN(C)CC3)c(F)cc3c(=O)c(C(=O)O)cn1c23,0.0,training
CC(=O)[C@@]1(O)CC[C@H]2C3=CC(Cl)=C4CC(=O)CC[C@]4(C)[C@H]3CC[C@@]21C,0.0,training
Clc1ccc(CSC(Cn2ccnc2)c2ccc(Cl)cc2Cl)cc1,0.0,training
CC(C)(Oc1ccc(C2CC2(Cl)Cl)cc1)C(=O)O,1.0,training
CNC(=O)ON=C(C)SC,0.0,training
CCc1cccc2cc(C(O)CNC(C)(C)C)oc12,1.0,training
CC(Cc1ccccc1)(NC(=O)CN)c1ccccc1,0.0,training
CN1[C@@H]2CC[C@H]1C[C@@H](NC(=O)c1cc(Cl)cc3c1OC(C)(C)C3)C2,1.0,training
Cc1cc(C)nc(NS(=O)(=O)c2ccc(N)cc2)n1,0.0,training
C=CCOc1ccccc1OCC(O)CNC(C)C,0.0,training
CNCCCC1(c2ccc(F)cc2)OCc2cc(C#N)ccc21,0.0,training
CN1CCc2cccc3c2[C@H]1Cc1ccc(O)c(O)c1-3,1.0,training
O=C(NCC1CCCCN1)c1cc(OCC(F)(F)F)ccc1OCC(F)(F)F,0.0,training
O=C(O)CCCC/C=C(/c1ccccc1)c1cccnc1,0.0,training
CC(C(=O)O)c1ccc(C(=O)c2cccs2)cc1,0.0,training
N=C(N)NCC1COc2ccccc2O1,0.0,training
CN1CCCN=C1/C=C/c1cccs1,0.0,training
O=C(O[C@H]1C[C@H]2CC3C[C@@H](C1)N2CC3=O)c1c[nH]c2ccccc12,1.0,training
O=P1(N(CCCl)CCCl)OCCCN1CCCl,1.0,training
Cc1ccc(/C(=C\CN2CCCC2)c2ccccn2)cc1,0.0,training
CN1CCCN(C(c2ccccc2)c2ccc(Cl)cc2)CC1,0.0,training
CN(C)c1ccc(C2=C3C4=C(CCC3[C@@H]3CC[C@@](O)(/C=C\CO)[C@@]3(C)C2)CC(=O)CC4)cc1,1.0,training
COC(=O)C1=C(C)N=C(C)C(C(=O)OC/C=C/c2ccccc2)C1c1cccc([N+](=O)[O-])c1,1.0,training
CC1=C(/C=C/C(C)=C/C=C/C(C)=C/C(=O)O)C(C)(C)CCC1,1.0,training
c1ccc(C2(c3ccccc3)CC2C2=NCCN2)cc1,1.0,training
CCC(c1ccc(O)c(F)c1)C(C)c1ccc(O)c(F)c1,0.0,training
CC1COC2(c3ccccc3Cl)c3cc(Cl)ccc3NC(=O)CN12,1.0,training
Clc1cccc(N2CCNCC2)c1,0.0,training
CO[C@H]1/C=C/O[C@@]2(C)Oc3c(C)c(O)c4c(O)c(c(C=NN5CCN(C6CCCC6)CC5)c(O)c4c3C2=O)NC(=O)C(C)=CC=CC(C)[C@H](O)[C@@H](C)[C@@H](O)[C@@H](C)[C@H](OC(C)=O)[C@@H]1C,0.0,training
COC(=O)C1=C(C)N=C(C)C(C(=O)OCC(C)=O)C1c1ccccc1[N+](=O)[O-],0.0,training
C1CCN2C[C@@H]3C[C@@H](CN4CCCC[C@@H]34)[C@H]2C1,0.0,training
CCCC(=O)Nc1ccc(OCC(O)CNC(C)C)c(C(C)=O)c1,0.0,training
CC(C)NCC(O)COc1cccc2[nH]ccc12,0.0,training
[O-][S+](Cc1ccccn1)c1nc2ccccc2[nH]1,0.0,training
NC1CC1c1ccccc1,0.0,training
O=C(Nc1ccc([N+](=O)[O-])cc1Cl)c1cc(Cl)ccc1O,0.0,training
CC[C@]1(O)C[C@@H]2CN(CCc3c([nH]c4ccccc34)[C@@](C(=O)OC)(c3cc4c(cc3OC)N(C)[C@H]3[C@@](O)(C(=O)OC)[C@H](OC(C)=O)[C@]5(CC)C=CCN6CC[C@]43[C@@H]65)C2)C1,1.0,training
CN1[C@@H]2CCC[C@H]1C[C@@H](NC(=O)c1nn(C)c3ccccc13)C2,1.0,training
CO[C@@H]1[C@@H](O[C@@H]2O[C@H](C)[C@@H](O[C@H]3C[C@@](C)(O)[C@@H](OC(=O)CC(C)C)[C@H](C)O3)[C@H](N(C)C)[C@H]2O)[C@@H](CC=O)C[C@@H](C)[C@@H](O)/C=C/C=C/C[C@@H](C)OC(=O)C[C@H]1OC(C)=O,0.0,training
CN(C)c1ccc(C2=C3C4=C(CCC3[C@@H]3CC[C@](O)(CCCO)[C@]3(C)C2)CC(=O)CC4)cc1,1.0,training
CO[C@H]1/C=C/O[C@@]2(C)Oc3c(C)c(O)c4c(O)c(cc(O)c4c3C2=O)NC(=O)C(C)=CC=CC(C)[C@H](O)[C@@H](C)[C@@H](O)[C@@H](C)[C@H](OC(C)=O)[C@@H]1C,0.0,training
CC1=NC(C)=C(P2(=O)OCC(C)(C)CO2)C(c2cccc([N+](=O)[O-])c2)C1C(=O)OCCN(Cc1ccccc1)c1ccccc1,0.0,training
C(=Cc1ccccc1)CN1CCN(C(c2ccccc2)c2ccccc2)CC1,0.0,training
CCC1(c2ccncc2)CCC(=O)NC1=O,0.0,training
CO/N=C/C1=CCCN(C)C1,0.0,training
CC1=C(CC(=O)O)c2cc(F)ccc2C1=Cc1ccc([S+](C)[O-])cc1,0.0,training
CCCC(C)C1(CC)C(=O)NC(=O)NC1=O,0.0,training
CC(C)N=C(N)N=C(N)Nc1ccc(Cl)c(Cl)c1,0.0,training
OCCOCCN1CCN(C(c2ccccc2)c2ccc(Cl)cc2)CC1,0.0,training
COC1C(=O)C(C)C[C@H](C)/C=C/C=C/C=C(\C)[C@@H](OC)C[C@@H]2CC[C@@H](C)[C@@](O)(O2)C(=O)C(=O)N2CCCCC2C(=O)O[C@H]([C@H](C)C[C@@H]2CC[C@@H](O)[C@H](OC)C2)CC(=O)C(C)=CC(C)[C@H]1O,1.0,training
COc1ccc2c(c1)N(C[C@H](C)CN(C)C)c1ccccc1S2,0.0,training
C=Cc1ccccc1,0.0,training
OC(Cn1cncn1)(Cn1cncn1)c1ccc(F)cc1F,0.0,training
CC(CCc1ccccc1)NCC(O)c1ccc(O)c(C(N)=O)c1,0.0,training
CCC(=O)O[C@@H]1CC(=O)O[C@H](C)C/C=C/C=C/[C@H](O)[C@H](C)C[C@H](CC=O)[C@H](O[C@@H]2O[C@H](C)[C@@H](O[C@H]3C[C@@](C)(O)[C@@H](OC(=O)CC)[C@H](C)O3)[C@H](N(C)C)[C@H]2O)[C@H]1OC,0.0,training
C[C@@H]1C[C@H]2[C@@H]3C[C@H](F)C4=CC(=O)C=C[C@]4(C)[C@@]3(F)[C@@H](O)C[C@]2(C)[C@@]1(O)C(=O)SCF,1.0,training
Cc1c(F)c(N2CCNC(C)C2)cc2c1c(=O)c(C(=O)O)cn2C1CC1,0.0,training
COCCCC/C(=N\OCCN)c1ccc(C(F)(F)F)cc1,0.0,training
CCCC(C)(COC(N)=O)COC(=O)NC(C)C,0.0,training
Clc1ccc(C(Cn2ccnc2)OCc2ccsc2Cl)c(Cl)c1,0.0,training
CC(C)n1c(/C=C/[C@H](O)C[C@H](O)CC(=O)O)c(-c2ccc(F)cc2)c2ccccc21,1.0,training
CCOC(=O)C1=C(C)N=C(C)C(C(=O)OCC)C1c1ccccc1/C=C/C(=O)OC(C)(C)C,1.0,training
CCC1(c2ccccc2)C(=O)NC(=O)N(C)C1=O,0.0,training
CC(N)Cc1ccc(O)cc1,0.0,training
CC(C)(C)NCC(O)COc1ccccc1C#N,0.0,training
CCN(CCO)CCCC(C)Nc1ccnc2cc(Cl)ccc12,0.0,training
CC(N=C(N=c1cc[nH]cc1)NC#N)C(C)(C)C,1.0,training
CC(CN1c2ccccc2Sc2ccccc21)N(C)C,0.0,training
CC(C)=CCN1CC[C@@]2(C)c3cc(O)ccc3C[C@@H]1[C@@H]2C,0.0,training
CCCCCN=C(N)NN=Cc1c[nH]c2ccc(OC)cc12,0.0,training
CCOC(=O)C1=C(C)N=C(C)C(C(=O)OC)C1c1cccc2c1OCO2,1.0,training
CCN(CC)C(=O)C1(c2ccccc2)CC1CN,0.0,training
CN1CCC(=C2c3ccccc3CCc3cccnc32)CC1,0.0,training
CN1[C@@H]2CC[C@H]1C[C@@H](OC(=O)c1c[nH]c3ccccc13)C2,1.0,training
CC[C@H]1[C@@H]2C[C@H]3[C@@H]4N(C)c5ccccc5[C@]45C[C@@H](C2[C@H]5O)N3[C@@H]1O,0.0,training
Clc1ccc(C(Cn2ccnc2)OCc2c(Cl)cccc2Cl)c(Cl)c1,0.0,training
COC(=O)C(c1ccccc1)C1CCCCN1,1.0,training
CCCC(=O)O[C@H]1[C@H](C)O[C@@H](O[C@H]2[C@H](N(C)C)[C@@H](O)[C@H](O[C@H]3[C@@H](CC=O)C[C@@H](C)[C@@H](O)/C=C/C=C/C[C@@H](C)OC(=O)C[C@@H](O)[C@@H]3OC)O[C@@H]2C)C[C@@]1(C)OC(=O)CC,0.0,training
c1ccc(-c2ccc(C(c3ccccc3)n3ccnc3)cc2)cc1,0.0,training
N=C(N)NN=Cc1c(Cl)cccc1Cl,0.0,training
CCOc1cc(N)c(Cl)cc1C(=O)NCC1CN(Cc2ccc(F)cc2)CCO1,1.0,training
C#CCN(C)[C@H](C)Cc1ccccc1,1.0,training
Cc1ccc(S(=O)(=O)NC(=O)NN2CC3CCCC3C2)cc1,0.0,training
CCCCCCCN(CC)CCCC(O)c1ccc(NS(C)(=O)=O)cc1,0.0,training
CCC1(c2ccccc2)C(=O)NCNC1=O,0.0,training
COCCc1ccc(OCC(O)CNC(C)C)cc1,0.0,training
CN1CCN(CC/C=C2/c3ccccc3Sc3ccc(S(=O)(=O)N(C)C)cc32)CC1,0.0,training
O=C(O[C@H]1C[C@H]2CC[C@@H](C1)[N+]21CCCC1)C(O)(c1ccccc1)c1ccccc1,0.0,training
CN1CCN(CCCCn2c(O)cn(N=Cc3ccc(-c4ccc(Cl)cc4)o3)c2=O)CC1,1.0,training
Clc1cccc(C(c2ccc3[nH]cnc3c2)n2ccnc2)c1,0.0,training
C=CCC1(C(C)CCC)C(=O)NC(=O)NC1=O,0.0,training
Clc1ccc(COC(Cn2ccnc2)c2ccc(Cl)cc2Cl)cc1,0.0,training
Cc1ccc(Cl)c(OCC(O)CNC(C)(C)C)c1,0.0,training
COc1cc(NS(=O)(=O)c2ccc(N)cc2)nc(OC)n1,0.0,training
Oc1c(C2=CC[C@@H](c3ccc(Cl)cc3)CC2)c(O)c2ccccc2c1O,0.0,training
CCn1cc(C(=O)O)c(=O)c2cc(F)c(N3CCNC(C)C3)c(F)c21,0.0,training
CC[C@]1(O)C[C@@H]2CN(CCc3c([nH]c4ccccc34)[C@@](C(=O)OC)(c3cc4c(cc3OC)N(C=O)[C@H]3[C@@](O)(C(=O)OC)[C@H](OC(C)=O)[C@]5(CC)C=CCN6CC[C@]43[C@@H]65)C2)C1,1.0,training
CCN(CC)C(=O)[C@]1(c2ccccc2)C[C@@H]1CN,0.0,training
CC(C)(Oc1ccc([C@@H]2CC2(Cl)Cl)cc1)C(=O)O,1.0,training
CC[C@]1(c2ccccc2)C(=O)NC(=O)N(C)C1=O,0.0,training
CCC1=C(C)CN(C(=O)NCCc2ccc(S(=O)(=O)NC(=O)NC3CCC(C)CC3)cc2)C1=O,0.0,training
COC1=CC(=O)O[C@H]1[C@H](O)c1ccccc1Cl,0.0,training
CC[C@@H]1[C@@H]2C[C@H]3[C@@H]4N(C)c5ccccc5[C@]45C[C@@H]([C@H]2[C@H]5O)N3[C@@H]1O,0.0,training
COc1ccc2[nH]c(=[S](=O)Cc3ncc(C)c(OC)c3C)[nH]c2c1,1.0,training
CC(C)(C(=O)O)c1ccc([C@@H](O)CCCN2CCC(C(O)(c3ccccc3)c3ccccc3)CC2)cc1,1.0,training
CO/N=C\C1=CCCN(C)C1,0.0,training
CCN(CCO)CCC[C@H](C)Nc1ccnc2cc(Cl)ccc12,0.0,training
CC[C@@H](c1ccc(O)c(F)c1)[C@H](C)c1ccc(O)c(F)c1,0.0,training
NC(=O)C[S@H](=O)C(c1ccccc1)c1ccccc1,1.0,training
CC(C)(C)NC[C@H](O)COc1ccccc1C#N,0.0,training
COc1c(N2CCN[C@@H](C)C2)c(F)cc2c(=O)c(C(=O)O)cn(C3CC3)c12,0.0,training
CC[C@H](C)n1ncn(-c2ccc(N3CCN(c4ccc(OC[C@H]5CO[C@](Cn6cncn6)(c6ccc(Cl)cc6Cl)O5)cc4)CC3)cc2)c1=O,1.0,training
C=CCC1=CC(C)C[C@H](C)C[C@H](OC)[C@@H]2O[C@](O)(C(=O)C(=O)N3CCCCC3C(=O)O[C@H](/C(C)=C/[C@@H]3CC[C@@H](O)[C@H](OC)C3)[C@H](C)[C@@H](O)CC1=O)[C@H](C)C[C@@H]2OC,1.0,training
CC[C@]1(C)C[C@@H](OC(=O)CSc2n[nH]c(N)n2)[C@@]2(C)[C@@H]3C(=O)CC[C@@]3(CC[C@@H]2C)[C@@H](C)[C@@H]1O,0.0,training
CC(=O)C[C@@H](c1ccccc1)c1c(O)c2ccccc2oc1=O,1.0,training
CC(=O)C[C@@H](c1ccc([N+](=O)[O-])cc1)c1c(O)c2ccccc2oc1=O,1.0,training
C[C@H](CN(C)C)CN1c2ccccc2CCc2ccccc21,1.0,training
CN1CCN(CCCCn2c(O)cn(/N=C\c3ccc(-c4ccc(Cl)cc4)o3)c2=O)CC1,1.0,training
N[C@@H]1C[C@H]1c1ccccc1,0.0,training
CCN(CC)CCC[C@@H](C)Nc1c2ccc(Cl)cc2nc2ccc(OC)cc12,0.0,training
Cc1ccccc1[C@H](OCCN(C)C)c1ccccc1,1.0,training
Cc1ccc(Cl)c(OC[C@@H](O)CNC(C)(C)C)c1,0.0,training
CC(C)NC[C@H](O)COc1ccc(COCCOC(C)C)cc1,1.0,training
COc1ccc(C(=O)Nc2ccccc2CC[C@H]2CCCCN2C)cc1,0.0,training
C[C@@H](c1cc2ccccc2s1)N(O)C(N)=O,1.0,training
c1ccc(C2(c3ccccc3)C[C@H]2C2=NCCN2)cc1,1.0,training
Cc1ccc(S(=O)(=O)NC(=O)NN2C[C@H]3CCC[C@H]3C2)cc1,0.0,training
C=CCC1([C@@H](C)CCC)C(=O)NC(=O)NC1=O,0.0,training
CSc1ccc2c(c1)N(CC[C@@H]1CCCCN1C)c1ccccc1S2,0.0,training
Cc1c(C)c2c(c(C)c1O)CC[C@](C)(COc1ccc(Cc3sc(=O)[nH]c3O)cc1)O2,1.0,training
O=c1[nH]c(O)cn1/N=C\c1ccc(-c2ccc([N+](=O)[O-])cc2)o1,1.0,training
CCN1CCC[C@@H]1CNC(=O)c1cc(S(N)(=O)=O)ccc1OC,0.0,training
COc1ccccc1OCCNC[C@H](O)COc1cccc2[nH]c3ccccc3c12,1.0,training
C[C@H](N=C(N=c1cc[nH]cc1)NC#N)C(C)(C)C,1.0,training
CN(C)c1ccc(C2=C3C4=C(CCC3[C@@H]3CC[C@](O)(CCCO)[C@@]3(C)C2)CC(=O)CC4)cc1,1.0,training
Cn1cc([S@H](C)=O)c(=O)c2ccc(F)cc21,1.0,training
CCCCN(CCCC)CC[C@H](O)c1cc2c(Cl)cc(Cl)cc2c2cc(C(F)(F)F)ccc12,1.0,training
CN1[C@@H]2CC[C@H]1CC(NC(=O)c1cc(Cl)cc3c1OC(C)(C)C3)C2,1.0,training
COc1ccc2c(c1)[C@@]13CCCC[C@H]1[C@@H](C2)N(C)CC3,1.0,training
O=[P@]1(NCCCl)OCCCN1CCCl,1.0,training
CCN[C@H](C)Cc1cccc(C(F)(F)F)c1,0.0,training
NN=O,0.0,training
c1ccc2c(c1)Sc1ccccc1N2C[C@H]1CN2CCC1CC2,0.0,training
CO[C@@H]1[C@@H](O[C@@H]2O[C@H](C)[C@@H](O[C@H]3C[C@@](C)(O)[C@@H](OC(=O)CC(C)C)[C@H](C)O3)[C@H](N(C)C)[C@H]2O)[C@@H](CC=O)C[C@@H](C)[C@@H](O)C=CC=CC[C@@H](C)OC(=O)C[C@H]1OC(C)=O,0.0,training
CC(C)n1c(/C=C\[C@@H](O)C[C@@H](O)CC(=O)O)c(-c2ccc(F)cc2)c2ccccc21,1.0,training
CN1CCCN=C1/C=C\c1cccs1,0.0,training
CO[C@H]1C=CO[C@@]2(C)Oc3c(C)c(O)c4c(O)c(cc(O)c4c3C2=O)NC(=O)C(C)=CC=CC(C)[C@H](O)[C@@H](C)[C@@H](O)[C@@H](C)[C@H](OC(C)=O)[C@H]1C,0.0,training
COc1cc(OC)nc(NS(=O)(=O)c2ccc(N)cc2)n1,0.0,training
CC(C)N(CC[C@@](C(N)=O)(c1ccccc1)c1ccccn1)C(C)C,1.0,training
C=CCOc1ccccc1OC[C@@H](O)CNC(C)C,0.0,training
CCC(C)(C)NC[C@H](O)COc1ccccc1C(=O)CCc1ccccc1,0.0,training
O=C(NC[C@H]1CCCCN1)c1cc(OCC(F)(F)F)ccc1OCC(F)(F)F,0.0,training
CCCC(=O)O[C@H]1[C@H](C)O[C@@H](O[C@H]2[C@H](N(C)C)[C@@H](O)[C@H](O[C@H]3[C@@H](CC=O)C[C@@H](C)[C@@H](O)C=CC=CC[C@@H](C)OC(=O)C[C@@H](O)[C@@H]3OC)O[C@@H]2C)C[C@@]1(C)OC(=O)CC,0.0,training
CC[C@H]1OC(=O)C(C)[C@@H](O[C@H]2C[C@@](C)(OC)[C@@H](O)[C@H](C)O2)[C@H](C)[C@@H](O[C@@H]2O[C@H](C)C[C@H](N(C)C)[C@H]2O)[C@](C)(O)C[C@@H](C)/C(=N\OCOCCOC)[C@H](C)[C@@H](O)[C@]1(C)O,1.0,training
Clc1cccc([C@H](c2ccc3[nH]cnc3c2)n2ccnc2)c1,0.0,training
CC(C)c1nc(N(C)S(C)(=O)=O)nc(-c2ccc(F)cc2)c1CC[C@@H](O)C[C@@H](O)CC(=O)O,0.0,training
C1CCN2C[C@H]3C[C@H](CN4CCCC[C@@H]34)[C@H]2C1,0.0,training
CO[C@H]1C[C@H](O[C@@H]2C(C)C(=O)O[C@H](C)[C@H](C)[C@H](OC(C)=O)C(C)C(=O)[C@@]3(CO3)C[C@H](C)[C@H](O[C@@H]3O[C@H](C)C[C@H](N(C)C)[C@H]3OC(C)=O)[C@H]2C)O[C@@H](C)[C@@H]1OC(C)=O,1.0,training
C(=C/c1ccccc1)\CN1CCN(C(c2ccccc2)c2ccccc2)CC1,0.0,training
CO[C@H]1C=CO[C@@]2(C)Oc3c(C)c(O)c4c(O)c(c5c(c4c3C2=O)=NC2(CCN(CC(C)C)CC2)N=5)NC(=O)C(C)=CC=CC(C)[C@H](O)[C@@H](C)[C@@H](O)[C@@H](C)[C@H](OC(C)=O)[C@@H]1C,1.0,training
CN1CCc2cccc3c2[C@@H]1Cc1ccc(O)c(O)c1-3,1.0,training
COc1cc(N)c(Cl)cc1C(=O)N[C@H]1CCN(CCCOc2ccc(F)cc2)C[C@H]1OC,1.0,training
C[C@@](Cc1ccccc1)(NC(=O)CN)c1ccccc1,0.0,training
CCCCCN=C(N)NN=Cc1c[nH]c2ccc(CO)cc12,0.0,training
Clc1ccc([C@@H](Cn2ccnc2)OCc2ccsc2Cl)c(Cl)c1,0.0,training
Cc1ccc(/C(=C/CN2CCCC2)c2ccccn2)cc1,0.0,training
N#Cc1ccc([C@H]2CCCc3cncn32)cc1,0.0,training
C[C@H](CCC(=O)O)[C@H]1CC[C@H]2[C@@H]3[C@H](O)C[C@H]4C[C@H](O)CC[C@]4(C)[C@H]3CC[C@]12C,1.0,training
N=C(N)N/N=C\c1c(Cl)cccc1Cl,0.0,training
NC1=NC[C@@H]2c3ccccc3Cc3ccccc3N12,1.0,training
Clc1ccc(CS[C@@H](Cn2ccnc2)c2ccc(Cl)cc2Cl)cc1,0.0,training
CC(C)COC[C@@H](CN(Cc1ccccc1)c1ccccc1)N1CCCC1,1.0,training
CN1[C@@H]2CC[C@H]1CC(OC(=O)c1c[nH]c3ccccc13)C2,1.0,training
COc1cc(N[C@@H](C)CCCN)c2ncccc2c1,1.0,training
N=C(N)NC[C@@H]1COc2ccccc2O1,0.0,training
CC[C@]1(c2ccccc2)NC(=O)N(C)C1=O,0.0,training
COc1ccccc1OC[C@@H](O)CN1CCN(CC(=O)Nc2c(C)cccc2C)CC1,1.0,training
CN1C(=O)NC(=O)[C@](C)(C2=CCCCC2)C1=O,0.0,training
C[C@@H]1CO[C@]2(c3ccccc3Cl)c3cc(Cl)ccc3NC(=O)CN12,1.0,training
CC1=C(CC(=O)O)c2cc(F)ccc2C1=Cc1ccc([SH](C)=O)cc1,0.0,training
Clc1ccc(CO[C@@H](Cn2ccnc2)c2ccc(Cl)cc2Cl)cc1,0.0,training
COC(=O)C(c1ccccc1)[C@H]1CCCCN1,1.0,training
C[C@H](CN1c2ccccc2Sc2ccccc21)N(C)C,0.0,training
COC(=O)C1=C(C)N=C(C)C(C(=O)OCCN2CCN(C(c3ccccc3)c3ccccc3)CC2)[C@H]1c1cccc([N+](=O)[O-])c1,1.0,training
C[C@H](CO)NC(=O)C1C=C2c3cccc4[nH]cc(c34)C[C@H]2N(C)C1,1.0,training
COC(=O)C1=C(C#N)N=C(C)C(C(=O)OC(C)C)[C@H]1c1cccc([N+](=O)[O-])c1,1.0,training
COC(=O)C1=C(C)N=C(C)C(C(=O)OCC(C)C)[C@H]1c1ccccc1[N+](=O)[O-],1.0,training
CCOC(=O)C1=C(C)N=C(C)C(C(=O)OC)[C@@H]1c1cccc2c1OCO2,1.0,training
COC(=O)NC(C(=O)N[C@@H](Cc1ccccc1)[C@H](O)CN(Cc1ccc(-c2ccccn2)cc1)NC(=O)C(NC(=O)OC)C(C)(C)C)C(C)(C)C,0.0,training
C[C@H](CN(C)C)CN1c2ccccc2S(=O)(=O)c2ccccc21,0.0,training
CC[C@@]1(c2ccncc2)CCC(=O)NC1=O,0.0,training
CCCCN(CCCC)C[C@@H](O)c1cc(Cl)cc2c1-c1ccc(Cl)cc1/C2=C\c1ccc(Cl)cc1,1.0,training
COCCOC(=O)C1=C(C)N=C(C)C(C(=O)OC/C=C/c2ccccc2)[C@H]1c1cccc([N+](=O)[O-])c1,1.0,training
CCCCCCCN(CC)CCC[C@@H](O)c1ccc(NS(C)(=O)=O)cc1,0.0,training
COC1C(=O)C(C)C[C@H](C)C=CC=CC=C(C)[C@@H](OC)C[C@@H]2CC[C@@H](C)[C@@](O)(O2)C(=O)C(=O)N2CCCCC2C(=O)O[C@H]([C@H](C)C[C@@H]2CC[C@@H](OCCO)[C@H](OC)C2)CC(=O)C(C)=CC(C)[C@H]1O,1.0,training
CO[C@H]1C=CO[C@@]2(C)Oc3c(C)c(O)c4c(O)c(c(C=NN5CCN(C6CCCC6)CC5)c(O)c4c3C2=O)NC(=O)C(C)=CC=CC(C)[C@H](O)[C@@H](C)[C@@H](O)[C@@H](C)[C@H](OC(C)=O)[C@H]1C,0.0,training
CCC[C@@H]1CC(C(=O)N[C@@H]([C@H]2O[C@H](SC)[C@H](O)[C@@H](O)[C@H]2O)[C@H](C)Cl)N(C)C1,1.0,training
O=c1c(CC[S@@H](=O)c2ccccc2)c(O)n(-c2ccccc2)n1-c1ccccc1,1.0,training
COC(=O)C1=C(C)N=C(C)C(C(=O)OC/C=C/c2ccccc2)[C@H]1c1cccc([N+](=O)[O-])c1,1.0,training
COCCCC/C(=N/OCCN)c1ccc(C(F)(F)F)cc1,0.0,training
CO[C@]12CC[C@@]3(C[C@@H]1[C@](C)(O)C(C)(C)C)[C@H]1Cc4ccc(O)c5c4[C@@]3(CCN1CC1CC1)[C@@H]2O5,1.0,training
CNC(=O)O/N=C(\C)SC,0.0,training
CCN(CC)CCS(=O)(=O)[C@@H]1CCN2C(=O)c3coc(n3)CC(=O)C[C@H](O)C=C(C)C=CCNC(=O)C=C[C@@H](C)[C@@H](C(C)C)OC(=O)C12,0.0,training
CCCC(=O)Nc1ccc(OC[C@@H](O)CNC(C)C)c(C(C)=O)c1,0.0,training
C=C[C@H]1CN2CC[C@H]1C[C@@H]2[C@H](O)c1ccnc2ccc(OC)cc12,1.0,training
CC(C)=CCN1CC[C@]2(C)c3cc(O)ccc3C[C@H]1[C@H]2C,0.0,training
CC[C@]1(C)CC(=O)NC1=O,1.0,training
COCCCOc1ccnc(C[S](=O)=c2[nH]c3ccccc3[nH]2)c1C,1.0,training
CCC[C@@](C)(COC(N)=O)COC(=O)NC(C)C,0.0,training
COC(=O)C1=C(C)N=C(C)C(C(=O)OC(C)C)[C@H]1c1cccc2nonc12,1.0,training
C=CCc1ccccc1OC[C@@H](O)CNC(C)C,0.0,training
CCn1cc(C(=O)O)c(=O)c2cc(F)c(N3CCN[C@H](C)C3)c(F)c21,0.0,training
CC(C)C[C@H](N(C)C)C1(c2ccc(Cl)cc2)CCC1,1.0,training
CC(C)(O)c1ccccc1CC[C@@H](SCC1(CC(=O)O)CC1)c1cccc(/C=C\c2ccc3ccc(Cl)cc3n2)c1,1.0,training
CC(C)NC[C@H](O)COc1cccc2[nH]ccc12,0.0,training
CC(C(=O)O)c1cccc(C(=O)c2cccs2)c1,0.0,training
FC(F)(F)[C@H](Cl)Br,1.0,training
CC(C)C[C@@H](NC(=O)C(Cc1ccccc1)NC(=O)c1cnccn1)B(O)O,1.0,training
CO[C@H]1C=CO[C@@]2(C)Oc3c(C)c(O)c4c(O)c(c(C=NN5CCN(C)CC5)c(O)c4c3C2=O)NC(=O)C(C)=CC=CC(C)[C@H](O)[C@@H](C)[C@@H](O)[C@@H](C)[C@H](OC(C)=O)[C@H]1C,1.0,training
CC(C)NC[C@H](O)COc1ccc(CCOCC2CC2)cc1,0.0,training
Cc1c(F)c(N2CCN[C@H](C)C2)cc2c1c(=O)c(C(=O)O)cn2C1CC1,0.0,training
CN(C)CCOc1ccc(/C(=C(\CCCl)c2ccccc2)c2ccccc2)cc1,1.0,training
COCCOC(=O)C1=C(C)N=C(C)C(C(=O)OC(C)C)[C@@H]1c1cccc([N+](=O)[O-])c1,1.0,training
FC(F)OC(F)(F)[C@@H](F)Cl,0.0,training
Cc1cccc(C)c1OC[C@@H](C)N,0.0,training
O[C@@](CCN1CCCCC1)(c1ccccc1)[C@@H]1C[C@@H]2C=C[C@H]1C2,0.0,training
Clc1ccc(CO[C@@H](Cn2ccnc2)c2ccc(Cl)cc2Cl)c(Cl)c1,1.0,training
CN1CCC[C@H](n2nc(Cc3ccc(Cl)cc3)c3ccccc3c2=O)CC1,1.0,training
CC[C@]1(c2ccc(N)cc2)CCC(=O)NC1=O,0.0,training
OCCOCCN1CCN([C@H](c2ccccc2)c2ccc(Cl)cc2)CC1,0.0,training
CCOC(=O)C1=C(COCCN)N=C(C)C(C(=O)OC)[C@@H]1c1ccccc1Cl,1.0,training
CCCc1c(O)n2c(N(C)C)nc3ccc(C)cc3n2c1=O,0.0,training
O=c1[nH]c(=O)n([C@@H]2CCCO2)cc1F,0.0,training
CC[C@H](c1ccccc1)c1c(O)c2ccccc2oc1=O,0.0,training
CN1CCCN([C@H](c2ccccc2)c2ccc(Cl)cc2)CC1,0.0,training
OCc1cc([C@H](O)CNCCCCCCOCCCCc2ccccc2)ccc1O,1.0,training
CC(C)NC[C@H](O)COc1cccc2ccccc12,1.0,training
C[C@H](N)Cc1ccccc1,0.0,training
CCN(CC)CCC[C@H](C)Nc1ccnc2cc(Cl)ccc12,1.0,training
CC/C(=C(/c1ccccc1)c1ccc(OCCN(C)C)cc1)c1ccccc1,1.0,training
CN(C)CC/C=C1\c2ccccc2COc2ccc(CC(=O)O)cc21,1.0,training
O=[S](Cc1ccccn1)=c1[nH]c2ccccc2[nH]1,0.0,training
COc1ccc(CCN(C)CCC[C@@](C#N)(c2ccc(OC)c(OC)c2)C(C)C)cc1OC,1.0,training
C1CCC(C(C[C@H]2CCCCN2)C2CCCCC2)CC1,0.0,training
O=C(O)CCCC/C=C(\c1ccccc1)c1cccnc1,0.0,training
Clc1ccc([C@@H](Cn2ccnc2)OCc2c(Cl)cccc2Cl)c(Cl)c1,0.0,training
O=[P@@]1(N(CCCl)CCCl)OCCCN1CCCl,1.0,training
CN[C@@]1(c2ccccc2Cl)CCCCC1=O,1.0,training
COC(=O)C1=C(C)N=C(C)C(C(=O)OC(C)(C)CN(C)CCC(c2ccccc2)c2ccccc2)[C@H]1c1cccc([N+](=O)[O-])c1,1.0,training
CC(C)/N=c1/cc2n(-c3ccc(Cl)cc3)c3ccccc3nc-2cc1Nc1ccc(Cl)cc1,0.0,training
COc1ccc(CCN(C)CCC[C@@](C#N)(c2cc(OC)c(OC)c(OC)c2)C(C)C)cc1OC,1.0,training
CC1=C(/C=C\C(C)=C/C=C\C(C)=C/C(=O)O)C(C)(C)CCC1,1.0,training
CCCNC[C@H](O)COc1ccccc1C(=O)CCc1ccccc1,1.0,training
FC(F)O[C@@H](Cl)C(F)(F)F,0.0,training
C#CCN(C)[C@@H](C)Cc1ccccc1,1.0,training
CC[C@@H](CO)NC(=O)C1C=C2c3cccc4[nH]cc(c34)C[C@H]2N(C)C1,1.0,training
CO[C@]12CC[C@@]3(C[C@@H]1[C@](C)(O)C(C)(C)C)[C@H]1Cc4ccc(O)c5c4[C@@]3(CCN1CC1CC1)[C@H]2O5,1.0,training
CCOC(=O)C1=C(C)N=C(C)C(C(=O)OC)C1c1cccc([N+](=O)[O-])c1,1.0,training
CCC(C)n1ncn(-c2ccc(N3CCN(c4ccc(OC[C@H]5CO[C@](Cn6cncn6)(c6ccc(Cl)cc6Cl)O5)cc4)CC3)cc2)c1=O,1.0,training
CNCCC(Oc1ccc(C(F)(F)F)cc1)c1ccccc1,1.0,training
CN(C)CCC=C1c2ccccc2COc2ccccc21,1.0,training
CCN(C(C)=O)c1cccc(-c2ccnc3c(C#N)cnn23)c1,1.0,training
CCC1(C)CC(=O)NC1=O,1.0,training
O=C(C1CCCCC1)N1CC(=O)N2CCc3ccccc3C2C1,1.0,training
COc1cc(NC(C)CCCN)c2ncccc2c1,1.0,training
CC(=O)O[C@@]12CO[C@@H]1C[C@H](O)[C@@]1(C)C(=O)C(=O)C3C(C)[C@@H](OC(=O)C(O)C(NC(=O)OC(C)(C)C)c4ccccc4)C[C@@](O)([C@@H](OC(=O)c4ccccc4)[C@H]21)C3(C)C,1.0,training
COC(=O)C1=C(C#N)N=C(C)C(C(=O)OC(C)C)C1c1cccc([N+](=O)[O-])c1,1.0,training
CC(c1cc2ccccc2s1)N(O)C(N)=O,1.0,training
COC(=O)C1=C(C)N=C(C)C(C(=O)OC(C)C)C1c1cccc2nonc12,1.0,training
CC(=O)N1CCN(c2ccc(OCC3COC(Cn4ccnc4)(c4ccc(Cl)cc4Cl)O3)cc2)CC1,1.0,training
O=c1c(CC[S+]([O-])c2ccccc2)c(O)n(-c2ccccc2)n1-c1ccccc1,1.0,training
CCN(CC)C(=S)S,0.0,training
Cc1c(OCC(F)(F)F)ccnc1C[S+]([O-])c1nc2ccccc2[nH]1,1.0,training
CSc1ccc2c(c1)N(CCC1CCCCN1C)c1ccccc1S2,0.0,training
CCN(CC)CC#CCOC(=O)C(O)(c1ccccc1)C1CCCCC1,1.0,training
OCc1cc(C(O)CNCCCCCCOCCCCc2ccccc2)ccc1O,1.0,training
CC(C)(C(=O)O)c1ccc(C(O)CCCN2CCC(C(O)(c3ccccc3)c3ccccc3)CC2)cc1,1.0,training
CC(C)(C)c1ccc(C(O)CCCN2CCC(C(O)(c3ccccc3)c3ccccc3)CC2)cc1,1.0,training
COc1cc2c(c(OC)c1OC)-c1ccc(OC)c(=O)cc1C(NC(C)=O)CC2,1.0,training
CCCNCC(O)COc1ccccc1C(=O)CCc1ccccc1,1.0,training
C=C[C@H]1CN2CC[C@H]1C[C@H]2[C@H](O)c1ccnc2ccc(OC)cc12,1.0,training
CC(=O)CC(c1ccccc1)c1c(O)c2ccccc2oc1=O,1.0,training
CC(C)NCC(O)COc1ccc(COCCOC(C)C)cc1,1.0,training
COC(=O)C1=C(C)N=C(C)C(C(=O)OCCN(C)Cc2ccccc2)C1c1cccc([N+](=O)[O-])c1,1.0,training
COCCOC(=O)C1=C(C)N=C(C)C(C(=O)OC(C)C)C1c1cccc([N+](=O)[O-])c1,1.0,training
CC(C)CC(N(C)C)C1(c2ccc(Cl)cc2)CCC1,1.0,training
C[C@H](CCC(=O)O)[C@H]1CC[C@H]2[C@@H]3[C@H](O)C[C@@H]4C[C@H](O)CC[C@]4(C)[C@H]3CC[C@]12C,1.0,training
Cc1ccc(O)c([C@H](CCN(C(C)C)C(C)C)c2ccccc2)c1,1.0,training
COc1ccc2[nH]c([S+]([O-])Cc3ncc(C)c(OC)c3C)nc2c1,1.0,training
CC[C@H]1OC(=O)C(C)[C@@H](O[C@H]2C[C@@](C)(OC)[C@@H](O)[C@H](C)O2)[C@H](C)[C@@H](O[C@@H]2O[C@H](C)C[C@H](N(C)C)[C@H]2O)[C@](C)(O)C[C@@H](C)C(=NOCOCCOC)[C@H](C)[C@@H](O)[C@]1(C)O,1.0,training
COc1cc2ncnc(Nc3ccc(F)c(Cl)c3)c2cc1OCCCN1CCOCC1,1.0,training
COC(=O)C1=C(C)N=C(C)C(C(=O)OCC(C)C)C1c1ccccc1[N+](=O)[O-],1.0,training
CCC(=O)C(CC(C)N(C)C)(c1ccccc1)c1ccccc1,1.0,training
COC1C(=O)C(C)C[C@H](C)/C=C/C=C/C=C(\C)[C@@H](OC)C[C@@H]2CC[C@@H](C)[C@@](O)(O2)C(=O)C(=O)N2CCCCC2C(=O)O[C@H]([C@H](C)C[C@@H]2CC[C@@H](OCCO)[C@H](OC)C2)CC(=O)C(C)=CC(C)[C@H]1O,1.0,training
CN1CCN(C(=O)OC2c3nccnc3C(=O)N2c2ccc(Cl)cn2)CC1,1.0,training
CCNC(C)Cc1cccc(C(F)(F)F)c1,0.0,training
COCCOC(=O)C1=C(C)N=C(C)C(C(=O)OC/C=C/c2ccccc2)C1c1cccc([N+](=O)[O-])c1,1.0,training
COc1ccnc(C[S+]([O-])c2nc3cc(OC(F)F)ccc3[nH]2)c1OC,1.0,training
CC(C)C[C@H](NC(=O)C(Cc1ccccc1)NC(=O)c1cnccn1)B(O)O,1.0,training
OC(c1cc(C(F)(F)F)nc2c(C(F)(F)F)cccc12)C1CCCCN1,1.0,training
CNC1(c2ccccc2Cl)CCCCC1=O,1.0,training
CCCCN(CCCC)CCC(O)c1cc2c(Cl)cc(Cl)cc2c2cc(C(F)(F)F)ccc12,1.0,training
CC1O[C@@]2(CS1)CN1CCC2CC1,1.0,training
CCN(CC)CCCC(C)Nc1ccnc2cc(Cl)ccc12,1.0,training
COc1ccccc1OCC(O)CN1CCN(CC(=O)Nc2c(C)cccc2C)CC1,1.0,training
NC(Cc1cc(I)c(Oc2cc(I)c(O)c(I)c2)c(I)c1)C(=O)O,1.0,training
NC(=O)C[S+]([O-])C(c1ccccc1)c1ccccc1,1.0,training
O=P1(N(CCCl)CCCl)NCCCO1,1.0,training
CN(C)CC/C=C1/c2ccccc2COc2ccc(CC(=O)O)cc21,1.0,training
CC(C)N(CCC(C(N)=O)(c1ccccc1)c1ccccn1)C(C)C,1.0,training
O=P1(NCCCl)OCCCN1CCCl,1.0,training
CC(C)NCC1CCc2cc(CO)c([N+](=O)[O-])cc2N1,0.0,training
COc1ccccc1OCCNCC(O)COc1cccc2[nH]c3ccccc3c12,1.0,training
FC(F)OC(Cl)C(F)(F)F,0.0,training
CC/C(=C(\c1ccccc1)c1ccc(OCCN(C)C)cc1)c1ccccc1,1.0,training
FC(F)(F)C(Cl)Br,1.0,training
COc1ccc(C(CN(C)C)C2(O)CCCCC2)cc1,1.0,training
COc1ccc(C(=O)Nc2ccccc2CCC2CCCCN2C)cc1,0.0,training
COC(=O)C1=C(C)N=C(C)C(C(=O)OC(C)(C)CN(C)CCC(c2ccccc2)c2ccccc2)C1c1cccc([N+](=O)[O-])c1,1.0,training
CC(=O)CC(c1ccc([N+](=O)[O-])cc1)c1c(O)c2ccccc2oc1=O,1.0,training
NC1=NCC2c3ccccc3Cc3ccccc3N12,1.0,training
C=CCC1=CC(C)C[C@H](C)C[C@H](OC)[C@H]2O[C@@](O)(C(=O)C(=O)N3CCCCC3C(=O)O[C@H](/C(C)=C/[C@@H]3CC[C@@H](O)[C@H](OC)C3)[C@H](C)[C@@H](O)CC1=O)[C@H](C)C[C@@H]2OC,1.0,training
CC(CN(C)C)CN1c2ccccc2CCc2ccccc21,1.0,training
CN1CCN2c3ncccc3Cc3ccccc3C2C1,1.0,training
CN(C)CCCC1(c2ccc(F)cc2)OCc2cc(C#N)ccc21,1.0,training
CCOC(=O)C1=C(COCCN)N=C(C)C(C(=O)OC)C1c1ccccc1Cl,1.0,training
CC(C)NCC(O)COc1cccc2ccccc12,1.0,training
Clc1ccc(COC(Cn2ccnc2)c2ccc(Cl)cc2Cl)c(Cl)c1,1.0,training
CN1CCN2c3ccccc3Cc3ccccc3C2C1,1.0,training
COc1ccc(CCN(C)CCCC(C#N)(c2ccc(OC)c(OC)c2)C(C)C)cc1OC,1.0,training
CN(C)CCOc1ccc(/C(=C(/CCCl)c2ccccc2)c2ccccc2)cc1,1.0,training
COc1ccc2c(c1)[C@]13CCCC[C@@H]1[C@H](C2)N(C)CC3,1.0,training
CCCCc1c(O)n(-c2ccccc2)n(-c2ccccc2)c1=O,0.0,training
CC(=O)C1CC[C@H]2[C@@H]3CC[C@H]4C[C@](C)(O)CC[C@]4(C)[C@H]3CC[C@]12C,1.0,training
O=C(CCCN1CCC(O)(c2cccc(C(F)(F)F)c2)CC1)c1ccc(F)cc1,0.0,training
Cn1c(=O)[nH]c2ncn(C)c2c1=O,0.0,training
C[S+](C)[O-],0.0,training
N=C(N)N1CCc2ccccc2C1,0.0,training
CCCN(CCC)S(=O)(=O)c1ccc(C(=O)O)cc1,0.0,training
CCCCOC(=O)C(=O)Nc1cccc(-c2nn[nH]n2)c1,0.0,training
CC(C)=O,0.0,training
Cc1cc(-c2ccccc2)nnc1NCCN1CCOCC1,0.0,training
Cc1cccc(Nc2ccccc2C(=O)O)c1C,0.0,training
CC1(C)O[C@@H]2[C@@H](CO[C@@]3(COS(N)(=O)=O)OC(C)(C)O[C@@H]23)O1,0.0,training
N=C(CCSCc1csc(N=C(N)N)n1)NS(N)(=O)=O,0.0,training
CNS(=O)(=O)Cc1ccc2[nH]cc(CCCN3CCN(c4ncncc4OC)CC3)c2c1,1.0,training
CCOC(=O)CC(SP(=S)(OC)OC)C(=O)OCC,0.0,training
C[C@@H](O)CCCCn1c(=O)c2c(ncn2C)n(C)c1=O,1.0,training
CC(=O)Nc1ccccc1,0.0,training
Cc1c(-c2cnccn2)ssc1=S,0.0,training
CCc1oc2ccccc2c1C(=O)c1cc(Br)c(O)c(Br)c1,0.0,training
Cc1ccnc(NS(=O)(=O)c2ccc(N)cc2)n1,0.0,training
Nc1cc(N2CCCCC2)nc(N)[n+]1[O-],0.0,training
Nc1nc2cc(Cl)ccc2o1,0.0,training
CCOC(=O)Nc1ccc2c(c1)N(C(=O)CCN1CCOCC1)c1ccccc1S2,0.0,training
CCOCn1c(Cc2ccccc2)c(C(C)C)c(=O)[nH]c1=O,1.0,training
C#C[C@]1(O)C=C[C@H]2[C@@H]3CC=C4CC(=O)CCC4[C@H]3CC[C@@]21CC,1.0,training
NNc1nnc(NN)c2ccccc12,1.0,training
CC1(C)NC(=O)N(c2ccc([N+](=O)[O-])c(C(F)(F)F)c2)C1=O,0.0,training
O=C1CN=C(c2ccccc2)c2cc(Cl)ccc2N1,1.0,training
NNc1nncc2ccccc12,0.0,training
Cc1cc(Cl)c(S(N)(=O)=O)cc1S(N)(=O)=O,0.0,training
COC(=O)C1[C@H]2C[C@@H]3c4[nH]c5cc(OC)ccc5c4CCN3C[C@H]2C[C@@H](OC(=O)c2cc(OC)c(OC)c(OC)c2)[C@@H]1OC,0.0,training
O=C(O)COC(=O)Cc1ccccc1Nc1c(Cl)cccc1Cl,0.0,training
C/C=C/CC(C)C(=O)C1C(=O)NC(C(C)C)C(=O)N(C)CC(=O)N(C)C(CC(C)C)C(=O)NC(C(C)C)C(=O)N(C)C(CC(C)C)C(=O)NC(C)C(=O)NC(C)C(=O)N(C)C(CC(C)C)C(=O)N(C)C(CC(C)C)C(=O)N(C)C(C(C)C)C(=O)N1C,1.0,training
O=C(NC1CCS[C@H]2CCCC(C(=O)O)N2C1=O)C(S)Cc1ccccc1,0.0,training
C[C@]12CCC(=O)C=C1CC[C@@H]1C2C(=O)C[C@@]2(C)[C@H]1CC[C@]2(O)C(=O)CO,1.0,training
CC(=O)CCCCn1c(=O)c2c(ncn2C)n(C)c1=O,0.0,training
CNC(=O)Oc1cc(C)c(SC)c(C)c1,1.0,training
Cc1ccccc1,0.0,training
CC(C)Oc1ccc2c(=O)c(-c3ccccc3)coc2c1,0.0,training
CC(C)(C)c1cc(CC2SCNC2=O)cc(C(C)(C)C)c1O,1.0,training
CNCCCC12CCC(c3ccccc31)c1ccccc12,0.0,training
COc1ccc2c3c1O[C@H]1[C@@H](O)C=C[C@H]4[C@@H](C2)NCC[C@@]341,0.0,training
Nc1ccccc1,0.0,training
CCCN(CCC)C(=O)Cc1c(-c2ccc(Cl)cc2)nc2ccc(Cl)cn12,1.0,training
O=C(O)c1ccccc1Nc1cccc(C(F)(F)F)c1,0.0,training
CCc1nc(N)nc(N)c1-c1ccc(Cl)cc1,0.0,training
C[C@]12CCC(=O)C=C1CC[C@@H]1[C@@H]2[C@@H](O)C[C@]2(C)C(C(=O)CO)CC[C@@H]12,1.0,training
CNn1cc(C(=O)O)c(=O)c2cc(F)c(N3CCN(C)CC3)cc21,0.0,training
Cn1nnc2ccc([C@H](c3ccc(Cl)cc3)n3cncn3)cc21,0.0,training
CC(CS)C(=O)N1CCCC1C(=O)O,0.0,training
CCC1(c2ccccc2)C(=O)NC(=O)NC1=O,0.0,training
CCCN[C@H]1CCc2nc(N)sc2C1,0.0,training
CC(C)c1c(C(=O)Nc2ccccc2)c(-c2ccccc2)c(-c2ccc(F)cc2)n1CC[C@@H](O)C[C@@H](O)CC(=O)O,1.0,training
Cc1ncsc1CCCl,1.0,training
CCN(CC)CCNC(=O)c1cc(Cl)c(N)cc1OC,1.0,training
CCN(CC)CCCN(c1ccccc1)C1Cc2ccccc2C1,0.0,training
O=c1c(Cc2c(O)oc3ccccc3c2=O)c(O)oc2ccccc12,0.0,training
COc1ccc(C(=O)N2CCN(c3ccc4c(c3)CCC(=O)N4)CC2)cc1OC,1.0,training
Cc1cccc(Nc2ccncc2S(=O)(=O)NC(=O)NC(C)C)c1,0.0,training
CCn1cc(C(=O)O)c(=O)c2cc(F)c(N3CCNCC3)nc21,0.0,training
CCOc1nc2cccc(C(=O)O)c2n1Cc1ccc(-c2ccccc2-c2nn[nH]n2)cc1,0.0,training
O=[N+]([O-])OCC(CO[N+](=O)[O-])O[N+](=O)[O-],1.0,training
COc1ccc(-c2nc3cc(C4=NNC(=O)CC4C)ccc3[nH]2)cc1,1.0,training
Cc1cc(N(C)C)ccc1C[C@H](C)N,0.0,training
OCCN1CCN(CCCN2c3ccccc3Sc3ccc(C(F)(F)F)cc32)CC1,0.0,training
C[C@H]1C[C@H]2[C@@H]3CC=C4CC(=O)C=C[C@]4(C)[C@@]3(F)[C@@H](O)C[C@]2(C)[C@@]1(O)C(=O)CO,0.0,training
CN1CCN(c2cc3c(cc2F)c(=O)c(C(=O)O)cn3-c2ccc(F)cc2)CC1,0.0,training
CNC(=O)c1cccc(NCC(=O)NCCc2ccc(OC)c(OC)c2)c1,1.0,training
OC(c1ccccc1)(c1ccccc1)C1CCNCC1,0.0,training
CCN(CC)c1cc(C)nc2ncnn12,0.0,training
Cc1ccc(C(=O)c2cc(O)c(O)c([N+](=O)[O-])c2)cc1,1.0,training
C[C@]12C=CC(=O)C=C1CC[C@@H]1[C@@H]2CC[C@]2(C)OC(=O)CC[C@@H]12,0.0,training
Cc1noc(NS(=O)(=O)c2ccc(N)cc2)c1C,0.0,training
CN1C(=O)CC[C@H]1c1cccnc1,0.0,training
CN(C)CCOC(c1ccccc1)c1ccccc1,0.0,training
O=C1C=CC(=O)c2c1c(O)c1c(NCCNCCO)ccc(NCCNCCO)c1c2O,0.0,training
CCOCc1nc2c(N)nc3ccccc3c2n1CC(C)(C)O,1.0,training
CCOP(=S)(OCC)Oc1ccc([N+](=O)[O-])cc1,1.0,training
CC(C(=O)O)c1ccc(-c2ccccc2)c(F)c1,0.0,training
CCOC(=O)C(CCc1ccccc1)NC(C)C(=O)N(CC(=O)O)C1Cc2ccccc2C1,0.0,training
O=NN(CCCl)C(=O)NC1CCCCC1,0.0,training
CN1C(C(=O)Nc2ccccn2)C(=O)c2sccc2S1(=O)=O,0.0,training
O=C(CCCN1CCC(O)(c2ccc(Br)cc2)CC1)c1ccc(F)cc1,1.0,training
CCCCC1=NC2(CCCC2)C(=O)N1Cc1ccc(-c2ccccc2-c2nn[nH]n2)cc1,0.0,training
Cc1onc(-c2c(F)cccc2Cl)c1C(=O)NC1C(=O)N2C(C(=O)O)C(C)(C)S[C@H]12,1.0,training
ClC1=C(Cl)[C@]2(Cl)[C@@H]3[C@@H]4C[C@@H]([C@H]5O[C@@H]45)[C@@H]3[C@@]1(Cl)C2(Cl)Cl,0.0,training
CN(C)CCN(Cc1ccccc1)c1ccccn1,0.0,training
Nc1ccc(S(=O)(=O)Nc2ccccn2)cc1,0.0,training
COc1cc(NCc2ccc3nc(N)nc(N)c3c2C)cc(OC)c1OC,1.0,training
CN1C(C(=O)Nc2ccccn2)C(=O)c2ccccc2S1(=O)=O,0.0,training
Fc1ccc(C(OCCN2CCN(CCCc3ccccc3)CC2)c2ccc(F)cc2)cc1,1.0,training
CC1(C)CC(=O)N(CCCCN2CCN(c3ncccn3)CC2)C(=O)C1,1.0,training
C[C@H](Cn1cnc2c(N)ncnc21)OCP(=O)(O)O,0.0,training
NNC(=O)c1ccncc1,0.0,training
Nc1nc(NC2CC2)c2ncn([C@H]3C=C[C@@H](CO)C3)c2n1,0.0,training
CC(=O)[C@@]1(O)CC[C@H]2C3=CC(Cl)=C4CC(=O)C5C[C@@H]5[C@]4(C)[C@H]3CC[C@@]21C,1.0,training
NC(=O)N1c2ccccc2CC(=O)c2ccccc21,0.0,training
Cc1ccc(C(=O)C(C)CN2CCCCC2)cc1,0.0,training
C[C@@H]1C[C@H]2[C@@H]3CC=C4CC(=O)C=C[C@]4(C)C3=CC[C@]2(C)C1C(=O)CN1CCN(c2cc(N3CCCC3)nc(N3CCCC3)n2)CC1,1.0,training
CC(C)(C(=O)c1cccnc1)c1cccnc1,0.0,training
COc1ccc2c(c1)c(CC(=O)O)c(C)n2C(=O)c1ccc(Cl)cc1,0.0,training
CC(C)(C)c1ccc(C(=O)CCCN2CCC(OC(c3ccccc3)c3ccccc3)CC2)cc1,1.0,training
CC(=O)C1CC[C@H]2[C@@H]3CC=C4C[C@@H](O)CC[C@]4(C)[C@H]3CC[C@]12C,1.0,training
O=c1ccc2ccccc2o1,0.0,training
O=C(O)c1ccc(OCCn2ccnc2)cc1,0.0,training
CCOc1ccc2ccccc2c1C(=O)NC1C(=O)N2C(C(=O)O)C(C)(C)S[C@H]12,0.0,training
O=[N+]([O-])c1cncn1CCN1CCOCC1,0.0,training
CCC1=C[C@@H]2CN(C1)Cc1c([nH]c3ccccc13)[C@@](C(=O)OC)(c1cc3c(cc1OC)N(C)[C@H]1[C@@](O)(C(=O)OC)[C@H](OC(C)=O)[C@]4(CC)C=CCN5CC[C@]31[C@@H]54)C2,1.0,training
CN(C)S(=O)(=O)CCNC(=O)N(CCCl)N=O,1.0,training
O=C(O)c1ccccc1O,1.0,training
CC(=O)S[C@@H]1C=C2CC(=O)CC[C@]2(C)[C@H]2CC[C@@]3(C)[C@@H](CC[C@@]34CCC(=O)O4)[C@H]12,0.0,training
CCCCCN(CCCOC)C(=O)C(CCC(=O)O)NC(=O)c1ccc(Cl)c(Cl)c1,0.0,training
COc1ncnc(NS(=O)(=O)c2ccc(N)cc2)c1OC,0.0,training
CN[C@@H]1CCc2[nH]c3ccc(C(N)=O)cc3c2C1,0.0,training
CC(C(=O)O)c1cccc(C(=O)c2ccccc2)c1,0.0,training
CCn1c(O)c(-c2ccccc2)[nH]c1=O,0.0,training
Nc1ccc(S(N)(=O)=O)cc1,0.0,training
CCCC(C(=O)OCCN(CC)CC)(c1ccccc1)c1ccccc1,0.0,training
CN(c1nc(=O)cc[nH]1)C1CCN(c2nc3ccccc3n2Cc2ccc(F)cc2)CC1,1.0,training
Cc1cccc(C)c1NC(=O)CN1CCCC1=O,1.0,training
COc1ccccc1Oc1c(NS(=O)(=O)c2ccc(C(C)C)cn2)nc(-c2ccnc(-c3nn[nH]n3)c2)nc1OCCO,0.0,training
Cc1onc(NS(=O)(=O)c2ccc(N)cc2)c1C,0.0,training
Clc1ccccc1C(c1ccccc1)(c1ccccc1)n1ccnc1,1.0,training
CCCCC(=O)N(Cc1ccc(-c2ccccc2-c2nn[nH]n2)cc1)C(C(=O)O)C(C)C,0.0,training
Clc1ccc2c(c1)CCc1cccnc1C2=C1CCNCC1,0.0,training
COc1ccc(-c2cc(=O)c3c(O)cc(O[C@@H]4O[C@H](CO[C@@H]5O[C@@H](C)[C@H](O)[C@@H](O)[C@H]5O)[C@@H](O)[C@H](O)[C@H]4O)cc3o2)cc1O,0.0,training
Nc1c2c(nc3ccccc13)CCCC2,0.0,training
O=C(O)c1cc(N=Nc2ccc(S(=O)(=O)Nc3ccccn3)cc2)ccc1O,0.0,training
OCCN1CCN(CC/C=C2/c3ccccc3Sc3ccc(Cl)cc32)CC1,0.0,training
c1ccc(C2(N3CCCCC3)CCCCC2)cc1,1.0,training
O=C(NCCN1CCOCC1)c1ccc(Cl)cc1,0.0,training
OC(O)C(Cl)(Cl)Cl,0.0,training
O=C(N[C@H](CO)[C@H](O)c1ccc([N+](=O)[O-])cc1)C(Cl)Cl,0.0,training
CNC(=O)Oc1cccc2ccccc12,1.0,training
CS(=O)(=O)c1ccc(C2=C(c3ccccc3)C(=O)OC2)cc1,0.0,training
CC(=O)Nc1nnc(S(N)(=O)=O)s1,0.0,training
C#CCN(C)Cc1ccccc1,0.0,training
COc1ccc2cc(C(C)C(=O)O)ccc2c1,0.0,training
Cn1cnc2c1c(=O)[nH]c(=O)n2C,0.0,training
CCn1cc(C(=O)O)c(=O)c2cnc(N3CCNCC3)nc21,0.0,training
CNCC[C@@H](Oc1ccccc1C)c1ccccc1,1.0,training
N=C(N)N=c1[nH]c(CSCCN=CNS(=O)(=O)c2ccc(Br)cc2)cs1,0.0,training
c1ccc2[nH]c(-c3cscn3)nc2c1,0.0,training
CN=C(C[N+](=O)[O-])NCCSCc1ccc(CN(C)C)o1,0.0,training
CCC1NC(=O)C(NC(=O)c2ncccc2O)[C@@H](C)OC(=O)C(c2ccccc2)NC(=O)C2CC(=O)C(CS[C@@H]3CN4CCC3CC4)CN2C(=O)C(Cc2ccc(N(C)C)cc2)N(C)C(=O)C2CCCN2C1=O,0.0,training
CC[C@H]1CN2CC[C@H]1C[C@@H]2[C@@H](O)c1ccnc2ccc(OC)cc12,0.0,training
Nc1nc2ccc(OC(F)(F)F)cc2s1,0.0,training
CN1CCC[C@@H]1CCO[C@](C)(c1ccccc1)c1ccc(Cl)cc1,0.0,training
NC(Cc1cc(I)c(Oc2ccc(O)c(I)c2)c(I)c1)C(=O)O,0.0,training
CN(C)N=Nc1[nH]cnc1C(N)=O,0.0,training
CCCc1nc2c(C)cc(-c3nc4ccccc4n3C)cc2n1Cc1ccc(-c2ccccc2C(=O)O)cc1,0.0,training
C[C@H]1C[C@H]2[C@@H]3CC=C4CC(=O)C=C[C@]4(C)[C@@]3(Cl)[C@@H](O)C[C@]2(C)[C@@]1(O)C(=O)CO,0.0,training
CC1C(=O)O[C@@H]2O[C@@]3(C)CC[C@H]4[C@H](C)CC[C@@H]1[C@@]24OO3,1.0,training
Clc1ccc2c(c1)C(N1CCNCC1)=Nc1ccccc1O2,1.0,training
CN1[C@@H](CC(=O)c2ccccc2)CCC[C@H]1C[C@H](O)c1ccccc1,0.0,training
C#C[C@]1(O)CC[C@H]2[C@@H]3CCC4=Cc5oncc5C[C@]4(C)[C@H]3CC[C@@]21C,0.0,training
ClC=C(Cl)Cl,1.0,training
CCN(CC)C(=O)C(C#N)=Cc1cc(O)c(O)c([N+](=O)[O-])c1,0.0,training
C[C@]12CC[C@H]3[C@@H](CC=C4CC(=O)C=C[C@@]43C)[C@@H]1CC[C@@H]2O,1.0,training
OCCN1CCN(CCCN2c3ccccc3C=Cc3ccccc32)CC1,0.0,training
CCn1cc(C(=O)O)c(=O)c2cc(F)c(N3CCNCC3)cc21,0.0,training
CC(C)(C#N)c1cc(Cn2cncn2)cc(C(C)(C)C#N)c1,1.0,training
CC(C)Cc1ccc(C(C)C(=O)O)cc1,0.0,training
CC=C(c1ccc(O)cc1)C(CC)c1ccc(O)cc1,1.0,training
CN1C(C(=O)Nc2ccccn2)C(=O)c2sc(Cl)cc2S1(=O)=O,0.0,training
CCOP(=S)(OCC)Oc1nc(Cl)c(Cl)cc1Cl,1.0,training
COc1ccc(C(C)C)cc1CN[C@H]1C2CCN(CC2)[C@H]1C(c1ccccc1)c1ccccc1,1.0,training
CN[C@@H](C)Cc1ccccc1,0.0,training
CCCO,0.0,training
CC1=CC(=O)C=C2CC[C@@H]3[C@H](CC[C@]4(C)C(=O)CC[C@@H]34)[C@@]12C,0.0,training
O=C(Cn1c(=O)sc2ccc(Cl)cc21)N1CCN(CCO)CC1,0.0,training
CCCC=c1ncc(=CC(Cc2cccs2)C(=O)O)n1Cc1ccc(C(=O)O)cc1,0.0,training
CCN(CC)C(=O)N[C@H]1C[C@@H]2c3cccc4[nH]cc(c34)C[C@H]2N(C)C1,1.0,training
CN(CCOc1ccc(Cc2sc(=O)[nH]c2O)cc1)c1ccccn1,0.0,training
Fc1ccc([C@@H]2CCNC[C@H]2COc2ccc3c(c2)OCO3)cc1,0.0,training
O=c1[nH]cc(F)c(=O)[nH]1,0.0,training
CCc1ccccc1,0.0,training
COc1ccc(Cc2nccc3cc(OC)c(OC)cc23)cc1OC,0.0,training
Cc1cccc(C)c1NC(=O)C(C)N,0.0,training
Clc1ccc(CO/N=C(\Cn2ccnc2)c2ccc(Cl)cc2Cl)c(Cl)c1,0.0,training
O=C(NC1CCN(CCc2c[nH]c3ccccc23)CC1)c1ccccc1,0.0,training
CC[C@]1(O)C[C@H]2CN(CCc3c([nH]c4ccccc34)[C@@](C(=O)OC)(c3cc4c(cc3OC)N(C)[C@H]3[C@@](O)(C(N)=O)[C@H](O)[C@]5(CC)C=CCN6CC[C@]43[C@@H]65)C2)C1,1.0,training
CC(=O)Nc1ccc(O)cc1,1.0,training
O=C(OC1C[C@@H]2CC3C[C@H](C1)N2CC3=O)c1c[nH]c2ccccc12,1.0,training
Cc1cc(=O)n(-c2ccccc2)n1C,1.0,training
CC[C@]1(O)C[C@H]2CN(CCc3c([nH]c4ccccc34)[C@@](C(=O)OC)(c3cc4c(cc3OC)N(C=O)[C@H]3[C@@](O)(C(=O)OC)[C@H](OC(C)=O)[C@]5(CC)C=CCN6CC[C@]43[C@@H]65)C2)C1,1.0,training
CN1[C@@H]2CCC[C@H]1CC(NC(=O)c1nn(C)c3ccccc13)C2,1.0,training
CCOC(=O)c1c(C)nc(C)c(C(=O)OCC)c1-c1ccccc1CCC(=O)OC(C)(C)C,1.0,training
Oc1c(C2=CCC(c3ccc(Cl)cc3)CC2)c(O)c2ccccc2c1O,0.0,training
CCC(=O)O[C@]1(C(=O)SCF)[C@H](C)C[C@H]2[C@@H]3C[C@H](F)C4=CC(=O)C=C[C@]4(C)[C@@]3(F)[C@@H](O)C[C@@]21C,1.0,training
Nc1c(Br)cc(Br)cc1CNC1CCC(O)CC1,1.0,training
CN1CCN(C(=O)O[C@H]2c3nccnc3C(=O)N2c2ccc(Cl)cn2)CC1,1.0,training
CCOC(=O)C1(c2ccccc2)CCN(C)CC1,1.0,training
C=C(c1ccc(C(=O)O)cc1)c1cc2c(cc1C)C(C)(C)CCC2(C)C,1.0,training
CC[C@H]1OC(=O)C(C)[C@@H](O[C@H]2C[C@@](C)(OC)[C@@H](O)[C@H](C)O2)[C@H](C)[C@@H](O[C@@H]2O[C@H](C)C[C@H](N(C)C)[C@H]2O)[C@](C)(O)CC(C)C(=O)C(C)[C@@H](O)[C@]1(C)O,1.0,training
O=c1c(O)c(-c2ccc(O)c(O)c2)oc2cc(O)cc(O)c12,0.0,training
CCOc1ccc(NC(C)=O)cc1,1.0,training
NS(=O)(=O)Cc1noc2ccccc12,1.0,training
CC(C)c1nc(CN(C)C(=O)NC(C(=O)N[C@@H](Cc2ccccc2)C[C@H](O)[C@H](Cc2ccccc2)NC(=O)OCc2cncs2)C(C)C)cs1,1.0,training
CCN[C@H]1C[C@H](C)S(=O)(=O)c2sc(S(N)(=O)=O)cc21,1.0,training
S=P(N1CC1)(N1CC1)N1CC1,1.0,training
Cc1ccc(C)c(OCCCC(C)(C)C(=O)O)c1,1.0,training
CN1CC[C@]23c4c5ccc(O)c4O[C@H]2[C@@H](O)C=C[C@H]3[C@H]1C5,1.0,training
CN(C)CCCN1c2ccccc2Sc2ccccc21,1.0,training
Cc1oncc1C(=O)Nc1ccc(C(F)(F)F)cc1,0.0,training
N#Cc1ccc(C(c2ccc(C#N)cc2)n2cncn2)cc1,1.0,training
Cc1cccc(C)c1OCC(=O)N[C@@H](Cc1ccccc1)[C@@H](O)C[C@H](Cc1ccccc1)NC(=O)C(C(C)C)N1CCCNC1=O,1.0,training
Cc1nccn1CC1CCc2c(c3ccccc3n2C)C1=O,1.0,training
O=[N+]([O-])O[C@H]1CO[C@H]2[C@@H]1OC[C@H]2O[N+](=O)[O-],1.0,training
O=C(c1ccc(OCCN2CCCCC2)cc1)c1c(-c2ccc(O)cc2)sc2cc(O)ccc12,1.0,training
COc1cc([C@@H]2c3cc4c(cc3[C@@H](O[C@@H]3O[C@@H]5CO[C@@H](C)O[C@H]5[C@H](O)[C@H]3O)[C@H]3COC(=O)C23)OCO4)cc(OC)c1O,1.0,training
CN(C)C1C(=O)C(C(N)=O)C(=O)[C@@]2(O)C(=O)C3C(=O)c4c(O)cccc4[C@@](C)(O)[C@H]3C[C@@H]12,1.0,training
Cn1c(=O)c2c(ncn2C)n(C)c1=O,1.0,training
CCc1ccc(CCOc2ccc(Cc3sc(=O)[nH]c3O)cc2)nc1,1.0,training
CCC(C)(C)C(=O)O[C@H]1C[C@@H](C)C=C2C=C[C@H](C)[C@H](CC[C@@H]3C[C@@H](O)CC(=O)O3)[C@H]21,1.0,training
CN(C)CCc1c[nH]c2ccc(CS(=O)(=O)N3CCCC3)cc12,1.0,training
O=c1[nH]c2cc(Cl)ccc2o1,1.0,training
COc1cccc2c(O)c3c(c(O)c12)C(=O)C1=C(C[C@@](O)(C(C)=O)C[C@@H]1O[C@H]1C[C@H](N)[C@H](O)[C@H](C)O1)C3=O,1.0,training
COC(=O)Nc1nc2cc(C(=O)c3ccccc3)ccc2[nH]1,1.0,training
CN(C)CCC=C1c2ccccc2CCc2ccccc21,1.0,training
Nc1ccc(S(=O)(=O)c2ccc(N)cc2)cc1,1.0,training
CCc1nn(CCCN2CCN(c3cccc(Cl)c3)CC2)c(=O)n1CCOc1ccccc1,1.0,training
CN(C)CCCN1c2ccccc2Sc2ccc(Cl)cc21,1.0,training
C[C@]12CC[C@@H]3c4ccc(O)cc4CC[C@H]3[C@@H]1CCC2=O,1.0,training
Cc1cc(NS(=O)(=O)c2ccc(N)cc2)no1,1.0,training
CCO,1.0,training
COc1ccc(CN(CCN(C)C)c2ccccn2)cc1,0.0,training
C#C[C@]1(O)CC[C@H]2[C@@H]3CC=C4CC(=O)CCC4[C@H]3CC[C@@]21C,1.0,training
CC(C)(C)NC(=O)C1CN(Cc2cccnc2)CCN1C[C@@H](O)CC(Cc1ccccc1)C(=O)N[C@H]1c2ccccc2C[C@H]1O,1.0,training
CCN[C@H]1CN(CCCOC)S(=O)(=O)c2sc(S(N)(=O)=O)cc21,1.0,training
Cc1nnc2n1-c1ccc(Cl)cc1C(c1ccccc1)=NC2,1.0,training
CCC(=O)N(c1ccccc1)C1(COC)CCN(CCc2cccs2)CC1,1.0,training
CN(C)CCCOc1nn(Cc2ccccc2)c2ccccc12,1.0,training
O=C1Nc2ccc(Cl)cc2[C@@](C#CC2CC2)(C(F)(F)F)O1,1.0,training
COc1ccc(Cl)cc1C(=O)NCCc1ccc(S(=O)(=O)NC(=O)NC2CCCCC2)cc1,1.0,training
O=C1CCc2cc(OCCCCc3nnnn3C3CCCCC3)ccc2N1,1.0,training
CCN1CCC[C@H]1CNC(=O)c1c(OC)ccc(Br)c1OC,0.0,training
CCOC(=O)C(CCc1ccccc1)NC(C)C(=O)N1CCCC1C(=O)O,1.0,training
COc1ccc2c3c1OC1C(=O)CC[C@H]4[C@@H](C2)N(C)CC[C@]314,1.0,training
CCCN1CCCCC1C(=O)Nc1c(C)cccc1C,1.0,training
Cc1ccc(-c2cc(C(F)(F)F)nn2-c2ccc(S(N)(=O)=O)cc2)cc1,1.0,training
Cc1ccc(-c2nc3ccc(C)cn3c2CC(=O)N(C)C)cc1,1.0,training
C[C@@H]1C[C@H]2[C@@H]3CC=C4CC(=O)C=C[C@]4(C)[C@@]3(F)[C@@H](O)C[C@]2(C)[C@@]1(O)C(=O)CO,1.0,training
Clc1ccccc1CN1CCc2sccc2C1,1.0,training
CCOc1ccccc1OCCN[C@H](C)Cc1ccc(OC)c(S(N)(=O)=O)c1,1.0,training
Cc1ccccc1-n1c(C)nc2ccccc2c1=O,1.0,training
CCOC(=O)C(C)(C)Oc1ccc(Cl)cc1,1.0,training
CC(C)(Oc1ccc(CCNC(=O)c2ccc(Cl)cc2)cc1)C(=O)O,1.0,training
CCC(C)C(=O)O[C@H]1CCC=C2C=C[C@H](C)[C@H](CC[C@@H]3C[C@@H](O)CC(=O)O3)[C@H]21,0.0,training
C=C1CC[C@H](O)C/C1=C/C=C1\CCC[C@]2(C)[C@@H]([C@H](C)CCCC(C)C)CC[C@@H]12,1.0,training
COc1ccc2c3c1O[C@H]1[C@@H](O)CC[C@H]4[C@@H](C2)N(C)CC[C@@]341,1.0,training
CN=C1C[N+]([O-])=C(c2ccccc2)c2cc(Cl)ccc2N1,1.0,training
O=C1CC2(CCCC2)CC(=O)N1CCCCN1CCN(c2ncccn2)CC1,1.0,training
CN1CC(=O)N2C(Cc3c([nH]c4ccccc34)[C@H]2c2ccc3c(c2)OCO3)C1=O,1.0,training
COc1cc(C(C)=O)ccc1OCCCN1CCC(c2noc3cc(F)ccc23)CC1,1.0,training
CN(CCOc1ccc(NS(C)(=O)=O)cc1)CCc1ccc(NS(C)(=O)=O)cc1,1.0,training
C[C@]12C=CC(=O)C=C1CC[C@@H]1C2C(=O)C[C@@]2(C)[C@H]1CC[C@]2(O)C(=O)CO,1.0,training
C[C@]12CCC(=O)C=C1CC[C@@H]1[C@@H]2[C@@H](O)C[C@@]2(C)[C@H]1CC[C@]2(O)C(=O)CO,1.0,training
COC(=O)C1[C@H]2C[C@H]3c4[nH]c5ccccc5c4CCN3C[C@@H]2CC[C@@H]1O,1.0,training
O=C1NC(=O)C(c2ccccc2)(c2ccccc2)N1,1.0,training
COc1cccc([C@@]2(O)CCCC[C@@H]2CN(C)C)c1,1.0,training
COc1cc([C@@H]2c3cc4c(cc3[C@@H](O[C@@H]3O[C@@H]5CO[C@@H](c6cccs6)O[C@H]5[C@H](O)[C@H]3O)[C@H]3COC(=O)C23)OCO4)cc(OC)c1O,1.0,training
COc1cc2c(cc1OC)C(=O)C(CC1CCN(Cc3ccccc3)CC1)C2,1.0,training
C[C@]12CCC(=O)C=C1C1C[C@@H]1[C@H]1[C@@H]3[C@@H]4C[C@@H]4[C@@]4(CCC(=O)O4)[C@@]3(C)CC[C@@H]12,1.0,training
COc1cc(C(=O)NS(=O)(=O)c2ccccc2C)ccc1Cc1cn(C)c2ccc(NC(=O)OC3CCCC3)cc12,1.0,training
CCC(C)C(=O)O[C@H]1C[C@H](O)C=C2C=C[C@H](C)[C@H](CC[C@@H](O)C[C@@H](O)CC(=O)O)[C@H]21,1.0,training
CC(NC(C)(C)C)C(=O)c1cccc(Cl)c1,1.0,training
Cc1onc(-c2ccccc2)c1-c1ccc(S(N)(=O)=O)cc1,1.0,training
CCOC(=O)N1CCC(=C2c3ccc(Cl)cc3CCc3cccnc32)CC1,1.0,training
Cc1nc(C)c2c(n1)N(Cc1ccc(-c3ccccc3-c3nn[nH]n3)cc1)C(=O)CC2,1.0,training
OCCOCCN1CCN(C2=Nc3ccccc3Sc3ccccc32)CC1,1.0,training
C[C@]12CC[C@H](O)CC1=CC[C@@H]1[C@@H]2CC[C@]2(C)C(c3cccnc3)=CC[C@@H]12,1.0,training
COc1ccc(CCN2CCC(Nc3nc4ccccc4n3Cc3ccc(F)cc3)CC2)cc1,1.0,training
Cc1[nH]cnc1CN1CCc2c(c3ccccc3n2C)C1=O,1.0,training
CCN(CC)C(=O)N1CCN(C)CC1,0.0,training
CC(C(=O)O)c1ccc2c(c1)CC(=O)c1ccccc1S2,0.0,training
COC(=O)C1C=C2CC(=O)CC[C@]2(C)[C@@]23O[C@@H]2C[C@@]2(C)[C@@H](CC[C@@]24CCC(=O)O4)[C@H]13,1.0,training
C=C1C[C@@H]2[C@H](CC[C@]3(C)C(=O)CC[C@@H]23)[C@@]2(C)C=CC(=O)C=C12,1.0,training
CN(C)CCC=C1c2ccccc2C=Cc2ccccc21,1.0,training
COc1ccccc1Oc1c(NS(=O)(=O)c2ccc(C(C)(C)C)cc2)nc(-c2ncccn2)nc1OCCO,1.0,training
CC[C@H]1OC(=O)C(C)[C@@H](O[C@H]2C[C@@](C)(OC)[C@@H](O)[C@H](C)O2)[C@H](C)[C@@H](O[C@@H]2O[C@H](C)C[C@H](N(C)C)[C@H]2O)[C@](C)(O)C[C@@H](C)[C@@H]2N[C@@H](COCCOC)O[C@H]([C@H]2C)[C@]1(C)O,1.0,training
CCOc1ccccc1O[C@H](c1ccccc1)[C@H]1CNCCO1,1.0,training
Cc1cncc(CN2CCC(=C3c4ccc(Cl)cc4CCc4cccnc43)CC2)c1,1.0,training
C#C[C@]1(O)CC[C@H]2[C@@H]3CC=C4CC(=O)CCC4[C@H]3CC[C@@]21CC,1.0,training
CC[C@H]1OC(=O)C(C)[C@@H](O[C@H]2C[C@@](C)(OC)[C@@H](O)[C@H](C)O2)[C@H](C)[C@@H](O[C@@H]2O[C@H](C)C[C@H](N(C)C)[C@H]2O)[C@](C)(O)C[C@@H](C)CN(C)[C@H](C)[C@@H](O)[C@]1(C)O,1.0,training
NC(=O)OCC(COC(N)=O)c1ccccc1,1.0,training
CCC1C(=O)OC[C@@H]1Cc1cncn1C,1.0,training
O=C(CCCN1CCC(O)(c2ccc(Cl)cc2)CC1)c1ccc(F)cc1,1.0,training
Cc1c(O)cccc1C(=O)N[C@@H](CSc1ccccc1)[C@H](O)CN1C[C@H]2CCCC[C@H]2CC1C(=O)NC(C)(C)C,1.0,training
CC(C)CC1C(=O)N2CCC[C@H]2[C@]2(O)O[C@](NC(=O)C3C=C4c5cccc6[nH]c(Br)c(c56)C[C@H]4N(C)C3)(C(C)C)C(=O)N12,1.0,training
CCCCN1CCCCC1C(=O)Nc1c(C)cccc1C,1.0,training
CCCN(CCC)CCc1cccc2[nH]c(O)cc12,1.0,training
Cc1ncc2n1-c1ccc(Cl)cc1C(c1ccccc1F)=NC2,1.0,training
C[C@H]1O[C@@H](O[C@H]2[C@@H](O)C[C@H](O[C@H]3[C@@H](O)C[C@H](O[C@H]4CC[C@@]5(C)[C@H](CC[C@@H]6[C@@H]5CC[C@]5(C)[C@@H](C7=CC(=O)OC7)CC[C@]65O)C4)O[C@@H]3C)O[C@@H]2C)C[C@H](O)[C@@H]1O,1.0,training
COc1ccc2c3c1O[C@H]1C[C@@H](O)C=C[C@@]31CCN(C)C2,1.0,training
CC(C)N=C(N)N=C(N)Nc1ccc(Cl)cc1,1.0,training
CN(C/C=C/C#CC(C)(C)C)Cc1cccc2ccccc12,1.0,training
Cc1nnc2n1-c1ccc(Cl)cc1C(c1ccccc1Cl)=NC2,1.0,training
CCCCc1nc(Cl)c(CO)n1Cc1ccc(-c2ccccc2-c2nn[nH]n2)cc1,1.0,training
CC(c1ncncc1F)[C@](O)(Cn1cncn1)c1ccc(F)cc1F,1.0,training
CC#C[C@]1(O)CC[C@H]2C3=C(C4=C(CC3)CC(=O)CC4)C(c3ccc(N(C)C)cc3)C[C@@]21C,1.0,training
C[C@]12CC[C@@H]3c4ccc(O)cc4CC[C@H]3[C@@H]1CC[C@@H]2O,1.0,training
CN(C)CCC(c1ccc(Cl)cc1)c1ccccn1,1.0,training
CCOc1cc(CC(=O)N[C@@H](CC(C)C)c2ccccc2N2CCCCC2)ccc1C(=O)O,1.0,training
CC(C)CN(C[C@@H](O)[C@H](Cc1ccccc1)NC(=O)O[C@H]1CCOC1)S(=O)(=O)c1ccc(N)cc1,1.0,training
C[C@]12CC[C@H]3[C@@H](CC=C4CC(=O)CC[C@@]43C)[C@@H]1CC[C@@H]2O,1.0,training
Oc1cc2cc(CCN3CCN(c4nsc5ccccc45)CC3)c(Cl)cc2[nH]1,1.0,training
CN1CCN(C2=Nc3cc(Cl)ccc3Nc3ccccc32)CC1,1.0,training
CCN(CC)CCN1C(=O)CN=C(c2ccccc2F)c2cc(Cl)ccc21,1.0,training
O=c1[nH]c2ccccc2n1CCCN1CCC(n2c(=O)[nH]c3cc(Cl)ccc32)CC1,1.0,training
Cn1c(=O)c2[nH]cnc2n(C)c1=O,1.0,training
CN(C)CCCN1c2ccccc2CCc2ccccc21,1.0,training
CCCSc1ccc2[nH]c(NC(=O)OC)nc2c1,1.0,training
CN(C)CCC[C@@]1(c2ccc(F)cc2)OCc2cc(C#N)ccc21,1.0,training
Nc1ccc(S(=O)(=O)Nc2ncccn2)cc1,1.0,training
FCOC(C(F)(F)F)C(F)(F)F,1.0,training
CN1CC(C(=O)N[C@]2(C)O[C@@]3(O)[C@@H]4CCCN4C(=O)C(Cc4ccccc4)N3C2=O)C=C2c3cccc4[nH]cc(c34)C[C@H]21,1.0,training
COc1ccc2c3c1O[C@H]1[C@@H](O)C=C[C@H]4[C@@H](C2)N(C)CC[C@@]341,1.0,training
CCN(CC)C(=O)N[C@H]1C=C2c3cccc4[nH]cc(c34)C[C@H]2N(C)C1,1.0,training
CCCCCc1cc(O)c2c(c1)OC(C)(C)[C@@H]1CCC(C)=C[C@@H]21,1.0,training
COC(=O)C(c1ccccc1Cl)N1CCc2sccc2C1,1.0,training
CN[C@H]1CC[C@@H](c2ccc(Cl)c(Cl)c2)c2ccccc21,1.0,training
O=C1NC(c2ccccc2)(c2ccccc2)C(=O)N1COP(=O)(O)O,1.0,training
C#C[C@]1(O)CC[C@H]2[C@@H]3CC=C4CC(=O)CCC4[C@H]3C(=C)C[C@@]21CC,1.0,training
COCc1c(-c2ccc(F)cc2)c(=CC[C@@H](O)C[C@@H](O)CC(=O)O)c(C(C)C)nc1=C(C)C,1.0,training
CN1CC(C(=O)N[C@]2(C)O[C@@]3(O)[C@@H]4CCCN4C(=O)C(Cc4ccccc4)N3C2=O)C[C@@H]2c3cccc4[nH]cc(c34)C[C@H]21,1.0,training
Cc1nc2n(c(=O)c1CCN1CCC(c3noc4cc(F)ccc34)CC1)CCCC2,1.0,training
CCOc1ccc2c3c1O[C@H]1[C@@H](O)C=C[C@H]4[C@@H](C2)N(C)CC[C@@]341,1.0,training
N=C(N)N=C(N)NCCc1ccccc1,0.0,training
Nc1nc(-c2ccccc2)c(Br)c(=O)[nH]1,0.0,training
CCC(C)C(=O)O[C@H]1C[C@@H](C)C=C2C=C[C@H](C)[C@H](CC[C@@H]3C[C@@H](O)CC(=O)O3)[C@H]21,1.0,training
CC(C)C1CCC(C(=O)NC(Cc2ccccc2)C(=O)O)CC1,1.0,training
Fc1ccc(C(c2ccc(F)cc2)N2CCN(C/C=C/c3ccccc3)CC2)cc1,0.0,training
Cc1ncc([N+](=O)[O-])n1CCO,1.0,training
CC(C)C(=O)Nc1ccc([N+](=O)[O-])c(C(F)(F)F)c1,1.0,training
CCC[C@@]1(CCc2ccccc2)CC(=O)C([C@H](CC)c2cccc(NS(=O)(=O)c3ccc(C(F)(F)F)cn3)c2)C(=O)O1,1.0,training
CS(=O)(=O)OCCCCOS(C)(=O)=O,1.0,training
COCC(=O)O[C@]1(CCN(C)CCCc2nc3ccccc3[nH]2)CCc2cc(F)ccc2[C@@H]1C(C)C,1.0,training
CCN(CC)C(=S)SSC(=S)N(CC)CC,1.0,training
N=C(N)c1ccc(OCCCCCOc2ccc(C(=N)N)cc2)cc1,1.0,training
CN(C)CCOC1=Cc2ccccc2Sc2ccc(Cl)cc21,1.0,training
Cc1ccnc2c1NC(=O)c1cccnc1N2C1CC1,1.0,training
CN1CCC[C@@H]1Cc1c[nH]c2ccc(CCS(=O)(=O)c3ccccc3)cc12,1.0,training
COC(=O)C1[C@@H](OC(=O)c2ccccc2)C[C@@H]2CC[C@H]1N2C,1.0,training
OCCN1CCN(CCCN2c3ccccc3Sc3ccc(Cl)cc32)CC1,1.0,training
CC(C)(C)NC(=O)C1C[C@@H]2CCCC[C@@H]2CN1C[C@@H](O)[C@H](Cc1ccccc1)NC(=O)C(CC(N)=O)NC(=O)c1ccc2ccccc2n1,1.0,training
CCC(=O)N(c1ccccc1)C1(COC)CCN(CCn2nnn(CC)c2=O)CC1,1.0,training
Cc1cnc(NC(=O)C2C(=O)c3ccccc3S(=O)(=O)N2C)s1,1.0,training
CN1C(=O)C(O)N=C(c2ccccc2)c2cc(Cl)ccc21,1.0,training
O=C1CN=C(c2ccccc2Cl)c2cc([N+](=O)[O-])ccc2N1,1.0,training
C/C=C/C[C@@H](C)[C@@H](O)C1C(=O)NC(CC)C(=O)N(C)CC(=O)N(C)C(CC(C)C)C(=O)NC(C(C)C)C(=O)N(C)C(CC(C)C)C(=O)NC(C)C(=O)NC(C)C(=O)N(C)C(CC(C)C)C(=O)N(C)C(CC(C)C)C(=O)N(C)C(C(C)C)C(=O)N1C,1.0,training
CN1CCC[C@H]1c1cccnc1,1.0,training
Cn1cc[nH]c1=S,0.0,training
CCCc1nn(C)c2c(=O)[nH]c(-c3cc(S(=O)(=O)N4CCN(C)CC4)ccc3OCC)nc12,1.0,training
COc1ccc([C@@H]2Sc3ccccc3N(CCN(C)C)C(=O)C2OC(C)=O)cc1,1.0,training
CC(=O)OC1=C2C(C)[C@@H](OC(=O)C(O)C(NC(=O)c3ccccc3)c3ccccc3)C[C@@](O)([C@@H](OC(=O)c3ccccc3)[C@@H]3[C@]4(OC(C)=O)CO[C@@H]4C[C@H](O)[C@@]3(C)C1=O)C2(C)C,1.0,training
CN(C)Cc1nnc2n1-c1ccc(Cl)cc1C(c1ccccc1)=NC2,1.0,training
COc1cccc2c(O)c3c(c(O)c12)C(=O)C1=C(C[C@@](O)(C(=O)CO)C[C@@H]1O[C@H]1C[C@H](N)[C@H](O)[C@H](C)O1)C3=O,1.0,training
NC(=O)N1c2ccccc2C=Cc2ccccc21,1.0,training
CC(C)c1cccc(C(C)C)c1O,1.0,training
CCCN1C[C@H](CSC)C[C@@H]2c3cccc4[nH]cc(c34)C[C@H]21,1.0,training
CNCCC=C1c2ccccc2CCc2ccccc21,1.0,training
Cc1nnc2n1-c1sc(Br)cc1C(c1ccccc1Cl)=NC2,1.0,training
CC1c2cccc(O)c2C(=O)C2C(=O)[C@]3(O)C(=O)C(C(N)=O)C(=O)C(N(C)C)[C@@H]3[C@@H](O)[C@@H]21,1.0,training
C[C@]12C=CC(=O)N[C@@H]1CC[C@@H]1[C@@H]2CC[C@]2(C)C(C(=O)Nc3cc(C(F)(F)F)ccc3C(F)(F)F)CC[C@@H]12,1.0,training
O=C(O)Cc1ccccc1Nc1c(Cl)cccc1Cl,1.0,training
COC(F)(F)C(Cl)Cl,1.0,training
C[C@]12CC[C@H](O)CC1=CC[C@@H]1[C@@H]2CC[C@]2(C)C(=O)CC[C@@H]12,1.0,training
CCC(=O)NS(=O)(=O)c1ccc(-c2c(-c3ccccc3)noc2C)cc1,1.0,training
O=c1[nH]c2ccccc2n1C1CCN(CCCC(c2ccc(F)cc2)c2ccc(F)cc2)CC1,1.0,training
Cc1cnc(C(=O)NCCc2ccc(S(=O)(=O)NC(=O)NC3CCCCC3)cc2)cn1,1.0,training
