smiles_standarized,label,group
CC(=O)N[C@@H](Cc1cc(F)cc(F)c1)[C@H](O)CN[C@H]1CCOc2ccc(CC(C)(C)F)cc21,-4.0809221,training
Cc1nc(C)c(-c2ccc(C3CCC(CC(=O)O)CC3)cc2)nc1C(N)=O,-4.920818799999998,training
Cn1cc(NC(=O)c2cnn3ccc(NC4CCCCC4)nc23)c(C(F)(F)F)n1,-4.6382723,training
COC(=O)c1sccc1NC(=O)Cc1cccs1,-3.8416376,training
CNc1nc(Nc2cc(OC)c(C(=O)N3CCOCC3)cc2OC)ncc1C(F)(F)F,-5.3565474,training
CC(C)C(=O)NC1CCCOc2c1nn(-c1ccccc1Cl)c2-c1ccc(Cl)cc1,-5.1184359000000015,training
CC(C)S(=O)(=O)N[C@H]1Cc2ccc(-c3ccc(F)nc3)cc2C1,-3.1624115,training
N#Cc1ccnc(Nc2cc(C3CCN(C4COC4)CC3)n(C3CCC(F)(F)C3)n2)c1,-5.3767509,training
CC(N)C(=O)O,-2.4463952,training
Cn1cc(NC(=O)c2cnn3ccc(N[C@@H]4CCCC(F)(F)[C@@H]4N)nc23)c(C(F)F)n1,-4.5376019,training
NCCN(Cc1ccccc1)CC(O)c1cc(C(F)(F)F)nc2c(C(F)(F)F)cccc12,-5.042872,training
Cc1ccc(Nc2nc(-c3c(-c4ccccc4)noc3C)cs2)nc1,-5.0081415,training
CN1CC(N2CCc3cc(-n4ccc(OCc5ccccc5)cc4=O)ccc32)C1,-5.011366799999999,training
Cc1[nH]nc2cc(OCCNC[C@H](O)c3cccc(NS(C)(=O)=O)c3)ccc12,-5.6197886,training
COc1ccc(-c2cncc(-c3ccc(C(N)=O)cc3)c2)cc1,-5.0604806,training
CNCCC(Oc1ccc(C(F)(F)F)cc1)c1ccccc1,-5.19382,training
Cc1ccc(Nc2nc(-c3ccncc3)cs2)nc1,-4.4302211,training
C[C@H](NC(=O)CNC(=O)c1cccc(Cl)c1)c1ccccc1,-4.4948502,training
CCCC[C@]1(CC)CS(=O)(=O)c2cc(CNCC(=O)O)c(OC)cc2[C@@H](c2ccccc2)N1,-4.5686364,training
COc1cc(C)[nH]c(=O)c1CN1CCc2c(Cl)cc(-c3c(C)noc3C)c(Cl)c2C1=O,-4.9586072,training
N=C1COC[C@@](CF)(c2cccc(NC(=O)c3ccc(Br)cn3)c2)N1,-4.7212462,training
NC(=O)Nc1cn(-c2ccc(-c3ccc(O)c(F)c3)c(O)c2)nc1C(N)=O,-5.522878599999999,training
Cc1cc(C#N)cnc1C(=O)Nc1ccc(F)c([C@]2(C(F)F)COC(CF)(CF)C(=N)N2)c1,-4.468521099999999,training
Cn1cc(-c2cc(NS(C)(=O)=O)ccc2Oc2ccc(F)cc2Cl)c2cc[nH]c2c1=O,-4.9586072,training
CNC(=O)c1nc(-c2cccc(NS(=O)(=O)c3ccccc3)c2)cnc1N,-4.0,training
CC(C)Oc1cc(Oc2cnc(C(=O)N(C)C)c(F)c2)cc(-c2nc(=O)cc[nH]2)c1,-4.8860564,training
Nc1ncc(-c2ccc(Cl)c(S(=O)(=O)Nc3cccc(F)c3F)c2)c(OCC(F)(F)F)n1,-4.0,training
COc1ccc(-c2c3ccc(=[N+](C)C)cc-3sc3cc(N(C)C)ccc23)cc1,-4.1722388,training
COC1CC(n2c(=O)n(C)c3cnc4ccc(-c5ccc(OCCCN6CCCC6)nc5)cc4c32)C1,-5.6020598,training
O=c1cc(-c2ccc(Cl)cc2)ccn1-c1ccc2c(c1)CCN2C1CN(CCF)C1,-4.5302677000000005,training
N#CCC(=O)N1CCC[C@@H](n2[nH]nc3cnc4nccc4c32)C1,-5.4317985,training
C[C@H]1C[C@H]2CSC(=N)N[C@@]2(c2ccsc2)CO1,-4.8794260000000005,training
CNc1ccn2ncc(C(=O)Nc3cc(C)nn3-c3cccc(Cl)c3)c2n1,-4.821023,training
CC1C(=O)NN=C2COc3cc(-c4ccccc4F)c(N(C)C4(C)CN(C)C4)cc3N21,-4.8239088,training
COc1cc(-c2ccc(-n3cc(NC(N)=O)c(C(N)=O)n3)cc2C)ccc1O,-5.522878599999999,training
CC(C)(C)OC(=O)N1CCC2(CC1)CC2CNC(=O)c1cc2ccncc2o1,-4.8098941,training
O=C1CC(c2ccccc2)OC(=O)C1Nc1ccccc1Cl,-5.0484552,training
CC(C)(C)OC(=O)N1CCC2(CC1)CC2CNC(=O)N1Cc2ccncc2C1,-4.761439299999998,training
CC(C)N1CCN(C(=O)C2CC3(CCN(C4CCOCC4)CC3)C2)CC1,-5.4436975,training
COCCNc1nc2ccc(C#CC3(O)CCCCC3)cc2n1-c1ccnc(N)n1,-4.6536469,training
ON=C(O)C1[C@H](c2ccccc2)[C@H]1c1ccc2nc(C3CC3)cnc2c1,-3.5734887000000004,training
ON=C(NC1CCCCC1)c1cccnc1Oc1ccccc1,-4.3995395,training
N#Cc1cc(F)cc(Oc2ccc(S(=O)(=O)CF)c3c2CC(F)(F)[C@H]3O)c1,-4.5638375,training
COc1cc(-c2cc(C3[C@H]4CN(C5COC5)C[C@@H]34)n(C(C)C)n2)cnc1N,-5.167491,training
ON=C(O)C1[C@H](c2ccccc2)[C@H]1c1ccc(-c2cocn2)cc1,-3.331614,training
CCC(OC)c1cc(Cl)c2c(c1Cl)C(=O)N(Cc1c(C)cc(C)[nH]c1=O)CC2,-4.8047972,training
Cn1cc(NC(=O)c2ccc3ccc(N[C@@H]4CCCNC4)nn23)c(C(F)(F)F)n1,-4.4948502,training
Cc1c(Cc2ccc(-n3cccn3)cc2)cc(C(=O)N[C@H]2CCCC[C@@H]2O)c(=O)n1C,-4.6382723,training
O=C(C1C[C@H](N2CCN(c3ncccn3)CC2)CN1)N1CC(F)C1,-5.043304900000001,training
Fc1ccc(Oc2cncc3sc(-c4nn[nH]n4)cc23)cc1,-5.0409584,training
C[C@H]1CN(Cc2nc3ncccc3n2C)CC[C@H]1c1ccc(C(F)(F)F)cc1F,-4.5850267,training
CCOC(=O)N(Cc1ccccc1-c1ccccc1)[C@H]1CCNC1,-4.5070624000000015,training
CC(C)(O)CC1CCC(c2ccc(N3CCOc4ncnc(N)c4C3=O)cc2)CC1,-4.6382723,training
Nc1ncnc2c1C(=O)N(c1ccc(C3CCN(C(=O)c4ccccc4)CC3)cc1)CCO2,-4.7212462,training
CS(=O)(=O)Nc1c(Cl)ccc2c1CCCC2c1ncc[nH]1,-4.846252,training
Cc1ccc(OC2CCN(c3c(C#N)cnc4ccc(F)cc34)CC2)cn1,-4.5528421,training
CC(C)(C)OC(=O)N[C@@H]1CC[C@@H](n2cnc3cnc4[nH]ccc4c32)C1,-4.9507818,training
C=C[C@H]1CN2CC[C@H]1C[C@@H]2[C@@H](O)c1ccnc2ccc(OC)cc12,-4.7580128,training
CN(C)CCNC(=O)c1ccc(-c2cnc3ccc(NCC4CC4)nn23)cc1,-5.6777805999999975,training
COc1ccc(CC(=O)N2CCC3(CC2)CN([C@@H]2CCc4cc(-c5ncc(C)cn5)ccc42)C3)nc1,-4.869666099999999,training
C#Cc1cccc(Nc2ncnc3cc(OCCOC)c(OCCOC)cc23)c1,-4.787559,training
Cc1cc(CCn2cc(-c3cccnc3)nc2Cn2c(=O)n(C3CC3)c3ccncc32)no1,-5.3979402,training
Cc1cc(C)c(CN2CCc3c(Cl)cc([C@@H](CO)[C@@H]4CCOC4)c(Cl)c3C2=O)c(=O)[nH]1,-5.5531192,training
COC1CC(n2c(=O)n(C)c3cnc4cc(F)c(-c5ccc(NCCN(C)C)nc5)cc4c32)C1,-5.468521099999999,training
O=[N+]([O-])c1cn2c(n1)OCC(COc1ccc(-c3ccc(C(F)(F)F)cc3)nc1)C2,-4.040278,training
O=C(Cc1cccc2cnccc12)Nc1scc(Cl)c1-c1nc[nH]n1,-3.5686362000000003,training
C[C@@H]1OC[C@](c2cc(NC(=O)c3ccc(Br)cn3)ccc2F)(C(F)F)N=C1N,-4.6973472,training
CCN=C1NC(C(F)(F)F)C(S(=O)(=O)c2ccc(C(C)(O)C(F)(F)F)cc2)S1,-4.8666492,training
CC(C)Oc1cc(Oc2cnc(C(=O)N(C)C)nc2)cc(-c2nc(=O)cc[nH]2)c1,-5.1487417,training
CCNc1ncc2cc(-c3ccc(-c4cncc(C)n4)cc3Cl)c(=O)n(CCCCN)c2n1,-5.9586072,training
CC1(C)OCc2c(Nc3[nH]nc4ccccc34)nc(-c3cn[nH]c3)nc21,-5.1739254,training
CC(C)C(=O)N1CCC(c2cn(C)c3ncc(NC(=O)c4cccc(C#N)c4)c(C(F)(F)F)c23)CC1,-4.8794260000000005,training
C[C@H]1C[C@H]2CSC(=N)N[C@@]2(c2ncccc2F)CO1,-5.1191864,training
O=S(=O)(c1ccc2c(c1)CCNCC2)N1CC(Oc2cccc(Cl)c2)C1,-4.8098941,training
O=C(NCc1ccc(S(=O)(=O)C2CCOCC2)cc1)c1cc2ccncc2o1,-4.8873453,training
COc1nc(N)ncc1-c1ccc(Cl)c(S(=O)(=O)Nc2cccc(F)c2F)c1,-4.0,training
O=C(Nc1ccc(F)cn1)c1cc(Oc2cncc(F)c2)cn2ncnc12,-4.9413643,training
CC(C)Oc1ccc(C#N)cc1C(=O)N1Cc2cn(-c3ccccc3)nc2C1,-4.341797799999998,training
O=c1cc(OCc2ccccc2)ccn1-c1ccc2c(C3CN(CCF)C3)c[nH]c2c1,-5.0418782,training
Cc1ncc(-c2ccc([C@H]3C(C(O)=NO)[C@@H]3c3ccccc3)cc2)o1,-3.3372421,training
CN1C[C@@H]2C(CN(Cc3cccc(OC(F)(F)F)c3)C(=O)c3cn(C)cn3)[C@@H]2C1,-4.856985099999998,training
COc1cc(C(N)=O)nc(-c2cccc(C#C[C@]3(O)CCN(C)C3=O)c2)c1,-5.0629768,training
CCC(C)C(S)C(=O)NC(Cc1ccccc1-c1ccccc1)C(=O)O,-5.3010302000000005,training
CS(=O)(=O)c1ccc(Oc2cc(F)cc(C#N)c2)c2c1[C@H](O)C(F)(F)C2,-4.5257835,training
CC(C)Oc1cccc(CN2CC[C@]3(CNS(=O)(=O)N3c3cccc(F)c3)C[C@@H]2C)c1,-4.9913998,training
Cc1nc2c(s1)CCC2C(=O)Nc1ccc(C[C@@H]2CC[C@H]([C@H](O)c3cccnc3)N2)cc1,-4.7695513,training
CNCCCC12CCC(c3ccccc31)c1ccccc12,-5.229147900000001,training
Cc1cc(-c2ccc(-n3cc(NC(N)=O)c(C(N)=O)n3)cc2F)ccc1O,-5.522878599999999,training
Cn1cc(NC(=O)c2cnn3ccc(N4C[C@H](N)CC(F)(F)C4)nc23)c(C(F)(F)F)n1,-4.6020598,training
Cc1cccc(C)c1-c1ccc2[nH]c(=O)[nH]c2c1,-4.422636,training
NC(=O)Nc1cn(-c2ccc(-c3ccc(O)c(F)c3)cc2)nc1C(N)=O,-5.522878599999999,training
Cn1cc(NC(=O)c2ccc3cnc(N[C@@H]4CCCC[C@@H]4N)nn23)c(C(F)(F)F)n1,-4.5850267,training
CC(C)C(=O)N(Cc1ccccc1-c1ccccc1)[C@H]1CCNC1,-4.563049299999999,training
CN1C(=O)C2CN(S(=O)(=O)c3ccc4ocnc4c3)C[C@@H]2c2cnccc21,-4.6020598,training
Cc1cncc(-c2cc(Nc3ccn(C)n3)nc3[nH]cc(C#N)c23)c1,-5.6382723,training
O=C(NCCCNCc1cc(Cl)cc(Cl)c1)Nc1cccc(O)c1,-4.3092618,training
C[C@H]1C[C@H]2CSC(=N)N[C@@]2(c2nc(NC(=O)c3ccn(C(F)F)n3)cs2)CO1,-4.7878122,training
CC(C)S(=O)(=O)NCC1CC(c2ccc(-c3ccc(C#N)cc3)c(F)c2)=NO1,-4.7772837,training
O=C(NCc1ccc(S(=O)(=O)c2ccc(N3CCOCC3)nc2)cc1)c1cc2cnccc2[nH]1,-6.0,training
Cn1cc(-c2cc3[nH]nc(-c4cccc(S(N)(=O)=O)c4)c3cc2NC2CCCCC2)cn1,-5.5702477,training
C[C@@H](O)c1nc2cnc3[nH]ccc3c2n1C1CCC(NCC(F)F)CC1,-5.5528421,training
CC(=O)N[C@@H](Cc1cc(F)cc(F)c1)[C@H](O)CNC1(c2cccc(S(C)(=O)=O)c2)CCCCC1,-4.4436975,training
O=S(=O)(Nc1ncns1)c1cc(F)c(NCC23CCCN2CCC3)cc1F,-5.6989698,training
CC(C)[C@H](CO)NC(=O)CC1CCC(c2ccc(N3CCOc4ncnc(N)c4C3=O)cc2)CC1,-5.3979402,training
CC(C)n1cc(S(=O)(=O)c2ccc(CNC(=O)c3cc4cnccc4[nH]3)nc2)cn1,-5.4450420999999976,training
Cc1cc(O)ccc1-c1ccc(-n2cc(NC(N)=O)c(C(N)=O)n2)cc1,-5.522878599999999,training
O=S(=O)(c1ccccc1)c1cc(Nc2cc(C3CCCC3)[nH]n2)nc(NC2CCC(O)CC2)c1,-5.261439299999998,training
c1ccc2cc(-c3[nH]nnc3-c3ccncc3)ccc2c1,-3.8181565,training
Cc1nc2cnc3[nH]ccc3c2n1C1CCNCC1,-6.3979402,training
N#CN[C@H]1CCc2ccc(-c3ncnc4[nH]cc(-c5cccc(CO)c5)c34)cc21,-5.3979402,training
Nc1nc(C(=O)N2N=C3CCCC[C@@H]3[C@@]2(O)C(F)(F)F)cs1,-4.5086384000000015,training
COc1cc(-c2cnc3c(N4C[C@@H](C)O[C@@H](C)C4)snc3c2)ccc1N,-4.6210318,training
CC(=O)N1CCC(c2cc(Nc3cc(C#N)ccn3)nc(N3CCC(F)(F)C3)c2)CC1,-5.3010302000000005,training
C[C@H](Nc1nccc(Nc2cc(C3CC3)[nH]n2)n1)c1ccc2[nH]cnc2c1,-5.6066241,training
CCCC[C@]1(CC)CS(=O)(=O)c2cc(CS(=O)(=O)O)c(OC)cc2[C@@H](c2ccccc2)N1,-5.0457573,training
O=c1[nH]ccc2c(NC3CCCC3)ncnc12,-5.6020598,training
Cc1ccc(NS(=O)(=O)c2cc(C(=O)NCc3nc(C)no3)ccc2C)cc1,-4.6989698,training
COc1ccc(CC(=O)N2CCC3(CC2)CN([C@@H]2CCc4cc(-c5ncccn5)ccc42)C3)cc1,-4.8794260000000005,training
CN(C)c1ccc(-c2cc(-c3ccc(C(=O)N4CCCCC4)s3)cc(C(C)(C)C)[s+]2)cc1,-5.4089355,training
O=C(NCc1ccc(S(=O)(=O)c2cc(F)cc(F)c2)cc1)c1cc2ccncc2s1,-4.8239088,training
N[C@H]1CN(c2cc(N3CCC(F)(F)C3)ncn2)C[C@@H]1N1CC(F)(F)CCC1=O,-5.468521099999999,training
O=C(Nc1ccc2c(c1)N(S(=O)(=O)c1ccc(F)cc1)CCC2)c1c(F)cccc1Cl,-4.920818799999998,training
CCc1cc(C[C@@H]2CS(=O)(=O)C[C@H](NCc3cccc(C(C)C)c3)[C@H]2O)ccc1O,-4.5853481,training
COC1CC(n2c(=O)n(C)c3cnc4ccc(-c5ccc(OCCCN(C)C)nc5)cc4c32)C1,-5.1079054,training
COc1cc2nc(N3CCN(C(=O)c4ccco4)CC3)nc(N)c2cc1OC,-5.1159682,training
N#Cc1cc(F)cc(Oc2ccc(S(=O)(=O)C(F)F)c3c2CC(F)(F)[C@H]3O)c1,-4.5466819,training
COCCNC(=O)c1cn2c(Cl)c(-c3cnc(N)nc3)nc(N3CCOCC3)c2n1,-4.9546771,training
CCCn1cc(S(=O)(=O)c2ccc(CNC(=O)c3cnc4[nH]ncc4c3)cc2)cn1,-5.7212462,training
CNC(=O)c1nc(-c2ccc(Cl)c(S(=O)(=O)Nc3cccc(F)c3C)c2)cnc1N,-4.0,training
Cc1cc(C#N)cnc1C(=O)Nc1ccc(F)c([C@]2(C)COC(CF)(CF)C(=N)N2)c1,-4.8239088,training
Nc1ncnc2c1C(=O)N(c1ccc(C3CCC(CC(=O)N4CC[C@@H](O)C4)CC3)cc1)CCO2,-5.6989698,training
Nc1ncnc2c1C(=O)N(c1ccc(C3CCC(CCC(=O)O)CC3)cc1)CCO2,-5.3979402,training
COc1ccc(CC(=O)Nc2ccsc2-n2nccn2)cc1,-3.8239088,training
N#CCNC(=O)C(CCc1ccccc1)NC(=O)OCc1ccccc1,-3.5850911,training
C[C@@H]1CN(c2cccnc2F)C(=O)c2cc(COc3ccc(Cl)cn3)nn21,-4.324343700000001,training
CC(C)CN1CCC(S(=O)(=O)c2ccc(CNC(=O)c3cc4ccncc4o3)cc2)CC1,-4.7135644,training
CS(=O)(=O)Nc1ccc(OCC(=O)NCCNc2ccc(Cl)c(Cl)c2)cc1,-4.9720054000000005,training
CNC(=O)c1ccc(OC)c(C(=O)Nc2cccc(-c3nncn3C(C)C)n2)c1,-5.0087738,training
O=C(Nc1ccc(C[C@@H]2CC[C@H]([C@H](O)c3ccccc3)N2)cc1)C1CCc2scnc21,-4.6197886,training
COc1ccc(S(C)(=O)=O)cc1C(=O)Nc1cccc(-c2nncn2C(C)C)n1,-5.1023731,training
Cc1cc(-n2cc3c(n2)CN(C(=O)c2cc(C#N)ccc2O[C@@H](C)C(F)(F)F)C3)ccn1,-4.3115072,training
C[C@H](N)Cn1ncc2ccc(O)c(F)c21,-4.902729,training
O=C(O)c1csc(-n2nc(-c3ccccc3)c3ccc(C(F)(F)F)nc32)n1,-4.629487,training
O=c1n(-c2ccccn2)nc(-c2ccnc(NC3CCOCC3)c2)n1-c1ccc2ccccc2c1,-4.292429900000001,training
O=C(NCc1ccc(S(=O)(=O)c2cc(F)cc(F)c2)cn1)c1cc2ccncc2o1,-4.7795458,training
CN(C)CCCOc1ccc(-c2cc3c(cc2F)ncc2c3n(C3CCOCC3)c(=O)n2C)cn1,-5.1023731,training
CN=S(C)(=O)c1ccc(Nc2ncc(C(F)(F)F)c(N[C@@H]3CCC[C@H]3N(C)C)n2)cc1,-5.2682776,training
O=S(=O)(Nc1nccs1)c1cc(Cl)c(NCC23CCCN2CCC3)cc1F,-5.6989698,training
NC1CCC(CNc2nccc(Nc3cc(C4CC4)[nH]n3)n2)CC1,-6.0,training
CCNC(=O)CC1CCC(c2ccc(N3CCOc4ncnc(N)c4C3=O)cc2)CC1,-4.8860564,training
CC(C)n1nc(Cn2c(=O)c3ccccc3n2CCCCO)c2ccccc21,-4.4948502,training
CNC(=O)c1nc(-c2ccc(F)c(S(=O)(=O)Nc3ccccc3)c2)cnc1N,-4.0,training
O=C(NC[C@@H]1C[C@@H](F)CN1)c1ccc(-c2cnc3ccc(NC4CCC4)nn23)cc1F,-5.154902,training
COC1CC(n2c(=O)n(C)c3cnc4cc(F)c(-c5ccc(OCCCN(C)C)nc5)cc4c32)C1,-5.167491,training
Cn1cc(NC(=O)c2cnn3ccc(N[C@@H]4CCC(F)(F)C[C@@H]4N)nc23)c(C(F)(F)F)n1,-4.5850267,training
O=c1cc(-c2ccnc(NC3CCOCC3)n2)ccn1[C@H](CO)c1ccc(Cl)c(F)c1,-4.9469213,training
N#Cc1ccccc1[C@@H]1Cc2nccn2C1,-4.421574099999999,training
Cc1cc2c(cc1NC1CNC1)N1C(=NNC(=O)C1C)CO2,-6.5086384000000015,training
O=C(NC1CCCOc2c1nn(-c1ccccc1Cl)c2-c1ccc(Cl)cc1)c1ccno1,-5.4948502,training
Cn1cc(NC(=O)c2ccc3cnc(N[C@@H]4CCCNC4)nn23)c(C(F)F)n1,-4.5686364,training
O=C(NCc1ccc([S+]([O-])c2cc(F)cc(F)c2)cn1)c1cc2ccncc2o1,-4.784318,training
Cc1nc(C)c(-c2ccc(C3CCC(CC(N)=O)CC3)cc2)nc1C(N)=O,-4.7447276,training
O=C(NCCN1CCCC1)c1ccc(-c2cnc3ccc(NCC4CC4)nn23)cc1F,-5.251812,training
CC(=O)N[C@@H](Cc1cc(F)cc(F)c1)[C@H](O)CNC1(c2cccc(C(C)(C)C)c2)CC1,-4.3010302000000005,training
COc1cc(C(F)(F)F)ccc1-c1cccc2cc(S(=O)(=O)Nc3ncns3)ccc12,-4.7695513,training
Cc1cccc(-c2nnc(SCC(=O)c3ccc(O)cc3O)n2-c2ccccc2)c1,-4.7718167000000005,training
CC(=O)N[C@@H](Cc1cc(F)cc(F)c1)[C@H](O)CNC1(c2cccc(C(C)(CF)CF)c2)CC1,-3.774690600000001,training
CN1CCN(C2=Nc3cc(Cl)ccc3Nc3ccccc32)CC1,-4.5482135,training
CCC1C(=O)N(C)c2cnc(-c3c[nH]nc3-c3nccs3)nc2N1c1cn[nH]c1,-4.180456200000001,training
NC(=O)Nc1cn(-c2ccc(-c3ccc(O)c(O)c3)cc2)nc1C(N)=O,-5.522878599999999,training
O=C(Nc1ccc(S(=O)(=O)c2cccc(OC(F)(F)F)c2)cc1)C1C[C@H]1c1cccnc1,-5.1307683,training
CCN1C[C@H]2CC(N(Cc3cccc(OC(F)(F)F)c3)C(=O)c3cn(C)cn3)C[C@H]2C1,-4.522878599999999,training
COCc1ccc(-c2cc3c(N[C@@H](C)c4nn(C)cc4C)c(C(N)=O)cnc3cc2F)cn1,-5.5686364,training
Cn1cc(NC(=O)c2cnn3ccc(N[C@@H]4CCCC[C@@H]4O)nc23)c(C(F)(F)F)n1,-4.5850267,training
CC(C)c1[nH]nc2cc(OCCNC[C@H](O)c3cccc(NS(C)(=O)=O)c3)ccc12,-5.387216099999999,training
CS(=O)(=O)c1ccc(-c2cccc(F)c2)c(C(=O)N2Cc3cn(-c4cncc(F)c4)nc3C2)c1,-4.5318561,training
COc1ccc(CC(=O)Nc2ccsc2-c2cn(C)cn2)cc1,-4.154902,training
Cn1cc(NC(=O)c2cnn3ccc(N[C@@H]4CCCCNC4)nc23)c(C(F)F)n1,-4.7447276,training
CCCCCC(C)NCc1coc(-c2ccc(OCC)cc2)n1,-4.6687155,training
CC(CNC1CCCCC1)NCC(O)c1cc(C(F)(F)F)nc2c(C(F)(F)F)cccc12,-5.0177288,training
Cc1ccc(S(=O)(=O)c2ccc(CNC(=O)c3cc4ccncc4o3)nc2)cn1,-4.9269357000000005,training
ON=C(O)[C@]1(F)[C@H](c2ccccc2)[C@H]1c1ccc(-c2ncc(OC(F)F)cn2)cc1,-3.7166989,training
Cc1cn2cc(CC(=O)N3CCC4(CC3)CN([C@@H]3CCc5cc(-c6ncccn6)ccc53)C4)nc2s1,-4.9586072,training
Cn1cnc(C(=O)N(Cc2cccc(OC(F)(F)F)c2)C2C[C@H]3CNC[C@H]3C2)c1,-5.9586072,training
CCN1C[C@H]2CC(N(Cc3ccc(F)c(C(F)(F)F)c3)C(=O)c3cn(C)cn3)C[C@H]2C1,-4.8386321,training
COc1cc2ncnc(N(C)C)c2cc1OCCc1ccc2ccccc2n1,-4.7212462,training
CC[C@@H](O)c1nc2cnc3[nH]ccc3c2n1C1CCCCC1,-4.6575775,training
CCCCC(=O)Oc1c(O)ccc(C=NNC(=O)CCCCc2ccc(O)cc2)c1O,-4.6020598,training
Nc1ncc(-c2cc[nH]c(=O)c2)cc1-c1ccc(Cl)cc1,-4.8041005,training
C[C@H]1[C@@H](O)O[C@@H]2O[C@]3(C)CC[C@H]4[C@H](C)CC[C@@H]1[C@@]24OO3,-4.576817,training
Cc1cnc(NS(=O)(=O)c2cc(Cl)c(NCC34CCCN3CCC4)cc2F)s1,-5.0457573,training
Cn1cc(NC(=O)c2cnn3ccc(CCCN)nc23)c(C(N)=O)n1,-5.6989698,training
OCc1nc2cnc3[nH]ccc3c2n1C1CCCCC1,-4.6197886,training
CNC(=O)c1nc(-c2ccc(Cl)c(S(=O)(=O)Nc3ccc(Cl)cc3)c2)cnc1N,-4.0,training
O=C(NCc1ccc(S(=O)(=O)c2ccccc2)cc1)N1Cc2ccncc2C1,-5.0809221,training
NC(=O)Nc1cn(-c2ccc(-c3ccc(O)cc3)c(Cl)c2)nc1C(N)=O,-5.522878599999999,training
CN(C)S(=O)(=O)N(Cc1ccccc1-c1ccccc1)[C@H]1CCNC1,-4.468521099999999,training
N=C1COCC(c2cc(NC(=O)c3ccc(Br)cn3)c(F)cc2F)(C(F)F)N1,-4.8239088,training
O=C(COc1cccc2cccnc12)Nc1ccccc1N1CCOCC1,-4.4317985,training
Cn1nccc1-c1nc(Nc2[nH]nc3ccccc23)c2c(n1)C(C)(C)OC2,-4.8894105,training
NC(=O)Nc1cn(-c2ccc(-c3ccc(O)cc3)cc2)nc1C(N)=O,-5.522878599999999,training
Cn1cc(NC(=O)c2csc3ncc(N[C@@H]4CCCNC4)nc23)c(C(F)F)n1,-4.6020598,training
O=C(NCc1ccc(S(=O)(=O)c2ccc(N3CCOCC3)nc2)cc1)c1ccc2nccn2c1,-5.522878599999999,training
CC(CNC1CCC1)NCC(O)c1cc(C(F)(F)F)nc2c(C(F)(F)F)cccc12,-4.9829664000000005,training
CCNc1ncc2cc(-c3ccc(-c4cncc(C)n4)cc3Cl)c(=O)n(CCCO)c2n1,-4.677780599999998,training
N#CCNC(=O)C(CN1CCCc2ccccc21)NC(=O)OCc1ccccc1,-3.5657012000000003,training
CC(C)n1nc(Cn2nc3c(c2CCCCO)CCCC3)c2ccccc21,-4.920818799999998,training
O=C(NOCCO)c1ccn2cncc2c1Nc1ccc(I)cc1F,-4.7721205,training
COC12CC3CC(C1)C(NC(=O)c1cnn4cc(C)cnc14)C(C3)C2,-4.309804,training
COc1ccc(CC(=O)N2CCC3(CC2)CN([C@@H]2CCc4cc(-c5ncccn5)ccc42)C3)nc1,-4.8538718,training
CSCCCNCC(O)c1cc(C(F)(F)F)nc2c(C(F)(F)F)cccc12,-4.4202166,training
O=C(NCc1ccc(S(=O)(=O)c2cccc(C(F)(F)F)c2)cn1)c1cc2ccncc2o1,-4.7453985,training
C[C@@H](O)c1nc2cnc3[nH]ccc3c2n1C1CCC(CC#N)CC1,-5.3828678,training
CC(C)c1[nH]nc2c(=O)[nH]c(CC3CCCC[C@H]3NC(=O)CN3CCCC3)nc12,-6.3010302000000005,training
CNCCC(Oc1ccccc1C)c1ccccc1,-4.8041005,training
NC(=O)c1cccc(OC2C[C@H]3CC[C@@H](C2)N3CC2CCCCC2)c1,-4.0809221,training
ON=C(O)C1[C@H](c2ccccc2)[C@H]1c1ccc(-c2ncc(F)cn2)cc1,-3.5316527,training
CC(C)c1cccc(CN[C@H]2CS(=O)(=O)C[C@@H](Cc3ccc(O)c(CO)c3)[C@@H]2O)c1,-5.1338029,training
Cc1cc(C#N)cnc1C(=O)Nc1ccc(F)c([C@]2(CF)COC(CF)(CF)C(=N)N2)c1,-4.6197886,training
COc1cc(C(=O)N2CCOCC2)ccc1Nc1ncc(Cl)c(OC)n1,-5.0861859,training
N#Cc1c(C(F)(F)F)nc2cc[nH]c2c1N1CCC2(CCNC2=O)CC1,-4.8538718,training
CN1CCN(C2=Nc3ccccc3Oc3ccc(Cl)cc32)CC1,-4.7399287,training
COCc1nn(C)cc1NC(=O)c1cnn2ccc(N[C@@H]3CCCC[C@@H]3N)nc12,-5.6989698,training
CN1C(=O)C2CN(S(=O)(=O)c3ccc4c(c3)OCO4)CC2c2cc(O)ccc21,-4.7447276,training
C[C@H]1C2C(=O)N(C)c3ccncc3[C@H]2CN1S(=O)(=O)c1ccc2c(c1)OCO2,-4.365522900000001,training
COc1cc(-c2cc(C3CCN(C4COC4)CC3)n(C(C)C)n2)cnc1N,-5.2757239,training
COc1cc(-c2cnc3c(N4CCNC(=O)C4)snc3c2)ccc1N,-4.4399905,training
Cn1cc(NC(=O)c2cnn3ccc(N[C@@H]4CCCC(F)(F)[C@@H]4N)nc23)c(C(F)(F)F)n1,-4.5376019,training
C[C@H]1Oc2cc(cnc2N)-c2c(nn(C)c2C#N)CN(C)C(=O)c2ccc(F)cc21,-4.6336422,training
Cn1cc(NC(=O)c2ccc3ccc(N[C@@H]4CCCC[C@@H]4N)nn23)c(Cl)n1,-4.6382723,training
COc1ccc(/C=C2\CNC/C(=C\c3ccc(OC)c(OC)c3)C2=O)cc1OC,-4.8570638,training
O=S(=O)(c1ccc(Oc2cncc(Cl)c2)c2c1[C@H](O)C(F)(F)C2)C(F)F,-4.5543957000000015,training
Nc1ncc(C(=O)NC2CC(O)C2)c2ccc(-c3cccc(F)c3)nc12,-4.995678400000001,training
O=C1/C(=C/c2cccc(O)c2)CNC/C1=C\c1cccc(O)c1,-4.922321299999999,training
CCC(CO)c1cc(Cl)c2c(c1Cl)C(=O)N(Cc1c(C)cc(C)[nH]c1=O)CC2,-4.9625735,training
COCc1c(Cl)ccc2c1CC[C@H]2c1ncc[nH]1,-4.420818799999998,training
CS(=O)(=O)c1cccc(S(=O)(=O)c2ccc(NC(=O)C3C[C@H]3c3cccnc3)cc2)c1,-5.5686364,training
Cc1cc(-c2c(Cl)cncc2OC(F)F)cc2cc(O)[nH]c12,-4.3244886,training
Cc1ccc(Cn2c(=O)[nH]c3c(N)nc(C(F)(F)F)cc32)cn1,-4.9269361,training
COc1cccc(OC)c1C1CCCC(=O)N1Cc1ccc2ccccc2n1,-4.1992831,training
COc1cc(Cl)ccc1O[C@@H](c1ccccc1)[C@H]1CCNC1,-5.221849,training
Cc1cc([C@](C)(O)C#Cc2cc3c(cc2F)C2CC(C2)n2cc(C(N)=O)nc2-3)no1,-4.995678400000001,training
CNC(=O)c1nc(-c2cccc(S(=O)(=O)Nc3ccccc3)c2)cnc1N,-4.0,training
O=C(Nc1ccc(S(=O)(=O)c2ccccc2)cc1)C1C[C@H]1c1cccnc1,-4.6197886,training
COCc1ccc(-c2cc3c(cc2F)ncc2c3n(C3CC(OC)C3)c(=O)n2C)cn1,-4.4865294,training
CC(C)(C)NCCNCC(O)c1cc(C(F)(F)F)nc2c(C(F)(F)F)cccc12,-4.9507818,training
N#Cc1ccnc(Nc2nc(C3CC3)c(C3CCN(C4COC4)CC3)s2)c1,-4.8124795,training
CCC(CC)Oc1cc(Oc2cnc(C(=O)N(C)C)nc2)cc(-c2nc(=O)cc[nH]2)c1,-4.7695513,training
Cc1cncc(-c2cc3c(-c4cccc(N5CCCNCC5)n4)[nH]nc3cn2)n1,-5.4948502,training
CC(C)(C)c1cccc(CN[C@H]2C[S+]([O-])CC(Cc3cc(O)c(N)c(F)c3)[C@@H]2O)c1,-4.0457573,training
CC(Oc1ccc2c(c1)OCCn1cc(-c3ncnn3C(C)C)nc1-2)C(N)=O,-4.8860564,training
CC(C)(C)OC(=O)N1CCC2(CC1)CC2CNC(=O)NCc1cccnc1,-4.7827153,training
Cn1cc(NC(=O)c2cnn3ccc(N4CCNCC4)nc23)c(C(F)(F)F)n1,-4.5376019,training
Cc1ccc(C(=O)N2N=C3CCCC[C@@H]3[C@@]2(O)C(F)(F)F)cn1,-4.3625102,training
O=C1CC(c2ccccc2)CC(=O)C1Oc1ccccc1Cl,-4.8772435,training
Cc1cc(OC(F)F)cnc1C(=O)Nc1csc([C@]23CO[C@@H](C)C[C@H]2CSC(=N)N3)n1,-4.8927898,training
CNC(=O)c1nc(-c2ccc(Cl)c(S(=O)(=O)Nc3cccc(C)c3)c2)cnc1N,-4.0,training
Nc1ncc(-c2cc(C3[C@H]4CN(C5COC5)C[C@@H]34)n(CC3CCC3)n2)cc1C(F)(F)F,-5.142667299999999,training
CN(C)CCC=C1c2ccccc2CCc2ccccc21,-5.0087738,training
CNC(=O)c1nc(-c2ccc(Cl)c(S(=O)(=O)Nc3ccccc3Cl)c2)cnc1N,-4.0,training
Cc1cnc(-c2ccc([C@@H]3[C@@H](c4ccccc4)[C@@]3(F)C(O)=NO)cc2)nc1,-3.4329736000000004,training
O=C(c1ccc(-n2nnc3cccnc32)cc1)N(c1ncccc1Cl)[C@@H]1CCCNC1,-4.8239088,training
CNC(=O)c1c(C(N)=O)nc2n1CCOc1ccc(C#C[C@@](C)(O)c3cc(C)on3)cc1-2,-5.124939,training
CN1C[C@@H]2C(CN(Cc3cccc(Cl)c3)C(=O)c3cn(C)cn3)[C@@H]2C1,-4.850781,training
CN1C[C@H]2CC(N(Cc3cccc(OC(F)(F)F)c3)C(=O)c3cn(C)cn3)C[C@H]2C1,-4.6675615,training
N#CC1(c2ccccn2)CCN(Cc2cc(C(=O)NC3CCCCC3)c(=O)n3ccccc23)CC1,-4.5528421,training
O=C(CCCCc1ccc(O)cc1)NN=Cc1ccc(O)c(O)c1O,-4.9586072,training
CN1C(=O)C2CN(S(=O)(=O)c3ccc4c(c3)OCO4)C[C@@H]2c2ncccc21,-4.3467875,training
CC(=O)N[C@@H](Cc1cc(F)cc(F)c1)[C@H](O)CNC1(c2cccc(-n3nccn3)c2)CCCCC1,-4.3467875,training
Cc1[nH]c2c(N3CCC(O)CC3)c(C#N)c(C(F)(F)F)nc2c1Cl,-5.0,training
COc1ccc(Cl)cc1OC1CN(S(=O)(=O)c2ccc3[nH]c(=O)oc3c2)C1,-4.4089355,training
Cc1cc(-n2cc3c(n2)CN(C(=O)c2cc(C#N)ccc2-c2cccc(F)c2)C3)ccn1,-4.380075,training
COC1CC(n2c(=O)n(C)c3cnc4cc(F)c(-c5ccc(CO)nc5)cc4c32)C1,-4.5376019,training
CC(C)n1cc(S(=O)(=O)c2ccc(CNC(=O)c3cc4ccncc4o3)cc2)cn1,-4.8699641,training
Fc1ccc(-c2cncnc2)c(C2Cc3nccn3C2)c1,-4.438728299999998,training
Nc1ncnc2c1C(=O)N(c1ccc(C3CCC(CC(=O)N4CCCC4)CC3)cc1)CCO2,-4.6197886,training
COc1cccc(Cl)c1-c1ccc2[nH]c(=O)[nH]c2c1,-4.4430285000000005,training
Cc1ccc(N2CCN(Cc3cc(C(=O)N[C@H]4CCCC[C@@H]4O)c(=O)n4ccccc34)CC2)nc1,-4.6382723,training
CN(C)c1ccc2c(-c3ccc(C(=O)N4CCCCC4)s3)c3ccc(=[N+](C)C)cc-3sc2c1,-5.1135092,training
Cc1cc2nc(C(F)(F)F)c(C#N)c(N3CCC4(CCNC4=O)CC3)c2[nH]1,-4.7695513,training
CCCc1cc(C[C@@H]2CS(=O)(=O)C[C@H](NCc3cccc(C(C)C)c3)[C@H]2O)ccc1O,-5.060739,training
Cc1cc(-n2cc(NC(N)=O)c(C(N)=O)n2)ccc1-c1ccc(O)c(C)c1C,-5.522878599999999,training
CCCC[C@]1(CC)CS(=O)(=O)c2cc(CCP(=O)(O)O)c(OC)cc2[C@@H](c2ccccc2)N1,-4.920818799999998,training
CC(C)n1nc(-c2cnc(N)c(C(F)(F)F)c2)cc1C1[C@H]2CN(CC3COC3)C[C@@H]12,-4.8268137000000015,training
CCNc1nc(Nc2cc(OC)c(C(=O)N3CCOCC3)cc2Cl)ncc1C(F)(F)F,-5.0757518,training
O=S(=O)(Nc1nccs1)c1cc(Cl)c(NC[C@]23CCCN2C[C@@H](F)C3)cc1F,-4.9586072,training
COc1ccc(-c2cc(C(F)F)n3ncc(C(=O)Nc4cc(Cl)ccc4O)c3n2)cc1,-4.7112541,training
N#CCNC(=O)C(Cc1c[nH]cn1)NC(=O)OCc1ccccc1,-4.9120412,training
O=c1[nH]nc(-c2ccnc(NC3CCOCC3)c2)n1-c1ccc2cc(F)ccc2c1,-4.1366773,training
CNC(=O)c1nc(-c2ccc(Cl)c(S(=O)(=O)Nc3ccc(F)cc3Cl)c2)cnc1N,-4.0,training
CCC(C)C(S)C(=O)NC(Cc1cccc(Oc2ccccc2)c1)C(=O)O,-5.3010302000000005,training
NC(=O)c1ccc(C(=O)NC2CC3CCC(C2)N3c2ccc(C(=O)C3CC3)cn2)cc1NCC1CC1,-3.2984321000000003,training
CCCCc1cc(OC2CCN(CCCCNS(=O)(=O)CC)CC2)c2ncccc2c1,-4.283996599999999,training
ON=C(O)C1[C@H](c2ccccc2)[C@H]1c1ccnc(C(F)(F)F)c1,-3.6989701,training
Cc1nc(C)c(-c2ccc3c(c2)CCC32CCC(CC(=O)O)CC2)nc1C(N)=O,-4.920818799999998,training
C=C(C)[C@@H]1CCC(C)=C[C@H]1c1c(O)cc(CC2CN(C(=O)OCC)C2)cc1O,-4.9586072,training
NCCNCC(O)c1cc(C(F)(F)F)nc2c(C(F)(F)F)cccc12,-5.5086384000000015,training
CC(=O)N1CCN(c2ccc(CN(C3CCC3)S(=O)(=O)Cc3ccccc3)cc2)CC1,-4.6197886,training
Cn1ncc2c(Oc3ccc(S(C)(=O)=O)cc3)cc(-c3cccc4[nH]ncc34)nc21,-5.3889022,training
COc1ccc(-c2ccc(-n3cc(NC(N)=O)c(C(N)=O)n3)cc2C)cc1C,-5.522878599999999,training
COc1cc(C(=O)N2CCOCC2)ccc1Nc1ncc(Br)c(OC)n1,-5.251812,training
CCCCNCC(O)c1cc(C(F)(F)F)nc2c(C(F)(F)F)cccc12,-4.6020598,training
NC(=O)c1ccc(-c2cc(-c3ccc(Cl)cc3)ccn2)cc1,-5.3565474,training
NC(=O)c1cncc(OCc2cccc(NC(=O)c3ccncc3)c2)c1,-4.8583493,training
CC(C)c1cccc(CN[C@H]2CS(=O)(=O)C[C@@H](Cc3ccc(O)c(Br)c3)[C@@H]2O)c1,-4.7200465,training
COc1ccc(CC(=O)N2CCC3(CC2)CN([C@@H]2CCc4cc(-c5nccc(C)n5)ccc42)C3)nc1,-5.0,training
N=C1NC2CCC(OC(=O)c3cccc(Cl)c3)CC2CS1,-5.142667299999999,training
Cn1cnc(-c2cnc(N)c(O[C@@H]3CN(C(=O)Cc4ccc(OC(F)(F)F)cc4)C[C@H]3F)c2)c1,-4.7135644,training
O=C(NOCCO)c1ncc2cncn2c1Nc1ccc(I)cc1F,-4.7797027000000005,training
N#CCCN1CCC(n2cnc3cnc4[nH]ccc4c32)CC1,-5.0861859,training
Cc1nc2cnc3[nH]ccc3c2n1[C@H]1CCC[C@@H](O)C1,-5.2323532,training
Cc1nc2c3ccccc3nc(SCc3cn4ccccc4n3)n2n1,-4.3979402,training
COc1cccc(-c2c3ccc(=[N+](C)C)cc-3sc3cc(N(C)C)ccc23)c1,-4.0006304,training
ON=C(O)C1[C@H](c2ccccc2)[C@H]1c1ccc(-c2cnco2)cc1,-3.3545778,training
Cc1cc(CC(=O)Nc2ccn(Cc3ccc(C#N)cn3)n2)ccc1OC(F)(F)F,-4.3760133,training
ON=C(O)C1[C@H](c2ccccc2)[C@H]1c1ccnc(C2CC2)c1,-3.5951662000000004,training
COc1cc(Cl)cc(CNCCCNC(=O)Nc2ccccc2)c1,-3.980293,training
CCN1C[C@@H]2C(CN(Cc3cccc(OC(F)(F)F)c3)C(=O)c3cn(C)cn3)[C@@H]2C1,-4.9172144,training
O=C(Nc1ccc(OC2CCC(C(=O)O)CC2)cc1)c1nnc(Nc2cc(F)c(F)cc2F)o1,-4.9586072,training
CNC(=O)c1nc(-c2ccc(Cl)c(S(=O)(=O)Nc3ccc(Cl)cc3Cl)c2)cnc1N,-4.0,training
CC(C)c1[nH]nc2c(=O)[nH]c(Cc3ccccc3OCCN3CCOCC3)nc12,-4.8239088,training
CC(C)N(C)CCNCC(O)c1cc(C(F)(F)F)nc2c(C(F)(F)F)cccc12,-5.0443125,training
CC(C)(C)OC(=O)N1CCC2(CC1)CC2CNC(=O)c1cc2cnccc2[nH]1,-4.8388901,training
Cc1cc2c(s1)Nc1ccccc1N=C2N1CCN(C)CC1,-4.8041005,training
Cc1cc(O)ccc1-c1ccc(-n2cc(NC(N)=O)c(C(N)=O)n2)cc1C,-5.522878599999999,training
Cc1cccc(C(=O)N2N=C3CCCC[C@@H]3[C@@]2(O)C(F)(F)F)c1O,-4.5003128,training
Cc1cc(CC(=O)Nc2ccn(Cc3ccc(C#N)cn3)n2)ccc1OCCC(F)(F)F,-4.471547599999999,training
COC1CCC(n2c([C@@H](C)O)nc3cnc4[nH]ccc4c32)CC1,-5.1739254,training
Cn1cc(NC(=O)c2cnn3ccc(N[C@@H]4CCCC[C@@H]4N)nc23)c(C(F)(F)F)n1,-4.7958798,training
Cc1cc(CO)ccc1C(=O)NC1CC2CCC(C1)N2c1ccc(C(=O)NCc2ccccc2)cn1,-4.522878599999999,training
Nc1ncnc2c1C(=O)N(c1ccc(C3CCC(CC(=O)NC4CCCC4)CC3)cc1)CCO2,-4.6575775,training
O=C(c1cccnc1)N1N=C2CCOC[C@@H]2[C@@]1(O)C(F)(F)F,-4.5346169000000005,training
Cc1nc(C)c(-c2ccc(C3CCC(Cc4nn[nH]n4)CC3)cc2)nc1C(N)=O,-5.4317985,training
CNCC(O)c1cc(C(F)(F)F)nc2c(C(F)(F)F)cccc12,-4.6197886,training
CC(C)n1nc(-c2cnc(N)c(Cl)c2)cc1C1CCN(C2COC2)CC1,-5.3767509,training
Cc1cc(-c2cc(Nc3ccn(C)n3)nc3[nH]cc(C#N)c23)ccn1,-5.6020598,training
COc1cc(Cl)ccc1O[C@@H](c1ccccc1)[C@@H]1CNCCO1,-4.5567546,training
Cc1cc(C)c(CN2CCc3c(Cl)cc([C@@H](C)CO)c(Cl)c3C2=O)c(=O)[nH]1,-4.8652434,training
Cn1cnc(C(=O)N(Cc2cccc(OC(F)(F)F)c2)C2C[C@@H]3CN(CC(C)(C)O)C[C@@H]3C2)c1,-4.7520266,training
Clc1ccc(Oc2cncc3sc(-c4nn[nH]n4)cc23)cc1,-4.9586072,training
CNc1nc(Nc2cc(OC)c(C(=O)N3CCOCC3)cc2Cl)ncc1C(F)(F)F,-4.9829664000000005,training
CN(C)CCCOc1ccc(-c2ccc3ncc4c(c3c2)n([C@@H]2CCCOC2)c(=O)n4C)cn1,-5.156013,training
CC(=O)N[C@@H](Cc1cc(F)cc(F)c1)[C@H](O)CNC1(c2cccc(C(C)(C)C(F)F)c2)CC1,-3.9136403,training
O=c1cc2c(nn1Cc1ccccc1)CCNCC2,-4.6020598,training
CC1(OC(=O)N2CCC3(CC2)CC3CNC(=O)N2Cc3ccncc3C2)CCC1,-4.8723636,training
Cn1cc(-c2cc(NS(C)(=O)=O)ccc2OC2CCC(F)(F)CC2)c2cc[nH]c2c1=O,-4.920818799999998,training
CCCOc1cc(C[C@@H]2CS(=O)(=O)C[C@H](NCc3cccc(C(C)(C)C)c3)[C@H]2O)cc(F)c1N,-4.154902,training
O=C(NCc1ccc(S(=O)(=O)C2CCN(C3CCOCC3)CC2)cc1)c1cc2ccncc2o1,-5.3098941,training
OCc1cc([C@@H](O)CNCCCCCCOCCOCc2c(Cl)cccc2Cl)ccc1O,-4.468521099999999,training
ON=C(O)C1[C@H](c2ccccc2)[C@H]1c1ccc2nccnc2c1,-3.4736607000000004,training
CCN1CCC(n2c([C@@H](C)O)nc3cnc4[nH]ccc4c32)C(F)(F)C1,-4.8239088,training
c1ccc(Nc2nc3c(s2)CCCc2[nH]ncc2-3)nc1,-4.7529225,training
O=C(NCc1ccc(S(=O)(=O)c2cnc3ccccc3c2)cc1)c1cnc2[nH]ncc2c1,-5.7958798,training
CC(C)c1cccc(CN[C@H]2CS(=O)(=O)C[C@@H](Cc3ccc(O)cc3)[C@@H]2O)c1,-4.738778099999998,training
CCS(=O)(=O)Nc1ccc(Oc2ccccc2)c(-c2cn(C)c(=O)c3[nH]ccc23)c1,-4.6575775,training
CN1CCC(S(=O)(=O)c2ccc3nc(NC(=O)NC(=O)c4ccccc4Cl)sc3c2)CC1,-4.7695513,training
Cn1cc(NC(=O)c2ccc3cnc(N[C@@H]4CCCC[C@@H]4N)nn23)c(C(F)F)n1,-4.522878599999999,training
Cn1cc(NC(=O)c2cnn3cccnc23)c(C(N)=O)n1,-4.7695513,training
CN1CC(c2c[nH]c3cc(-n4ccc(-c5ccc(Cl)cc5)cc4=O)ccc23)C1,-5.1578913,training
C=C(C)[C@@H]1CCC(C)=C[C@H]1c1c(O)cc(CCn2ccnn2)cc1O,-4.4559321,training
Cc1nc(Cl)nc(Cl)c1CCCl,-4.586392900000001,training
Cc1cc(-c2cc(Nc3nn(C)cc3C)nc3[nH]cc(C#N)c23)ccn1,-5.7695513,training
CC(=O)N[C@@H](Cc1cc(F)cc(F)c1)[C@H](O)CNC1(c2cccc(C(C)(C)CO)c2)CCCCC1,-4.6989698,training
C=CC(=O)Nc1cccc(-c2ncnc3[nH]cc(CCOC)c23)c1,-5.0,training
N#Cc1cc(Cl)c(C(=O)Nc2ccnc(NC(=O)C3C[C@H]3F)c2)c(Cl)c1,-4.920818799999998,training
CCN1C[C@@H]2C(CN(Cc3cccc(Cl)c3)C(=O)c3cn(C)cn3)[C@@H]2C1,-4.9065785,training
N#CC12CC3CC(C1)C(NC(=O)c1cnn4cc(Cl)cnc14)C(C3)C2,-4.387216099999999,training
CC(=O)N1CCc2c(c(Nc3cccc(-c4ccnn4C)c3)nn2CC2CC2)C1,-4.8239088,training
C[C@@H](N[C@H]1CCN(c2ccc(C(=O)NC(CC(=O)O)C(=O)O)cc2)C1)c1cccc2ccccc12,-5.0457573,training
CC1C(=O)NN=C2COc3cc(-c4ccccc4)c(NC4(C)CN(C)C4)cc3N21,-4.6197886,training
Cc1nc2cnc3[nH]ccc3c2n1C1CCC(O)CC1,-5.49827,training
CCN(Cc1ccc2[nH]cnc2c1Cl)c1nccc(Nc2cc(C3CC3)[nH]n2)n1,-5.0427227,training
CNc1ncc2cc(-c3ccc(-c4cncc(C)n4)cc3Cl)c(=O)n(C[C@H]3CNCCO3)c2n1,-5.4559321,training
C[C@@H](O)c1nc2cnc3[nH]ccc3c2n1C1CCC(C#N)CC1,-5.3767509,training
Cn1cc(-c2cc(NS(C)(=O)=O)ccc2Oc2ccccc2C(F)(F)F)c2cc[nH]c2c1=O,-5.1079054,training
COc1cc(C(F)(F)F)ccc1-c1cccc2cc(S(=O)(=O)Nc3nccs3)ccc12,-4.920818799999998,training
CN(CCN)CC(O)c1cc(C(F)(F)F)nc2c(C(F)(F)F)cccc12,-5.309804,training
COc1ccc(C(=O)NC(C)c2cnn(C)n2)cc1S(=O)(=O)Nc1ccc(Cl)cc1,-4.8772435,training
CCC(C)C(S)C(=O)NC(Cc1cccc2ccccc12)C(=O)O,-5.3010302000000005,training
COc1cc(C)c(C(N)=O)cc1C(=O)Nc1cccc(-c2nncn2C(C)C)n1,-5.4559321,training
Cc1noc(CNC(=O)c2ccc(C)c(S(=O)(=O)Nc3ccc(-c4cnco4)cc3)c2)n1,-5.0,training
O=C(C1C[C@H](N2CCN(c3ncccn3)CC2)CN1)N1C[C@@H](F)[C@@H](F)C1,-5.100399,training
N#Cc1ccc(N2CCN(Cc3cc(C(=O)N[C@H]4CCCC[C@@H]4O)c(=O)n4ccccc34)CC2)cc1,-4.522878599999999,training
CN(CC1COc2ccccc21)S(=O)(=O)c1ccc2c(c1)CCNCC2,-4.6066241,training
O=C(NC1CCCOc2c1nn(-c1ccccc1Cl)c2-c1ccc(Cl)cc1)c1ccon1,-5.180456200000001,training
Cc1nc2cnc3[nH]ccc3c2n1[C@@H]1CC[C@@H](O)C1,-5.351667400000001,training
CC(C)CC(=O)N1CCC2(CC1)CC2CNC(=O)N1Cc2ccncc2C1,-4.9952745,training
CC(=O)N[C@@H](Cc1cc(F)cc(F)c1)[C@H](O)CN[C@H]1CC(C)(C)Oc2ccc(CC(C)(C)C#N)cc21,-4.6020598,training
Cc1cc(C2CCN(C3COC3)CC2)cc(Nc2cc(C#N)ccn2)n1,-4.920818799999998,training
CC(=O)N1CCc2c(c(Nc3cccc(-c4cccnc4)c3)nn2CC2CC2)C1,-4.6197886,training
CCC(C)C(S)C(=O)NC(Cc1ccc(OCc2ccccc2)cc1)C(=O)O,-5.3010302000000005,training
Cc1nc2c3ccccc3nc(SCc3nc4ccccc4[nH]3)n2n1,-4.3665314,training
N#CC1(c2ccccc2)CCN(Cc2cc(C(=O)N[C@H]3CCCC[C@@H]3O)c(=O)n3ccccc23)CC1,-4.4948502,training
CC1(C)OCc2c(Nc3[nH]nc4c(Cl)cccc34)nc(-c3cn[nH]c3)nc21,-5.0222764,training
Cc1cc(-c2c(Cl)cncc2OC(F)(F)F)cc2cc(O)[nH]c12,-4.3244886,training
C[C@@H]1CN(C(=O)C2CN(C(C)(C)C)C[C@H]2c2ccc(F)cc2F)C[C@H](C)C1(O)c1ccccc1,-4.5659719,training
O=C(NCC(Cc1ccccc1)N1CCC(O)(C(F)(F)F)CC1)c1cc(C(F)(F)F)ccn1,-5.09691,training
CCCn1cc(S(=O)(=O)c2ccc(CNC(=O)c3cc4ccncc4o3)nc2)cn1,-5.027758599999999,training
Nc1nc2c(s1)CCC2C(=O)Nc1ccc(C[C@@H]2CC[C@H]([C@H](O)c3ccccc3)N2)cc1,-5.3010302000000005,training
CCC(C)C(S)C(=O)NC(Cc1ccccc1Oc1ccccc1)C(=O)O,-5.3010302000000005,training
Cc1nc2c3ccccc3nc(SCc3cn4cccnc4n3)n2n1,-4.387216099999999,training
Cc1cccc(-c2cc(Nc3nn(C)cc3C)nc3[nH]cc(C#N)c23)n1,-5.7958798,training
O=C(NCc1ccc(S(=O)(=O)c2cc(F)cc(F)c2)cc1)c1ccc2nccn2c1,-4.920818799999998,training
N=C1COCC(c2c(F)ccc(NC(=O)c3ccc(Br)cn3)c2F)(C(F)F)N1,-4.6020598,training
CCC(C)C(S)C(=O)NC(Cc1ccccc1OCc1ccccc1)C(=O)O,-5.3010302000000005,training
Fc1ccn(Cc2c(F)ccc3c2CC[C@H]3c2ncc[nH]2)n1,-4.388382,training
O=C(c1ccncc1)N1N=C2CCCCC[C@@H]2[C@@]1(O)C(F)(F)F,-4.4412913,training
Cn1cnc(C(=O)N(Cc2cccc(Cl)c2)CC2[C@H]3CNC[C@@H]23)c1,-5.4948502,training
CC1C(=O)NN=C2COc3cc(-c4ccccc4F)c(C4CCN(C)CC4)cc3N21,-4.7212462,training
CC(=O)N[C@@H](Cc1cc(F)cc(F)c1)[C@H](O)CNC(C)(C)c1cccc(C(C)(C)C)c1,-5.154902,training
CN(C)[C@@H]1CCC[C@H]1Nc1nc(Nc2ccc(S(C)(=O)=O)cc2)ncc1C(F)(F)F,-5.0222764,training
Nc1nnc(-c2cccc(Cl)c2Cl)c(N)n1,-4.3783321,training
Cc1c[nH]c(-c2cc(Oc3cnc(C(=O)N(C)C)nc3)cc(OC(C)C)c2)nc1=O,-4.9586072,training
c1cnc(Nc2nc3c(s2)CCCc2[nH]ncc2-3)nc1,-4.5796332,training
OCCc1nc2cnc3[nH]ccc3c2n1C1CCCCC1,-4.6382723,training
COC1CCC(Nc2cc(=O)n(C)c3c(C)cc(-c4cncs4)cc23)CC1,-3.5228786,training
C[C@@]1(c2cc(NC(=O)c3ccc(C#N)cn3)ccc2F)C=C(CF)OC(=N)N1,-4.6903696,training
CC(O)CN1C[C@@H]2C(c3cc(-c4cnc(N)c(C(F)(F)F)c4)nn3C(C)C)[C@@H]2C1,-4.9546771,training
CC(=O)N[C@@H](Cc1cc(F)cc(F)c1)[C@H](O)CNC1(c2cccc(C(C)(C)CF)c2)CC1,-3.7304871,training
Nc1ncc(-c2ccc(Cl)c(S(=O)(=O)Nc3cccc(F)c3F)c2)cn1,-4.0,training
Cc1cc(-c2cc(-c3ccccc3)[nH]c(=O)n2)ccc1O,-4.856985099999998,training
CC(C)CC(NC(=O)OCc1ccccc1)C(=O)NCC#N,-3.5706592000000006,training
CC(=O)N[C@@H](Cc1cc(F)cc(F)c1)[C@H](O)CNC1(c2cccc(C3CCCC3=O)c2)CCCCC1,-4.292429900000001,training
O=C(Nc1ccnc(NC(=O)C2C[C@H]2F)c1)c1c(Cl)cccc1Cl,-4.6989698,training
CC1C(=O)NN=C2COc3ccc(NC4CNC4)cc3N21,-6.3767509,training
CC1(n2cnc3cnc4[nH]ccc4c32)CCN(S(C)(=O)=O)CC1,-5.6020598,training
CN(C)CC[C@@H](c1ccccc1)n1cc(NC(=O)c2[nH]nc3c2CCC(C)(C)C3)cn1,-5.337242099999999,training
CC(=O)N[C@@H](Cc1cc(F)cc(F)c1)[C@H](O)CNC1(c2cccc(C3COCCO3)c2)CC1,-4.0,training
CCC(C)C(S)C(=O)NC(Cc1ccc(OCc2ccc(F)c(F)c2)cc1)C(=O)O,-5.3010302000000005,training
O=C(NCc1ccc(S(=O)(=O)c2ccccc2)cn1)c1cc2ccncc2o1,-4.8549824,training
Cc1n[nH]c(CC2CCC(c3ccc(N4CCOc5ncnc(N)c5C4=O)cc3)CC2)n1,-5.221849,training
CNC(=O)c1nc(-c2ccc(Cl)c(S(=O)(=O)NCC(F)(F)F)c2)cnc1N,-4.0,training
O=c1cc(-c2ccnc(NC3CCOCC3)n2)ccn1[C@H](CO)c1cccc(F)c1,-5.2596374,training
Cc1cc(-c2ccc(-n3cc(NC(N)=O)c(C(N)=O)n3)cc2F)cc(C)c1O,-5.522878599999999,training
C[C@@H](O)c1nc2cnc3[nH]ccc3c2n1C1CCN(CC(F)(F)F)CC1,-4.6020598,training
O=C(NCc1ccc(S(=O)(=O)c2cncc(C(F)(F)F)c2)cc1)c1cnc2[nH]ncc2c1,-5.3565474,training
NC(=O)Nc1cn(-c2ccc(-c3ccc(O)c(F)c3)c(Cl)c2)nc1C(N)=O,-5.522878599999999,training
COc1cc(C(F)(F)F)ccc1-c1cccc2cc(S(=O)(=O)Nc3cncs3)ccc12,-4.5528421,training
CC(C)(O)Cn1nc(-c2cnc(N)c(C(F)(F)F)c2)cc1C1[C@H]2CN(C3COC3)C[C@@H]12,-5.309804,training
CS(=O)(=O)N1CCC(n2cnc3cnc4[nH]ccc4c32)CC1,-5.9208187999999975,training
CC(C)n1nc(-c2cnc(N)c(C(F)(F)F)c2)cc1C1[C@H]2CN(CC(F)F)C[C@@H]12,-5.1023731,training
N=C1COC[C@](c2cc(NC(=O)c3ccc(Br)cn3)ccc2F)(C(F)F)N1,-4.7078342000000015,training
O=S(=O)(c1ccc2c(c1)CCNCC2)N1CC[C@@H](Oc2ccccc2Cl)C1,-4.646215,training
Cn1cc(NC(=O)c2cnn3ccc(N[C@@H]4CC(F)(F)CC[C@@H]4N)nc23)c(C(F)F)n1,-4.8860564,training
Cn1cc(-c2cc(NS(C)(=O)=O)ccc2Oc2ccccc2)c2cc[nH]c2c1=O,-4.920818799999998,training
c1ccc(Cn2ncc3c2CCNCC3)cc1,-4.5086384000000015,training
CC1(CC(=O)N2CCC3(CC2)CC3CNC(=O)N2Cc3ccncc3C2)CCOCC1,-5.5204792000000005,training
COc1ccc(CCN(C)CCCC(C#N)(c2ccc(OC)c(OC)c2)C(C)C)cc1OC,-4.779892,training
CCC(C)C(S)C(=O)NC(Cc1ccc(-c2ccccc2)cc1)C(=O)O,-5.3010302000000005,training
CCC1C(=O)N(C)c2cnc(-c3c[nH]nc3-c3nccs3)nc2N1[C@H]1CCOC1,-3.774690600000001,training
CNC(=O)c1nc(-c2ccc(Cl)c(S(=O)(=O)Nc3cccc(C(F)(F)F)c3)c2)cnc1N,-4.0,training
NC(=O)C(Cc1ccncc1)NC(=O)OCc1ccccc1,-4.1192088,training
CC(C)[C@H](CO)Nc1nc(Nc2ccc(C(=O)O)c(Cl)c2)c2ncn(C(C)C)c2n1,-5.9586072,training
COc1cccc(/C=C2\CNC/C(=C\c3cccc(OC)c3OC)C2=O)c1OC,-5.0173612,training
Cc1cc(C#N)cnc1C(=O)Nc1ccc(F)c([C@@]2(C)N=C(N)[C@@H]3CO[C@H]2O3)c1,-5.154902,training
CC1=C(C(=O)O)N2C(=O)C(NC(=O)C(N)c3ccccc3)[C@H]2SC1,-6.318759,training
Cc1nc2cnc3[nH]ccc3c2n1[C@H]1CCCOC1,-5.1079054,training
O=S(=O)(c1ccc2c(c1)OCO2)N1C[C@@H]2c3ccccc3-n3ccnc3[C@@H]2C1,-4.2365718,training
Cc1cn(C)nc1[C@H](C)Nc1c(C(N)=O)nnc2ccc(-c3ccc(OCCCN(C)C)nc3)cc12,-4.7958798,training
CC(=O)N[C@@H](Cc1cc(F)cc(F)c1)[C@H](O)CNC1(c2cccc(-n3ccnc3)c2)CCCCC1,-4.7212462,training
CS(=O)(=O)Nc1ccc(OCC(=O)N2CCN(c3ccc(Cl)c(Cl)c3)CC2)cc1,-4.847513200000002,training
CC(C)S(=O)(=O)NC[C@@H]1CC(c2ccc(-c3ccccc3C#N)c(F)c2)=NO1,-4.712758999999998,training
CC(=O)NC[C@@H]1CC(c2ccc(N3CCCC3)c(F)c2)=NO1,-4.4559321,training
Cn1cc(NC(=O)c2cnn3ccc(N[C@@H]4CCCC[C@@H]4N)nc23)c(-c2cncnc2)n1,-5.522878599999999,training
Cn1cnc(-c2cnc(N)c(O[C@@H]3CN(C(=O)Cc4ccc(OC(F)(F)F)cc4)CC3(F)F)c2)c1,-4.6575775,training
COc1cc(C(F)(F)F)ccc1[C@@H]1CCN(Cc2nc3ncccc3n2C)C[C@@H]1C,-4.7212462,training
ON=C(O)C1[C@H](c2ccccc2)[C@H]1c1ccc2ncc(C3CC3)nc2c1,-3.4762535000000003,training
N[C@H]1CN(c2ncnc(N3CCC(F)(F)C3)n2)C[C@@H]1N1CC(F)(F)CCC1=O,-5.3010302000000005,training
O=c1[nH]c2ccc(-c3c(Cl)cccc3Cl)cc2[nH]1,-4.4474154000000015,training
CC(=O)N[C@@H](Cc1cc(F)cc(F)c1)[C@H](O)CNC1(c2cccc(C(C)(C)C#N)c2)CCCCC1,-4.2365718,training
CC(C)Oc1ccc(S(C)(=O)=O)cc1C(=O)N1Cc2cn(-c3ccccc3F)nc2C1,-4.417016,training
N#Cc1ccc2c(ccc(=O)n2CC(=O)Nc2scc(Br)c2-c2nc[nH]n2)c1,-4.4647059,training
O=S(=O)(c1ccccc1)c1ccc2c(c1)CCNCC2,-4.6399202000000015,training
Cn1cc(NC(=O)c2csc3ncc(N[C@@H]4CCCC[C@@H]4N)nc23)c(C#N)n1,-4.5850267,training
CCC1C(=O)N(C)c2cnc(-c3c[nH]nc3-c3nccs3)nc2N1C(C)C,-3.7375488,training
Cc1nc2c(s1)CCC2C(=O)Nc1ccc(C[C@@H]2CC[C@H]([C@H](O)c3ccccc3)N2)cc1,-4.5850267,training
CNC(=O)c1cccc(-c2ccccc2[C@@H]2Cc3nccn3C2)c1,-4.5863152000000005,training
ON=C(O)C1[C@H](c2ccccc2)[C@H]1c1ccc(-c2ncc(Cl)cn2)cc1,-3.4202163,training
O=S(=O)(c1ccc2c(c1)CCNCC2)N1CCC(Oc2ccccc2Cl)CC1,-4.7044678,training
Cc1cc(C#N)cnc1C(=O)Nc1ccc(F)c([C@]2(C(F)F)COC3(CC3)C(=N)N2)c1,-4.8239088,training
Cc1cc(-n2cc3c(n2)CN(C(=O)c2cc(S(C)(=O)=O)ccc2-c2cccc(F)c2)C3)ccn1,-4.6095247000000015,training
Cc1cc(C)c(CN2CCc3c(Cl)cc(-c4c(C)noc4C)c(Cl)c3C2=O)c(=O)[nH]1,-4.8041005,training
O=C(Nc1ccc(F)cc1)N1N=C(c2ccncc2)CC1c1ccc(F)cc1,-4.351667400000001,training
c1cncc(-c2ccccc2[C@@H]2Cc3nccn3C2)c1,-4.342225099999999,training
CN1CC(OCc2ccc(OCc3ccccc3)cc2)Cn2nc([N+](=O)[O-])cc21,-3.4594777000000003,training
CCN=S(C)(=O)c1ccc(Nc2ncc(C(F)(F)F)c(N[C@@H]3CCC[C@H]3N(C)C)n2)cc1,-5.0562196,training
Cc1ccc(C(=O)NCc2cn(C)nn2)cc1S(=O)(=O)Nc1ccc(-c2ccno2)cc1,-4.920818799999998,training
C[C@H]1C[C@H]2CSC(=N)N[C@@]2(c2ccccc2)CO1,-4.705533999999999,training
N#Cc1ccc(Cn2nc3c(cc2=O)CCNCC3)cc1,-4.9586072,training
CC(CC(=O)N1C[C@@H]2C[C@H]1CN2C(=O)[C@@]1(C(C)C)CC[C@@H](NC2CCOCC2F)C1)C(F)(F)F,-4.9597592000000015,training
CNCC[C@H](Oc1cccc2ccccc12)c1cccs1,-5.154902,training
CN(CCNCC(O)c1cc(C(F)(F)F)nc2c(C(F)(F)F)cccc12)C1CCCC1,-4.7695513,training
Cn1cnc(C(=O)N(Cc2cccc(OC(F)(F)F)c2)CC2[C@H]3CNC[C@@H]23)c1,-5.7695513,training
CC(C)Oc1cc(C[C@@H]2CS(=O)(=O)C[C@H](NCc3cccc(C(C)(C)C)c3)[C@H]2O)cc(F)c1N,-3.8538721,training
Cn1cc(NC(=O)c2cnn3ccc(N[C@@H]4CCCC[C@@H]4N)nc23)c(-c2nnco2)n1,-5.6989698,training
CC1(C)Oc2ncnc(N)c2N=C1c1ccc(C23CCC(CC(=O)O)(CC2)CC3)cc1,-4.6648769,training
Cn1cc(NC(=O)c2ccc3ccc(N[C@@H]4CCCNC4)nn23)c(C(F)F)n1,-4.5528421,training
Cn1cc(NC(=O)c2cnn3ccc(N[C@@H]4CCCC[C@@H]4N)nc23)c(C(F)(F)C(F)(F)F)n1,-4.7447276,training
COC1CC(n2c(=O)n(C)c3cnc4cc(F)c(-c5ccc(OCCCN(C)C)nc5F)cc4c32)C1,-5.0,training
CCCOc1cc(C[C@@H]2CS(=O)(=O)C[C@H](NCc3cccc(C(C)(C)C)c3)[C@H]2O)ccc1N,-4.154902,training
Cc1cc(-c2ccc(-n3cc(NC(N)=O)c(C(N)=O)n3)cc2)cc(C)c1O,-5.522878599999999,training
Cc1nc2cnc3[nH]ccc3c2n1[C@@H]1CCCC[C@H]1O,-5.1135092,training
CN1CC(c2c[nH]c3cc(-n4ccc(OCc5ccccc5)cc4=O)ccc23)C1,-5.6395068,training
O=S(=O)(Nc1ncns1)c1cc(Cl)c(NCC23CCCN2CCC3)cc1F,-5.6989698,training
CN(C)c1ccc(C(=O)N(CC(=O)NC2CCCCC2)Cc2ccc(C(O)=NO)cc2)cc1,-4.2085142,training
O=C(NCC(c1ccccc1)N1CCC(O)(C(F)(F)F)CC1)C1(c2ccc(Cl)cc2)CC1,-5.3979402,training
CC(C)n1ncnc1-c1nc2c(s1)CCOc1cc(-c3cnn(CCO)c3)ccc1-2,-4.7958798,training
CNC(=O)c1nc(-c2ccc(Cl)c(S(=O)(=O)Nc3cccc(F)c3)c2)cnc1N,-4.0,training
O=C(Nc1ccc2c(c1)N(S(=O)(=O)c1ccc(F)cc1)CCC2)c1c(F)cccc1F,-4.755724400000001,training
O=c1nc(NCc2ccc(N3CCOCC3)cc2)c2cccnc2n1O,-4.8538718,training
CCC(C)C(S)C(=O)NC(Cc1cccc(OCc2ccccc2)c1)C(=O)O,-5.3010302000000005,training
C[C@H](Oc1ccc(S(C)(=O)=O)cc1C(=O)N1Cc2cn(-c3ccccc3)nc2C1)C(F)(F)F,-4.6005607,training
CCC(C)C(S)C(=O)NC(Cc1ccc2ccccc2c1)C(=O)O,-5.3010302000000005,training
CCC(C)C(S)C(=O)NC(Cc1cccc(-c2ccccc2)c1)C(=O)O,-5.3010302000000005,training
COCCNCC(O)c1cc(C(F)(F)F)nc2c(C(F)(F)F)cccc12,-4.4948502,training
CNC(=O)C1CCC(Nc2cc(=O)n(C)c3c(C)cc(-c4cncs4)cc23)CC1,-4.677780599999998,training
O=C(Nc1ccc(C[C@@H]2CC[C@H]([C@H](O)c3cccnc3)N2)cc1)C1CCc2ccnn21,-5.221849,training
O=C(Nc1ccc(OC2CCC(C(=O)O)CC2)nc1F)c1nnc(Nc2cc(F)c(F)cc2F)o1,-4.8239088,training
Cc1nn(C)c2c1-c1cnc(N)c(c1)O[C@H](C)c1cc(F)ccc1C(=O)N(C)C2,-4.8198643,training
ON=C(O)C1[C@H](c2ccccc2)[C@H]1c1ccc(-c2ncc(OC(F)F)cn2)cc1,-3.8894103,training
O=C(O)c1csc(Cn2nc(-c3ccccc3)c3ccc(C(F)(F)F)cc32)n1,-4.7064166,training
CNCc1cnc(C)cc1Oc1ccccc1Oc1ccccc1,-4.494638,training
CC(=O)N[C@@H](Cc1cc(F)cc(F)c1)[C@H](O)CNC1(c2ccccc2)CCCCC1,-4.5086384000000015,training
OCc1cccc(-c2ccc(-c3cc(N4CCOCC4)nc(N4CCOCC4)n3)o2)c1,-4.4814858,training
CCN(CC)CCNC(=O)c1cc(Cl)c(N)cc1OC,-4.7746906,training
Cc1cc(C#N)cnc1C(=O)Nc1ccc(F)c([C@]2(C(F)F)COCC(=N)N2)c1,-4.7695513,training
CC(=O)N[C@@H](Cc1cc(F)cc(F)c1)[C@H](O)CN[C@H]1CCOc2ccc(CC(C)(C)C#N)cc21,-4.19382,training
O=C(c1cccs1)N1CCN(CCOc2ccc(Cl)cc2)CC1,-3.6930315,training
Cn1cc(NC(=O)c2csc3ncc(N[C@@H]4CCCC[C@@H]4N)nc23)c(C(F)(F)F)n1,-4.5528421,training
CC(=O)N[C@@H](Cc1cc(F)cc(F)c1)[C@H](O)CNC1(c2cccc(C(C)(C)C)c2)CCCCC1,-5.154902,training
Nc1ncnc2c1C(=O)N(c1ccc(C3CCC(CC(=O)N4CCOCC4)CC3)cc1)CCO2,-4.9586072,training
N#CN[C@H]1CCc2ccc(-c3ncnc4[nH]ccc34)cc21,-4.9586072,training
CC(C)(C)n1nnc2c1CCC(n1cnc(-c3ccc(F)cc3)n1)C2,-4.337242099999999,training
O=C(NCc1ccc(S(=O)(=O)c2cc(F)cc(F)c2)cn1)c1cc2cnccc2[nH]1,-4.9125342000000005,training
OCCN1CCN(CCCN2c3ccccc3Sc3ccc(C(F)(F)F)cc32)CC1,-5.4559321,training
Cc1[nH]nc2cc(OCCNC[C@H](O)c3cccc(NS(=O)(=O)c4ccccc4)c3)ccc12,-5.292429900000001,training
Cc1nc2cnc3[nH]ccc3c2n1C1CCN(CCC#N)CC1,-5.292429900000001,training
Cn1cc(NC(=O)c2cnn3ccc(N[C@@H]4CCCC[C@@H]4N)nc23)c(Cl)n1,-4.8239088,training
O=c1[nH]c2ccc(-c3c(Cl)cncc3Cl)cc2[nH]1,-4.438400700000001,training
CN(C)c1ccc2c(-c3ccc(CCl)cc3)c3ccc(=[N+](C)C)cc-3oc2c1,-4.7658262,training
CC1(C)Cc2cc(Cl)ccc2C(=N[C@@H](Cc2ccccc2)c2nc(=O)c(C#N)c[nH]2)N1,-4.1366773,training
COc1cc(-c2ccc3c(n2)[C@@H](C)N(c2cnn(CC(F)(F)F)c2)C3=O)cnc1OC,-4.3010302000000005,training
CCOc1cc(C[C@@H]2CS(=O)(=O)C[C@H](NCc3cccc(C(C)(C)C)c3)[C@H]2O)cc(F)c1N,-3.7447276,training
CN1C[C@@H]2CC[C@H]1CN2Cc1nc(=O)c2oc3ccc(Br)cc3c2[nH]1,-3.8894103,training
C[C@H]1C[C@H]2CSC(=N)N[C@@]2(c2ccc(F)cc2F)CO1,-4.756961799999999,training
OCC(O)CO,-2.8952425,training
N#Cc1ccnc(Nc2cc(C3CCN(C4COC4)C3)n(C3CCCC3)n2)c1,-5.251812,training
Cc1[nH]c2c(N3CCC(N)(C(N)=O)CC3)c(C#N)c(C(F)(F)F)nc2c1Cl,-5.3010302000000005,training
NC(=O)c1ccc2c(c1)OCCc1cc(-c3ncnn3-c3ccc(F)cc3F)sc1-2,-4.8860564,training
COCCOC1CCC(Nc2nc(=O)n(C)c3ccc(-c4cncs4)cc23)CC1,-4.522878599999999,training
C[C@@]1(NC(=O)c2cc(CN3CCC(C#N)(c4ccccn4)CC3)c3ccccn3c2=O)CCCC[C@H]1O,-4.5528421,training
O=[N+]([O-])c1cn2c(n1)[S+]([O-])CC(OCc1ccc(-c3ccc(OC(F)(F)F)cc3)cn1)C2,-3.8358715,training
CNC(=O)c1nc(-c2ccc(Cl)c(S(=O)(=O)Nc3cccc(Cl)c3Cl)c2)cnc1N,-4.0,training
c1ccc(Cn2cc3c(n2)CCNCC3)cc1,-4.5686364,training
Cc1cc(Oc2cncnc2)cc(C(=O)Nc2ccc(F)cn2)n1,-5.1751375,training
O=C(N[C@@H]1C[C@H]2CCN(C2)C1)c1ccc2occc2c1,-5.4202166,training
N#Cc1cccc(Cl)c1-c1ccc2[nH]c(=O)[nH]c2c1,-4.504386900000001,training
CC(=O)N1CCc2c(c(Nc3cccc(-c4ccncc4)c3)nn2CC2CC2)C1,-4.6989698,training
O=C(NCc1ccc(S(=O)(=O)N2CCOCC2)cc1)c1cc2ccncc2s1,-4.8860564,training
CCC(C)C(S)C(=O)NC(C)C(=O)O,-5.3010302000000005,training
C[C@H]1C[C@H]2CSC(=N)N[C@@]2(c2nc(NC(=O)c3ccc(OC(F)F)cn3)cs2)CO1,-4.8996296,training
Cc1cc(O)ccc1-c1ccc(-n2cc(NC(N)=O)c(C(N)=O)n2)cc1C(F)(F)F,-5.522878599999999,training
OC(CNCCNc1ccccc1)c1cc(C(F)(F)F)nc2c(C(F)(F)F)cccc12,-4.8860564,training
Cc1cc(C)n(-c2cccc([C@H](CC(=O)O)CN3CC[C@@H](CCc4ccc5c(n4)NCCC5)C3)c2)n1,-4.6989698,training
CC1=C2CC(=O)C=C[C@]2(C)[C@@H]2[C@@H](C1)[C@@H]1CC[C@](O)(C(=O)CO)[C@@]1(C)C[C@@H]2O,-4.7958798,training
CC(=O)Nc1ccc(Oc2ccccc2)c(-c2cn(C)c(=O)c3[nH]ccc23)c1,-4.5528421,training
Nc1cnc(-c2ccc(Cl)c(S(=O)(=O)Nc3cccc(F)c3F)c2)cn1,-4.0,training
CCNc1ncc2cc(-c3ccc(-c4cncc(C)n4)cc3Cl)c(=O)n(CC3CCNCC3)c2n1,-6.0457573,training
CNCCCCc1c(-c2cc(C)cc(C)c2)cnc2ccc(-c3cncc(O)c3)cc12,-4.9586072,training
O=C(Nc1ccc2c(c1)N(S(=O)(=O)c1ccc(F)cc1)CC2)c1c(F)cccc1F,-4.8772435,training
Cc1cc(NC(=O)c2cnn3ccc(N)nc23)n(-c2cccc(Cl)c2)n1,-5.0757208,training
CCC1C(=O)N(C)c2cnc(-n3ccnc3-c3ccccc3)nc2N1c1cncnc1,-3.9136403,training
O=C(Cn1c(=O)ccc2cc(F)c(F)cc21)Nc1scc(Br)c1-c1nc[nH]n1,-4.080399,training
Cc1cc(C)c(CN2CCc3c(Cl)cc([C@@H](CO)[C@@H]4CCCO4)c(Cl)c3C2=O)c(=O)[nH]1,-5.2185564000000015,training
Cn1cc(CC(NC(=O)OCc2ccccc2)C(=O)NCC#N)c2ccccc21,-3.7678072,training
Cc1nc(C)c(-c2ccc(-c3ccc(CC(=O)O)cc3Cl)cc2)nc1C(N)=O,-4.0506101,training
CC(CN1CC2CCC1C2)NCC(O)c1cc(C(F)(F)F)nc2c(C(F)(F)F)cccc12,-4.725842,training
ON=C(O)C1[C@H](c2ccccc2)[C@H]1c1ccc2ncc(C(F)(F)F)nc2c1,-3.5128617,training
COCc1cccc2c1CC[C@H]2c1ncc[nH]1,-4.420818799999998,training
Cn1c(CN2CCC(c3ccc(C(F)(F)F)cc3)CC2)nc2ncccc21,-4.522878599999999,training
CC(=O)N[C@@H](Cc1cc(F)cc(F)c1)[C@H](O)CNC1(c2cccc(-n3cccn3)c2)CCOCC1,-4.318759,training
Cn1cc(NC(=O)c2cnn3ccc(N4C[C@H](N)C[C@@H](F)C4)nc23)c(C(F)(F)F)n1,-4.5086384000000015,training
CCS(=O)(=O)Nc1ccc(Oc2ccc(Cl)cc2)c(-c2cn(C)c(=O)c3[nH]ccc23)c1,-4.677780599999998,training
Cn1cc(-c2cc(NS(=O)(=O)CC(F)(F)F)ccc2Oc2ccccc2)c2cc[nH]c2c1=O,-4.7958798,training
CCC(C)C(S)C(=O)NC(Cc1ccc(Oc2ccccc2)cc1)C(=O)O,-5.3010302000000005,training
CCNC(=O)NC1CCCOc2c1nn(-c1ccccc1Cl)c2-c1ccc(Cl)cc1,-5.2006593,training
N#CN[C@H]1C[C@@H](NS(=O)(=O)c2cccc(F)c2)c2ccc(-c3ncnc4[nH]ccc34)cc21,-5.0,training
ON=C(O)C1[C@H](c2ccccc2)[C@H]1c1ccc(-c2cnc(C3CC3)o2)cc1,-3.5934598,training
CC1(C)OC[C@](c2cc(NC(=O)c3ccc(Br)cn3)ccc2F)(C(F)F)N=C1N,-4.7958798,training
COCCN1C[C@@H]2C(c3cc(-c4cnc(N)c(C(F)(F)F)c4)nn3C(C)C)[C@@H]2C1,-4.7958798,training
N#CC1(c2ccccn2)CCN(Cc2cc(C(=O)N[C@H]3CCCC[C@@H]3O)c(=O)n3ccccc23)CC1,-4.5376019,training
CCC1C(=O)N(C)c2cnc(-n3ccnc3-c3ccc(F)cc3)nc2N1c1cc[nH]n1,-3.879426,training
Cn1cc(NC(=O)c2ccc3cnc(N[C@@H]4CCCNC4)nn23)c(C(F)(F)F)n1,-4.522878599999999,training
O=C(C1C[C@H](N2CCN(c3ncccn3)CC2)CN1)N1CC[C@@H](F)C1,-5.1127415,training
Cn1cc(NC(=O)c2ccc3cnc(N[C@@H]4CCCC[C@@H]4N)nn23)c(C#N)n1,-4.5086384000000015,training
CS(=O)(=O)Nc1nnc2cc(COc3cc(Cl)cc(Cl)c3)c(C3CC3)cn12,-5.1109247,training
CC(C)(C)c1cc(N2CCNCC2)n2nc(-c3ccc(F)cc3)cc2n1,-3.9689724,training
O=C1CC(c2c(Cl)cccc2Cl)CC(=O)C1Sc1ccccc1Cl,-4.7695513,training
COc1cccc(NC(=O)c2cnc([C@]34CO[C@@H](C)C[C@H]3CSC(=N)N4)s2)c1,-4.832682599999999,training
Cc1cc(C)c(CN2CCc3c(Cl)cc(C(CO)c4ccon4)c(Cl)c3C2=O)c(=O)[nH]1,-5.1510367,training
N=C1COC[C@](c2cccc(NC(=O)c3ccc(Br)cn3)c2)(C(F)F)N1,-4.8239088,training
CN(C(=O)c1ccc(Cl)cc1)c1ccc2[nH]c(-c3[nH]nc4ccccc34)cc2n1,-5.4034028,training
N=C1COCC(c2cccc(NC(=O)c3ccc(Cl)cn3)c2)(C(F)(F)F)N1,-4.4814858,training
O=C(NCCN1CCCC1)c1ccc(-c2cnc3ccc(NCC4CC4)nn23)cc1,-5.6382723,training
ON=C(O)C1[C@H](c2ccccc2)[C@H]1c1ccc(-c2nccc(C(F)(F)F)n2)cc1,-3.943095200000001,training
Cc1csc(NS(=O)(=O)c2cc(Cl)c(NCC34CCCN3CCC4)cc2F)n1,-5.221849,training
CCCC(Oc1ccc(-n2cc(C(F)(F)F)cn2)cc1)c1ccc(C(=O)NCCC(=O)O)cc1,-5.5086384000000015,training
CNC(=O)c1nc(-c2cccc(NS(=O)(=O)c3cccc(Cl)c3)c2)cnc1N,-4.0,training
O=[N+]([O-])c1cn2c(n1)[S+]([O-])CC(OCc1ccc(OC(F)(F)F)cc1)C2,-3.0848007,training
Nc1ncnc2c1C(=O)N(c1ccc(C3CCN(C(=O)c4ccno4)CC3)cc1)CCO2,-4.8538718,training
COc1cc(C(F)(F)F)ccc1-c1ncnc2cc(S(=O)(=O)Nc3nccs3)ccc12,-4.5086384000000015,training
Cc1cc(-c2cc(C3CCN(C4COC4)CC3)n(C(C)C)n2)cnc1N,-5.6020598,training
O=C(c1ccccc1)N1CCC2(CC1)CCN(C(=O)N1CCN(C3CCC3)CC1)C2,-5.0555172,training
Cc1ccc(-c2cnc(N)c(-c3cnn(C)c3)c2)cc1,-4.7721133,training
NC(=O)c1sc(N2CCOCC2)cc1OCCc1ccc(OC(F)(F)F)cc1,-4.650514599999998,training
CC(C)Oc1cc(Oc2ccc(S(C)(=O)=O)cc2)cc(-c2nc(=O)c(Cl)c[nH]2)c1,-5.0809221,training
Clc1c(CNc2nccc(Nc3cc(C4CC4)[nH]n3)n2)ccc2[nH]cnc12,-5.3767505,training
O=C(NC1C2CC3CC1CC(O)(C3)C2)c1cnn2cc(Cl)cnc12,-4.3565474,training
Cc1ncn(-c2ccc(C(=O)N[C@H]3[C@H]4CC[C@H]3N(c3ncc(Cl)c5cnoc35)C4)c(Cl)c2)n1,-4.8386321,training
COc1cc(C(=O)N2CCOCC2)c(F)cc1Nc1ncc(C(F)(F)F)c(NC2CC2)n1,-4.9625735,training
Cn1cnc(C(=O)N(Cc2cccc(OC3CCCC3)c2)C2C[C@H]3CNC[C@H]3C2)c1,-6.5816989,training
COc1cc2ncnc(Nc3cccc(Cl)c3F)c2cc1OC(=O)N1CCOCC1,-4.3767509,training
C[C@@H]1CN(S(=O)(=O)c2ccc(NC(=O)NCc3cccnc3)cc2)C[C@H](C)O1,-5.5086384000000015,training
CC(C)N1CCC(S(=O)(=O)c2ccc(CNC(=O)c3cc4ccncc4o3)cc2)CC1,-5.027758599999999,training
Cc1noc(CCC2CCC(c3ccc(N4CCOc5ncnc(N)c5C4=O)cc3)CC2)n1,-4.6575775,training
O=C(NCc1ccc(S(=O)(=O)c2cccc(C(F)(F)F)c2)cc1)c1cc2cnccc2[nH]1,-5.3010302000000005,training
CCN(CC)C(=O)C1(c2ccccc2)CC1CN,-5.0409584,training
ON=C(O)C1[C@H](c2ccccc2)[C@H]1c1cccc(-c2cnco2)c1,-3.3151546,training
C[C@@H](O)c1nc2cnc3[nH]ccc3c2n1C1CCN(CCC#N)CC1,-5.7212462,training
COCc1ccc(-c2cc3c(cc2F)ncc2c3n(C3CC(O)C3)c(=O)n2C)cn1,-4.8538718,training
Cn1ccc(NC(=O)c2cc(Oc3ccc(C(=O)N4CCC4)cc3)cc(OC(CF)CF)c2)n1,-4.154902,training
Cc1ccc(C(=O)N2CCC(c3ccc(C#N)cc3)CC2)cc1-c1nc2cc(N3CCCC3)ncc2[nH]1,-5.09691,training
NC(=O)c1cncc(OCc2cccc(NC(=O)c3ccc(N4CCOCC4)cc3)c2)c1,-5.2058082,training
COc1ccc(C(CN(C)C)C2(O)CCCCC2)cc1,-4.9318142,training
CC(C)c1[nH]nc2c(=O)[nH]c(Cc3cccc(Cl)c3)nc12,-4.7695513,training
CC(C)OC(=O)N1CCC2(CC1)CC2CNC(=O)N1Cc2ccncc2C1,-4.8699641,training
CN(C)CCCOc1ccc(-c2ccc3ncc4c(c3c2)n(C2COC2)c(=O)n4C)cn1,-5.4948502,training
Cc1noc(CNC(=O)c2ccc(C)c(S(=O)(=O)Nc3ccc(Cl)cc3)c2)n1,-4.7212462,training
Cn1cc(NC(=O)c2ccc3ccc(N[C@@H]4CCCC[C@@H]4N)nn23)c(C(F)F)n1,-4.5376019,training
Cn1cc(NC(=O)c2cnn3ccc(N[C@@H]4CCCC[C@@H]4O)nc23)c(C(F)F)n1,-4.4948502,training
Cc1cc(-c2ccc3c(c2)CC[C@H]3N2CC3(CCN(C(=O)Cc4ccc(C5CC5)cn4)CC3)C2)ncn1,-5.0,training
NC(=O)c1ccc(-c2cncc(-c3ccc(Cl)cc3)c2)cc1,-5.0604806,training
CC1(COc2cc(N3CCOCC3)sc2C(N)=O)COC1,-4.5885892,training
CCN(CC)C(=O)c1ccc(-c2c3ccc(=[N+](C)C)cc-3sc3cc(N(C)C)ccc23)s1,-4.8860564,training
Cc1nn(C)c(C)c1C(=O)N1CCC2(CC1)CC2CNC(=O)N1Cc2ccncc2C1,-6.2101078,training
CC(=O)N1CCc2c(c(Nc3cccc(-c4ccccn4)c3)nn2CC2CC2)C1,-4.8239088,training
COc1ccc(Nc2nc(-c3ccc(OC)c(OC)c3)cs2)nc1,-4.654707,training
Cc1c(-c2noc(-c3ccc(OC(C)C)c(C#N)c3)n2)ccc2c1CCN(C(CO)CO)C2,-4.756961799999999,training
COc1cccc(NC(=O)c2cnc([C@]34CO[C@@H](C)C[C@H]3CSC(=N)N4)s2)n1,-4.869666099999999,training
CN(C)c1ccc(-c2cc(-c3ccc(C(=S)N4CCCCC4)s3)cc(C(C)(C)C)[s+]2)cc1,-5.6989698,training
CC1(C)CN2CCC[C@@]2(CNc2cc(F)c(S(=O)(=O)Nc3nccs3)cc2Cl)C1,-4.9659066,training
CC(C)n1cc(S(=O)(=O)c2ccc(CNC(=O)c3cc4ccncc4o3)nc2)cn1,-4.7827153,training
CNS(=O)(=O)c1ccc(Oc2cc(OC(C)C)cc(-c3nc(=O)cc[nH]3)c2)cc1,-4.8239088,training
O=C(NOC[C@H](O)CO)c1ccc2[nH]ncc2c1Nc1ccc(I)cc1F,-5.4238558,training
COc1cc2ncnc(Nc3cccc(Cl)c3F)c2cc1OC(=O)N1CCN(C)CC1,-4.5528421,training
N#Cc1ccnc(Nc2cc(C3CN(C4COC4)C3)n(C3CCCC3)n2)c1,-5.309804,training
CCCc1cc(C[C@@H]2CS(=O)(=O)C[C@H](NCc3cccc(C(C)(C)C)c3)[C@H]2O)cc(F)c1N,-4.154902,training
CC(=O)N[C@@H](Cc1cc(F)cc(F)c1)[C@H](O)CNC1(c2cccc(C3CCOC3)c2)CCCCC1,-4.0,training
Cn1cc(-c2cc(NS(C)(=O)=O)ccc2Oc2ccc(F)cc2F)c2cc[nH]c2c1=O,-4.7695513,training
Nc1ccc(CNC(=O)Nc2ccc(S(=O)(=O)c3ccccc3)cc2)cn1,-5.522878599999999,training
COCCc1ccc(OCC(O)CNC(C)C)cc1,-4.433218,training
Cc1nc2c3ccccc3nc(SCc3nc4ccccc4o3)n2n1,-4.4559321,training
Cc1c[nH]c(-c2cc(Oc3ccc(S(=O)(=O)N(C)C)cc3)cc(O[C@@H](C)CO)c2)nc1=O,-4.8538718,training
CN=C(NS(=O)(=O)c1ccc(Cl)cc1)N1CC(c2ccccc2)C(c2ccc(Cl)cc2)=N1,-5.0122843,training
COc1cc2ncnc(Nc3cccc(Cl)c3F)c2cc1C(=O)N1CCOCC1,-4.5528421,training
Nc1ncnc2c1C(=O)N(c1ccc(C3CCN(C(=O)C4CCCCC4)CC3)cc1)CCO2,-4.677780599999998,training
COc1ccc(CC(=O)N2CCC3(CC2)CN([C@@H]2CCc4cc(-c5ccncn5)ccc42)C3)nc1,-4.8239088,training
O=C(O)c1csc(-n2nc(C3=CCCCO3)c3ccc(C(F)(F)F)cc32)n1,-4.4087129,training
Cc1csc(NC(=O)CN2C(=O)CCc3ccccc32)c1-c1nc[nH]n1,-3.8297384,training
CC(C)(O)c1nc2cnc3[nH]ccc3c2n1C1CCCCC1,-4.7212462,training
CN1C(=O)C(O)N=C(c2ccccc2)c2cc(Cl)ccc21,-4.375718099999999,training
O=c1n(CCCN2CCN(c3cccc(Cl)c3)CC2)nc2ccccn12,-4.423658799999999,training
CN1C(=O)C2CN(S(=O)(=O)c3ccc4c(c3)OCC4)C[C@@H]2c2cnccc21,-4.5528421,training
CCCn1cc(S(=O)(=O)c2ccc(CNC(=O)c3cc4ccncc4o3)cc2)cn1,-4.787559,training
COCCc1cccc2c1CCC2c1ncc[nH]1,-4.4089355,training
CCCC[C@@H](/C=N/NC(=O)N1CCc2ccccc21)NC(=O)OC(C)(C)C,-3.8239088,training
O=c1nc(Nc2ccc(N3CCOCC3)cc2)c2cccnc2n1O,-5.154902,training
Cc1ccc(NS(=O)(=O)c2cc(C(=O)NCc3cccnc3)ccc2C)cc1,-4.8239088,training
C[C@H](Oc1ccc(S(C)(=O)=O)cc1C(=O)N1Cc2cn(-c3cncc(F)c3)nc2C1)C(F)(F)F,-4.8485317000000006,training
NC(=O)N1c2ccccc2C=Cc2ccccc21,-4.5100417,training
Cc1cccc(-c2cc(N)nc3[nH]cc(C#N)c23)c1,-5.0655017,training
CC1C(=O)NN=C2COc3cc(F)c(NC4CNC4)cc3N21,-6.0655017,training
Cc1nc2c3ccccc3nc(SCc3nc4ccccc4n3C)n2n1,-4.4948502,training
CC(C)n1cc(S(=O)(=O)c2ccc(CNC(=O)N3Cc4ccncc4C3)cc2)cn1,-5.387216099999999,training
CC(C)c1nn(C)c2c(=O)[nH]c(Cc3ccccc3OCCN3CCOCC3)nc12,-4.468521099999999,training
Cn1cc(NC(=O)c2cnn3ccc(N[C@@H]4CCCNC4)nc23)c(C(F)(F)F)n1,-4.7958798,training
CC[C@H](NC(=O)c1c([S+](C)[O-])c(-c2ccccc2)nc2ccccc12)c1ccccc1,-4.6611967000000005,training
CCOCC(=O)NC1CCCOc2c1nn(-c1ccccc1Cl)c2-c1ccc(Cl)cc1,-5.1870866,training
CC(C)S(=O)(=O)N1CCC2(CCN(C(=O)N3CCCN(C4CCC4)CC3)C2)CC1,-5.1079054,training
N#Cc1ccnc(Nc2cc(C3CCN(C4COC4)CC3)cc(N3CCC3)n2)c1,-5.4317985,training
CC(C)N1CCN(C(=O)C2CC23CCN(C2CCOCC2)CC3)CC1,-5.076831299999999,training
C[C@H]1C[C@H]2CSC(=N)N[C@@]2(c2nc(NC(=O)c3cnc(OC(F)F)cn3)cs2)CO1,-4.841637599999999,training
COc1ccccc1C1CCN(Cc2nc3ccccc3n2C)CC1,-4.5883803,training
CNc1ncc2cc(-c3ccc(-n4cccc(C)c4=O)cc3Cl)c(=O)n(CC(F)(F)CN)c2n1,-4.9441004,training
CCCc1cc(=O)[nH]c(=S)[nH]1,-4.387216099999999,training
Cn1cnc(C(=O)N(Cc2cccc(OC(F)(F)F)c2)CC2[C@H]3CN(CC4CCCC4)C[C@@H]23)c1,-5.1220531,training
CS(=O)(=O)c1ccc(-c2cc(-c3ccc(O)cc3)cnc2N)cc1,-4.7644715,training
CCC(C)C(S)C(=O)NC(Cc1ccc(OCc2ccc(C(F)(F)F)cc2)cc1)C(=O)O,-5.3010302000000005,training
CN(C)[C@@H]1CCC[C@H]1Nc1nc(Nc2ccc(S(=O)(=O)NC3CC3)cc2)ncc1C(F)(F)F,-5.318759,training
CO[C@@]1(C)OC[C@@](C)(c2cc(NC(=O)c3ncc(C#N)cc3C)ccc2F)N=C1N,-4.811711799999999,training
CCS(=O)(=O)Nc1ccc(Oc2c(F)cc(F)cc2F)c(-c2cn(C)c(=O)c3[nH]ccc23)c1,-4.677780599999998,training
NC(=O)c1sc(CN2CCOCC2)cc1OCCc1ccccc1,-4.2416658,training
N#Cc1cc(F)cc(Oc2ccc3c(c2C(F)F)[C@@H](O)C(F)(F)S3(=O)=O)c1,-4.5850267,training
CN(C)S(=O)(=O)Nc1ccc(Oc2ccccc2)c(-c2cn(C)c(=O)c3[nH]ccc23)c1,-4.7212462,training
O=C(NCc1ccc(S(=O)(=O)C2CCN(C3COC3)CC2)cc1)c1cc2ccncc2o1,-5.3723636,training
N#CN[C@H]1C[C@@H](O)c2ccc(-c3ncnc4[nH]ccc34)cc21,-5.6989698,training
CC(=O)N[C@@H](Cc1cc(F)cc(F)c1)[C@H](O)CNC1(c2cccc(N(C)C)c2)CCCCC1,-4.4089355,training
COC1CCN(C(=O)CC2CCC(c3ccc(N4CCOc5ncnc(N)c5C4=O)cc3)CC2)CC1,-4.6575775,training
O=C(O)c1csc(-n2nc(-c3ccccc3)c3ccc(C(F)(F)F)cc32)n1,-4.7495799000000005,training
COc1ccc(CC(=O)N2CCC3(CC2)CN([C@@H]2CCc4cc(-c5cc(C)ncn5)ccc42)C3)nc1,-4.8860564,training
N#Cc1ccnc(Nc2cc(C3CCN(C4COC4)CC3)cc(OC3CCC3)n2)c1,-5.3010302000000005,training
CN1CCN(C(CNC(=O)C2(c3ccc(Cl)cc3)CCCC2)Cc2ccccc2)CC1,-5.522878599999999,training
COc1cc(C(F)(F)F)ccc1-c1cccc2cc(S(=O)(=O)Nc3ccncn3)ccc12,-4.5686364,training
N#Cc1ccc(Cn2ccc(NC(=O)Cc3ccc(C4(C(F)(F)F)CC4)cc3)n2)nc1,-4.5061669,training
CCC(O)c1cc(Cl)c2c(c1Cl)C(=O)N(Cc1c(C)cc(C)[nH]c1=O)CC2,-4.8140044,training
CC(C)n1nc(-c2cnc(N)c(C(F)(F)F)c2)cc1C1[C@H]2CN(C3COC3)C[C@@H]12,-4.7958798,training
CC1(C)OCc2c(Nc3[nH]nc4c(Cl)cccc34)nc(-c3c[nH]nc3C(F)F)nc21,-5.0757208,training
CC(C)Oc1cc(Oc2ccc(S(C)(=O)=O)cc2)cc(-c2cccc(=O)[nH]2)c1,-4.7447276,training
Cn1cc(-c2cc(NS(C)(=O)=O)ccc2OC2CCCCC2)c2cc[nH]c2c1=O,-4.6382723,training
CC(=O)N[C@@H](Cc1cc(F)cc(F)c1)[C@H](O)CN[C@H]1CC(C)(C)Oc2ccc(CC(C)(F)F)cc21,-4.7695513,training
COC1CC(n2c(=O)n(C)c3cnc4cc(F)c(-c5ccc(C(=O)NCCN(C)C)nc5)cc4c32)C1,-5.6020598,training
Cc1[nH]c2c(N3CCO[C@H](CO)C3)c(C#N)c(C(F)(F)F)nc2c1Cl,-4.8538718,training
O=C(Nc1ccc(F)cn1)c1cc(Oc2cncc(F)c2)cn2cnnc12,-5.1412897000000015,training
Nc1ncc(-c2cnc(N)c(-c3ccc(Cl)cc3)c2)cn1,-4.6575775,training
Cc1nc2cnc3[nH]ccc3c2n1C1CCCCC1,-4.6989698,training
Cc1cc(-n2cc(NC(N)=O)c(C(N)=O)n2)ccc1-c1ccc(O)cc1,-5.522878599999999,training
Cc1nc2cnc3[nH]ccc3c2n1C1CCN(Cc2ccccc2)CC1,-4.7695513,training
CN(C)CCCN1c2ccccc2Sc2ccc(Cl)cc21,-5.1307683,training
Cn1cc(-c2cc(NS(C)(=O)=O)ccc2OCc2ccccc2)c2cc[nH]c2c1=O,-4.6197886,training
COC1CCC(Nc2cc(=O)[nH]c3c(C)cc(-c4cncs4)cc23)CC1,-3.6946487,training
O=C(NCc1ccc(S(=O)(=O)c2ccc(N3CCOCC3)nc2)cc1)c1cnc2[nH]ncc2c1,-6.070581,training
CCC1C(=O)N(C)c2cnc(-n3ccnc3-c3ccc(F)cc3)nc2N1c1cn[nH]c1,-4.0604806,training
Cc1nn(C)cc1C(=O)N1CCC2(CC1)CC2CNC(=O)N1Cc2ccncc2C1,-6.3287883,training
CCN(CC)C(=S)c1ccc(-c2c3ccc(=[N+](C)C)cc-3sc3cc(N(C)C)ccc23)s1,-5.292429900000001,training
CC(=O)N[C@@H](Cc1cc(F)cc(F)c1)[C@H](O)CNC1(c2cccc(-n3cccn3)c2)CC1,-3.8446639,training
Cn1ccc(Nc2cc(-c3ccccc3)c3c(C#N)c[nH]c3n2)n1,-5.229147900000001,training
CC(=O)N1CCN(c2ccc(C(F)(F)F)cc2)c2ccc(-c3cccc([C@H](O)CO)n3)cc2C1,-5.2969856,training
CC(C)Cn1nc(-c2cnc(N)c(C(F)(F)F)c2)cc1C1[C@H]2CN(C3COC3)C[C@@H]12,-4.4814858,training
Cc1c(C(=O)N2CCC3(CC2)CC3CNC(=O)N2Cc3ccncc3C2)cnn1C,-6.0539527,training
CCS(=O)(=NC)c1ccc(Nc2ncc(C(F)(F)F)c(N[C@@H]3CCC[C@H]3N(C)C)n2)cc1,-5.1079054,training
O=C(NCc1ccc(S(=O)(=O)c2cc(F)cc(F)c2)cc1)c1cnc2[nH]ncc2c1,-5.1079054,training
COCCc1c[nH]c2ncnc(-c3ccc4c(c3)N(C#N)CC(F)(F)O4)c12,-4.8538718,training
Cc1ccc(CC(=O)N2CCC3(CC2)CN([C@@H]2CCc4cc(-c5cc(C)ncn5)ccc42)C3)nc1,-5.0,training
O=C(O)c1csc(N2N=C(c3ccccc3)C3CCC(C(F)(F)F)CC32)n1,-4.5723515,training
CC(=O)CC(c1ccccc1)c1c(O)c2ccccc2oc1=O,-4.3565474,training
CC(=O)N[C@@H](Cc1cc(F)cc(F)c1)[C@H](O)CNC1(c2cccc(C3CCCCO3)c2)CC1,-3.9546771,training
C[C@H](Nc1c(C(N)=O)nnc2ccc(-c3ccc(OCCCN(C)C)nc3)cc12)C1CCOCC1,-5.0457573,training
C[C@@H](CO)Oc1cc(Oc2ccc(C(=O)N3CCC3)cc2)cc(C(=O)Nc2cc[nH]n2)c1,-5.09691,training
Cn1cc(-c2cc(S(C)(=O)=O)ccc2Oc2ccccc2)c2cc[nH]c2c1=O,-4.6197886,training
O=c1nc(Nc2ccc(CN3CCOCC3)cc2)c2cccnc2n1O,-5.3010302000000005,training
Cc1ccc(Oc2cncc3sc(-c4nn[nH]n4)cc23)cc1,-4.920818799999998,training
CCCC(Oc1ccc(-n2cc(C(F)(F)F)cn2)nc1)c1ccc(C(=O)NCCC(=O)O)cc1,-5.468521099999999,training
O=C1CCCN1C1CCCOc2c1nn(-c1ccccc1Cl)c2-c1ccc(Cl)cc1,-4.9507818,training
COc1cc(-c2ccc(-n3cc(NC(N)=O)c(C(N)=O)n3)cc2)ccc1O,-5.522878599999999,training
COc1ccc(-c2csc(Nc3cc4ccccc4cn3)n2)cc1OC,-4.9291186,training
COC1CC(n2c(=O)n(C)c3cnc4cc(F)c(-c5ccc(OCCN(C)C)nc5)cc4c32)C1,-4.7958798,training
O=C(CCC1CCOCC1)N1CCC2(CC1)CC2CNC(=O)N1Cc2ccncc2C1,-5.3772435,training
COc1ccc(-c2ccc(-n3cc(NC(N)=O)c(C(N)=O)n3)cc2F)cc1C,-5.522878599999999,training
COc1cc(-c2cnc3c(N4CCOCC4)snc3c2)ccc1N,-4.4269576,training
Cc1nc(NS(=O)(=O)c2cc(Cl)c(NCC34CCCN3CCC4)cc2F)sc1F,-5.3010302000000005,training
CC1(C)COc2c(Cl)cc([C@H]3C(C(O)=NO)[C@@H]3c3ccccc3)cc2O1,-3.769551,training
O=C(c1ccncc1)N1N=C2CCCC[C@@H]2[C@@]1(O)C(F)(F)F,-4.4436975,training
CNC(=O)c1nc(-c2cccc(S(=O)(=O)Nc3cccc(Cl)c3)c2)cnc1N,-4.0,training
Cc1c(O)ccc2cnn(C[C@H](C)N)c12,-4.648152400000002,training
O=C(NCc1ccc(S(=O)(=O)c2cc(F)cc(F)c2)cc1)c1cc2ccncc2o1,-4.8388901,training
O=C(NCc1ccccc1)C(c1ccccc1)N1CCN(Cc2ccccc2)CC1,-4.6197886,training
CC(C)n1nc(Cn2nc3ccccc3c2OCCCO)c2ccccc21,-4.7958798,training
CCCC(Oc1ccc(-n2cnc(C(F)(F)F)c2)cc1)c1ccc(C(=O)NCCC(=O)O)cc1,-5.6382723,training
C=CC(=O)N[C@@H]1CN(c2nc(Nc3cn(C)nc3OC)c3ncn(C(C)(C)C)c3n2)C[C@H]1F,-4.7958798,training
CNC(=O)c1nc(-c2ccc(Cl)c(S(=O)(=O)Nc3cccc(Cl)c3)c2)cnc1N,-4.0,training
O=C1Nc2ccccc2[C@]12CCNC2,-4.91364,training
CN1C(=O)C2CN(S(=O)(=O)c3ccc(F)c(Cl)c3)C[C@@H]2c2cnccc21,-4.309804,training
CCS(=O)(=O)Nc1ccc(Oc2ccc(C#N)cc2)c(-c2cn(C)c(=O)c3[nH]ccc23)c1,-4.9586072,training
CB1C=Cc2c(cccc2OCC(O)CN(C)C)N1,-4.6382723,training
C[C@]1(NC#N)CCc2ccc(-c3ncnc4[nH]ccc34)cc21,-4.7212462,training
COCc1ccc(-c2cc3c(N[C@@H](C)c4ccn(C)n4)c(C(N)=O)cnc3cc2F)cn1,-5.2703037,training
N#Cc1cc(F)c(C(=O)Nc2ccnc(NC(=O)C3C[C@H]3F)c2)c(Cl)c1,-4.9586072,training
CCS(=O)(=O)Nc1ccc(Oc2ccc(C(F)(F)F)cc2)c(-c2cn(C)c(=O)c3[nH]ccc23)c1,-4.9586072,training
CN1C(=O)C2CN(S(=O)(=O)c3ccc4c(c3)OCO4)C[C@@H]2c2ccccc21,-4.3468947,training
CS(=O)(=O)Cc1cccc2c1CCC2c1ncc[nH]1,-5.3723636,training
C[C@@H]1C[C@H]2[C@@H]3CC=C4CC(=O)C=C[C@]4(C)[C@@]3(F)[C@@H](O)C[C@]2(C)[C@@]1(O)C(=O)CO,-4.6989698,training
COCc1ccc(-c2cc3c(cc2F)ncc2c3n(C3CCOCC3)c(=O)n2C)cn1,-4.3665314,training
Cn1cnc(C(=O)N(Cc2cccc(OC(F)(F)F)c2)CC2[C@H]3CN(CC4CC4)C[C@@H]23)c1,-4.8041005,training
COc1cc(F)c(-c2ccc(-n3cc(NC(N)=O)c(C(N)=O)n3)cc2C)c(F)c1,-5.522878599999999,training
NC(=O)C(CCc1ccccc1)NC(=O)OCc1ccccc1,-3.6689234,training
COC1CC(n2c(=O)n(C)c3cnc4ccc(-c5ccc(OCCCN6CCC6)nc5)cc4c32)C1,-5.4559321,training
COc1cc(C)[nH]c(=O)c1CN1CCc2c(Cl)cc(C(OC)C3CCOC3)c(Cl)c2C1=O,-5.1144266,training
C[C@H](Oc1ccc(S(C)(=O)=O)cc1C(=O)N1Cc2cn(-c3ccccc3F)nc2C1)C(F)(F)F,-4.4477873,training
CCCC(Nc1cnc(-n2cc(C(F)(F)F)cn2)nc1)c1ccc(C(=O)NCCC(=O)O)cc1,-6.09691,training
CC(C)NCCNCC(O)c1cc(C(F)(F)F)nc2c(C(F)(F)F)cccc12,-4.896196400000001,training
N=S(=O)(c1ccccc1)c1ccc(CNC(=O)c2cc3ccncc3o2)cc1,-4.8409681,training
CNc1nc(Nc2cc(Cl)c(C(=O)N3CCOCC3)cc2OC)ncc1C(F)(F)F,-5.0915151,training
O=C(NCc1cccnc1)Nc1ccc(S(=O)(=O)c2ccccc2)cc1,-5.2336230000000015,training
O=C(Nc1ccnc(NC(=O)C2CC2)c1)c1c(Cl)cccc1Cl,-4.522878599999999,training
Cn1cc(NC(=O)c2csc3ncc(N[C@@H]4CCCC[C@@H]4N)nc23)c(Cl)n1,-4.6382723,training
CNS(=O)(=O)Cc1ccc2[nH]cc(CCN(C)C)c2c1,-5.7212462,training
C[C@]12CCC(=O)C=C1CC[C@@H]1[C@@H]2[C@@H](O)C[C@@]2(C)[C@H]1CC[C@]2(O)C(=O)CO,-4.5086384000000015,training
Cc1nnc(CC2CCC(c3ccc(N4CCOc5ncnc(N)c5C4=O)cc3)CC2)s1,-4.9586072,training
COCc1ccc(-c2cc3c(cc2F)ncc2c3n([C@@H](C)C3CCOCC3)c(=O)n2C)cn1,-4.5686364,training
CS(=O)(=O)Nc1cccc(-c2ccccc2[C@@H]2Cc3nccn3C2)c1,-4.647924400000001,training
CCc1cc(C[C@@H]2CS(=O)(=O)C[C@H](NCc3cccc(C(C)(C)C)c3)[C@H]2O)cc(F)c1N,-3.638272,training
CNc1nc(Nc2ccc(C(=O)N3CCOCC3)cc2OC)ncc1Cl,-5.3565474,training
COc1ccc(-c2csc(Nc3ccc4ccccc4n3)n2)cc1OC,-5.0434113,training
CN(C)C(=O)c1ncc(Oc2cc(OC3CCCC3)cc(-c3nc(=O)cc[nH]3)c2)cn1,-4.8538718,training
CCNc1nc(Cc2ccccc2)cc2c1CCNCC2,-5.7447276,training
Cn1cc(NC(=O)c2cnn3ccc(N4CC[C@H](F)[C@@H](N)C4)nc23)c(C(F)(F)F)n1,-4.5528421,training
N#Cc1cnccc1COc1cnc(N2CCN(C(=O)OCC(F)(F)F)CC2)nc1,-4.4948502,training
Cc1ccnc(-c2cc(Nc3ccn(C)n3)nc3[nH]cc(C#N)c23)c1,-5.3010302000000005,training
NC(=O)CC1CCC(c2ccc(N3CCOc4ncnc(N)c4C3=O)cc2)CC1,-5.3979402,training
COc1cc(C)[nH]c(=O)c1CN1CCc2c(Cl)cc([C@@H](OC)C3COC3)c(Cl)c2C1=O,-5.243125,training
Cn1cc(NC(=O)c2ccc3cnc(N[C@@H]4CCCCNC4)nn23)c(C(F)F)n1,-4.522878599999999,training
ON=C(O)C1[C@H](c2ccccc2)[C@H]1c1cc(Cl)c2c(c1)OCCO2,-3.4424927000000003,training
COCc1ccc(-c2ccc3ncc4c(c3c2)n(C2CCOCC2)c(=O)n4C)cn1,-4.4948502,training
C[C@H]1C[C@H]2CSC(=N)N[C@@]2(c2nccs2)CO1,-4.8664613,training
COc1cc(-c2ccc(-n3cc(NC(N)=O)c(C(N)=O)n3)cc2F)ccc1O,-5.522878599999999,training
Cn1cc(-c2ccccc2Oc2ccccc2)c2cc[nH]c2c1=O,-4.5086384000000015,training
C[C@H](CO)CONC(=O)c1ncc2cncn2c1Nc1ccc(I)cc1F,-5.0814266,training
C[C@H](c1nc(=O)c2cnn(C3CCCC3)c2[nH]1)N1CC(Oc2ccccc2)C1,-4.7958798,training
OC(c1cc(C(F)(F)F)nc2c(C(F)(F)F)cccc12)C1CCCCN1,-5.0268722000000015,training
C[C@H]1C[C@H]2CSC(=N)N[C@@]2(c2cccs2)CO1,-4.6179829,training
CC1(CC(=O)N2CCC3(CC2)CC3CNC(=O)N2Cc3ccncc3C2)COC1,-5.625906,training
CN1C[C@@H]2C(CN(Cc3ccc(F)c(Cl)c3)C(=O)c3cn(C)cn3)[C@@H]2C1,-4.8794260000000005,training
CCCCNCCNCC(O)c1cc(C(F)(F)F)nc2c(C(F)(F)F)cccc12,-5.229147900000001,training
O=C(O)CC1CCC(Oc2ccc(NC(=O)c3nnc(Nc4ccc(F)c(F)c4)o3)cn2)CC1,-5.292429900000001,training
CCC1CC(C(=O)Nc2ncc(SCc3ncc(C(C)(C)C)o3)s2)CCN1,-7.124939,training
CC(C)(C)c1ccc(N2CCOc3ncnc(N)c3C2=O)cc1,-4.5528421,training
CCNC(=O)c1ccc(Oc2ccccc2)c(-c2cn(C)c(=O)c3[nH]ccc23)c1,-4.522878599999999,training
CC(C)n1nc(CCn2c(CCCO)nc3ccccc32)c2cnccc21,-4.5850267,training
CC(C)S(=O)(=O)N[C@H]1Cc2ccc(-c3ccc(F)cn3)cc2C1,-3.2541449,training
O=C(C1CC2(CCN(C3CCOCC3)CC2)C1)N1CCN(C2CCC2)CC1,-5.292429900000001,training
Cn1cc(NC(=O)c2cnn3ccc(N[C@@H]4CCCC[C@@H]4N)nc23)c(C#N)n1,-4.7695513,training
CCC1C(=O)N(C)c2cnc(-n3ccnc3-c3ccc(F)cc3)nc2N1c1ccn(C)n1,-3.7328284,training
CCNC(=O)Nc1ccc(-c2nc(N3CCOC[C@@H]3C)c3c(cnn3C)n2)cc1,-5.0655017,training
CC(C)(C)n1nnc2c1CCC(c1nc(-c3ccc(F)cc3)no1)C2,-4.3767509,training
Cn1ncc2cc(CC(=O)Nc3nn(Cc4ccc(F)c(F)c4)cc3C#N)ccc21,-5.0365715,training
c1cc(Cn2cccn2)c2c(c1)[C@H](c1ncc[nH]1)CC2,-4.4190168,training
Cc1ccsc1C(=CCCN1CCCC(C(=O)O)C1)c1sccc1C,-4.767004,training
CC(=O)NC1CCCOc2c1nn(-c1ccccc1Cl)c2-c1ccc(Cl)cc1,-4.850781,training
Cc1cn(-c2ccc3n(c2=O)CCN(CCOc2ccc(F)cc2C(F)(F)F)C3=O)cn1,-4.882728599999999,training
CC(C)n1nc(-c2cnc(N)c(C(F)(F)F)c2)cc1C1CCN(C2COC2)CC1,-4.920818799999998,training
N#CCNC(=O)C(Cn1cccn1)NC(=O)OCc1ccccc1,-3.8326354,training
CC(=O)N[C@@H](Cc1cc(F)cc(F)c1)[C@H](O)CN[C@H]1CCOc2ccc(CC(C)(C)C)cc21,-4.522878599999999,training
CN(C)C[C@@H](c1ccccc1)n1cc(NC(=O)c2[nH]nc3c2CCC(C)(C)C3)cn1,-5.0915151,training
N[C@H]1CN(c2ncnc(N3CCC(F)(F)C3)n2)C[C@@H]1N1CCCCC1=O,-5.4202166,training
Cc1[nH]c2c(N3CCC4(CCNC4=O)CC3)c(C#N)c(C(F)(F)F)nc2c1Cl,-4.6020598,training
CN1C(=O)C(NC(=O)c2n[nH]c(Cc3ccccc3)n2)COc2ccccc21,-4.677780599999998,training
Cc1nc2cnc3[nH]ccc3c2n1C1CCOCC1,-4.8538718,training
CC(C)(C)OC(=O)N1CCC2(CC1)CC2CNC(=O)c1ccc2nccn2c1,-4.7571397000000015,training
CCCNc1nc(Cc2ccccc2)cc2c1CCNCC2,-5.8239088,training
N[C@H]1CN(c2cc(N3CCC(F)(F)C3)ncn2)C[C@@H]1N1CCCCC1=O,-5.7447276,training
ON=C(O)C1[C@H](c2ccccc2)[C@H]1c1ccc2oc(C3CC3)nc2c1,-3.4412913,training
CC1(C)OCc2c(Nc3[nH]nc4cc(C(F)(F)F)ccc34)nc(-c3cn[nH]c3)nc21,-4.9871626,training
O=c1cc2c(nn1Cc1cccc(Cl)c1)CCNCC2,-4.4948502,training
COc1ccccc1Oc1ncccc1C(=NO)NC1CCCCC1,-4.5256176,training
COc1ccc(C(=O)NCc2nc(C)no2)cc1S(=O)(=O)Nc1ccc(C)cc1,-5.09691,training
CS(=O)(=O)c1ccc(OCC2CC2)c(C(=O)N2Cc3cn(-c4ccccc4F)nc3C2)c1,-4.4194751,training
Cc1cc(F)cnc1C(=O)Nc1csc([C@]23CO[C@@H](C)C[C@H]2CSC(=N)N3)n1,-4.8268137000000015,training
COc1cc2ncnc(Nc3cccc(Cl)c3F)c2cc1OC(=O)N1CC[C@@H](N(C)C)C1,-4.548727,training
N#CCNC(=O)C(Cn1ccc2ccccc21)NC(=O)OCc1ccccc1,-3.652303,training
C[C@@H](O)c1nc2cnc3[nH]ccc3c2n1C1CCC(CCC#N)CC1,-5.1797094,training
COc1cc2ncnc(Nc3cccc(Cl)c3F)c2cc1OC(=O)N1CCN(C)C[C@@H]1C,-4.292429900000001,training
CCS(=O)(=O)Nc1ccc(OC2CCC(N(C)C)CC2)c(-c2cn(C)c(=O)c3[nH]ccc23)c1,-5.5686364,training
C[C@@H]1CN(c2ncc(C(=O)NC3C4CC5CC3CC(O)(C5)C4)c(C3CCCC3)n2)C[C@H](C)O1,-4.6989698,training
CC1(C)OCc2c(Nc3[nH]nc4c(C(F)(F)F)cccc34)nc(-c3cn[nH]c3)nc21,-5.070581,training
N#Cc1cnccc1COc1cnc(N2CC3CCC(C2)N3C(=O)OCC(F)(F)F)nc1,-4.650514599999998,training
N#CC1(c2ccccn2)CCN(Cc2cc(C(=O)NC3CCOCC3)c(=O)n3ccccc23)CC1,-4.4814858,training
NC(=O)Nc1cn(-c2ccc(-c3ccc(O)cc3)c(F)c2)nc1C(N)=O,-5.522878599999999,training
CN(C)CCNc1cc(-c2ccccc2)nc2cc(-c3ccc(F)cc3)nn12,-4.1402469,training
CC(=O)N[C@@H](Cc1cc(F)cc(F)c1)[C@H](O)CNC1(c2cccc(C3(C)CCCO3)c2)CC1,-4.0457573,training
CS(=O)(=O)c1ccc(-c2cccc(F)c2)c(C(=O)N2Cc3cn(-c4ccccc4F)nc3C2)c1,-4.3595538000000005,training
N#Cc1cc(Cl)c(C(=O)Nc2ccnc(NC(=O)C3CC3)c2)c(Cl)c1,-4.8239088,training
CC(C)Oc1ccc(C#N)cc1C(=O)N1Cc2cn(-c3cncc(F)c3)nc2C1,-4.2997208,training
Cc1nc2cc([C@H]3C(C(O)=NO)[C@@H]3c3ccccc3)ccc2s1,-3.3458235,training
Cc1cnc(N)nc1OCC(C)(C)C,-4.4317985,training
Cc1cc(-n2cc(NC(N)=O)c(C(N)=O)n2)ccc1-c1cc(C)c(O)c(C)c1,-5.522878599999999,training
Cc1cnc(-c2ccc([C@@H]3[C@@H](c4ccccc4)[C@@]3(C)C(O)=NO)cc2)nc1,-3.4078233,training
Cc1cnc(-c2ccc([C@H]3C(C(O)=NO)[C@@H]3c3ccccc3)cc2)nc1,-3.4259686,training
CCOc1cc(-n2cc(NC(N)=O)c(C(N)=O)n2)ccc1-c1ccc(O)c(F)c1,-5.522878599999999,training
N#CC1(c2ccccn2)CCN(Cc2cc(C(=O)N[C@H]3CCCC[C@@H]3F)c(=O)n3ccccc23)CC1,-4.5850267,training
Cc1nsc(NC(=O)c2cc(Oc3ccc(C(=O)N4CCC4)cc3)cc(O[C@@H](C)CO)c2)n1,-4.283996599999999,training
CN1CCN2c3ncccc3Cc3ccccc3C2C1,-4.4894552,training
COc1ccccc1[C@]12CO[C@@H](C)C[C@H]1CSC(=N)N2,-5.070581,training
Cc1cc(CC(=O)Nc2ccn(Cc3ccc(C#N)cn3)n2)ccc1OCC(F)(F)F,-4.4956999,training
Clc1cccc(O[C@@H](c2ccccc2)[C@H]2CCNC2)c1,-5.161150900000001,training
CN1C(=O)CN=C(c2ccccc2)c2cc(Cl)ccc21,-4.6020598,training
COc1cc(C)c(S(C)(=O)=O)cc1C(=O)Nc1cccc(-c2nncn2C(C)C)n1,-5.142667299999999,training
CC(C)S(=O)(=O)NCC1CC(c2ccc(-c3cccnc3)c(F)c2)=NO1,-4.6575775,training
CN(C)c1ccc(CC(=O)Nc2ccn(Cc3ccc(F)c(F)c3)n2)cc1,-4.2076082,training
CCC(C)C(S)C(=O)NC(Cc1ccc(OCc2ccc(F)cc2)cc1)C(=O)O,-5.3010302000000005,training
CC(C)c1cccc(CN[C@H]2CS(=O)(=O)C[C@@H](Cc3ccc(O)c(CCO)c3)[C@@H]2O)c1,-5.2992997000000015,training
C#CCN(C)Cc1ccc(O)c2ncccc12,-4.367239,training
Cc1cc(-n2cc3c(n2)CN(C(=O)c2cc(C#N)ccc2OC(C)C)C3)ccn1,-4.3436618,training
FC(F)(F)Oc1ccc(Oc2cncc3sc(-c4nn[nH]n4)cc23)cc1,-4.6197886,training
C[C@@H](O)c1nc2cnc3[nH]ccc3c2n1[C@H]1CC[C@H](NCC(F)(F)F)C1,-5.0,training
CN1C(=O)C2CN(S(=O)(=O)c3ccc4c(c3)CCO4)C[C@@H]2c2cnccc21,-4.3010302000000005,training
O=C1c2ccc(C3C(C(O)=NO)[C@@H]3c3ccccc3)cc2CN1CC(F)(F)F,-3.8860567,training
C=CC(=O)N[C@@H]1CN(c2nc(Nc3cn(C)nc3OC)c3ncn(C)c3n2)C[C@H]1F,-5.0457573,training
N#Cc1cccnc1N1CCN([C@@H]2CNC(C(=O)N3CCC(F)(F)C3)C2)CC1,-4.9263163,training
O=S(=O)(Nc1ccncn1)c1cc(Cl)c(NCC23CCCN2CCC3)cc1F,-5.6989698,training
CN1C[C@@H]2C[C@H]1CN2Cc1nc(=O)c2oc3ccc(Br)cc3c2[nH]1,-4.167491,training
Cc1nc(C)c(C(=O)N2CCC3(CC2)CC3CNC(=O)N2Cc3ccncc3C2)o1,-5.4498143,training
Cc1ccc(-c2ccc3c(c2)C[C@@H](NS(=O)(=O)C(C)C)C3)cn1,-3.1985962000000003,training
CC(=O)N1CCc2c(c(Nc3cccc(-c4cc[nH]n4)c3)nn2CC2CC2)C1,-5.2006593,training
O=C(NCc1ccc(S(=O)(=O)c2cccc(C(F)(F)F)c2)cc1)c1cnc2[nH]ncc2c1,-4.9586072,training
CNC(=O)c1nnc2ccc(-c3ccc(OCCCN(C)C)nc3)cc2c1N[C@@H](C)C1CCOCC1,-5.180456200000001,training
N#CCNC(=O)C(Cc1c[nH]c2ccccc12)NC(=O)OCc1ccccc1,-3.8459315,training
Cc1cc(C(=O)NNCc2ccccc2)no1,-4.7520266,training
CNC(=O)c1cnc(N)c(O[C@H]2CN(C(=O)Cc3ccc(OC(F)(F)F)cc3)CC2(F)F)c1,-4.9586072,training
