smiles_standarized,label,group
C[N+](C)CCOC(c1ccccc1)c1ccccc1,0.0,training
CN1CC(C(=O)NC2(C)OC3(O)C4CCCN4C(=O)C(Cc4ccccc4)N3C2=O)C=C2c3cccc4[nH]cc(c34)CC21,0.0,training
Cc1cn(C2CC(O)C(CO)O2)c(=O)[nH]c1=O,1.0,training
CN(C)CCCN1c2ccccc2Sc2ccccc21,0.0,training
CN(CCCCCCCCCCN(C)C(=O)Oc1cccc([N+](C)(C)C)c1)C(=O)Oc1cccc([N+](C)(C)C)c1,1.0,training
C=CCO,1.0,training
Cc1cc2nc3c(=O)[nH]c(=O)nc-3n(CC(O)C(O)C(O)CO)c2cc1C,0.0,training
CC(C)COCC(CN(Cc1ccccc1)c1ccccc1)N1CCCC1,1.0,training
COc1c(N2CCNC(C)C2)c(F)cc2c(=O)c(C(=O)O)cn(C3CC3)c12,0.0,training
C=CC1CN2CCC1CC2C(O)c1ccnc2ccc(OC)cc12,1.0,training
CC(C)(Oc1ccc(C2CC2(Cl)Cl)cc1)C(=O)O,1.0,training
C=CCOC=O,1.0,training
COc1cc(N)c(Cl)cc1C(=O)NC1CCN(CCCOc2ccc(F)cc2)CC1OC,0.0,training
CC1(COc2ccc(Cc3sc(=O)[nH]c3O)cc2)CCCCC1,1.0,training
O=C1NCN(c2ccccc2)C12CCN(CCCC(c1ccc(F)cc1)c1ccc(F)cc1)CC2,1.0,training
Cc1cc(CC(=O)O)n(C)c1C(=O)c1ccc(Cl)cc1,0.0,training
CC1(C)SC2C(NC(=O)C(NC(=O)N3CCNC3=O)c3ccccc3)C(=O)N2C1C(=O)O,0.0,training
Fc1ccc(C2CCNCC2COc2ccc3c(c2)OCO3)cc1,0.0,training
CCN(CC)CCOc1ccc(C(=C(Cl)c2ccccc2)c2ccccc2)cc1,1.0,training
CC(N)=S,1.0,training
COC1(NC(O)=c2sc(=C(C(N)=O)C(=O)O)s2)C(=O)N2C(C(=O)O)=C(CSc3nnnn3C)CSC21,0.0,training
Nc1nc(Cl)nc2c1ncn2C1CC(O)C(CO)O1,0.0,training
CCCC1CC(C(=O)NC(C(C)Cl)C2OC(SC)C(O)C(O)C2O)N(C)C1,1.0,training
CC(CCC(=O)O)C1CCC2C3CCC4CC(O)CCC4(C)C3CCC12C,1.0,training
CC1(C)SC2C(NC(=O)COc3ccccc3)C(=O)N2C1C(=O)O,0.0,training
CN1CC(C(=O)NC2(C)OC3(O)C4CCCN4C(=O)C(Cc4ccccc4)N3C2=O)CC2c3cccc4[nH]cc(c34)CC21,0.0,training
COC(=O)Nc1nc2cc(C(=O)c3cccs3)ccc2[nH]1,0.0,training
COCc1c(-c2ccc(F)cc2)c(=CCC(O)CC(O)CC(=O)O)c(C(C)C)nc1=C(C)C,1.0,training
C#CC1(O)CCC2C3CCc4cc(O)ccc4C3CCC21C,1.0,training
CC(Cc1ccc(O)cc1)NCC(O)c1cc(O)cc(O)c1,1.0,training
CCN1CCN(C(=O)NC(C(=O)NC2C(=O)N3C(C(=O)O)=C(CSc4nnnn4C)CSC23)c2ccc(O)cc2)C(=O)C1=O,0.0,training
O=[N+]([O-])OC1COC2C(O[N+](=O)[O-])COC12,0.0,training
CCN(CC)CCNc1ccc(CO)c2sc3ccccc3c(=O)c12,1.0,training
CCOc1ccccc1OCCNC(C)Cc1ccc(OC)c(S(N)(=O)=O)c1,0.0,training
COC1(NC(=O)C(C(=O)O)c2ccc(O)cc2)C(=O)N2C(C(=O)O)=C(CSc3nnnn3C)COC21,0.0,training
N#[N+]C=C([O-])OCC(N)C(=O)O,1.0,training
C#CC1(OC(C)=O)CCC2C3CCC4=CC(OC(C)=O)CCC4C3CCC21C,1.0,training
CN(C)CCN(Cc1ccccc1)c1ccccn1,1.0,training
Cc1cc(NC(=O)C2C(=O)c3ccccc3S(=O)(=O)N2C)no1,0.0,training
CC(=O)C1CCC2C3CC=C4CC(=O)CCC4(C)C3CCC12C,1.0,training
NC1C(O)OC(CO)C(O)C1O,1.0,training
CC(=O)SC1C=C2CC(=O)CCC2(C)C2CCC3(C)C(CCC34CCC(=O)O4)C12,1.0,training
CNCCc1ccccn1,1.0,training
ClC(Cl)(Cl)Cl,1.0,training
CCCC1(CCc2ccccc2)CC(=O)C(C(CC)c2cccc(NS(=O)(=O)c3ccc(C(F)(F)F)cn3)c2)C(=O)O1,1.0,training
Nc1ncnc2c1ncn2C1OC(CO)C(O)C1O,0.0,training
CC(=O)OCC1=C(C(=O)O)N2C(=O)C(NC(=O)CSc3ccncc3)C2SC1,0.0,training
COc1cc(C)c(C=CC(C)=CC=CC(C)=CC(=O)O)c(C)c1C,1.0,training
CN(C)C1C(=O)C(C(N)=O)C(=O)C2(O)C(=O)C3C(=O)c4c(O)ccc(Cl)c4C(C)(O)C3CC12,1.0,training
O=C1Nc2ccc(Cl)cc2C(C#CC2CC2)(C(F)(F)F)O1,1.0,training
NC1CCN(c2c(F)cc3c(=O)c(C(=O)O)cn(C4CC4)c3c2Cl)C1,0.0,training
CC=CCC(C)C(O)C1C(=O)NC(CC)C(=O)N(C)CC(=O)N(C)C(CC(C)C)C(=O)NC(C(C)C)C(=O)N(C)C(CC(C)C)C(=O)NC(C)C(=O)NC(C)C(=O)N(C)C(CC(C)C)C(=O)N(C)C(CC(C)C)C(=O)N(C)C(C(C)C)C(=O)N1C,1.0,training
CN1CCC(=C2c3ccccc3CC(=O)c3sccc32)CC1,0.0,training
O=C1CCC2(O)C3Cc4ccc(O)c5c4C2(CCN3CC2CC2)C1O5,1.0,training
CN(C)c1ccc(O)c2c1CC1CC3C(N(C)C)C(=O)C(C(N)=O)C(=O)C3(O)C(=O)C1C2=O,1.0,training
CN1CCC(=C2c3ccccc3CCc3cccnc32)CC1,1.0,training
CC(N)(Cc1ccc(O)c(O)c1)C(=O)O,1.0,training
NC(=O)c1ncn(C2OC(CO)C(O)C2O)n1,0.0,training
CC1C(=O)OC2CCN3CC=C(COC(=O)C(C)(O)C1(C)O)C23,1.0,training
CCCCC(CC)COC(=O)C=Cc1ccc(OC)cc1,1.0,training
Clc1ccc(CCC(Cn2ccnc2)Sc2c(Cl)cccc2Cl)cc1,0.0,training
CC(=O)C1(O)C=C2C(=O)c3c(c(O)c4ccccc4c3O)C(=O)C2C(OC2CC(N)C(O)C(C)O2)C1,0.0,training
Cc1ccc(S(=O)(=O)NC(=O)NN2CC3CCCC3C2)cc1,0.0,training
Nc1nc(F)nc2c1ncn2C1OC(COP(=O)(O)O)C(O)C1O,0.0,training
CCOC(Cc1ccc(OCCN2c3ccccc3Oc3ccccc32)cc1)C(=O)O,0.0,training
COc1ccc2[nH]cc(CCNC(C)=O)c2c1,0.0,training
Clc1ccc(COC(Cn2ccnc2)c2ccc(Cl)cc2Cl)cc1,0.0,training
O=C1NC(=O)C(=O)C(=O)N1,0.0,training
CC1C(=NC(=O)C(NOC(C)(C)C(=O)O)c2csc(N)n2)C(=O)N1S(=O)(=O)O,0.0,training
CC(C)(C)NCC(O)COc1nsnc1N1CCOCC1,1.0,training
C#CC1(O)CCC2C3CCC4=Cc5oncc5CC4(C)C3CCC21C,1.0,training
CN1CCN2c3ccccc3Cc3ccccc3C2C1,1.0,training
CC(CCC(=O)NCCS(=O)(=O)O)C1CCC2C3C(O)CC4CC(O)CCC4(C)C3CCC12C,1.0,training
CNCCC(Oc1ccccc1C)c1ccccc1,1.0,training
Cc1nnc(C(C)C)n1C1CC2CCC(C1)N2CCC(NC(=O)C1CCC(F)(F)CC1)c1ccccc1,1.0,training
CCC1(c2ccccc2)CCC(=O)NC1=O,1.0,training
COc1cccc2c(O)c3c(c(O)c12)C(=O)C1=C(CC(O)(C(C)=O)CC1OC1CC(N)C(O)C(C)O1)C3=O,0.0,training
CC12CCC3c4ccc(O)cc4CCC3C1CCC2=O,1.0,training
O=c1[nH]c(=O)n(C2OC(CO)C(O)C2F)cc1I,1.0,training
Cc1ncc(COP(=O)(O)O)c(C=O)c1O,0.0,training
CC[C@H]1OC(=O)C(C)[C@@H](O[C@H]2C[C@@](C)(OC)[C@@H](O)[C@H](C)O2)[C@H](C)[C@@H](O[C@@H]2O[C@H](C)C[C@H](N(C)C)[C@H]2O)[C@](C)(O)CC(C)C(=O)C(C)[C@@H](O)[C@]1(C)O,0.0,training
CC[C@@H](CO)NC(=O)C1C=C2c3cccc4[nH]cc(c34)C[C@H]2N(C)C1,1.0,training
CC(C)c1nc(CN(C)C(=O)NC(C(=O)N[C@@H](Cc2ccccc2)C[C@H](O)[C@H](Cc2ccccc2)NC(=O)OCc2cncs2)C(C)C)cs1,0.0,training
O=C1CCC(N2C(=O)c3ccccc3C2=O)C(=O)N1,0.0,training
CCCCC(C)(O)C/C=C/[C@@H]1C(CCCCCCC(=O)OC)C(=O)C[C@H]1O,0.0,training
CC[C@H](C)C(NC(=O)C(CCC(=O)O)NC(=O)C(CO)NC(=O)C(NC(=O)C(N)CO)C(C)C)C(=O)NC(CCC(N)=O)C(=O)NC(CC(C)C)C(=O)NC(CCSC)C(=O)NC(Cc1c[nH]cn1)C(=O)NC(CC(N)=O)C(=O)NC(CC(C)C)C(=O)NCC(=O)NC(CCCCN)C(=O)NC(Cc1c[nH]cn1)C(=O)NC(CC(C)C)C(=O)NC(CC(N)=O)C(=O)NC(CO)C(=O)NC(CCSC)C(=O)NC(CCC(=O)O)C(=O)NC(CCCN=C(N)N)C(=O)NC(C(=O)NC(CCC(=O)O)C(=O)NC(Cc1c[nH]c2ccccc12)C(=O)NC(CC(C)C)C(=O)NC(CCCNC(=N)N)C(=O)NC(CCCCN)C(=O)NC(CCCCN)C(=O)NC(CC(C)C)C(=O)NC(CCC(N)=O)C(=O)NC(CC(=O)O)C(=O)NC(C(=O)NC(Cc1c[nH]cn1)C(=O)NC(CC(N)=O)C(=O)NC(Cc1ccccc1)C(=O)O)C(C)C)C(C)C,1.0,training
C=C(CC)C(=O)c1ccc(OCC(=O)O)c(Cl)c1Cl,0.0,training
NCCNCCNCCNCCN,0.0,training
Cc1ccccc1C(=O)Nc1ccc(C(=O)N2CCCC(O)c3cc(Cl)ccc32)c(C)c1,0.0,training
CCC[C@H]1O[C@@H]2C[C@H]3[C@@H]4CC=C5CC(=O)C=C[C@]5(C)[C@H]4[C@@H](O)C[C@]3(C)[C@]2(C(=O)CO)O1,1.0,training
C[C@H]1O[C@H](O[C@H]2[C@H](O)[C@@H](O)[C@@H](O[C@H]3[C@H](O)[C@@H](O)[C@H](O)O[C@@H]3CO)O[C@@H]2CO)[C@H](O)[C@@H](O)[C@@H]1N[C@H]1C=C(CO)[C@H](O)[C@H](O)[C@H]1O,0.0,training
CC[C@@H]([C@H](C)O)n1ncn(-c2ccc(N3CCN(c4ccc(OCC5CO[C@@](Cn6cncn6)(c6ccc(F)cc6F)C5)cc4)CC3)cc2)c1=O,0.0,training
C[C@]1(O)CC[C@H]2[C@@H]3CC=C4CC(=O)CC[C@]4(C)[C@@]3(F)[C@@H](O)C[C@@]21C,0.0,training
CN(C)CCc1c[nH]c2ccc(CS(=O)(=O)N3CCCC3)cc12,1.0,training
COCCCOc1cc(C[C@@H](C[C@H](N)[C@@H](O)CC(C(=O)NCC(C)(C)C(N)=O)C(C)C)C(C)C)ccc1OC,1.0,training
C=CC1=C(C(=O)O)N2C(=O)C(NC(=O)C(=NO)c3csc(N)n3)[C@H]2SC1,0.0,training
c1cnc2cc3c(cc2n1)[C@@H]1CNC[C@H]3C1,0.0,training
CN(C)CC/C=C1\c2ccccc2COc2ccccc21,0.0,training
C#CC1(OC(C)=O)CCC2C3CC=C4CC(=O)CCC4C3CCC21C,1.0,training
CC1(C)S[C@@H]2C(NC(=O)Cc3ccccc3)C(=O)N2C1C(=O)O,0.0,training
CC[C@@H](CO)NC(=O)C1C=C2c3cccc4c3c(cn4C)C[C@H]2N(C)C1,1.0,training
CCCc1nc(C(C)(C)O)c(C(=O)OCc2oc(=O)oc2C)n1Cc1ccc(-c2ccccc2-c2nn[nH]n2)cc1,0.0,training
CN(N=O)C(=O)N[C@@H]1[C@@H](O)[C@H](O)[C@@H](CO)O[C@@H]1O,0.0,training
CN(C)c1cc(NC(=O)CNC(C)(C)C)c(O)c2c1C[C@H]1C[C@H]3C(N(C)C)C(=O)C(C(N)=O)C(=O)[C@@]3(O)C(=O)C1C2=O,0.0,training
O=S(O)(O)=S,1.0,training
C#Cc1cccc(Nc2ncnc3cc(OCCOC)c(OCCOC)cc23)c1,0.0,training
CCC1(c2ccccc2)C(=O)NC(=O)NC1=O,0.0,training
Cc1nnc2n1-c1ccc(Cl)cc1C(c1ccccc1)=NC2,0.0,training
CC[C@@]1(O)C(=O)OCc2c1cc1n(c2=O)Cc2cc3c(CN(C)C)c(O)ccc3nc2-1,1.0,training
C[C@@H]1O[C@@H]1P(=O)(O)O,0.0,training
O=C(O)c1cc(N=Nc2ccc(O)c(C(=O)O)c2)ccc1O,0.0,training
Cc1cccc(Nc2ccncc2S(=O)(=O)NC(=O)NC(C)C)c1,0.0,training
CC(=O)Oc1ccc(C2(c3ccc(OC(C)=O)cc3)C(=O)Nc3ccccc32)cc1,0.0,training
COc1c(C)c2c(c(O)c1C/C=C(\C)CCC(=O)O)C(=O)OC2,0.0,training
O=[N+]([O-])OCC(CO[N+](=O)[O-])O[N+](=O)[O-],1.0,training
Clc1ccc2c(c1)C(c1ccccc1)=NCc1nncn1-2,1.0,training
O=C(O)CN(CCN(CC(=O)O)CC(=O)O)CCN(CC(=O)O)C(COCc1ccccc1)C(=O)O,1.0,training
Cc1cc(C#N)cc(C)c1Oc1nc(Nc2ccc(C#N)cc2)nc(N)c1Br,0.0,training
Cc1ccc(-c2nc3ccc(C)cn3c2CC(=O)N(C)C)cc1,0.0,training
C=CCN1CC[C@]23c4c5ccc(O)c4OC2C(=O)CC[C@@]3(O)[C@H]1C5,1.0,training
NC[C@H](O)c1ccc(O)c(O)c1,1.0,training
O=C(O)CCNC(=O)c1ccc(N=Nc2ccc(O)c(C(=O)O)c2)cc1,0.0,training
Cc1nc(-c2ccc(OCC(C)C)c(C#N)c2)sc1C(=O)O,0.0,training
COc1cc2ncnc(Nc3ccc(F)c(Cl)c3)c2cc1OCCCN1CCOCC1,0.0,training
O=C(O)O,1.0,training
CCCCCCCCCC(=O)OC1(c2ccc(Cl)cc2)CCN(CCCC(=O)c2ccc(F)cc2)CC1,0.0,training
O=C(O)CCCc1ccc(N(CCCl)CCCl)cc1,0.0,training
NC(=O)CCC(N)C(=O)O,0.0,training
O=NN(CCCl)C(=O)NC1CCCCC1,0.0,training
CN(C)CCc1c[nH]c2ccc(Cn3cncn3)cc12,1.0,training
C1N2CN3CN1CN(C2)C3,0.0,training
CCCC(C)C1(CC)C(=O)NC(=O)NC1=O,0.0,training
COc1ccnc(C[S+]([O-])c2nc3cc(OC(F)F)ccc3[nH]2)c1OC,0.0,training
COC(=O)C(c1ccccc1)[C@H]1CCCCN1,0.0,training
C=C1/C(=C\C=C2/CCC[C@]3(C)[C@@H]([C@H](C)/C=C/[C@H](C)C(C)C)CC[C@@H]23)C[C@@H](O)C[C@@H]1O,0.0,training
COc1cc2nc(N3CCN(C(=O)c4ccco4)CC3)nc(N)c2cc1OC,0.0,training
COc1c2occc2cc2ccc(=O)oc12,0.0,training
CC(C)Nc1cccnc1N1CCN(C(=O)c2cc3cc(NS(C)(=O)=O)ccc3[nH]2)CC1,0.0,training
NC(=O)N1c2ccccc2CC(=O)c2ccccc21,0.0,training
Cc1[nH]cnc1CN1CCc2c(c3ccccc3n2C)C1=O,0.0,training
Oc1c(C2=CCC(c3ccc(Cl)cc3)CC2)c(O)c2ccccc2c1O,0.0,training
CCC(C(N)=O)N1CCCC1=O,0.0,training
CC(=O)O,1.0,training
Clc1ccc2nsnc2c1NC1=NCCN1,0.0,training
CC1=NS(=O)(=O)c2cc(Cl)ccc2N1,0.0,training
CN1CC[C@]23c4c5ccc(O)c4OC2C(=O)CC[C@@]3(O)[C@H]1C5,1.0,training
COc1cc2c(c(OC)c1OC)-c1ccc(OC)c(=O)cc1[C@@H](NC(C)=O)CC2,0.0,training
CCC[C@@H]1CC(C(=O)NC(C(C)Cl)[C@H]2O[C@H](SC)[C@H](O)[C@@H](O)[C@H]2O)N(C)C1,0.0,training
CN1C(CCl)Nc2cc(Cl)c(S(N)(=O)=O)cc2S1(=O)=O,0.0,training
O=C(CNC(=O)c1ccccc1)CC(Cc1ccccc1)C(=O)O,1.0,training
Cc1c(O)cccc1C(=O)N[C@@H](CSc1ccccc1)[C@H](O)CN1C[C@H]2CCCC[C@H]2CC1C(=O)NC(C)(C)C,0.0,training
NS(=O)(=O)c1cc2c(cc1C(F)(F)F)NC(Cc1ccccc1)NS2(=O)=O,0.0,training
CN[C@@H]1CCc2[nH]c3ccc(C(N)=O)cc3c2C1,1.0,training
Nc1nc(N)c2nc(-c3ccccc3)c(N)nc2n1,0.0,training
NC(=O)C[S+]([O-])C(c1ccccc1)c1ccccc1,0.0,training
NC1CONC1=O,0.0,training
CCn1c(O)c(-c2ccccc2)[nH]c1=O,0.0,training
CC[N+](CC)(CCNC(=O)C(=O)NCC[N+](CC)(CC)Cc1ccccc1Cl)Cc1ccccc1Cl,1.0,training
CC(C)(C)C(=O)OCOP(=O)(COCCn1cnc2c(N)ncnc21)OCOC(=O)C(C)(C)C,0.0,training
CC(C)CN(C[C@@H](O)[C@H](Cc1ccccc1)NC(=O)O[C@H]1CCOC1)S(=O)(=O)c1ccc(N)cc1,0.0,training
CC(=O)[C@@]1(O)CC[C@H]2C3=CC(C)=C4CC(=O)CC[C@]4(C)[C@H]3CC[C@@]21C,0.0,training
Oc1cc2cc(CCN3CCN(c4nsc5ccccc45)CC3)c(Cl)cc2[nH]1,0.0,training
CC(C)(ON=C(C(=O)NC1C(=O)N2C(C(=O)[O-])=C(C[n+]3ccccc3)CS[C@H]12)c1csc(N)n1)C(=O)O,0.0,training
CNC(=O)c1c(I)c(NC(C)=O)c(I)c(C(=O)O)c1I,1.0,training
C[C@@H](O)C1C(=O)N2C(C(=O)O)=C(S[C@@H]3CN[C@H](CNS(N)(=O)=O)C3)[C@H](C)[C@H]12,0.0,training
Clc1ccc2c(c1)CCc1cccnc1C2=C1CCNCC1,0.0,training
CSCCC(NC(=O)C(Cc1c[nH]c2ccccc12)NC(=O)CCNC(=O)OCC(C)C)C(=O)NC(CC(=O)O)C(=O)NC(Cc1ccccc1)C(N)=O,1.0,training
CC[C@H](C)C1NC(=O)C(Cc2ccc(O)cc2)NC(=O)C(N)CSSCC(C(=O)N2CCCC2C(=O)NC(CC(C)C)C(=O)NCC(N)=O)NC(=O)C(CC(N)=O)NC(=O)C(CCC(N)=O)NC1=O,1.0,training
N[C@@H]1CC1c1ccccc1,0.0,training
CN1CC(C(=O)N[C@]2(C)O[C@@]3(O)[C@@H]4CCCN4C(=O)C(Cc4ccccc4)N3C2=O)C[C@@H]2c3cccc4[nH]cc(c34)C[C@H]21,1.0,training
CC(C)C[C@@H](NC(=O)C(Cc1ccccc1)NC(=O)c1cnccn1)B(O)O,0.0,training
C[C@@H](O)C1C(=O)N2C(C(=O)O)=C(S[C@@H]3CNC(C(=O)Nc4cccc(C(=O)O)c4)C3)[C@H](C)[C@H]12,0.0,training
[13CH3]C(O)C(=O)O,1.0,training
c1ccc2[nH]c(-c3cscn3)nc2c1,0.0,training
NC1[C@H]2CN(c3nc4c(cc3F)c(=O)c(C(=O)O)cn4-c3ccc(F)cc3F)C[C@@H]12,0.0,training
NS(=O)(=O)c1cc(C2(O)NC(=O)c3ccccc32)ccc1Cl,0.0,training
NS(=O)(=O)c1cc(Cl)c(Cl)c(S(N)(=O)=O)c1,1.0,training
CCC(C)C1(CC)C(=O)NC(=O)NC1=O,0.0,training
O=c1[nH]c(O)cn1/N=C\c1ccc([N+](=O)[O-])o1,0.0,training
CCC[C@@H]1CC(C(=O)N[C@@H]([C@H]2O[C@H](SC)[C@H](O)[C@@H](O)[C@H]2O)[C@@H](C)O)N(C)C1,0.0,training
CCN(CC)CCNC(=O)c1ccc(N)cc1,0.0,training
CC[C@H](C)C(NC(=O)C(CC(=O)O)NC(=O)C(CC(C)C)NC(=O)C(CC(C)C)NC(=O)C(CCCCN)NC(=O)C(CCCN=C(N)N)NC(=O)C(CC(N)=O)NC(=O)C(CO)NC(=O)C(Cc1cnc[nH]1)NC(=O)C(C)NC(=O)C(CCC(N)=O)NC(=O)C(CCC(N)=O)NC(=O)C(C)NC(=O)C(CC(C)C)NC(=O)C(CCC(N)=O)NC(=O)C(CC(=O)O)NC(=O)C(C)NC(=O)C(CCCCN)NC(=O)C(NC(=O)C(CCSC)NC(=O)C(CCC(=O)O)NC(=O)C(CC(C)C)NC(=O)C(NC(=O)C(CCC(=O)O)NC(=O)C(CCCNC(=N)N)NC(=O)C(CC(C)C)NC(=O)C(CC(C)C)NC(=O)C(Cc1cnc[nH]1)NC(=O)C(Cc1ccccc1)NC(=O)C(NC(=O)C(CC(C)C)NC(=O)C(CC(=O)O)NC(=O)C(CC(C)C)NC(=O)C(CO)NC(=O)C(NC(=O)C1CCCN1C(=O)C1CCCN1C(=O)C(CCC(=O)O)NC(=O)C(CCC(N)=O)NC(=O)C(N)CO)[C@@H](C)CC)[C@@H](C)O)C(C)C)[C@@H](C)O)C(=O)NC(C)C(N)=O,1.0,training
COc1ccc(C[C@@H]2c3cc(OC)c(OC)cc3CC[N@+]2(C)CCC(=O)OCCCCCOC(=O)CC[N@@+]2(C)CCc3cc(OC)c(OC)cc3[C@H]2Cc2ccc(OC)c(OC)c2)cc1OC,1.0,training
CN1CCC[C@@H]1CCO[C@](C)(c1ccccc1)c1ccc(Cl)cc1,1.0,training
COc1cc([C@@H]2c3cc4c(cc3[C@@H](O[C@@H]3O[C@@H]5COC(c6cccs6)O[C@H]5[C@H](O)[C@H]3O)[C@H]3COC(=O)C23)OCO4)cc(OC)c1O,0.0,training
C[C@@H](O)C1C(=O)N2C(C(=O)O)=C(S[C@H]3CCC(C(=O)N(C)C)N3)[C@H](C)[C@H]12,0.0,training
C=CCN,1.0,training
CC[C@H](C)C(NC(=O)C(CC(C)C)NC(=O)C(CO)NC(=O)C(Cc1c[nH]cn1)NC(=O)C(NC(=O)C(CC(C)C)NC(=O)C(CO)NC(=O)C(NC(=O)C(Cc1ccc(O)cc1)NC(C)=O)[C@@H](C)O)[C@@H](C)CC)C(=O)NC(CCC(=O)O)C(=O)NC(CCC(=O)O)C(=O)NC(CO)C(=O)NC(CCC(N)=O)C(=O)NC(CC(N)=O)C(=O)NC(CCC(N)=O)C(=O)NC(CCC(N)=O)C(=O)NC(CCC(=O)O)C(=O)NC(CCCCN)C(=O)NC(CC(N)=O)C(=O)NC(CCC(=O)O)C(=O)NC(CCC(N)=O)C(=O)NC(CCC(=O)O)C(=O)NC(CC(C)C)C(=O)NC(CC(C)C)C(=O)NC(CCC(=O)O)C(=O)NC(CC(C)C)C(=O)NC(CC(=O)O)C(=O)NC(CCCCN)C(=O)NC(Cc1c[nH]c2ccccc12)C(=O)NC(C)C(=O)NC(CO)C(=O)NC(CC(C)C)C(=O)NC(Cc1c[nH]c2ccccc12)C(=O)NC(CC(N)=O)C(=O)NC(Cc1c[nH]c2ccccc12)C(=O)NC(Cc1ccccc1)C(N)=O,0.0,training
OCCN1CCN(CCCN2c3ccccc3Sc3ccc(Cl)cc32)CC1,0.0,training
CC[C@H]1OC(=O)C(C)[C@@H](O[C@H]2C[C@@](C)(OC)[C@@H](O)[C@H](C)O2)[C@H](C)[C@@H](O[C@@H]2O[C@H](C)C[C@H](N(C)C)[C@H]2O)[C@](C)(OC)CC(C)C(=O)C(C)[C@@H](O)[C@]1(C)O,0.0,training
CC(C)(C#N)c1cc(Cn2cncn2)cc(C(C)(C)C#N)c1,0.0,training
C/C=C/C[C@@H](C)[C@@H](O)C1C(=O)NC(CC)C(=O)N(C)CC(=O)N(C)C(CC(C)C)C(=O)NC(C(C)C)C(=O)N(C)C(CC(C)C)C(=O)NC(C)C(=O)NC(C)C(=O)N(C)C(CC(C)C)C(=O)N(C)C(CC(C)C)C(=O)N(C)C(C(C)C)C(=O)N1C,0.0,training
CCOC(=O)C(CCc1ccccc1)NC(C)C(=O)N1C(C(=O)O)C[C@H]2CCCC[C@@H]21,0.0,training
CCNC(=O)C1CCCN1C(=O)C(CCCN=C(N)N)NC(=O)C(CC(C)C)NC(=O)C(Cc1cn(Cc2ccccc2)cn1)NC(=O)C(Cc1ccc(O)cc1)NC(=O)C(CO)NC(=O)C(Cc1c[nH]c2ccccc12)NC(=O)C(Cc1c[nH]cn1)NC(=O)C1CCC(=O)N1,0.0,training
Oc1ccc2c3c1OC1[C@@H](O)CC[C@@]4(O)[C@@H](C2)N(CC2CCC2)CC[C@]314,1.0,training
CC(=O)OCC(=O)[C@@]1(O)CC[C@H]2[C@@H]3CC=C4CC(=O)CC[C@]4(C)C3C(=O)C[C@@]21C,1.0,training
CC(=O)OC1=C2C(C)[C@@H](OC(=O)C(O)C(NC(=O)c3ccccc3)c3ccccc3)C[C@@](O)([C@@H](OC(=O)c3ccccc3)[C@@H]3[C@]4(OC(C)=O)CO[C@@H]4C[C@H](O)[C@@]3(C)C1=O)C2(C)C,0.0,training
C=C1CC[C@@]2(O)[C@H]3Cc4ccc(O)c5c4[C@@]2(CCN3CC2CC2)[C@H]1O5,0.0,training
CCCN1C[C@H](CSC)C[C@@H]2c3cccc4[nH]cc(c34)C[C@H]21,0.0,training
CN(C)C1C(=O)C(C(N)=O)C(=O)[C@@]2(O)C(=O)C3C(=O)c4c(O)ccc(Cl)c4[C@@H](O)[C@H]3C[C@@H]12,0.0,training
NCC(CC(=O)O)c1ccc(Cl)cc1,0.0,training
Nc1nc(Cl)nc2c1ncn2[C@@H]1O[C@H](CO)[C@@H](O)[C@@H]1F,0.0,training
C=CCOCC1CN2CCO[Si](C)(O1)OC(COCC=C)C2,1.0,training
C[C@]12C=CC(=O)N[C@@H]1CC[C@@H]1C2CC[C@]2(C)C(C(=O)Nc3cc(C(F)(F)F)ccc3C(F)(F)F)CC[C@@H]12,1.0,training
CC(=O)[C@@]1(O)CC[C@H]2[C@@H]3CC(C)=C4CC(=O)CC[C@]4(C)[C@H]3CC[C@@]21C,0.0,training
Cc1c(OCC(F)(F)F)ccnc1C[S@@+]([O-])c1nc2ccccc2[nH]1,0.0,training
Cc1cn[nH]c1,0.0,training
CNC(=O)CN(CCN(CCN(CC(=O)O)CC(=O)NC)CC(=O)O)CC(=O)O,0.0,training
CN1CCN(C2=Nc3ccccc3Oc3ccc(Cl)cc32)CC1,0.0,training
NC(Cc1ccc(O)cc1)C(=O)O,0.0,training
CCN(CC)C(=O)[C@]1(c2ccccc2)C[C@@H]1CN,0.0,training
CCCCCN(C)CCC(O)(P(=O)(O)O)P(=O)(O)O,1.0,training
CCCCCCCCCCC[C@@H](C[C@@H]1OC(=O)C1CCCCCC)OC(=O)C(CC(C)C)NC=O,0.0,training
S=P(N1CC1)(N1CC1)N1CC1,0.0,training
CN1CC[C@]23c4c5ccc(O)c4O[C@H]2[C@@H](O)C=C[C@H]3[C@H]1C5,1.0,training
C[C@]12CC[C@@H]3C4=C(CC[C@H]3[C@@H]1CC[C@@H]2O)CC(=O)CC4,0.0,training
C=C[C@H]1CN2CCC1C[C@H]2[C@H](O)c1ccnc2ccc(OC)cc12,0.0,training
CC(O)C(O)C1CNc2[nH]c(N)nc(=O)c2N1,1.0,training
COc1cc([C@@H]2c3cc4c(cc3[C@@H](O[C@@H]3O[C@@H]5CO[C@@H](C)O[C@H]5[C@H](O)[C@H]3O)[C@H]3COC(=O)C23)OCO4)cc(OC)c1O,0.0,training
COC(=O)NC(C(=O)N[C@@H](Cc1ccccc1)[C@@H](O)CN(Cc1ccc(-c2ccccn2)cc1)NC(=O)C(NC(=O)OC)C(C)(C)C)C(C)(C)C,0.0,training
N[C@@H]1CCCC[C@H]1N,0.0,training
Nc1ncn([C@@H]2O[C@H](CO)[C@@H](O)[C@H]2O)c(=O)n1,0.0,training
O=C(O)COC(=O)Cc1ccccc1Nc1c(Cl)cccc1Cl,1.0,training
CCN(CC)CCOc1ccc(/C(=C(\Cl)c2ccccc2)c2ccccc2)cc1,0.0,training
COC(=O)C1=C(C)N=C(C)C(C(=O)OC(C)C)C1c1cccc2nonc12,0.0,training
C[C@]12CC[C@@H]3c4ccc(O)cc4CC[C@H]3[C@@H]1CCC2=O,0.0,training
OC[C@@H](O)[C@H](O)[C@@H](O)[C@@H](O)CO,1.0,training
CCc1cc(C(N)=S)ccn1,0.0,training
Cc1onc(-c2ccccc2Cl)c1C(=O)NC1C(=O)N2C(C(=O)O)C(C)(C)S[C@H]12,0.0,training
C[C@]12CCC(=O)C=C1CC[C@H]1[C@@H]3CC[C@](O)(C(=O)CO)[C@@]3(C)C[C@H](O)[C@@]12F,1.0,training
NCCC(O)C(=O)N[C@@H]1C[C@H](N)[C@@H](O[C@H]2O[C@H](CN)[C@@H](O)[C@H](O)[C@H]2O)[C@H](O)[C@H]1O[C@H]1O[C@H](CO)[C@@H](O)[C@H](N)[C@H]1O,1.0,training
O=c1[nH]c(=O)n([C@@H]2O[C@H](CO)[C@@H](O)[C@@H]2F)cc1I,0.0,training
COc1ccc2c(c1)[C@]13CCCC[C@@H]1[C@H](C2)N(C)CC3,1.0,training
CC(C)CN(C[C@@H](OP(=O)(O)O)[C@H](Cc1ccccc1)NC(=O)O[C@H]1CCOC1)S(=O)(=O)c1ccc(N)cc1,0.0,training
CCNC(=O)C1CCCN1C(=O)C(CCCN=C(N)N)NC(=O)C(CC(C)C)NC(=O)C(CC(C)C)NC(=O)C(Cc1ccc(O)cc1)NC(=O)C(CO)NC(=O)C(Cc1c[nH]c2ccccc12)NC(=O)C(Cc1c[nH]cn1)NC(=O)C1CCC(=O)N1,0.0,training
CC(C)c1c(C(=O)Nc2ccccc2)c(-c2ccccc2)c(-c2ccc(F)cc2)n1CC[C@@H](O)C[C@@H](O)CC(=O)O,0.0,training
O=C1Nc2ccc(Cl)cc2[C@@](C#CC2CC2)(C(F)(F)F)O1,0.0,training
CC(=O)OC[C@H]1O[C@@H](S)[C@H](OC(C)=O)[C@@H](OC(C)=O)[C@@H]1OC(C)=O,0.0,training
O=P(O)(O)C(O)(Cc1cccnc1)P(=O)(O)O,0.0,training
CC1=C(/C=C/C(C)=C/C=C/C(C)=C/C(=O)O)C(C)(C)CCC1,0.0,training
CC(N)C12CC3CC(CC(C3)C1)C2,1.0,training
CNC1(C)C2CCC(C2)C1(C)C,1.0,training
CC(O)C(CO)NC(=O)C1CSSCC(NC(=O)C(N)Cc2ccccc2)C(=O)NC(Cc2ccccc2)C(=O)NC(Cc2c[nH]c3ccccc23)C(=O)NC(CCCCN)C(=O)NC(C(C)O)C(=O)N1,0.0,training
CCC(C)CC(C)CCCCCCCCC(=O)NC1C[C@@H](O)[C@H](NCCN)NC(=O)C2[C@@H](O)CCN2C(=O)C([C@H](O)CCN)NC(=O)C([C@H](O)[C@@H](O)c2ccc(O)cc2)NC(=O)C2C[C@@H](O)CN2C(=O)C([C@@H](C)O)NC1=O,0.0,training
C[N+]1(C)CCCC(OC(=O)C(O)(c2ccccc2)c2ccccc2)C1,1.0,training
Cc1cc2c(s1)Nc1ccccc1N=C2N1CCN(C)CC1,0.0,training
Clc1ccc(-c2nnc(Nc3ccc(Br)cc3)s2)cc1,0.0,training
FC(F)(F)C(F)(F)C(F)(F)F,1.0,training
COc1ccc2[nH]c([S+]([O-])Cc3ncc(C)c(OC)c3C)nc2c1,0.0,training
Nc1cccc2c1CN(C1CCC(=O)NC1=O)C2=O,0.0,training
Nc1ncnc2c1ncn2[C@@H]1O[C@H](CO)[C@@H](O)[C@H]1O,1.0,training
Cc1cc2nc3c(=O)[nH]c(=O)nc-3n(C[C@@H](O)[C@@H](O)[C@@H](O)CO)c2cc1C,1.0,training
CC(=O)[C@]1(O)C=C2C(=O)c3c(c(O)c4ccccc4c3O)C(=O)C2[C@@H](O[C@H]2C[C@H](N)[C@H](O)[C@H](C)O2)C1,0.0,training
CC=CC1=C(C(=O)O)N2C(=O)C(NC(=O)C(N)c3ccc(O)cc3)[C@H]2SC1,0.0,training
Nc1ccn(C[C@@H](CO)OCP(=O)(O)O)c(=O)n1,0.0,training
NS(=O)(=O)c1cc2c(cc1Cl)N=CNS2(=O)=O,0.0,training
COC1C(=O)C(C)C[C@H](C)/C=C/C=C/C=C(\C)[C@@H](OC)C[C@@H]2CC[C@@H](C)[C@@](O)(O2)C(=O)C(=O)N2CCCCC2C(=O)O[C@H]([C@H](C)CC2CC[C@@H](O)[C@H](OC)C2)CC(=O)C(C)=CC(C)[C@H]1O,0.0,training
O=C1CCCC(=O)C1C(=O)c1ccc(C(F)(F)F)cc1[N+](=O)[O-],0.0,training
CON=C(C(=O)NC1C(=O)N2C(C(=O)O)=C(/C=C\c3scnc3C)CS[C@H]12)c1csc(N)n1,0.0,training
N[C@@H](CC(=O)N1CCn2c(nnc2C(F)(F)F)C1)Cc1cc(F)c(F)cc1F,0.0,training
C[C@@H](NCCCc1cccc(C(F)(F)F)c1)c1cccc2ccccc12,1.0,training
CC(C)(S)C(N)C(=O)O,0.0,training
OCCN1C[C@H](O)[C@@H](O)[C@H](O)[C@H]1CO,1.0,training
C/C(=C\c1csc(C)n1)[C@@H]1C[C@@H]2O[C@]2(C)CCC[C@H](C)[C@H](O)C(C)C(=O)C(C)(C)[C@@H](O)CC(=O)N1,0.0,training
NCCC[C@H](N)CC(=O)NCC1NC(=O)C(CO)NC(=O)C(N)CNC(=O)C([C@H]2CCN=C(N)N2)NC(=O)C(=CNC(N)=O)NC1=O,0.0,training
CNC[C@H](O)c1ccc(O)c(O)c1,1.0,training
CC(C)C(N)C(=O)OCCOCn1cnc2c(=O)[nH]c(N)nc21,0.0,training
C=C1C[C@@H]2[C@H](CC[C@]3(C)C(=O)CC[C@@H]23)[C@@]2(C)C=CC(=O)C=C12,0.0,training
CC1=C(/C=C/C(C)=C/C=C/C(C)=C/CO)C(C)(C)CCC1,0.0,training
O=C(O)CCCO,1.0,training
CC1=C2N=C(C=C3N=C(C(C)=C4N[C@@](C)(C5N=C1[C@](C)(CCC(=O)NCC(C)OP(=O)(O)OC1C(O)[C@@H](n6cnc7cc(C)c(C)cc76)O[C@H]1CO)[C@H]5CC(N)=O)[C@@](C)(CC(N)=O)[C@@H]4CCC(N)=O)[C@@](C)(CC(N)=O)[C@@H]3CCC(N)=O)C(C)(C)[C@@H]2CCC(N)=O,1.0,training
CCC1C(=O)OC[C@@H]1Cc1cncn1C,0.0,training
CC(C)CC(NC(=O)CNC(=O)C(CCC(N)=O)NC(=O)C(CC(C)C)NC(=O)C(CC(C)C)NC(=O)C(CCCN=C(N)N)NC(=O)C(CCC(N)=O)NC(=O)C(CC(C)C)NC(=O)C(CCCNC(=N)N)NC(=O)C(C)NC(=O)C(CO)NC(=O)C(CC(=O)O)NC(=O)C(CCCNC(=N)N)NC(=O)C(CC(C)C)NC(=O)C(CCCNC(=N)N)NC(=O)C(CO)NC(=O)C(CC(C)C)NC(=O)C(CCC(=O)O)NC(=O)C(CO)NC(=O)C(NC(=O)C(Cc1ccccc1)NC(=O)C(NC(=O)CNC(=O)C(CC(=O)O)NC(=O)C(CO)NC(=O)C(N)Cc1ncc[nH]1)C(C)O)C(C)O)C(=O)NC(C(=O)O)C(C)C,1.0,training
CC[C@H](C)C(NC(=O)C(CS)NC(=O)C(CCCCN)NC(=O)C(CC(N)=O)NC(=O)CNC(=O)C(CCC(N)=O)NC(=O)CNC(=O)C(CS)NC(=O)C(NC(=O)C(CC(N)=O)NC(=O)C(CO)NC(=O)CNC(=O)C(CCC(=O)O)NC(=O)C(CS)NC(=O)C(CC(C)C)NC(=O)C(CS)NC(=O)C(CC(C)C)NC(=O)C(CC(N)=O)NC(=O)C(CCC(N)=O)NC(=O)CNC(=O)C(CO)NC(=O)C(CCC(=O)O)NC(=O)C(NC(=O)C(CS)NC(=O)C(CC(=O)O)NC(=O)C(NC(=O)C(Cc1ccc(O)cc1)NC(=O)C(NC(=O)C(N)CC(C)C)[C@@H](C)O)[C@@H](C)O)[C@@H](C)O)C(C)C)C(=O)NC(CC(C)C)C(=O)NCC(=O)NC(CO)C(=O)NC(CC(=O)O)C(=O)NCC(=O)NC(CCC(=O)O)C(=O)NC(CCCCN)C(=O)NC(CC(N)=O)C(=O)NC(CCC(N)=O)C(=O)NC(CS)C(=O)NC(C(=O)NC(C(=O)NCC(=O)NC(CCC(=O)O)C(=O)NCC(=O)NC(C(=O)N1CCCC1C(=O)NC(CCCCN)C(=O)N1CCCC1C(=O)NC(CCC(N)=O)C(=O)NC(CO)C(=O)NC(Cc1c[nH]cn1)C(=O)NC(CC(N)=O)C(=O)NC(CC(=O)O)C(=O)NCC(=O)NC(CC(=O)O)C(=O)NC(Cc1ccccc1)C(=O)NC(CCC(=O)O)C(=O)NC(CCC(=O)O)C(=O)NC(C(=O)N1CCCC1C(=O)NC(CCC(=O)O)C(=O)NC(CCC(=O)O)C(=O)NC(Cc1ccc(O)cc1)C(=O)NC(CC(C)C)C(=O)NC(CCC(N)=O)C(=O)O)[C@@H](C)CC)[C@@H](C)O)[C@@H](C)O)C(C)C,0.0,training
COc1ccc2[nH]c([S@+]([O-])Cc3ncc(C)c(OC)c3C)nc2c1,0.0,training
CCCC(=O)OCOC(=O)C1=C(C)N=C(C)C(C(=O)OC)C1c1cccc(Cl)c1Cl,1.0,training
C[N+]1(C)CCC(OC(=O)C(O)(c2ccccc2)C2CCCC2)C1,1.0,training
Cc1cn([C@H]2C=C[C@@H](CO)O2)c(=O)[nH]c1=O,0.0,training
CC[C@H](C)C(NC(=O)C(NC(=O)C(CCC(=O)O)NC(=O)C(CC(C)C)NC(=O)C(CCSC)NC(=O)C(CCCCN)NC(=O)C(CCCN=C(N)N)NC(=O)C(CC(N)=O)NC(=O)C(CO)NC(=O)C(Cc1cnc[nH]1)NC(=O)C(C)NC(=O)C(CCC(N)=O)NC(=O)C(CCC(N)=O)NC(=O)C(C)NC(=O)C(CC(C)C)NC(=O)C(CCC(N)=O)NC(=O)C(CCC(=O)O)NC(=O)C(C)NC(=O)C(CCCNC(=N)N)NC(=O)C(C)NC(=O)C(CCSC)NC(=O)C(CCC(=O)O)NC(=O)C(CC(C)C)NC(=O)C(NC(=O)C(CCC(=O)O)NC(=O)C(CCCNC(=N)N)NC(=O)C(CC(C)C)NC(=O)C(CC(C)C)NC(=O)C(Cc1cnc[nH]1)NC(=O)C(Cc1ccccc1)NC(=O)C(NC(=O)C(CC(C)C)NC(=O)C(CC(=O)O)NC(=O)C(CC(C)C)NC(=O)C(CO)NC(=O)C(NC(=O)C1CCCN1C(=O)C1CCCN1C(=O)C(CCC(=O)O)NC(=O)C(CCC(=O)O)NC(=O)C(N)CO)[C@@H](C)CC)[C@@H](C)O)C(C)C)[C@@H](C)CC)C(=O)O,1.0,training
CCCCC(F)(F)[C@@]1(O)CC[C@@H]2C(CCCCCCC(=O)O)C(=O)C[C@H]2O1,1.0,training
COc1cc2nc(N3CCN(C(=O)C4COc5ccccc5O4)CC3)nc(N)c2cc1OC,0.0,training
CN(C)CC(c1ccc(O)cc1)C1(O)CCCCC1,0.0,training
CCOc1cc(CC(=O)N[C@@H](CC(C)C)c2ccccc2N2CCCCC2)ccc1C(=O)O,0.0,training
CC(C)=CCN1CC[C@@]2(C)c3cc(O)ccc3C[C@@H]1[C@@H]2C,1.0,training
CCOC(=O)c1cncn1C(C)c1ccccc1,1.0,training
COc1c(C)c2c(c(O)c1C/C=C(\C)CCC(=O)OCCN1CCOCC1)C(=O)OC2,0.0,training
CN1CCN(C(=O)O[C@H]2c3nccnc3C(=O)N2c2ccc(Cl)cn2)CC1,0.0,training
COC(=O)C(c1ccccc1Cl)N1CCc2sccc2C1,0.0,training
CN[C@H]1CC[C@@H](c2ccc(Cl)c(Cl)c2)c2ccccc21,0.0,training
CC[C@]1(O)C[C@H]2CN(CCc3c([nH]c4ccccc34)[C@@](C(=O)OC)(c3cc4c(cc3OC)N(C=O)[C@H]3[C@@](O)(C(=O)OC)[C@H](OC(C)=O)[C@]5(CC)C=CCN6CC[C@]43[C@@H]65)C2)C1,0.0,training
Nc1nnc(-c2cccc(Cl)c2Cl)c(N)n1,0.0,training
CCC(C)C(=O)O[C@H]1C[C@@H](C)C=C2C=C[C@H](C)[C@H](CC[C@@H]3C[C@@H](O)CC(=O)O3)[C@H]21,0.0,training
O=[N+]([O-])O,0.0,training
C=CC[N+]1([C@H]2C[C@H]3[C@@H]4CC[C@H]5C[C@H](O)[C@@H](N6CCOCC6)C[C@]5(C)[C@H]4CC[C@]3(C)[C@H]2OC(C)=O)CCCC1,1.0,training
CCC[C@@]1(CCc2ccccc2)CC(=O)C([C@H](CC)c2cccc(NS(=O)(=O)c3ccc(C(F)(F)F)cn3)c2)C(=O)O1,0.0,training
CN(CCCl)CCCl,0.0,training
CCC(C)C1NC(=O)C(Cc2ccc(O)cc2)NC(=O)C(N)CSSCC(C(=O)N2CCCC2C(=O)NC(CC(C)C)C(=O)NCC(N)=O)NC(=O)C(CC(N)=O)NC(=O)C(C(C)O)NC1=O,1.0,training
N=C(N)c1ccc(OCCCCCOc2ccc(C(=N)N)cc2)cc1,0.0,training
COCC(NC(C)=O)C(=O)NCc1ccccc1,0.0,training
CCN(C)C(=O)Oc1cccc([C@H](C)N(C)C)c1,0.0,training
N=C(N)NCCCC(NC(=O)C1CCCN1C(=O)C1CSSCCC(=O)NC(Cc2ccc(O)cc2)C(=O)NC(Cc2ccccc2)C(=O)NC(CCC(N)=O)C(=O)NC(CC(N)=O)C(=O)N1)C(=O)NCC(N)=O,0.0,training
N=O,1.0,training
O=C(O)CN(CCN(CC(=O)O)C[C@H](COP(=O)(O)OC1CCC(c2ccccc2)(c2ccccc2)CC1)N(CC(=O)O)CC(=O)O)CC(=O)O,1.0,training
CC[C@H](C)C(NC(=O)C1CCCN1C(=O)CNC(=O)C(Cc1ccccc1)NC(=O)C(CC(N)=O)NC(=O)C(CC(N)=O)NC(=O)C(CO)NC(=O)C(CO)NC(=O)C(Cc1c[nH]cn1)NC(=O)C(NC(=O)C(CC(C)C)NC(=O)C(Cc1ccccc1)NC(=O)C(CC(N)=O)NC(=O)C(C)NC(=O)C(CC(C)C)NC(=O)C(CCCNC(=N)N)NC(=O)C(CCC(N)=O)NC(=O)C(NC(=O)C(C)NC(=O)C(CS)NC(=O)C(NC(=O)C(C)NC(=O)C(NC(=O)C(CC(N)=O)NC(=O)C(CS)NC(=O)C(N)CCCCN)[C@@H](C)O)[C@@H](C)O)[C@@H](C)O)C(C)C)C(=O)NC(CC(C)C)C(=O)N1CCCC1C(=O)N1CCCC1C(=O)NC(C(=O)NC(CC(N)=O)C(=O)NC(C(=O)NCC(=O)NC(CO)C(=O)NC(CC(N)=O)C(=O)NC(C(=O)NC(Cc1ccc(O)cc1)C(N)=O)[C@@H](C)O)C(C)C)[C@@H](C)O,1.0,training
CN[C@@H](C)Cc1ccccc1,1.0,training
O=C1OC2(c3ccc(O)cc3Oc3cc(O)ccc32)c2ccccc21,1.0,training
CCN1CCN(C(=O)NC(C(=O)NC2C(=O)N3C(C(=O)O)=C(CSc4nnnn4C)CS[C@H]23)c2ccc(O)cc2)C(=O)C1=O,0.0,training
C[N+](C)(C)C[C@H](O)CC(=O)[O-],1.0,training
Fc1ccc([C@@H]2CCNC[C@H]2COc2ccc3c(c2)OCO3)cc1,0.0,training
Fc1ccccc1C1=NCC(=S)N(CC(F)(F)F)c2ccc(Cl)cc21,1.0,training
COc1cccc2c(O)c3c(c(O)c12)C(=O)C1=C(C[C@@](O)(C(=O)CO)C[C@@H]1O[C@H]1C[C@H](N)[C@H](O)[C@H](C)O1)C3=O,0.0,training
N=C(N)NCCCC(NC(=O)C1CCCN1C(=O)C1CSSCC(N)C(=O)NC(Cc2ccc(O)cc2)C(=O)NC(Cc2ccccc2)C(=O)NC(CCC(N)=O)C(=O)NC(CC(N)=O)C(=O)N1)C(=O)NCC(N)=O,1.0,training
CCCN[C@@H]1CCc2nc(N)sc2C1,0.0,training
O=C1CC[C@@]2(O)[C@H]3Cc4ccc(O)c5c4[C@@]2(CCN3CC2CC2)C1O5,0.0,training
CN(C)CCOc1ccc(/C(=C(/CCCl)c2ccccc2)c2ccccc2)cc1,0.0,training
Nc1nc(=O)c2ncn(COCCO)c2[nH]1,0.0,training
CN=C(C[N+](=O)[O-])NCCSCc1csc(CN(C)C)n1,0.0,training
CC1=C(C(=O)O)N2C(=O)C(NC(=O)C(N)c3ccccc3)[C@H]2SC1,0.0,training
CN[C@@H](C)[C@@H](O)c1ccccc1,1.0,training
C[C@@H](Cc1ccccc1)NC(=O)C(N)CCCCN,0.0,training
Cc1cn(-c2cc(NC(=O)c3ccc(C)c(Nc4nccc(-c5cccnc5)n4)c3)cc(C(F)(F)F)c2)cn1,0.0,training
CO[C@H]1O[C@H](COS(=O)(=O)O)[C@@H](O[C@@H]2OC(C(=O)O)[C@@H](O[C@H]3O[C@H](COS(=O)(=O)O)[C@@H](O[C@@H]4OC(C(=O)O)[C@@H](O[C@H]5O[C@H](COS(=O)(=O)O)[C@@H](O)[C@H](O)[C@H]5NS(=O)(=O)O)[C@H](O)[C@H]4O)[C@H](OS(=O)(=O)O)[C@H]3NS(=O)(=O)O)[C@H](O)[C@H]2OS(=O)(=O)O)[C@H](O)[C@H]1NS(=O)(=O)O,0.0,training
C[C@H]1O[C@@H](O[C@H]2[C@@H](O)C[C@H](O[C@H]3[C@@H](O)C[C@H](O[C@H]4CC[C@@]5(C)[C@H](CC[C@@H]6[C@@H]5C[C@@H](O)[C@]5(C)C(C7=CC(=O)OC7)CC[C@]65O)C4)O[C@@H]3C)O[C@@H]2C)C[C@H](O)[C@@H]1O,1.0,training
CCC(C)n1ncn(-c2ccc(N3CCN(c4ccc(OC[C@H]5CO[C@](Cn6cncn6)(c6ccc(Cl)cc6Cl)O5)cc4)CC3)cc2)c1=O,0.0,training
CC(=O)[C@@]1(O)CC[C@H]2[C@@H]3CC=C4CC(=O)CC[C@]4(C)[C@H]3CC[C@@]21C,0.0,training
CCOC(=O)C(CCc1ccccc1)NC(C)C(=O)N1C(C(=O)O)C[C@@H]2CCC[C@@H]21,0.0,training
CCCCCCCC/C=C/CCCCCCCC(=O)O,1.0,training
NCCS,0.0,training
Nc1ccn([C@@H]2O[C@H](CO)[C@@H](O)C2(F)F)c(=O)n1,0.0,training
CNCC[C@H](Oc1cccc2ccccc12)c1cccs1,0.0,training
C[C@@H](CN1CC(=O)NC(=O)C1)N1CC(=O)NC(=O)C1,0.0,training
Cc1onc(-c2ccccc2)c1C(=O)NC1C(=O)N2C(C(=O)O)C(C)(C)S[C@H]12,0.0,training
CN[C@@H]1[C@H](O)[C@H](NC)[C@H]2O[C@@]3(O)C(=O)C[C@@H](C)O[C@H]3O[C@@H]2[C@H]1O,0.0,training
NCCc1ccc(O)cc1,1.0,training
CCC(C)(C)C(=O)O[C@H]1C[C@@H](C)C=C2C=C[C@H](C)[C@H](CC[C@@H]3C[C@@H](O)CC(=O)O3)[C@H]21,0.0,training
C[N+]1(CC2CC2)CC[C@]23c4c5ccc(O)c4OC2C(=O)CC[C@@]3(O)[C@H]1C5,1.0,training
N=C(N)NC(=O)Cc1c(Cl)cccc1Cl,0.0,training
Cc1[nH]c(=O)c(C#N)cc1-c1ccncc1,0.0,training
Cc1c(C)c2c(c(C)c1O)CC[C@@](C)(CCC[C@H](C)CCC[C@H](C)CCCC(C)C)O2,1.0,training
NC(=O)C(c1ccccc1)(c1ccccc1)[C@@H]1CCN(CCc2ccc3c(c2)CCO3)C1,1.0,training
C[C@@H](O[C@@H]1OCCN(Cc2n[nH]c(=O)[nH]2)[C@@H]1c1ccc(F)cc1)c1cc(C(F)(F)F)cc(C(F)(F)F)c1,0.0,training
CC(C)NCC(O)c1ccc(NS(C)(=O)=O)cc1,0.0,training
CO[C@@]1(NC(O)=c2sc(=C(C(N)=O)C(=O)O)s2)C(=O)N2C(C(=O)O)=C(CSc3nnnn3C)CSC21,0.0,training
CC[C@H](C)C(NC(=O)C(CCC(=O)O)NC(=O)C(CCC(=O)O)NC(=O)C(Cc1ccccc1)NC(=O)C(CC(=O)O)NC(=O)CNC(=O)C(CC(N)=O)NC(=O)CNC(=O)CNC(=O)CNC(=O)CNC(=O)C1CCCN1C(=O)C(CCCN=C(N)N)NC(=O)C1CCCN1C(=O)C(N)Cc1ccccc1)C(=O)N1CCCC1C(=O)NC(CCC(=O)O)C(=O)NC(CCC(=O)O)C(=O)NC(Cc1ccc(O)cc1)C(=O)NC(CC(C)C)C(=O)O,1.0,training
COc1cc2nc(N(C)CCCNC(=O)C3CCCO3)nc(N)c2cc1OC,0.0,training
CCCCCOC(=O)Nc1nc(=O)n([C@@H]2O[C@H](C)[C@@H](O)[C@H]2O)cc1F,0.0,training
COc1ccc(Cl)cc1C(=O)NCCc1ccc(S(=O)(=O)NC(=O)NC2CCCCC2)cc1,0.0,training
CCCCCOc1ccc(-c2cc(-c3ccc(C(=O)NC4CC(O)C(O)NC(=O)C5C(O)C(C)CN5C(=O)C(C(O)CC(N)=O)NC(=O)C(C(O)C(O)c5ccc(O)c(OS(=O)(=O)O)c5)NC(=O)C5CC(O)CN5C(=O)C(C(C)O)NC4=O)cc3)no2)cc1,0.0,training
CCOC(=O)C(CCc1ccccc1)NC(C)C(=O)N1CCCC1C(=O)O,0.0,training
CO[C@H]1/C=C/O[C@@]2(C)Oc3c(C)c(O)c4c(O)c(c(C=NN5CCN(C6CCCC6)CC5)c(O)c4c3C2=O)NC(=O)C(C)=CC=CC(C)[C@H](O)[C@@H](C)[C@@H](O)[C@@H](C)[C@H](OC(C)=O)[C@@H]1C,0.0,training
CCCc1nc(C)c2c(=O)[nH]c(-c3cc(S(=O)(=O)N4CCN(CC)CC4)ccc3OCC)nn12,0.0,training
CC1(C)S[C@@H]2C(NC(=O)C(N)c3ccc(O)cc3)C(=O)N2C1C(=O)O,0.0,training
C[C@H](CCC(=O)O)[C@H]1CC[C@H]2[C@@H]3[C@H](O)C[C@@H]4C[C@H](O)CC[C@]4(C)[C@H]3CC[C@]12C,0.0,training
CC(=O)O[C@H]1C[C@@H]2CC[C@@H]3[C@H](CC[C@@]4(C)[C@H]3C[C@H]([N+]3(C)CCCCC3)[C@@H]4OC(C)=O)[C@@]2(C)C[C@@H]1N1CCCCC1,1.0,training
OCCN1CCN(CCCN2c3ccccc3Sc3ccc(C(F)(F)F)cc32)CC1,0.0,training
OC[C@H](O)c1oc(O)c(O)c1O,1.0,training
COc1c(N2C[C@@H]3CCCN[C@@H]3C2)c(F)cc2c(=O)c(C(=O)O)cn(C3CC3)c12,0.0,training
NC(C(=O)NC1C(=O)N2C(C(=O)O)=C(Cl)CS[C@H]12)c1ccccc1,0.0,training
CC1(C)S[C@@H]2C(NC(=O)COc3ccccc3)C(=O)N2C1C(=O)O,1.0,training
CN1C(=O)CC(C)(c2ccccc2)C1=O,1.0,training
CCOc1ccccc1OCCN[C@H](C)Cc1ccc(OC)c(S(N)(=O)=O)c1,1.0,training
O=C(O)COCCN1CCN([C@H](c2ccccc2)c2ccc(Cl)cc2)CC1,0.0,training
O=C(CCCCCCC(O)=NO)Nc1ccccc1,1.0,training
CCC(=O)OC(OP(=O)(CCCCc1ccccc1)CC(=O)N1C[C@H](C2CCCCC2)CC1C(=O)O)C(C)C,0.0,training
CCCCc1oc2ccc(NS(C)(=O)=O)cc2c1C(=O)c1ccc(OCCCN(CCCC)CCCC)cc1,0.0,training
COCCCOc1ccnc(C[S+]([O-])c2nc3ccccc3[nH]2)c1C,0.0,training
N#C[C@@H]1C[C@@H]2C[C@@H]2N1C(=O)C(N)C12CC3CC(CC(O)(C3)C1)C2,1.0,training
CC1(C)S[C@@H]2C(NC(=O)C(C(=O)O)c3ccccc3)C(=O)N2C1C(=O)O,0.0,training
C[C@H](CCC(=O)O)[C@H]1CC[C@H]2[C@@H]3[C@@H](O)C[C@@H]4C[C@H](O)CC[C@]4(C)[C@H]3CC[C@]12C,1.0,training
COc1cc(C(C)=O)ccc1OCCCN1CCC(c2noc3cc(F)ccc23)CC1,0.0,training
COCC1=C(C(=O)O)N2C(=O)C(=NC(=O)C(NOC)c3csc(N)n3)[C@H]2SC1,0.0,training
CC(=O)N=c1sc(S(N)(=O)=O)nn1C,0.0,training
CC1(C)SC(C(NC(=O)Cc2ccccc2)C(=O)NCCCCCC(=O)O)NC1C(=O)O,1.0,training
NC(Cc1ccc(N(CCCl)CCCl)cc1)C(=O)O,0.0,training
CO/N=C1/CN(c2nc3c(cc2F)c(=O)c(C(=O)O)cn3C2CC2)CC1CN,0.0,training
CCCCC1=NC2(CCCC2)C(=O)N1Cc1ccc(-c2ccccc2-c2nn[nH]n2)cc1,0.0,training
CC1=C2CC(=O)C=C[C@]2(C)[C@@H]2[C@@H](C1)[C@@H]1CC[C@](O)(C(=O)CO)[C@@]1(C)C[C@@H]2O,0.0,training
Nc1ccn([C@@H]2O[C@H](CO)[C@@H](O)[C@@H]2O)c(=O)n1,0.0,training
CCOC(=O)C(CCc1ccccc1)NC(C)C(=O)N1Cc2cc(OC)c(OC)cc2CC1C(=O)O,0.0,training
C[C@H](Cn1cnc2c(N)ncnc21)OCP(=O)(O)O,0.0,training
O=P(O)(O)C(Sc1ccc(Cl)cc1)P(=O)(O)O,1.0,training
Nc1nc(C(CCC(=O)O)C(=O)N=C2C(=O)N3C(C(=O)O)=CCS[C@H]23)cs1,0.0,training
Cc1onc(-c2ccccc2)c1-c1ccc(S(N)(=O)=O)cc1,0.0,training
CN=C1CN(O)C(c2ccccc2)=c2cc(Cl)ccc2=N1,0.0,training
NCCc1c[nH]cn1,1.0,training
CNC(=O)c1cc(Oc2ccc(NC(=O)Nc3ccc(Cl)c(C(F)(F)F)c3)cc2)ccn1,0.0,training
CC[C@H](C)C1NC(=O)C(CC(N)=O)NC(=O)C(Cc2ccccc2)NC(=O)C(Cc2ccccc2)NC(=O)C(Cc2c[nH]c3ccccc23)NC(=O)C(CCCN=C(N)N)NC(=O)C2CCCN2C(=O)C(Cc2cnc[nH]2)NC(=O)C(C)NC(=O)C(C)NC(=O)C(CCCNC(=N)N)NC(=O)C2CSSC[C@@H]3NC(=O)CNC(=O)CNC(=O)[C@H](Cc4ccc(O)cc4)NC(=O)[C@H]([C@@H](C)CC)NC(=O)[C@H](Cc4ccccc4)NC(=O)[C@H](CCC(=O)O)NC(=O)[C@H](CCC(=O)O)NC(=O)[C@H](CSSCC(NC(=O)C(CCC(=O)O)NC(=O)C(CCC(=O)O)NC(=O)C(CC(C)C)NC(=O)C(CO)NC(=O)C(CCC(=O)O)NC(=O)C(Cc4ccccc4)NC(=O)C(CCCNC(=N)N)NC(=O)C(CC(N)=O)NC(=O)C(CCC(N)=O)NC(=O)C(CC(N)=O)NC(=O)CNC(=O)C(CCC(=O)O)NC3=O)C(=O)NC(CCCCN)C(=O)NC(CCCCN)C(=O)NC(CCSC)C(=O)NC(C(=O)NC(C(=O)NC(CCCNC(=N)N)C(=O)NC(CC(=O)O)C(=O)O)[C@H](C)O)CSSCC(NC(=O)C(Cc3ccccc3)NC(=O)C(CO)NC(=O)C(Cc3cnc[nH]3)NC(=O)C(CCSC)NC(=O)C(C)NC(=O)C(N)CCC(=O)O)C(=O)NC(C)C(=O)NC(Cc3ccccc3)C(=O)NC(CCCCN)C(=O)NC(C)C(=O)NC(CC(=O)O)C(=O)NC(CC(=O)O)C(=O)NCC(=O)N3CCCC3C(=O)N2)NC(=O)C(CCC(N)=O)NC(=O)C(CCCNC(=N)N)NC(=O)C([C@H](C)O)NC(=O)C(Cc2ccccc2)NC1=O,1.0,training
Cc1cc(C)cc(OCC2CNC(=O)O2)c1,0.0,training
CCCCCOc1ccc(-c2ccc(-c3ccc(C(=O)NC4C[C@@H](O)[C@@H](O)NC(=O)C5[C@@H](O)[C@@H](C)CN5C(=O)C([C@@H](C)O)NC(=O)C([C@H](O)[C@@H](O)c5ccc(O)cc5)NC(=O)C5C[C@@H](O)CN5C(=O)C([C@@H](C)O)NC4=O)cc3)cc2)cc1,0.0,training
O=C1N=C(c2ccccc2Cl)c2cc(Cl)ccc2NC1O,0.0,training
CC(=O)NCCCS(=O)(=O)O,0.0,training
CN(C)CCC=C1c2ccccc2C=Cc2ccccc21,0.0,training
OCC1OC(n2cnc3c2N=CNC[C@H]3O)CC1O,0.0,training
CCN(CC)CCCC(C)Nc1ccnc2cc(Cl)ccc12,0.0,training
COc1ccc2c3c1OC1C(=O)CC[C@@]4(O)[C@@H](C2)N(C)CC[C@]314,1.0,training
O=C1C(CC[C@H](O)c2ccc(F)cc2)[C@@H](c2ccc(O)cc2)N1c1ccc(F)cc1,0.0,training
CCC(C)CCCCC(=O)NC(CCN)C(=O)NC(C(=O)NC(CCN)C(=O)NC1CCNC(=O)C(C(C)O)NC(=O)C(CCN)NC(=O)C(CCN)NC(=O)C(CC(C)C)NC(=O)C(Cc2ccccc2)NC(=O)C(CCN)NC1=O)C(C)O,1.0,training
COc1nc(N)nc2c1ncn2[C@@H]1O[C@H](CO)[C@@H](O)[C@@H]1O,0.0,training
C#C[C@]1(O)CC[C@H]2[C@@H]3CC=C4CC(=O)CCC4[C@H]3CC[C@@]21CC,1.0,training
O=C(CCCN1CCC(O)(c2ccc(Cl)cc2)CC1)c1ccc(F)cc1,0.0,training
CC(C)CC1C(=O)N2CCC[C@H]2[C@]2(O)O[C@](NC(=O)C3C=C4c5cccc6[nH]c(Br)c(c56)C[C@H]4N(C)C3)(C(C)C)C(=O)N12,0.0,training
Cn1c(CCCC(=O)O)nc2cc(N(CCCl)CCCl)ccc21,1.0,training
CCCN(CCC)CCc1cccc2[nH]c(O)cc12,0.0,training
Cc1nnc(C(=O)NC(C)(C)c2nc(C(=O)NCc3ccc(F)cc3)c(O)c(=O)n2C)o1,0.0,training
CCC[C@@H]1CC(C(=O)N[C@@H]([C@H]2O[C@H](SC)[C@H](OP(=O)(O)O)[C@@H](O)[C@H]2O)[C@H](C)Cl)N(C)C1,0.0,training
COc1ccc2c3c1O[C@H]1C[C@@H](O)C=C[C@@]31CCN(C)C2,0.0,training
C=CCC1=CC(C)C[C@H](C)C[C@H](OC)[C@H]2O[C@@](O)(C(=O)C(=O)N3CCCCC3C(=O)O[C@H](C(C)=C[C@@H]3CC[C@@H](O)[C@H](OC)C3)[C@H](C)[C@@H](O)CC1=O)[C@H](C)C[C@@H]2OC,0.0,training
C[C@](N)(Cc1ccc(O)c(O)c1)C(=O)O,0.0,training
CC#C[C@]1(O)CC[C@H]2C3=C(C4=C(CC3)CC(=O)CC4)C(c3ccc(N(C)C)cc3)C[C@@]21C,1.0,training
C[C@]12CCC(=O)C=C1CC[C@@H]1[C@@H]2CC[C@@]2(C)[C@H]1CC[C@]2(C)O,0.0,training
C[C@]12CC[C@H]3[C@@H](CC=C4CC(=O)CC[C@@]43C)[C@@H]1CC[C@@H]2O,0.0,training
CC(C)NCC(O)COc1ccc(CCOCC2CC2)cc1,0.0,training
CO[C@H]1/C=C/O[C@@]2(C)Oc3c(C)c(O)c4c(O)c(c(C=NN5CCN(C)CC5)c(O)c4c3C2=O)NC(=O)C(C)=CC=CC(C)[C@H](O)[C@@H](C)[C@@H](O)[C@@H](C)[C@H](OC(C)=O)[C@@H]1C,0.0,training
COc1ccccc1OCCNCC(O)COc1cccc2[nH]c3ccccc3c12,0.0,training
CC(NC(CCc1ccccc1)C(=O)O)C(=O)N1CCCC1C(=O)O,0.0,training
O=C(Oc1ccccc1C(=O)O)c1ccccc1O,0.0,training
CC(=O)NC(Cc1ccc2ccccc2c1)C(=O)NC(Cc1ccc(Cl)cc1)C(=O)NC(Cc1cccnc1)C(=O)NC(CO)C(=O)NC(Cc1ccc(NC(=O)C2CC(=O)NC(=O)N2)cc1)C(=O)NC(Cc1ccc(NC(N)=O)cc1)C(=O)NC(CC(C)C)C(=O)NC(CCCCNC(C)C)C(=O)N1CCCC1C(=O)NC(C)C(N)=O,0.0,training
CNS(=O)(=O)CCc1ccc2[nH]cc(C3CCN(C)CC3)c2c1,0.0,training
CC(Oc1ccc(Oc2ccc(Cl)cc2)cc1)C(=O)O,0.0,training
CC1Oc2ccc(C(C)(C)C)cc2O1,0.0,training
COc1ccc(C(CN(C)C)C2(O)CCCCC2)cc1,0.0,training
CCCCCc1cc(O)c2c(c1)OC(C)(C)[C@@H]1CCC(C)=C[C@@H]21,0.0,training
O=C1NC(c2ccccc2)(c2ccccc2)C(=O)N1COP(=O)(O)O,0.0,training
CCC(C)C(NC(=O)C(CCC(=O)O)NC(=O)C(CC(C)C)NC(=O)C1CN=C([C@@H](N)C(C)CC)S1)C(=O)NC1CCCCNC(=O)C(CC(N)=O)NC(=O)C(CC(=O)O)NC(=O)C(Cc2c[nH]cn2)NC(=O)C(Cc2ccccc2)NC(=O)C(C(C)CC)NC(=O)C(CCCN)NC1=O,1.0,training
N=C(N)NCCCCC1NC(=O)CCSSCC(C(N)=O)NC(=O)C2CCCN2C(=O)C(Cc2c[nH]c3ccccc23)NC(=O)C(CC(=O)O)NC(=O)CNC1=O,1.0,training
CC(C)(C)NCC(O)COc1cccc2c1C[C@H](O)[C@H](O)C2,0.0,training
CN1[C@@H]2CC[C@H]1CC(OC(=O)C(CO)c1ccccc1)C2,1.0,training
CCO[C@@H]1OC(=O)C[C@@H]1NC(=O)C1CCCN2C(=O)CCC(NC(=O)c3nccc4ccccc34)C(=O)N12,0.0,training
CCCCS(=O)(=O)NC(Cc1ccc(OCCCCC2CCNCC2)cc1)C(=O)O,1.0,training
CC(C)(C)NC[C@H](O)COc1nsnc1N1CCOCC1,0.0,training
COCCc1ccc(OCC(O)CNC(C)C)cc1,0.0,training
O=C(O)C(S)C(S)C(=O)O,0.0,training
CCOC(=O)C1=C(COCCN)N=C(C)C(C(=O)OC)C1c1ccccc1Cl,0.0,training
N=C(N)N,0.0,training
C[C@H](N)Cc1ccccc1,1.0,training
CC(C)Cc1ccc(C(C)C(=O)O)cc1,0.0,training
CCC(=O)N(c1ccccc1)C1(COC)CCN(CCn2nnn(CC)c2=O)CC1,1.0,training
CN1C(=O)C(O)N=C(c2ccccc2)c2cc(Cl)ccc21,0.0,training
O,1.0,training
OC[C@H]1O[C@@H](O[C@@H]2[C@@H](CO)O[C@](O)(CO)[C@H]2O)[C@H](O)[C@@H](O)[C@H]1O,1.0,training
CCOC(=O)C1=C[C@@H](OC(CC)CC)[C@H](NC(C)=O)[C@@H](N)C1,0.0,training
CC(N)C(=O)NC(C)C(=O)NC1[C@H]2CN(c3nc4c(cc3F)c(=O)c(C(=O)O)cn4-c3ccc(F)cc3F)C[C@@H]12,0.0,training
CCCCN1C(=O)C([C@H](O)C2CCCCC2)NC(=O)C12CCN(Cc1ccc(Oc3ccc(C(=O)O)cc3)cc1)CC2,0.0,training
Nc1nc(Cl)nc2c1ncn2[C@H]1C[C@H](O)[C@@H](CO)O1,0.0,training
NC(=O)C1CCCN1C(=O)C(Cc1c[nH]cn1)NC(=O)C1CCC(=O)N1,1.0,training
CC(C)C(=O)Oc1ccc(CO)cc1[C@H](CCN(C(C)C)C(C)C)c1ccccc1,1.0,training
CC1c2cccc(O)c2C(=O)C2C(=O)[C@]3(O)C(=O)C(C(N)=O)C(=O)C(N(C)C)[C@@H]3[C@@H](O)[C@@H]21,0.0,training
CCCCC[C@H](O)/C=C/[C@@H]1[C@H]2CC(=CCCCC(=O)O)O[C@H]2C[C@H]1O,0.0,training
Cc1c(N)nc([C@H](CC(N)=O)NCC(N)C(N)=O)nc1C(=O)NC(C(=O)N[C@H](C)[C@@H](O)C(C)C(=O)NC(C(=O)NCCc1nc(-c2nc(C(=O)NCCC[S+](C)C)cs2)cs1)[C@@H](C)O)[C@@H](OC1OC(CO)C(O)C(O)C1OC1OC(CO)C(O)C(OC(N)=O)C1O)c1c[nH]cn1,0.0,training
COc1ccc(N(C)C)cc1CN[C@H]1CCCN[C@H]1c1ccccc1,1.0,training
COc1cc(C)c(/C=C/C(C)=C/C=C/C(C)=C\C(=O)O)c(C)c1C,0.0,training
CC1(C)C(=CC=CC=CC=CC2=[N+](CCCCS(=O)(=O)[O-])c3ccc4ccccc4c3C2(C)C)N(CCCCS(=O)(=O)O)c2ccc3ccccc3c21,1.0,training
CCN=C(NCC)NCCCCC(NC(=O)C(CC(C)C)NC(=O)C(CCCCN=C(NCC)NCC)NC(=O)C(Cc1ccc(O)cc1)NC(=O)C(CO)NC(=O)C(Cc1cccnc1)NC(=O)C(Cc1ccc(Cl)cc1)NC(=O)C(Cc1ccc2ccccc2c1)NC(C)=O)C(=O)N1CCCC1C(=O)NC(C)C(N)=O,1.0,training
O=C(O[C@H]1CN2CCC1CC2)N1CCc2ccccc2[C@@H]1c1ccccc1,0.0,training
CCOC(=O)C1(c2ccccc2)CCN(C)CC1,1.0,training
C[C@H]1COc2c(N3CCN(C)CC3)c(F)cc3c(=O)c(C(=O)O)cn1c23,0.0,training
CC12CCC3c4ccc(OC(=O)N(CCCl)CCCl)cc4CCC3C1CCC2O,0.0,training
C=Cc1ccccc1S(=O)(=O)O,1.0,training
CCCN(CCC)S(=O)(=O)c1ccc(C(=O)O)cc1,0.0,training
C#CCN[C@@H]1CCc2ccccc21,0.0,training
Cc1nc(Nc2ncc(C(=O)Nc3c(C)cccc3Cl)s2)cc(N2CCN(CCO)CC2)n1,0.0,training
CC(=O)C1CC[C@H]2[C@@H]3CC=C4CC(=O)CC[C@]4(C)[C@H]3CC[C@]12C,0.0,training
CC(C)CN(C[C@@H](O)[C@H](Cc1ccccc1)NC(=O)O[C@H]1CO[C@H]2OCC[C@H]21)S(=O)(=O)c1ccc(N)cc1,0.0,training
O=c1[nH]cnc2c1ncn2[C@H]1CC[C@@H](CO)O1,0.0,training
CN1[C@@H]2CC[C@@H]1CC(OC(c1ccccc1)c1ccccc1)C2,1.0,training
CC1(C)O[C@@H]2[C@@H](CO[C@@]3(COS(N)(=O)=O)OC(C)(C)O[C@@H]23)O1,0.0,training
Nc1nc(NC2CC2)c2ncn(C3C=C[C@H](CO)C3)c2n1,0.0,training
CON=C(C(=O)NC1C(=O)N2C(C(=O)O)=C(COC(N)=O)CS[C@H]12)c1ccco1,0.0,training
CC(C)[N+](C)(CCOC(=O)C1c2ccccc2Oc2ccccc21)C(C)C,1.0,training
CO[C@@]1(NC(=O)Cc2cccs2)C(=O)N2C(C(=O)O)=C(COC(N)=O)CS[C@@H]21,0.0,training
C[C@H]1CN(CC(Cc2ccccc2)C(=O)NCC(=O)O)CC[C@@]1(C)c1cccc(O)c1,1.0,training
NNc1nncc2ccccc12,0.0,training
O=C(O)C1(C(=O)O)CCC1,0.0,training
COc1cccc2c(O)c3c(c(O)c12)C(=O)C1=C(C[C@@](O)(C(C)=O)C[C@@H]1O[C@H]1C[C@H](N)[C@H](O)[C@H](C)O1)C3=O,1.0,training
Nc1ncn([C@H]2C[C@H](O)[C@@H](CO)O2)c(=O)n1,0.0,training
CCOC(=O)C1=C(C)N=C(C)C(C(=O)OC)C1c1cccc(Cl)c1Cl,0.0,training
CCC(c1cccc(O)c1)C(C)CN(C)C,1.0,training
CSCCC(NC(=O)C(Cc1ccc(OS(=O)(=O)O)cc1)NC(=O)C(N)CC(=O)O)C(=O)NCC(=O)NC(Cc1c[nH]c2ccccc12)C(=O)NC(CCSC)C(=O)NC(CC(=O)O)C(=O)NC(Cc1ccccc1)C(N)=O,1.0,training
CSc1ccc2c(c1)N(CCC1CCCCN1C)c1ccccc1S2,0.0,training
C#C[C@]1(O)CC[C@H]2[C@@H]3CC=C4CC(=O)CCC4[C@H]3CC[C@@]21C,0.0,training
O=S(=O)(O)O[C@@H]1[C@@H](OS(=O)(=O)O)[C@H](O[C@@H]2CO[C@@H](O)[C@H](OS(=O)(=O)O)[C@H]2OS(=O)(=O)O)OC[C@H]1O,0.0,training
CC(C)(C)NC(=O)C1CN(Cc2cccnc2)CCN1C[C@@H](O)CC(Cc1ccccc1)C(=O)N[C@H]1c2ccccc2C[C@H]1O,0.0,training
Cc1cccc(C(C)c2c[nH]cn2)c1C,0.0,training
CN1C=CC=C/C1=C=NO,0.0,training
C=CCC1(C(C)C#CCC)C(=O)NC(=O)N(C)C1=O,0.0,training
CC(C)(C)NC(=O)C1CC[C@H]2[C@@H]3CC[C@H]4NC(=O)C=C[C@]4(C)[C@H]3CC[C@]12C,1.0,training
O=C(OC1CC2CC3C[C@H](C1)N2CC3=O)c1c[nH]c2ccccc12,0.0,training
CCC(=O)N(c1ccccc1)C1(COC)CCN(CCc2cccs2)CC1,1.0,training
CC(C)NCC(O)COc1ccc(COCCOC(C)C)cc1,0.0,training
CC1=C(/C=C/C(C)=C/C=C/C(C)=C\C(=O)O)C(C)(C)CCC1,0.0,training
Nc1nc(=O)n([C@@H]2CS[C@H](CO)O2)cc1F,0.0,training
O=C(O)C[C@H](O)C[C@H](O)/C=C/c1c(C2CC2)nc2ccccc2c1-c1ccc(F)cc1,0.0,training
C=CC(N)CCC(=O)O,0.0,training
CCOc1nc2cccc(C(=O)O)c2n1Cc1ccc(-c2ccccc2-c2nn[nH]n2)cc1,0.0,training
CC(C)(Oc1ccc(C(=O)c2ccc(Cl)cc2)cc1)C(=O)NCCS(=O)(=O)O,0.0,training
CCCC(=O)Nc1ccc(OCC(O)CNC(C)C)c(C(C)=O)c1,0.0,training
COC(=O)C1C=C2CC(=O)CC[C@]2(C)[C@@]23OC2C[C@@]2(C)[C@@H](CC[C@@]24CCC(=O)O4)C13,0.0,training
C[C@@H]1C[C@H]2[C@@H]3CC=C4CC(=O)C=C[C@]4(C)[C@@]3(F)[C@@H](O)C[C@]2(C)[C@@]1(O)C(=O)CO,0.0,training
C=C(CN(C)C)C(=O)c1ccc(C)cc1C,0.0,training
O=C(O)C1OC(OC2C(COS(=O)(=O)O)OC(O)C(NS(=O)(=O)O)C2O)C(OS(=O)(=O)O)C(O)C1O,0.0,training
CC[C@]1(O)C[C@@H]2CN(CCc3c([nH]c4ccccc34)[C@@](C(=O)OC)(c3cc4c(cc3OC)N(C)[C@H]3[C@@](O)(C(=O)OC)[C@H](OC(C)=O)[C@]5(CC)C=CCN6CC[C@]43[C@@H]65)C2)C1,1.0,training
COC1C(=O)C(C)C[C@H](C)/C=C/C=C/C=C(\C)[C@@H](OC)C[C@@H]2CC[C@@H](C)[C@@](O)(O2)C(=O)C(=O)N2CCCCC2C(=O)O[C@H]([C@H](C)C[C@@H]2CC[C@@H](OC(=O)C(C)(CO)CO)[C@H](OC)C2)CC(=O)C(C)=CC(C)[C@H]1O,1.0,training
C[C@]12C=CC(=O)C=C1CC[C@@H]1C2C(=O)C[C@@]2(C)[C@H]1CC[C@]2(O)C(=O)CO,0.0,training
COC1C(=O)C(C)C[C@H](C)/C=C/C=C/C=C(\C)[C@@H](OC)C[C@@H]2CC[C@@H](C)[C@@](O)(O2)C(=O)C(=O)N2CCCCC2C(=O)O[C@H]([C@H](C)C[C@@H]2CC[C@@H](OCCO)[C@H](OC)C2)CC(=O)C(C)=CC(C)[C@H]1O,0.0,training
C[C@]12CCC(=O)C=C1CC[C@@H]1[C@@H]2[C@@H](O)C[C@@]2(C)[C@H]1CC[C@]2(O)C(=O)CO,1.0,training
C[C@]12CC[C@@H]3c4ccc(O)cc4C[C@@H](CCCCCCCCC[S+]([O-])CCCC(F)(F)C(F)(F)F)[C@H]3[C@@H]1CC[C@@H]2O,0.0,training
CNC(CC(C)C)C(=O)NC1C(=O)NC(CC(N)=O)C(=O)NC2C(=O)NC3C(=O)NC(C(=O)NC(C(=O)O)c4cc(O)cc(O)c4-c4cc3ccc4O)[C@H](O)c3ccc(c(Cl)c3)Oc3cc2cc(c3O[C@@H]2O[C@H](CO)[C@@H](O)[C@H](O)[C@H]2O[C@H]2C[C@](C)(N)[C@H](O)[C@H](C)O2)Oc2ccc(cc2Cl)[C@H]1O,1.0,training
CNC(=O)c1cnn(-c2nc(N)c3ncn([C@@H]4O[C@H](CO)[C@@H](O)[C@H]4O)c3n2)c1,1.0,training
C=CCN1CC(C(=O)N(CCCN(C)C)C(=O)NCC)C[C@@H]2c3cccc4[nH]cc(c34)C[C@H]21,1.0,training
Cc1cc2c(cc1CC(=O)c1sccc1S(=O)(=O)Nc1onc(C)c1Cl)OCO2,0.0,training
CC(O)=NO,0.0,training
CC1=C(C(C)O)c2cc3nc(cc4[nH]c(cc5[nH]c(cc1n2)c(C)c5CCC(=O)O)c(CCC(=O)O)c4C)C(C(C)OC(C)C1=C(C)c2cc4[nH]c(cc5[nH]c(cc6nc(cc1n2)C(C)=C6C(C)O)c(C)c5CCC(=O)O)c(CCC(=O)O)c4C)=C3C,1.0,training
OCCOCCN1CCN(C2=Nc3ccccc3Sc3ccccc32)CC1,0.0,training
C=CCNCCCCCC[N+](C)(C)C,0.0,training
CC(=O)OCC(CCn1cnc2cnc(N)nc21)COC(C)=O,0.0,training
COc1cccc2c1[C@@H]1CN(CCCCn3c(=O)[nH]c4c(sc5ncc(-c6ccccc6)nc54)c3=O)C[C@@H]1CO2,0.0,training
Cc1ccsc1C(=CCCN1CCCC(C(=O)O)C1)c1sccc1C,0.0,training
C#CCC(Cc1cnc2nc(N)nc(N)c2n1)c1ccc(C(=O)NC(CCC(=O)O)C(=O)O)cc1,0.0,training
CC(=O)S[C@@H]1C=C2CC(=O)CC[C@]2(C)[C@H]2CC[C@@]3(C)[C@@H](CC[C@@]34CCC(=O)O4)[C@H]12,0.0,training
C[N+]1(C)C2CC(OC(=O)C(CO)c3ccccc3)CC1C1OC12,1.0,training
COc1ccccc1OCC(O)CN1CCN(CC(=O)Nc2c(C)cccc2C)CC1,1.0,training
CN(C)C1C(=O)C(C(N)=O)C(=O)[C@@]2(O)C(=O)C3C(=O)c4c(O)cccc4[C@@](C)(O)[C@H]3[C@H](O)[C@@H]12,0.0,training
C=C1[C@H](CO)[C@@H](O)C[C@@H]1n1cnc2c(=O)[nH]c(N)nc21,0.0,training
NC(Cc1cc(I)c(Oc2cc(I)c(O)c(I)c2)c(I)c1)C(=O)O,0.0,training
C[C@](O)(CS(=O)(=O)c1ccc(F)cc1)C(=O)Nc1ccc(C#N)c(C(F)(F)F)c1,0.0,training
CCN(CC)C(C)C(=O)c1ccccc1,1.0,training
O=C1CCc2ccc(OCCCCN3CCN(c4cccc(Cl)c4Cl)CC3)cc2N1,0.0,training
CC(C)n1c(/C=C/[C@H](O)C[C@H](O)CC(=O)O)c(-c2ccc(F)cc2)c2ccccc21,0.0,training
O=C(O)C1N=C(c2ccccc2)c2cc(Cl)ccc2NC1=O,0.0,training
C[C@H]1C(=NC(=O)C(NOC(C)(C)C(=O)O)c2csc(N)n2)C(=O)N1S(=O)(=O)O,0.0,training
CCC1=CC2CN(C1)Cc1c([nH]c3ccccc13)[C@@](C(=O)OC)(c1cc3c(cc1OC)N(C)[C@H]1[C@@](O)(C(=O)OC)[C@H](OC(C)=O)[C@]4(CC)C=CCN5CC[C@]31[C@@H]54)C2,0.0,training
CN1C2CCCC1CC(NC(=O)c1nn(C)c3ccccc13)C2,0.0,training
CC(C)CC(NC(=O)C(Cc1c[nH]c2ccccc12)NC(=O)C(Cc1ccc(O)cc1)NC(=O)C(CO)NC(=O)C(Cc1c[nH]c2ccccc12)NC(=O)C(Cc1c[nH]cn1)NC(=O)C1CCC(=O)N1)C(=O)NC(CCCN=C(N)N)C(=O)N1CCCC1C(=O)NCC(N)=O,0.0,training
CCN(CCO)CCCC(C)Nc1ccnc2cc(Cl)ccc12,0.0,training
Nc1nc(F)nc2c1ncn2[C@@H]1O[C@H](COP(=O)(O)O)[C@@H](O)[C@@H]1O,1.0,training
CN(C)CCC[C@@]1(c2ccc(F)cc2)OCc2cc(C#N)ccc21,0.0,training
Nc1ccc(S(=O)(=O)Nc2ncccn2)cc1,0.0,training
CC/C(=C(\c1ccccc1)c1ccc(OCCN(C)C)cc1)c1ccccc1,0.0,training
COc1ccc2c3c1O[C@H]1[C@@H](O)C=C[C@H]4[C@@H](C2)N(C)CC[C@@]341,1.0,training
C[C@@](Cc1ccc(O)c(O)c1)(NN)C(=O)O,0.0,training
C[C@]12COC(=O)C[C@@H]1CC[C@@H]1[C@@H]2CC[C@@]2(C)[C@H]1CC[C@]2(C)O,0.0,training
CN1C(CSCC(F)(F)F)Nc2cc(Cl)c(S(N)(=O)=O)cc2S1(=O)=O,0.0,training
C=c1c(N)c(O)c2c(c1O)N1C[C@@H]3N[C@@H]3[C@]1(OC)C=2COC(N)=O,1.0,training
COc1ccc2cc(C(C)C(=O)O)ccc2c1,0.0,training
Cn1c(=O)c2c(ncn2CC(O)CO)n(C)c1=O,1.0,training
NS(=O)(=O)c1cc2c(cc1C(F)(F)F)NCNS2(=O)=O,0.0,training
CNCC[C@@H](Oc1ccccc1C)c1ccccc1,0.0,training
Nc1nc(=O)c2c(CCc3ccc(C(=O)NC(CCC(=O)O)C(=O)O)cc3)c[nH]c2[nH]1,0.0,training
C=CCC1([C@H](C)CCC)C(=O)NC(=O)NC1=O,0.0,training
Cc1cn([C@@H]2C[C@@H](O)[C@H](CO)O2)c(=O)[nH]c1=O,0.0,training
C#C[C@]1(O)CCC2C3CC=C4CC(=O)CCC4C3C(=C)CC21CC,0.0,training
CC(C)C1CCC(C(=O)NC(Cc2ccccc2)C(=O)O)CC1,0.0,training
O=S(=O)(O)CCS,0.0,training
CN1CCN2c3ncccc3Cc3ccccc3C2C1,0.0,training
C[C@]12CC(C=O)C(=O)C[C@@H]1CC[C@@H]1[C@@H]2CC[C@@]2(C)[C@H]1CC[C@]2(C)O,0.0,training
CN1c2c([nH]c(N)nc2=O)NC[C@@H]1CNc1ccc(C(=O)NC(CCC(=O)O)C(=O)O)cc1,1.0,training
CC(C)CC(NC(=O)C(COC(C)(C)C)NC(=O)C(Cc1ccc(O)cc1)NC(=O)C(CO)NC(=O)C(Cc1c[nH]c2ccccc12)NC(=O)C(Cc1c[nH]cn1)NC(=O)C1CCC(=O)N1)C(=O)NC(CCCN=C(N)N)C(=O)N1CCCC1C(=O)NNC(N)=O,0.0,training
O=C1N=C(c2ccccc2)c2cc(Cl)ccc2NC1O,0.0,training
Cc1onc(-c2c(Cl)cccc2Cl)c1C(=O)NC1C(=O)N2C(C(=O)O)C(C)(C)S[C@H]12,0.0,training
CN1C(=O)CN=C(c2ccccc2)c2cc(Cl)ccc21,0.0,training
CN1CCC[C@@H]1Cc1c[nH]c2ccc(CCS(=O)(=O)c3ccccc3)cc12,0.0,training
CN1CCN(CC/C=C2/c3ccccc3Sc3ccc(S(=O)(=O)N(C)C)cc32)CC1,0.0,training
COc1cc2c(cc1OC)C1CC(=O)C(CC(C)C)CN1CC2,0.0,training
CN[C@@H](C)[C@H](O)c1ccccc1,1.0,training
CC1Cc2ccccc2N1NC(=O)c1ccc(Cl)c(S(N)(=O)=O)c1,0.0,training
CC1/C=C/C=C/CC/C=C/C=C/C=C/C=C/C(OC2O[C@H](C)[C@@H](O)[C@H](N)[C@@H]2O)CC(O)C(C(=O)O)C(O)CC(=O)CC(O)C(O)CCC(O)CC(O)CC(O)CC(=O)OC(C)C(C)C1O,1.0,training
COc1ccc([C@@H]2Sc3ccccc3N(CCN(C)C)C(=O)C2OC(C)=O)cc1,0.0,training
CCC1(c2ccccc2)NC(=O)N(C)C1=O,0.0,training
CC(C)(C)NC[C@H](O)COc1ccccc1C1CCCC1,1.0,training
CC(=O)NC1C(O)OC(COS(=O)(=O)O)C(OC2OC(C(=O)O)C(OC3OC(CO)C(OC4OC(C(=O)O)C(O)C(O)C4OS(=O)(=O)O)C(OS(=O)(=O)O)C3NS(=O)(=O)O)C(O)C2OS(=O)(=O)O)C1O,0.0,training
CCN1CC(CCN2CCOCC2)C(c2ccccc2)(c2ccccc2)C1=O,1.0,training
CCCCc1c(O)n(-c2ccccc2)n(-c2ccccc2)c1=O,1.0,training
C[S+](C)[O-],0.0,training
COc1c(N2CC3CCCNC3C2)c(F)cc2c(=O)c(C(=O)O)cn(C3CC3)c12,1.0,training
C[N+](C)(C)CC(O)CC(=O)[O-],0.0,training
CCCCCCCCCCCC(CC1OC(=O)C1CCCCCC)OC(=O)C(CC(C)C)NC=O,1.0,training
CCOc1ccc(NC(C)=O)cc1,1.0,training
Oc1c(Cl)cc(Cl)cc1Sc1cc(Cl)cc(Cl)c1O,1.0,training
ClC1C(Cl)C(Cl)C(Cl)C(Cl)C1Cl,0.0,training
C=C1CCC(O)CC1=CC=C1CCCC2(C)C1CCC2C(C)C=CC(C)C(C)C,0.0,training
COc1cc(NS(C)(=O)=O)ccc1Nc1c2ccccc2nc2ccccc12,1.0,training
Cc1onc(-c2ccccc2Cl)c1C(=O)NC1C(=O)N2C1SC(C)(C)C2C(=O)O,1.0,training
CC(CCC(=O)O)C1CCC2C3C(O)CC4CC(O)CCC4(C)C3CCC12C,0.0,training
Cc1ccc2cc3c(ccc4ccccc43)c3c2c1CC3,1.0,training
CCCCN1C(=O)C(C(O)C2CCCCC2)NC(=O)C12CCN(Cc1ccc(Oc3ccc(C(=O)O)cc3)cc1)CC2,1.0,training
CC(C)(C)NC(=O)C1CCC2C3CCC4NC(=O)C=CC4(C)C3CCC12C,0.0,training
O=c1[nH]c(=O)n(C2CC(O)C(CO)O2)cc1I,1.0,training
CNCC(O)c1ccc(O)c(O)c1,0.0,training
CCN(CC)CCOc1cccc(OCCN(CC)CC)c1OCCN(CC)CC,0.0,training
CN1C2CCC1CC(OC(c1ccccc1)c1ccccc1)C2,0.0,training
Nc1nc(=O)n(C2CSC(CO)O2)cc1F,1.0,training
CC1(C)C(C=C(Cl)Cl)C1C(=O)OCc1cccc(Oc2ccccc2)c1,0.0,training
CNCCC(Oc1cccc2ccccc12)c1cccs1,1.0,training
CN1CCN(C(c2ccccc2)c2ccccc2)CC1,0.0,training
CCN(CC)Cc1cc(Nc2ccnc3cc(Cl)ccc23)ccc1O,1.0,training
COc1ccc2c(c1)C13CCCCC1C(C2)N(C)CC3,0.0,training
CC(O)(CS(=O)(=O)c1ccc(F)cc1)C(=O)Nc1ccc(C#N)c(C(F)(F)F)c1,1.0,training
CC(Cn1cnc2c(N)ncnc21)OCP(=O)(O)O,1.0,training
Cc1cc(NS(=O)(=O)c2ccc(N)cc2)no1,1.0,training
Nc1ccc(C(=O)O)cc1,0.0,training
O=c1c(CC[S+]([O-])c2ccccc2)c(O)n(-c2ccccc2)n1-c1ccccc1,0.0,training
COc1ccc(CN(CCN(C)C)c2ccccn2)cc1,0.0,training
COc1cc(C2c3cc4c(cc3C(OC3OC5COC(C)OC5C(O)C3O)C3COC(=O)C23)OCO4)cc(OC)c1O,1.0,training
CC1CC2C3CC=C4CC(=O)C=CC4(C)C3(Cl)C(O)CC2(C)C1(O)C(=O)CCl,0.0,training
Cc1ccc(C(=CCN2CCCC2)c2ccccn2)cc1,0.0,training
C=CC[N+]1(C2CC3C4CCC5CC(O)C(N6CCOCC6)CC5(C)C4CCC3(C)C2OC(C)=O)CCCC1,0.0,training
CC(C)(C)c1ccc(C(O)CCCN2CCC(C(O)(c3ccccc3)c3ccccc3)CC2)cc1,0.0,training
CNC1CCC(c2ccc(Cl)c(Cl)c2)c2ccccc21,0.0,training
COc1cc2c(c(OC)c1OC)-c1ccc(OC)c(=O)cc1C(NC(C)=O)CC2,0.0,training
COc1cc(CNC(=O)CCCCC=CC(C)C)ccc1O,0.0,training
COC(=O)Nc1nc2ccccc2[nH]1,1.0,training
C=C1CCC2(O)C3Cc4ccc(O)c5c4C2(CCN3CC2CC2)C1O5,0.0,training
CCC1(O)C(=O)OCc2c1cc1n(c2=O)Cc2cc3c(CN(C)C)c(O)ccc3nc2-1,0.0,training
COc1ccc(OC)c(C(O)C(C)N)c1,0.0,training
N#CC(C#N)=NNc1ccc(OC(F)(F)F)cc1,1.0,training
NC(=O)c1ccccc1O,0.0,training
OCC(O)c1oc(O)c(O)c1O,0.0,training
O=c1[nH]c(O)cn1N=Cc1ccc([N+](=O)[O-])o1,1.0,training
C#CC1(O)CCC2C3CC=C4CC(=O)CCC4C3CCC21C,0.0,training
CNC(C)C1CCC(N)C(OC2C(N)CC(N)C(OC3OCC(C)(O)C(NC)C3O)C2O)O1,0.0,training
CN1CCCC1CCOC(C)(c1ccccc1)c1ccc(Cl)cc1,0.0,training
NC(C(=O)O)C1CC(Cl)=NO1,0.0,training
C=C1CCC(O)CC1=CC=C1CCCC2(C)C1CCC2C(C)CCCC(C)C,0.0,training
CC1C=CC=CCCC=CC=CC=CC=CC(OC2OC(C)C(O)C(N)C2O)CC(O)C(C(=O)O)C(O)CC(=O)CC(O)C(O)CCC(O)CC(O)CC(O)CC(=O)OC(C)C(C)C1O,0.0,training
COCCCOc1cc(CC(CC(N)C(O)CC(C(=O)NCC(C)(C)C(N)=O)C(C)C)C(C)C)ccc1OC,0.0,training
CC(=O)Nc1ccc2c(c1)Cc1ccccc1-2,1.0,training
CC(=O)C1(O)CCC2C3CC(C)=C4CC(=O)CCC4(C)C3CCC21C,0.0,training
Cc1onc(-c2c(Cl)cccc2Cl)c1C(=O)NC1C(=O)N2C1SC(C)(C)C2C(=O)O,1.0,training
c1ccc2c(c1)Nc1ccccc1S2,1.0,training
CON=C(C(=O)NC1C(=O)N2C(C(=O)O)=C(CSc3nc(=O)c(=O)[nH]n3C)CSC12)c1csc(N)n1,1.0,training
NC1CC1c1ccccc1,0.0,training
CCC1(O)CC2CN(CCc3c([nH]c4ccccc34)C(C(=O)OC)(c3cc4c(cc3OC)N(C)C3C(O)(C(=O)OC)C(OC(C)=O)C5(CC)C=CCN6CCC43C65)C2)C1,0.0,training
CCOC(=O)C1(c2ccccc2)CCN(CCc2ccc(N)cc2)CC1,0.0,training
CC(C)CC(NC(=O)C(Cc1ccccc1)NC(=O)c1cnccn1)B(O)O,1.0,training
CC12CC(C=O)C(=O)CC1CCC1C2CCC2(C)C1CCC2(C)O,1.0,training
Cc1c(C)c2c(c(C)c1O)CCC(C)(CCCC(C)CCCC(C)CCCC(C)C)O2,0.0,training
CNC(C)C(O)c1ccccc1,0.0,training
CC(C)(Oc1ccc(CCNC(=O)c2ccc(Cl)cc2)cc1)C(=O)O,0.0,training
CCC(C)n1ncn(-c2ccc(N3CCN(c4ccc(OCC5COC(Cn6cncn6)(c6ccc(Cl)cc6Cl)O5)cc4)CC3)cc2)c1=O,1.0,training
C=C1c2cccc(O)c2C(=O)C2C(=O)C3(O)C(=O)C(C(N)=O)C(=O)C(N(C)C)C3C(O)C12,1.0,training
NC1CCCCC1N,1.0,training
CC(C)=CCN1CCC2(C)c3cc(O)ccc3CC1C2C,0.0,training
C[N+](C)(C)CCOP(=O)([O-])OP(=O)(O)OCC1OC(n2ccc(N)nc2=O)C(O)C1O,0.0,training
CC(N)C(O)c1ccccc1,0.0,training
COCC(=O)OC1(CCN(C)CCCc2nc3ccccc3[nH]2)CCc2cc(F)ccc2C1C(C)C,0.0,training
COc1ccc(CC(N)C(=O)NC2C(CO)OC(n3cnc4c(N(C)C)ncnc43)C2O)cc1,1.0,training
CC(C)(CO)C(O)C(=O)NCCC(=O)O,0.0,training
CC(Cc1ccc(O)c(O)c1)(NN)C(=O)O,0.0,training
OCCN1CCN(CCC=C2c3ccccc3Sc3ccc(C(F)(F)F)cc32)CC1,0.0,training
CC1(C)SC2C(NC(=O)C(NC(=O)N3CCN(S(C)(=O)=O)C3=O)c3ccccc3)C(=O)N2C1C(=O)O,1.0,training
CC(O)C(=O)Nc1c(I)c(C(=O)NC(CO)CO)c(I)c(C(=O)NC(CO)CO)c1I,0.0,training
CC(C)CC(CN)CC(=O)O,0.0,training
CN1C2CCC1CC(OC(=O)C(CO)c1ccccc1)C2,0.0,training
CC12C=CC(=O)C=C1CCC1C2C(=O)CC2(C)C1CCC2(O)C(=O)CO,0.0,training
CC(=O)Nc1cccc(O)c1,0.0,training
CN1CCC23c4c5ccc(O)c4OC2C(=O)CCC3(O)C1C5,0.0,training
CN(C)C(=O)Oc1cc(OC(=O)N(C)C)cc(C(O)CNC(C)(C)C)c1,0.0,training
C=C1C(CO)C(O)CC1n1cnc2c(=O)[nH]c(N)nc21,1.0,training
CCC(C)C(=O)OC1CC(C)C=C2C=CC(C)C(CCC3CC(O)CC(=O)O3)C21,0.0,training
CC(=O)N(CC(O)CN(C(C)=O)c1c(I)c(C(=O)NCC(O)CO)c(I)c(C(=O)NCC(O)CO)c1I)c1c(I)c(C(=O)NCC(O)CO)c(I)c(C(=O)NCC(O)CO)c1I,0.0,training
COc1ccc(CCN2CCC(Nc3nc4ccccc4n3Cc3ccc(F)cc3)CC2)cc1,0.0,training
CC(=O)OC1CC2CCC3C(CCC4(C)C3CC([N+]3(C)CCCCC3)C4OC(C)=O)C2(C)CC1[N+]1(C)CCCCC1,0.0,training
Nc1nc(NC2CC2)c2ncn(C3C=CC(CO)C3)c2n1,1.0,training
CCC1OC(=O)C(C)C(=O)C(C)C(OC2OC(C)CC(N(C)C)C2O)C(C)(OC)CC(C)C(=O)C(C)C2N(CCCCn3cnc(-c4cccnc4)c3)C(=O)OC12C,1.0,training
CN(C)C1C(=O)C(C(N)=O)C(=O)C2(O)C(=O)C3C(=O)c4c(O)ccc(Cl)c4C(O)C3CC12,1.0,training
CC(C)(O)c1ccccc1CCC(SCC1(CC(=O)O)CC1)c1cccc(C=Cc2ccc3ccc(Cl)cc3n2)c1,0.0,training
O=c1[nH]cc(N(CCCl)CCCl)c(=O)[nH]1,1.0,training
COc1cc(CC2c3c(cc(OC)c(OC)c3OC)CC[N+]2(C)CCCOC(=O)CCC(=O)OCCC[N+]2(C)CCc3cc(OC)c(OC)c(OC)c3C2Cc2cc(OC)c(OC)c(OC)c2)cc(OC)c1OC,0.0,training
Nc1ccn(C2CSC(CO)O2)c(=O)n1,1.0,training
O=C(O)c1ccccc1O,0.0,training
Cc1c(F)c(N2CCNC(C)C2)cc2c1c(=O)c(C(=O)O)cn2C1CC1,1.0,training
Cc1ccc(O)c(C(CCN(C(C)C)C(C)C)c2ccccc2)c1,0.0,training
CCCCN1CCCCC1C(=O)Nc1c(C)cccc1C,0.0,training
CC(C)CC1NC(=O)C(Cc2ccccc2)NC(=O)C(CCN)NC(=O)C(NC(=O)C(CCN)NC(=O)C(NC(=O)C(CCN)NC(=O)O)C(C)O)CCNC(=O)C(C(C)O)NC(=O)C(CCN)NC(=O)C(CCN)NC1=O,0.0,training
Nc1ncnc2c1ncn2CCOCP(=O)(O)O,1.0,training
Cc1cn(C2CC(N=[N+]=[N-])C(CO)O2)c(=O)[nH]c1=O,1.0,training
NC(Cc1ccc(O)c(O)c1)C(=O)O,0.0,training
COC1C=COC2(C)Oc3c(C)c(O)c4c(O)c(c5c(c4c3C2=O)=NC2(CCN(CC(C)C)CC2)N=5)NC(=O)C(C)=CC=CC(C)C(O)C(C)C(O)C(C)C(OC(C)=O)C1C,1.0,training
C#CC1(O)CCC2C3CC=C4CC(=O)CCC4C3CCC21CC,0.0,training
CC1CN(CC(Cc2ccccc2)C(=O)NCC(=O)O)CCC1(C)c1cccc(O)c1,0.0,training
COc1ccc2c3c1OC1C(=O)CCC4(O)C(C2)N(C)CCC314,0.0,training
CC1(C)SC2C(NC(=O)Cc3ccccc3)C(=O)N2C1C(=O)O,0.0,training
Nc1ccc(S(N)(=O)=O)cc1,1.0,training
Oc1cccc2cccnc12,1.0,training
COC1(NC(=O)Cc2cccs2)C(=O)N2C(C(=O)O)=C(COC(N)=O)CSC21,1.0,training
CC(=O)OCC1=C(C(=O)O)N2C(=O)C(NC(=O)Cc3cccs3)C2SC1,1.0,training
CCc1c(C)[nH]c2c1C(=O)C(CN1CCOCC1)CC2,0.0,training
COc1cc(O)c(C(=O)c2ccccc2)cc1S(=O)(=O)O,0.0,training
CN(C)CCn1nnnc1SCC1=C(C(=O)O)N2C(=O)C(NC(=O)Cc3csc(N)n3)C2SC1,1.0,training
NCC1OC(OC2C(CO)OC(OC3C(O)C(N)CC(N)C3OC3OC(CO)C(O)C(O)C3N)C2O)C(N)C(O)C1O,0.0,training
S=C=Nc1cccc2ccccc12,1.0,training
COc1ccc2c3c1OC1C(O)C=CC4C(C2)N(C)CCC341,0.0,training
CC(N=C(N=c1cc[nH]cc1)NC#N)C(C)(C)C,0.0,training
C=C1CC2C(CCC3(C)C(=O)CCC23)C2(C)C=CC(=O)C=C12,1.0,training
Nc1c2c(nc3ccccc13)CCCC2,0.0,training
CC[N+](C)(CC)CCOC(=O)C(O)(c1ccccc1)C1CCCCC1,0.0,training
CCCCCOC(=O)Nc1nc(=O)n(C2OC(C)C(O)C2O)cc1F,1.0,training
CC(=O)NC1C(O)OC(CO)C(OS(=O)(=O)O)C1OC1OC(C(=O)O)C(O)C(O)C1O,1.0,training
CCCCCC(O)C=CC1C(O)CC(=O)C1CC=CCCCC(=O)O,0.0,training
CC1CC2C3CC=C4CC(=O)C=CC4(C)C3(Cl)C(O)CC2(C)C1(O)C(=O)CO,0.0,training
CC(C)(C)NC(=O)C1CN(Cc2cccnc2)CCN1CC(O)CC(Cc1ccccc1)C(=O)NC1c2ccccc2CC1O,1.0,training
C#CCN(C)C(C)Cc1ccccc1,0.0,training
OC(O)C(Cl)(Cl)Cl,0.0,training
COC1C=COC2(C)Oc3c(C)c(O)c4c(O)c(c(C=NN5CCN(C)CC5)c(O)c4c3C2=O)NC(=O)C(C)=CC=CC(C)C(O)C(C)C(O)C(C)C(OC(C)=O)C1C,1.0,training
CCC1OC(=O)C(C)C(OC2CC(C)(OC)C(O)C(C)O2)C(C)C(OC2OC(C)CC(N(C)C)C2O)C(C)(O)CC(C)CN(C)C(C)C(O)C1(C)O,0.0,training
O=C(O)CCCCC1SCC2NC(=O)NC21,0.0,training
C#CCN(C)Cc1ccccc1,0.0,training
CC(C)c1c(C(=O)Nc2ccccc2)c(-c2ccccc2)c(-c2ccc(F)cc2)n1CCC(O)CC(O)CC(=O)O,1.0,training
CC(=O)OC1=C2C(C)C(OC(=O)C(O)C(NC(=O)c3ccccc3)c3ccccc3)CC(O)(C(OC(=O)c3ccccc3)C3C4(OC(C)=O)COC4CC(O)C3(C)C1=O)C2(C)C,1.0,training
OC1C(O)C(O)C(O)C(O)C1O,0.0,training
Cn1nnnc1SCC1=C(C(=O)O)N2C(=O)C(NC(=O)C(O)c3ccccc3)C2SC1,1.0,training
CC12COC(=O)CC1CCC1C2CCC2(C)C1CCC2(C)O,1.0,training
COc1ccc(C2Sc3ccccc3N(CCN(C)C)C(=O)C2OC(C)=O)cc1,1.0,training
NCCCC(N)CC(=O)NCC1NC(=O)C(CO)NC(=O)C(N)CNC(=O)C(C2CCN=C(N)N2)NC(=O)C(C=NC(N)=O)NC1=O,0.0,training
CCC(C)C1NC(=O)C(Cc2ccc(O)cc2)NC(=O)C(N)CSSCC(C(=O)N2CCCC2C(=O)NC(CC(C)C)C(=O)NCC(N)=O)NC(=O)C(CC(N)=O)NC(=O)C(CCC(N)=O)NC1=O,0.0,training
CC1OC(OC2C(O)CC(OC3C(O)CC(OC4CCC5(C)C(CCC6C5CC(O)C5(C)C(C7=CC(=O)OC7)CCC65O)C4)OC3C)OC2C)CC(O)C1O,0.0,training
CN1CCC23c4c5ccc(O)c4OC2C(=O)CCC3C1C5,0.0,training
CC1c2cccc(O)c2C(=O)C2C(=O)C3(O)C(=O)C(C(N)=O)C(=O)C(N(C)C)C3C(O)C21,1.0,training
CCCOc1ccc2[nH]c(NC(=O)OC)nc2c1,1.0,training
CCC(=C(c1ccccc1)c1ccc(OCCN(C)C)cc1)c1ccccc1,1.0,training
CN(N=O)C(=O)NC1C(O)OC(CO)C(O)C1O,1.0,training
CCCCCC(O)C=CC1C(O)CC(=O)C1CCCCCCC(=O)O,0.0,training
CCCCC(CC)COC(=O)CC(C(=O)OCC(CC)CCCC)S(=O)(=O)O,0.0,training
CCC(C)(C)C(=O)OC1CC(C)C=C2C=CC(C)C(CCC3CC(O)CC(=O)O3)C21,0.0,training
CNC(C)Cc1ccccc1,0.0,training
CN1c2ccccc2C(NCCCCCCC(=O)O)c2ccc(Cl)cc2S1(=O)=O,1.0,training
CNC1C(OC2C(OC3C(O)C(O)C(N=C(N)N)C(O)C3N=C(N)N)OC(C)C2(O)C=O)OC(CO)C(O)C1O,0.0,training
CC(N)(Cc1ccc(O)cc1)C(=O)O,0.0,training
C=c1c(N)c(O)c2c(c1O)N1CC3NC3C1(OC)C=2COC(N)=O,0.0,training
CCC1C(=O)OCC1Cc1cncn1C,0.0,training
NCCC(O)C(=O)NC1CC(N)C(OC2OC(CN)C(O)C(O)C2O)C(O)C1OC1OC(CO)C(O)C(N)C1O,0.0,training
CCC(CO)NC(=O)C1C=C2c3cccc4c3c(cn4C)CC2N(C)C1,0.0,training
CC12CCC3C4=C(CCC3C1CCC2O)CC(=O)CC4,1.0,training
O=c1[nH]c(=O)n(C2CC(O)C(CO)O2)cc1F,1.0,training
CC(C)(C)NCC(O)COc1ccccc1C1CCCC1,0.0,training
NCC(O)c1ccc(O)c(O)c1,0.0,training
OCC1OC(n2cnc3c2N=CNCC3O)CC1O,1.0,training
CCC1OC(=O)C(C)C(OC2CC(C)(OC)C(O)C(C)O2)C(C)C(OC2OC(C)CC(N(C)C)C2O)C(C)(OC)CC(C)C(=O)C(C)C(O)C1(C)O,1.0,training
CC(=O)c1ccc(S(=O)(=O)NC(=O)NC2CCCCC2)cc1,1.0,training
CC(C)(Sc1cc(C(C)(C)C)c(O)c(C(C)(C)C)c1)Sc1cc(C(C)(C)C)c(O)c(C(C)(C)C)c1,0.0,training
COc1ccc2c3c1OC1C(=O)CCC4C(C2)N(C)CCC314,0.0,training
CC1CN(c2cc3c(cc2F)c(=O)c(C(=O)O)cn3-c2ccc(F)cc2F)CCN1,1.0,training
CCC(=O)N(c1ccccc1)C1CCN(CCc2ccccc2)CC1,0.0,training
Cc1cc(C2CCCCC2)n(O)c(=O)c1,0.0,training
CNC1C(O)C(NC)C2OC3(O)C(=O)CC(C)OC3OC2C1O,0.0,training
CCOC1OC(=O)CC1NC(=O)C1CCCN2C(=O)CCC(NC(=O)c3nccc4ccccc34)C(=O)N12,1.0,training
CC(=O)CC(c1ccccc1)c1c(O)c2ccccc2oc1=O,0.0,training
CCc1ccc(CCOc2ccc(Cc3sc(=O)[nH]c3O)cc2)nc1,0.0,training
CCCC(C)(COC(N)=O)COC(N)=O,1.0,training
CCCCC(=O)N(Cc1ccc(-c2ccccc2-c2nn[nH]n2)cc1)C(C(=O)O)C(C)C,0.0,training
CNS(=O)(=O)Cc1ccc2[nH]cc(CCN(C)C)c2c1,0.0,training
CCC1=C(C)CN(C(=O)NCCc2ccc(S(=O)(=O)NC(=O)NC3CCC(C)CC3)cc2)C1=O,0.0,training
O=C(O)P(=O)(O)O,0.0,training
NC(C(=O)NC1C(=O)N2C(C(=O)O)=C(Cl)CCC12)c1ccccc1,0.0,training
CC(CN1c2ccccc2Sc2ccccc21)N(C)C,0.0,training
O=C(O)c1cc(=O)c2cc(OCC(O)COc3cccc4oc(C(=O)O)cc(=O)c34)ccc2o1,0.0,training
CN=C(NC#N)NCCSCc1[nH]cnc1C,0.0,training
CN=C(C[N+](=O)[O-])NCCSCc1ccc(CN(C)C)o1,0.0,training
COC(=O)C1=C(C)N=C(C)C(C(=O)OCC(C)C)C1c1ccccc1[N+](=O)[O-],0.0,training
CCCc1nc2c(C)cc(-c3nc4ccccc4n3C)cc2n1Cc1ccc(-c2ccccc2C(=O)O)cc1,0.0,training
N=C(CCSCc1csc(N=C(N)N)n1)NS(N)(=O)=O,0.0,training
Clc1ccc2c(c1)C(N1CCNCC1)=Nc1ccccc1O2,0.0,training
CC(C)C(N)C(=O)OCC(CO)OCn1cnc2c(=O)[nH]c(N)nc21,0.0,training
OC(CCN1CCCC1)(c1ccccc1)C1CCCCC1,0.0,training
CC(N)Cc1ccccc1,0.0,training
CCCc1cc(=O)[nH]c(=S)[nH]1,1.0,training
C=C(c1ccc(C(=O)O)cc1)c1cc2c(cc1C)C(C)(C)CCC2(C)C,1.0,training
Nc1ccc(S(=O)(=O)Nc2nccs2)cc1,1.0,training
CCn1cc(C(=O)O)c(=O)c2ccc(C)nc21,1.0,training
Cc1cccc(Nc2ccccc2C(=O)O)c1C,1.0,training
Cc1ccc(-n2[nH]c(C)c(N=Nc3cccc(-c4cccc(C(=O)O)c4)c3O)c2=O)cc1C,1.0,training
CCOC(=O)C(CCc1ccccc1)NC(C)C(=O)N1Cc2ccccc2CC1C(=O)O,1.0,training
C=c1c(C(=O)NCCN(CC)CC)c(C)[nH]c1=Cc1c(O)[nH]c2ccc(F)cc12,1.0,training
Cc1oncc1C(=O)Nc1ccc(C(F)(F)F)cc1,1.0,training
NCC1CCC(C(=O)O)CC1,0.0,training
CNCCC(Oc1ccc(C(F)(F)F)cc1)c1ccccc1,0.0,training
N#Cc1ccc(C(c2ccc(C#N)cc2)n2cncn2)cc1,1.0,training
Cc1ccc(Nc2c(F)cccc2Cl)c(CC(=O)O)c1,1.0,training
CS(=O)(=O)Nc1ccc([N+](=O)[O-])cc1Oc1ccccc1,1.0,training
CCc1oc2ccccc2c1C(=O)c1cc(Br)c(O)c(Br)c1,1.0,training
COc1ccc(OC)c(C(O)CNC(=O)CN)c1,0.0,training
Cc1cccc(CN2CCN(C(c3ccccc3)c3ccc(Cl)cc3)CC2)c1,0.0,training
CNCCCC1c2ccccc2C=Cc2ccccc21,0.0,training
CN(C)C(=O)Oc1ccc[n+](C)c1,0.0,training
CCCCNc1ccc(C(=O)OCCOCCOCCOCCOCCOCCOCCOCCOCCOC)cc1,0.0,training
CC1(C)NC(=O)N(c2ccc([N+](=O)[O-])c(C(F)(F)F)c2)C1=O,1.0,training
NCCCNCCSP(=O)(O)O,0.0,training
O=C(C1CCCCC1)N1CC(=O)N2CCc3ccccc3C2C1,0.0,training
CC1COc2c(N3CCN(C)CC3)c(F)cc3c(=O)c(C(=O)O)cn1c23,1.0,training
OC(CCN1CCCCC1)(c1ccccc1)C1CC2C=CC1C2,0.0,training
C=CCOc1ccc(CC(=O)O)cc1Cl,1.0,training
COc1cc(NC(C)CCCN)c2ncccc2c1,0.0,training
COc1cc(Cc2cnc(N)nc2N)cc(OC)c1OC,1.0,training
O=c1[nH]c2cc(Cl)ccc2o1,1.0,training
N=C(N)NCCN1CCCCCCC1,0.0,training
CCOC(=O)C1(c2ccccc2)CCN(CCC(C#N)(c2ccccc2)c2ccccc2)CC1,0.0,training
COC(=O)Nc1nc2cc(C(=O)c3ccccc3)ccc2[nH]1,1.0,training
CN(C)CCC=C1c2ccccc2CCc2ccccc21,0.0,training
CC(C)OC(=O)C(C)(C)Oc1ccc(C(=O)c2ccc(Cl)cc2)cc1,1.0,training
N=C(N)NCCCC(N)C(=O)O,0.0,training
CC(c1cc2ccccc2s1)N(O)C(N)=O,1.0,training
OCC(S)CS,1.0,training
CNCCCC12CCC(c3ccccc31)c1ccccc12,0.0,training
CCN(CC)CC#CCOC(=O)C(O)(c1ccccc1)C1CCCCC1,0.0,training
CC(C[N+](C)(C)C)OC(N)=O,0.0,training
N=c1cc(N2CCCCC2)nc(N)n1O,0.0,training
O=C(NC(CO)C(O)c1ccc([N+](=O)[O-])cc1)C(Cl)Cl,0.0,training
COc1ccccc1OCC(O)CO,0.0,training
NS(=O)(=O)c1cc2c(cc1Cl)NCNS2(=O)=O,1.0,training
CCc1nc(N)nc(N)c1-c1ccc(Cl)cc1,1.0,training
CC(O)(P(=O)(O)O)P(=O)(O)O,0.0,training
CN(C)C(=O)C(CCN1CCC(O)(c2ccc(Cl)cc2)CC1)(c1ccccc1)c1ccccc1,0.0,training
CCCNCC(O)COc1ccccc1C(=O)CCc1ccccc1,0.0,training
NCCc1ccc(O)c(O)c1,0.0,training
OC(CCN1CCCCC1)(c1ccccc1)C1CCCCC1,0.0,training
CN(C)Cc1ccc(CSCCN=C(C[N+](=O)[O-])NCc2ccc3c(c2)OCO3)o1,1.0,training
Clc1ccc(C(c2ccccc2Cl)C(Cl)Cl)cc1,0.0,training
COC(=O)CCc1ccc(OCC(O)CNC(C)C)cc1,0.0,training
CC(=O)N(O)CCCCCNC(=O)CCC(=O)N(O)CCCCCNC(=O)CCC(=O)N(O)CCCCCN,0.0,training
O=C(CCNNC(=O)c1ccncc1)NCc1ccccc1,1.0,training
CC[N+](C)(C)c1cccc(O)c1,0.0,training
Cc1ccc(C(=O)c2ccc(CC(=O)O)n2C)cc1,1.0,training
O=C1CCc2cc(OCCCCc3nnnn3C3CCCCC3)ccc2N1,0.0,training
Cc1ccc(C(=O)NC2C(=O)NC(C(C)C)C(=O)N3CCCC3C(=O)N(C)CC(=O)N(C)C(C(C)C)C(=O)OC2C)c2c1Oc1c(C)c(O)c(N)c(=C(O)N=C3C(=O)NC(C(C)C)C(=O)N4CCCC4C(=O)N(C)CC(=O)N(C)C(C(C)C)C(=O)OC3C)c1=N2,1.0,training
COC(=O)C1=C(C)N=C(C)C(C(=O)OCCN(C)Cc2ccccc2)C1c1cccc([N+](=O)[O-])c1,1.0,training
CC(=O)Oc1cc(C(C)C)c(OCCN(C)C)cc1C,1.0,training
COCCOC(=O)C1=C(C)N=C(C)C(C(=O)OC(C)C)C1c1cccc([N+](=O)[O-])c1,1.0,training
Cc1ccc(-c2cc(C(F)(F)F)nn2-c2ccc(S(N)(=O)=O)cc2)cc1,1.0,training
CC(C)NCC(O)COc1cccc2[nH]ccc12,0.0,training
Cc1c(C)c2c(c(C)c1O)CCC(C)(COc1ccc(Cc3sc(=O)[nH]c3O)cc1)O2,1.0,training
O=C(c1cc(O)c(O)c(O)c1)c1ccc(O)c(O)c1O,1.0,training
CC(C)(N)Cc1ccccc1,0.0,training
COCCNC(=O)CN(CCN(CCN(CC(=O)O)CC(=O)NCCOC)CC(=O)O)CC(=O)O,0.0,training
COc1ccc2c(C(=S)N(C)CC(=O)O)cccc2c1C(F)(F)F,1.0,training
Cn1cnc([N+](=O)[O-])c1Sc1ncnc2[nH]cnc12,1.0,training
O=c1[nH]cnc2[nH]ncc12,1.0,training
Clc1ccccc1CN1CCc2sccc2C1,1.0,training
CCOC(=Nc1ccc(C(=O)O)cc1)C(O)c1ccc(-c2ccccc2)cc1,1.0,training
Cc1ccc(C(=O)c2cc(O)c(O)c([N+](=O)[O-])c2)cc1,1.0,training
CN(C)CCOC(c1ccc(Cl)cc1)c1ccccn1,0.0,training
O=C1CC2(CCCC2)CC(=O)N1CCCCN1CCN(c2ncccn2)CC1,0.0,training
NC(=O)NS(=O)(=O)c1ccc(N)cc1,1.0,training
O=C1C=CC(=O)c2c1c(O)c1c(NCCNCCO)ccc(NCCNCCO)c1c2O,1.0,training
CN(C)CCOC(c1ccccc1)c1ccccc1,0.0,training
NC(CO)(CO)CO,0.0,training
CC(C(=O)O)c1ccc(-c2ccccc2)c(F)c1,1.0,training
CCCCNC(=O)NS(=O)(=O)c1ccc(C)cc1,1.0,training
CC(CCc1ccc(O)cc1)NCCc1ccc(O)c(O)c1,0.0,training
CN(C)CCOC(C)(c1ccccc1)c1ccccn1,0.0,training
O=C(O)c1cn(C2CC2)c2cc(N3CCNCC3)c(F)cc2c1=O,1.0,training
CC1=C(CC(=O)O)c2cc(F)ccc2C1=Cc1ccc([S+](C)[O-])cc1,1.0,training
O=C1NC(=O)C(c2ccccc2)(c2ccccc2)N1,1.0,training
COC(=O)C1=C(C)N=C(C)C(C(=O)OC)C1c1ccccc1[N+](=O)[O-],1.0,training
O=C(OCC(O)CO)c1ccccc1Nc1ccnc2cc(Cl)ccc12,1.0,training
OCCOCCN1CCN(C(c2ccccc2)c2ccc(Cl)cc2)CC1,0.0,training
COc1cc2c(cc1OC)C(=O)C(CC1CCN(Cc3ccccc3)CC1)C2,0.0,training
NCCCC(O)(P(=O)(O)O)P(=O)(O)O,0.0,training
CN1C(C(=O)Nc2ccccn2)C(=O)c2ccccc2S1(=O)=O,1.0,training
CN1C2CC(OC(=O)C(CO)c3ccccc3)CC1C1OC12,0.0,training
C1CCC(C(CC2CCCCN2)C2CCCCC2)CC1,1.0,training
CO[Si](C)(C)O[Si](C)(C)C,0.0,training
COc1cc(C(=O)NS(=O)(=O)c2ccccc2C)ccc1Cc1cn(C)c2ccc(NC(=O)OC3CCCC3)cc12,1.0,training
CC(C)(C)NCC(O)c1ccc(O)c(CO)c1,0.0,training
CC(NC(C)(C)C)C(=O)c1cccc(Cl)c1,0.0,training
CC(=O)Oc1cc2c(s1)CCN(C(C(=O)C1CC1)c1ccccc1F)C2,0.0,training
CCOC(=O)N1CCC(=C2c3ccc(Cl)cc3CCc3cccnc32)CC1,0.0,training
Cc1nc(C)c2c(n1)N(Cc1ccc(-c3ccccc3-c3nn[nH]n3)cc1)C(=O)CC2,1.0,training
OC(c1cc(C(F)(F)F)nc2c(C(F)(F)F)cccc12)C1CCCCN1,0.0,training
Cc1nnc(NS(=O)(=O)c2ccc(N)cc2)s1,1.0,training
OC(Cn1cncn1)(Cn1cncn1)c1ccc(F)cc1F,1.0,training
O=C(c1ccccc1)c1ccc2n1CCC2C(=O)O,1.0,training
Cc1ccc(Cl)c(Nc2ccccc2C(=O)O)c1Cl,1.0,training
CC(=O)Nc1c(I)c(NC(C)=O)c(I)c(C(=O)O)c1I,0.0,training
CC(C)(C(=O)c1cccnc1)c1cccnc1,0.0,training
CNC1(c2ccccc2Cl)CCCCC1=O,0.0,training
COc1ccc2c(c1)c(CC(=O)O)c(C)n2C(=O)c1ccc(Cl)cc1,1.0,training
O=C(O)c1ccc(-n2nc(-c3ccccc3O)nc2-c2ccccc2O)cc1,1.0,training
CC12CC3CC(C)(C1)CC(N)(C3)C2,0.0,training
COc1ccccc1Oc1c(NS(=O)(=O)c2ccc(C(C)(C)C)cc2)nc(-c2ncccn2)nc1OCCO,1.0,training
COc1cc(C(=O)NCc2ccc(OCCN(C)C)cc2)cc(OC)c1OC,1.0,training
CC(C(=O)O)c1ccc2oc(-c3ccc(Cl)cc3)nc2c1,1.0,training
Cc1ccccc1C(OCCN(C)C)c1ccccc1,0.0,training
CCc1cccc2c3c([nH]c12)C(CC)(CC(=O)O)OCC3,1.0,training
CCCC(C)(COC(N)=O)COC(=O)NC(C)C,0.0,training
O=C(O)Cc1csc(-c2ccc(Cl)cc2)n1,1.0,training
CN1Cc2c(N)cccc2C(c2ccccc2)C1,1.0,training
CCCCOCC(CN1C(=O)N(CC(COCCCC)OC(N)=O)C(=O)C(CC)(c2ccccc2)C1=O)OC(N)=O,1.0,training
CC(C(=O)O)c1cccc(C(=O)c2ccccc2)c1,1.0,training
OCC(O)C(O)C(O)C(O)CO,0.0,training
Cc1ncc2n1-c1ccc(Cl)cc1C(c1ccccc1F)=NC2,0.0,training
NCC1(CC(=O)O)CCCCC1,0.0,training
CC(=O)OCC[N+](C)(C)C,0.0,training
CC1C(c2ccccc2)OCCN1C,0.0,training
O=C(O)c1cccnc1,1.0,training
NCCCCCC(=O)O,0.0,training
Cc1ncc(CO)c(CO)c1O,0.0,training
CCCCCCCCNC(C)C(O)c1ccc(SC(C)C)cc1,1.0,training
CCc1oc2ccccc2c1C(=O)c1ccc(O)cc1,1.0,training
CN1CCC(=C2c3ccccc3C=Cc3ccccc32)CC1,1.0,training
COCCCCC(=NOCCN)c1ccc(C(F)(F)F)cc1,0.0,training
Cn1nnc2c(C(N)=O)ncn2c1=O,0.0,training
CC(Cc1ccccc1)N(C)Cc1ccccc1,0.0,training
Nc1nc(=S)c2[nH]cnc2[nH]1,1.0,training
CN1CCN(C2=Nc3cc(Cl)ccc3Nc3ccccc32)CC1,1.0,training
NS(=O)(=O)c1cc(C(=O)O)c(NCc2ccco2)cc1Cl,1.0,training
CC(C)Cc1ccc(CC(=O)O)cc1,1.0,training
CN1CCN(CCCN2c3ccccc3Sc3ccc(Cl)cc32)CC1,1.0,training
O=C(O)c1cc(N=Nc2ccc(S(=O)(=O)Nc3ccccn3)cc2)ccc1O,1.0,training
CCCSc1ccc2[nH]c(NC(=O)OC)nc2c1,1.0,training
Cc1ncc(C[n+]2csc(CCO)c2C)c(N)n1,0.0,training
CC(=O)Oc1ccc(C2(c3ccc(OC(C)=O)cc3)C(=O)N(C(C)=O)c3ccccc32)cc1,1.0,training
CC(O)CN1CCN(CC(=O)O)CCN(CC(=O)O)CCN(CC(=O)O)CC1,0.0,training
Cc1nc([N+](=O)[O-])cn1-c1ccc([N+](=O)[O-])cc1,1.0,training
CN1c2c(oc(=O)n(-c3ccccn3)c2=O)-c2ccccc2S1(=O)=O,1.0,training
CC(C=Cc1c(C)c(O)c2ccccc2c1O)=CCCC(C)CCCC(C)CCCC(C)C,0.0,training
CCCC(CCC)C(=O)O,1.0,training
CN(C)C(N)=NC(=N)N,0.0,training
CC(COc1ccccc1)NC(C)C(O)c1ccc(O)cc1,0.0,training
CC(=O)Nc1nnc(S(N)(=O)=O)s1,1.0,training
CN(CC=CC#CC(C)(C)C)Cc1cccc2ccccc12,1.0,training
CSCCC(N)C(=O)O,0.0,training
O=c1[nH]c(O)cn1N=Cc1ccc(-c2ccc([N+](=O)[O-])cc2)o1,1.0,training
Cc1nc2n(c(=O)c1CCN1CCC(c3noc4cc(F)ccc34)CC1)CCCC2,1.0,training
Nc1cc(-c2ccncc2)c[nH]c1=O,1.0,training
COc1ccc2c(C(=O)c3ccc(Cl)cc3)c(C)n(CC(=O)O)c2c1,1.0,training
N=C(N)N=c1[nH]c(CSCCN=CNS(=O)(=O)c2ccc(Br)cc2)cs1,1.0,training
CNCCCN1c2ccccc2CCc2ccccc21,0.0,training
Cc1ccc(Nc2nccc(N(C)c3ccc4c(C)n(C)nc4c3)n2)cc1S(N)(=O)=O,1.0,training
Cc1ncc([N+](=O)[O-])n1CCO,1.0,training
CN(Cc1cnc2nc(N)nc(N)c2n1)c1ccc(C(=O)NC(CCC(=O)O)C(=O)O)cc1,1.0,training
CC(C)C(=O)Nc1ccc([N+](=O)[O-])c(C(F)(F)F)c1,1.0,training
O=C(O)c1cc(-c2ccccc2)nc2ccccc12,1.0,training
CC(C(=O)O)c1ccc(N2CC=CC2)c(Cl)c1,1.0,training
Nc1nc2ccc(OC(F)(F)F)cc2s1,1.0,training
Clc1cccc(Cl)c1NC1=NCCN1,1.0,training
Cn1c(=O)c2[nH]c(Br)nc2n(C)c1=O,0.0,training
NC(Cc1cc(I)c(Oc2ccc(O)c(I)c2)c(I)c1)C(=O)O,0.0,training
CCN(CC)C(=S)SSC(=S)N(CC)CC,1.0,training
CN(C)N=Nc1[nH]cnc1C(N)=O,1.0,training
CCCCCCCN(CC)CCCC(O)c1ccc(NS(C)(=O)=O)cc1,0.0,training
CN1C(=O)CCS(=O)(=O)C1c1ccc(Cl)cc1,1.0,training
CCC1(c2ccccc2)C(=O)NCNC1=O,0.0,training
CN(C)CCCC1(c2ccc(F)cc2)OCc2cc(C#N)ccc21,0.0,training
CC(=O)Oc1ccc(C(=C2CCCCC2)c2ccc(OC(C)=O)cc2)cc1,1.0,training
O=C(O)CCc1nc(-c2ccccc2)c(-c2ccccc2)o1,1.0,training
Cc1ccc(NC(=O)c2ccc(CN3CCN(C)CC3)cc2)cc1Nc1nccc(-c2cccnc2)n1,1.0,training
Nc1[nH]c(=O)ncc1F,1.0,training
OCCN(CCO)c1nc(N2CCCCC2)c2nc(N(CCO)CCO)nc(N3CCCCC3)c2n1,1.0,training
NC(=O)c1cnccn1,1.0,training
CN1CCN(C(c2ccccc2)c2ccc(Cl)cc2)CC1,0.0,training
Cc1cc(Br)c(O)c2ncccc12,1.0,training
CC(C)NCC(O)COc1cccc2ccccc12,0.0,training
O=c1n(CCCN2CCN(c3cccc(Cl)c3)CC2)nc2ccccn12,1.0,training
O=C(CCCN1CC=C(n2c(=O)[nH]c3ccccc32)CC1)c1ccc(F)cc1,0.0,training
CN(CCOc1ccc(Cc2sc(=O)[nH]c2O)cc1)c1ccccn1,1.0,training
N=C(N)NC(=O)c1nc(Cl)c(N)nc1N,1.0,training
NC(=O)N1c2ccccc2C=Cc2ccccc21,1.0,training
C[N+](C)(C)CC(=O)[O-],0.0,training
O=c1[nH]cc(F)c(=O)[nH]1,1.0,training
CC(C)c1cccc(C(C)C)c1O,0.0,training
COc1ccc(CCN(C)CCCC(C#N)(c2ccc(OC)c(OC)c2)C(C)C)cc1OC,1.0,training
CCN(CC)CC(=O)Nc1c(C)cccc1C,0.0,training
COc1ccc(Cc2nccc3cc(OC)c(OC)cc23)cc1OC,1.0,training
O=C(O)COc1nn(Cc2ccccc2)c2ccccc12,1.0,training
CCn1cc(C(=O)O)c(=O)c2cc(F)c(N3CCNC(C)C3)c(F)c21,1.0,training
Nc1nc(O)c(-c2ccccc2)o1,1.0,training
CCCCNc1cc(C(=O)O)cc(S(N)(=O)=O)c1Oc1ccccc1,1.0,training
CC(COc1ccccc1)N(CCCl)Cc1ccccc1,0.0,training
Cc1cc(C(=O)NNCc2ccccc2)no1,1.0,training
Nc1c(CC(=O)O)cccc1C(=O)c1ccc(Br)cc1,1.0,training
CC(C)(CO)C(O)C(=O)NCCCO,0.0,training
